ISO-10303-21;
HEADER;
FILE_DESCRIPTION(('Open CASCADE Model'),'2;1');
FILE_NAME('Open CASCADE Shape Model','2026-10-01T14:18:29',('Author'),(
    'Open CASCADE'),'Open CASCADE STEP processor 8.0','build123d',
  'Unknown');
FILE_SCHEMA(('AUTOMOTIVE_DESIGN { 1 0 10303 214 1 1 1 1 }'));
ENDSEC;
DATA;
#1 = APPLICATION_PROTOCOL_DEFINITION('international standard',
  'automotive_design',2000,#2);
#2 = APPLICATION_CONTEXT(
  'core data for automotive mechanical design processes');
#3 = SHAPE_DEFINITION_REPRESENTATION(#4,#10);
#4 = PRODUCT_DEFINITION_SHAPE('','',#5);
#5 = PRODUCT_DEFINITION('design','',#6,#9);
#6 = PRODUCT_DEFINITION_FORMATION('','',#7);
#7 = PRODUCT('COMPOUND','COMPOUND','',(#8));
#8 = PRODUCT_CONTEXT('',#2,'mechanical');
#9 = PRODUCT_DEFINITION_CONTEXT('part definition',#2,'design');
#10 = ADVANCED_BREP_SHAPE_REPRESENTATION('',(#11,#15),#7711);
#11 = AXIS2_PLACEMENT_3D('',#12,#13,#14);
#12 = CARTESIAN_POINT('',(0.,0.,0.));
#13 = DIRECTION('',(0.,0.,1.));
#14 = DIRECTION('',(1.,0.,-0.));
#15 = MANIFOLD_SOLID_BREP('',#16);
#16 = CLOSED_SHELL('',(#17,#137,#213,#541,#590,#856,#863,#890,#917,#944,
    #971,#998,#1025,#1080,#1107,#1134,#1189,#1224,#1259,#1314,#4171,
    #4330,#4365,#4591,#4817,#5043,#5269,#5784,#6010,#6236,#6751,#6977,
    #7203,#7258,#7308,#7358,#7408,#7458,#7597,#7602,#7607,#7654,#7684));
#17 = ADVANCED_FACE('',(#18),#32,.F.);
#18 = FACE_BOUND('',#19,.F.);
#19 = EDGE_LOOP('',(#20,#55,#83,#111));
#20 = ORIENTED_EDGE('',*,*,#21,.F.);
#21 = EDGE_CURVE('',#22,#24,#26,.T.);
#22 = VERTEX_POINT('',#23);
#23 = CARTESIAN_POINT('',(-200.,-200.,380.));
#24 = VERTEX_POINT('',#25);
#25 = CARTESIAN_POINT('',(-200.,-200.,392.));
#26 = SURFACE_CURVE('',#27,(#31,#43),.PCURVE_S1.);
#27 = LINE('',#28,#29);
#28 = CARTESIAN_POINT('',(-200.,-200.,380.));
#29 = VECTOR('',#30,1.);
#30 = DIRECTION('',(0.,0.,1.));
#31 = PCURVE('',#32,#37);
#32 = PLANE('',#33);
#33 = AXIS2_PLACEMENT_3D('',#34,#35,#36);
#34 = CARTESIAN_POINT('',(-200.,-200.,380.));
#35 = DIRECTION('',(1.,0.,-0.));
#36 = DIRECTION('',(0.,0.,1.));
#37 = DEFINITIONAL_REPRESENTATION('',(#38),#42);
#38 = LINE('',#39,#40);
#39 = CARTESIAN_POINT('',(0.,0.));
#40 = VECTOR('',#41,1.);
#41 = DIRECTION('',(1.,0.));
#42 = ( GEOMETRIC_REPRESENTATION_CONTEXT(2) 
PARAMETRIC_REPRESENTATION_CONTEXT() REPRESENTATION_CONTEXT('2D SPACE',''
  ) );
#43 = PCURVE('',#44,#49);
#44 = PLANE('',#45);
#45 = AXIS2_PLACEMENT_3D('',#46,#47,#48);
#46 = CARTESIAN_POINT('',(-200.,-200.,380.));
#47 = DIRECTION('',(-0.,1.,0.));
#48 = DIRECTION('',(0.,0.,1.));
#49 = DEFINITIONAL_REPRESENTATION('',(#50),#54);
#50 = LINE('',#51,#52);
#51 = CARTESIAN_POINT('',(0.,0.));
#52 = VECTOR('',#53,1.);
#53 = DIRECTION('',(1.,0.));
#54 = ( GEOMETRIC_REPRESENTATION_CONTEXT(2) 
PARAMETRIC_REPRESENTATION_CONTEXT() REPRESENTATION_CONTEXT('2D SPACE',''
  ) );
#55 = ORIENTED_EDGE('',*,*,#56,.T.);
#56 = EDGE_CURVE('',#22,#57,#59,.T.);
#57 = VERTEX_POINT('',#58);
#58 = CARTESIAN_POINT('',(-200.,200.,380.));
#59 = SURFACE_CURVE('',#60,(#64,#71),.PCURVE_S1.);
#60 = LINE('',#61,#62);
#61 = CARTESIAN_POINT('',(-200.,-200.,380.));
#62 = VECTOR('',#63,1.);
#63 = DIRECTION('',(-0.,1.,0.));
#64 = PCURVE('',#32,#65);
#65 = DEFINITIONAL_REPRESENTATION('',(#66),#70);
#66 = LINE('',#67,#68);
#67 = CARTESIAN_POINT('',(0.,0.));
#68 = VECTOR('',#69,1.);
#69 = DIRECTION('',(0.,-1.));
#70 = ( GEOMETRIC_REPRESENTATION_CONTEXT(2) 
PARAMETRIC_REPRESENTATION_CONTEXT() REPRESENTATION_CONTEXT('2D SPACE',''
  ) );
#71 = PCURVE('',#72,#77);
#72 = PLANE('',#73);
#73 = AXIS2_PLACEMENT_3D('',#74,#75,#76);
#74 = CARTESIAN_POINT('',(-200.,-200.,380.));
#75 = DIRECTION('',(0.,0.,1.));
#76 = DIRECTION('',(1.,0.,-0.));
#77 = DEFINITIONAL_REPRESENTATION('',(#78),#82);
#78 = LINE('',#79,#80);
#79 = CARTESIAN_POINT('',(0.,0.));
#80 = VECTOR('',#81,1.);
#81 = DIRECTION('',(0.,1.));
#82 = ( GEOMETRIC_REPRESENTATION_CONTEXT(2) 
PARAMETRIC_REPRESENTATION_CONTEXT() REPRESENTATION_CONTEXT('2D SPACE',''
  ) );
#83 = ORIENTED_EDGE('',*,*,#84,.T.);
#84 = EDGE_CURVE('',#57,#85,#87,.T.);
#85 = VERTEX_POINT('',#86);
#86 = CARTESIAN_POINT('',(-200.,200.,392.));
#87 = SURFACE_CURVE('',#88,(#92,#99),.PCURVE_S1.);
#88 = LINE('',#89,#90);
#89 = CARTESIAN_POINT('',(-200.,200.,380.));
#90 = VECTOR('',#91,1.);
#91 = DIRECTION('',(0.,0.,1.));
#92 = PCURVE('',#32,#93);
#93 = DEFINITIONAL_REPRESENTATION('',(#94),#98);
#94 = LINE('',#95,#96);
#95 = CARTESIAN_POINT('',(0.,-400.));
#96 = VECTOR('',#97,1.);
#97 = DIRECTION('',(1.,0.));
#98 = ( GEOMETRIC_REPRESENTATION_CONTEXT(2) 
PARAMETRIC_REPRESENTATION_CONTEXT() REPRESENTATION_CONTEXT('2D SPACE',''
  ) );
#99 = PCURVE('',#100,#105);
#100 = PLANE('',#101);
#101 = AXIS2_PLACEMENT_3D('',#102,#103,#104);
#102 = CARTESIAN_POINT('',(-200.,200.,380.));
#103 = DIRECTION('',(-0.,1.,0.));
#104 = DIRECTION('',(0.,0.,1.));
#105 = DEFINITIONAL_REPRESENTATION('',(#106),#110);
#106 = LINE('',#107,#108);
#107 = CARTESIAN_POINT('',(0.,0.));
#108 = VECTOR('',#109,1.);
#109 = DIRECTION('',(1.,0.));
#110 = ( GEOMETRIC_REPRESENTATION_CONTEXT(2) 
PARAMETRIC_REPRESENTATION_CONTEXT() REPRESENTATION_CONTEXT('2D SPACE',''
  ) );
#111 = ORIENTED_EDGE('',*,*,#112,.F.);
#112 = EDGE_CURVE('',#24,#85,#113,.T.);
#113 = SURFACE_CURVE('',#114,(#118,#125),.PCURVE_S1.);
#114 = LINE('',#115,#116);
#115 = CARTESIAN_POINT('',(-200.,-200.,392.));
#116 = VECTOR('',#117,1.);
#117 = DIRECTION('',(-0.,1.,0.));
#118 = PCURVE('',#32,#119);
#119 = DEFINITIONAL_REPRESENTATION('',(#120),#124);
#120 = LINE('',#121,#122);
#121 = CARTESIAN_POINT('',(12.,0.));
#122 = VECTOR('',#123,1.);
#123 = DIRECTION('',(0.,-1.));
#124 = ( GEOMETRIC_REPRESENTATION_CONTEXT(2) 
PARAMETRIC_REPRESENTATION_CONTEXT() REPRESENTATION_CONTEXT('2D SPACE',''
  ) );
#125 = PCURVE('',#126,#131);
#126 = PLANE('',#127);
#127 = AXIS2_PLACEMENT_3D('',#128,#129,#130);
#128 = CARTESIAN_POINT('',(-200.,-200.,392.));
#129 = DIRECTION('',(0.,0.,1.));
#130 = DIRECTION('',(1.,0.,-0.));
#131 = DEFINITIONAL_REPRESENTATION('',(#132),#136);
#132 = LINE('',#133,#134);
#133 = CARTESIAN_POINT('',(0.,0.));
#134 = VECTOR('',#135,1.);
#135 = DIRECTION('',(0.,1.));
#136 = ( GEOMETRIC_REPRESENTATION_CONTEXT(2) 
PARAMETRIC_REPRESENTATION_CONTEXT() REPRESENTATION_CONTEXT('2D SPACE',''
  ) );
#137 = ADVANCED_FACE('',(#138),#44,.F.);
#138 = FACE_BOUND('',#139,.F.);
#139 = EDGE_LOOP('',(#140,#163,#164,#187));
#140 = ORIENTED_EDGE('',*,*,#141,.F.);
#141 = EDGE_CURVE('',#22,#142,#144,.T.);
#142 = VERTEX_POINT('',#143);
#143 = CARTESIAN_POINT('',(200.,-200.,380.));
#144 = SURFACE_CURVE('',#145,(#149,#156),.PCURVE_S1.);
#145 = LINE('',#146,#147);
#146 = CARTESIAN_POINT('',(-200.,-200.,380.));
#147 = VECTOR('',#148,1.);
#148 = DIRECTION('',(1.,0.,-0.));
#149 = PCURVE('',#44,#150);
#150 = DEFINITIONAL_REPRESENTATION('',(#151),#155);
#151 = LINE('',#152,#153);
#152 = CARTESIAN_POINT('',(0.,0.));
#153 = VECTOR('',#154,1.);
#154 = DIRECTION('',(0.,1.));
#155 = ( GEOMETRIC_REPRESENTATION_CONTEXT(2) 
PARAMETRIC_REPRESENTATION_CONTEXT() REPRESENTATION_CONTEXT('2D SPACE',''
  ) );
#156 = PCURVE('',#72,#157);
#157 = DEFINITIONAL_REPRESENTATION('',(#158),#162);
#158 = LINE('',#159,#160);
#159 = CARTESIAN_POINT('',(0.,0.));
#160 = VECTOR('',#161,1.);
#161 = DIRECTION('',(1.,0.));
#162 = ( GEOMETRIC_REPRESENTATION_CONTEXT(2) 
PARAMETRIC_REPRESENTATION_CONTEXT() REPRESENTATION_CONTEXT('2D SPACE',''
  ) );
#163 = ORIENTED_EDGE('',*,*,#21,.T.);
#164 = ORIENTED_EDGE('',*,*,#165,.T.);
#165 = EDGE_CURVE('',#24,#166,#168,.T.);
#166 = VERTEX_POINT('',#167);
#167 = CARTESIAN_POINT('',(200.,-200.,392.));
#168 = SURFACE_CURVE('',#169,(#173,#180),.PCURVE_S1.);
#169 = LINE('',#170,#171);
#170 = CARTESIAN_POINT('',(-200.,-200.,392.));
#171 = VECTOR('',#172,1.);
#172 = DIRECTION('',(1.,0.,-0.));
#173 = PCURVE('',#44,#174);
#174 = DEFINITIONAL_REPRESENTATION('',(#175),#179);
#175 = LINE('',#176,#177);
#176 = CARTESIAN_POINT('',(12.,0.));
#177 = VECTOR('',#178,1.);
#178 = DIRECTION('',(0.,1.));
#179 = ( GEOMETRIC_REPRESENTATION_CONTEXT(2) 
PARAMETRIC_REPRESENTATION_CONTEXT() REPRESENTATION_CONTEXT('2D SPACE',''
  ) );
#180 = PCURVE('',#126,#181);
#181 = DEFINITIONAL_REPRESENTATION('',(#182),#186);
#182 = LINE('',#183,#184);
#183 = CARTESIAN_POINT('',(0.,0.));
#184 = VECTOR('',#185,1.);
#185 = DIRECTION('',(1.,0.));
#186 = ( GEOMETRIC_REPRESENTATION_CONTEXT(2) 
PARAMETRIC_REPRESENTATION_CONTEXT() REPRESENTATION_CONTEXT('2D SPACE',''
  ) );
#187 = ORIENTED_EDGE('',*,*,#188,.F.);
#188 = EDGE_CURVE('',#142,#166,#189,.T.);
#189 = SURFACE_CURVE('',#190,(#194,#201),.PCURVE_S1.);
#190 = LINE('',#191,#192);
#191 = CARTESIAN_POINT('',(200.,-200.,380.));
#192 = VECTOR('',#193,1.);
#193 = DIRECTION('',(0.,0.,1.));
#194 = PCURVE('',#44,#195);
#195 = DEFINITIONAL_REPRESENTATION('',(#196),#200);
#196 = LINE('',#197,#198);
#197 = CARTESIAN_POINT('',(0.,400.));
#198 = VECTOR('',#199,1.);
#199 = DIRECTION('',(1.,0.));
#200 = ( GEOMETRIC_REPRESENTATION_CONTEXT(2) 
PARAMETRIC_REPRESENTATION_CONTEXT() REPRESENTATION_CONTEXT('2D SPACE',''
  ) );
#201 = PCURVE('',#202,#207);
#202 = PLANE('',#203);
#203 = AXIS2_PLACEMENT_3D('',#204,#205,#206);
#204 = CARTESIAN_POINT('',(200.,-200.,380.));
#205 = DIRECTION('',(1.,0.,-0.));
#206 = DIRECTION('',(0.,0.,1.));
#207 = DEFINITIONAL_REPRESENTATION('',(#208),#212);
#208 = LINE('',#209,#210);
#209 = CARTESIAN_POINT('',(0.,0.));
#210 = VECTOR('',#211,1.);
#211 = DIRECTION('',(1.,0.));
#212 = ( GEOMETRIC_REPRESENTATION_CONTEXT(2) 
PARAMETRIC_REPRESENTATION_CONTEXT() REPRESENTATION_CONTEXT('2D SPACE',''
  ) );
#213 = ADVANCED_FACE('',(#214,#262,#293,#324,#355,#386,#417,#448,#479,
    #510),#126,.T.);
#214 = FACE_BOUND('',#215,.T.);
#215 = EDGE_LOOP('',(#216,#217,#218,#241));
#216 = ORIENTED_EDGE('',*,*,#112,.F.);
#217 = ORIENTED_EDGE('',*,*,#165,.T.);
#218 = ORIENTED_EDGE('',*,*,#219,.T.);
#219 = EDGE_CURVE('',#166,#220,#222,.T.);
#220 = VERTEX_POINT('',#221);
#221 = CARTESIAN_POINT('',(200.,200.,392.));
#222 = SURFACE_CURVE('',#223,(#227,#234),.PCURVE_S1.);
#223 = LINE('',#224,#225);
#224 = CARTESIAN_POINT('',(200.,-200.,392.));
#225 = VECTOR('',#226,1.);
#226 = DIRECTION('',(-0.,1.,0.));
#227 = PCURVE('',#126,#228);
#228 = DEFINITIONAL_REPRESENTATION('',(#229),#233);
#229 = LINE('',#230,#231);
#230 = CARTESIAN_POINT('',(400.,0.));
#231 = VECTOR('',#232,1.);
#232 = DIRECTION('',(0.,1.));
#233 = ( GEOMETRIC_REPRESENTATION_CONTEXT(2) 
PARAMETRIC_REPRESENTATION_CONTEXT() REPRESENTATION_CONTEXT('2D SPACE',''
  ) );
#234 = PCURVE('',#202,#235);
#235 = DEFINITIONAL_REPRESENTATION('',(#236),#240);
#236 = LINE('',#237,#238);
#237 = CARTESIAN_POINT('',(12.,0.));
#238 = VECTOR('',#239,1.);
#239 = DIRECTION('',(0.,-1.));
#240 = ( GEOMETRIC_REPRESENTATION_CONTEXT(2) 
PARAMETRIC_REPRESENTATION_CONTEXT() REPRESENTATION_CONTEXT('2D SPACE',''
  ) );
#241 = ORIENTED_EDGE('',*,*,#242,.F.);
#242 = EDGE_CURVE('',#85,#220,#243,.T.);
#243 = SURFACE_CURVE('',#244,(#248,#255),.PCURVE_S1.);
#244 = LINE('',#245,#246);
#245 = CARTESIAN_POINT('',(-200.,200.,392.));
#246 = VECTOR('',#247,1.);
#247 = DIRECTION('',(1.,0.,-0.));
#248 = PCURVE('',#126,#249);
#249 = DEFINITIONAL_REPRESENTATION('',(#250),#254);
#250 = LINE('',#251,#252);
#251 = CARTESIAN_POINT('',(0.,400.));
#252 = VECTOR('',#253,1.);
#253 = DIRECTION('',(1.,0.));
#254 = ( GEOMETRIC_REPRESENTATION_CONTEXT(2) 
PARAMETRIC_REPRESENTATION_CONTEXT() REPRESENTATION_CONTEXT('2D SPACE',''
  ) );
#255 = PCURVE('',#100,#256);
#256 = DEFINITIONAL_REPRESENTATION('',(#257),#261);
#257 = LINE('',#258,#259);
#258 = CARTESIAN_POINT('',(12.,0.));
#259 = VECTOR('',#260,1.);
#260 = DIRECTION('',(0.,1.));
#261 = ( GEOMETRIC_REPRESENTATION_CONTEXT(2) 
PARAMETRIC_REPRESENTATION_CONTEXT() REPRESENTATION_CONTEXT('2D SPACE',''
  ) );
#262 = FACE_BOUND('',#263,.T.);
#263 = EDGE_LOOP('',(#264));
#264 = ORIENTED_EDGE('',*,*,#265,.F.);
#265 = EDGE_CURVE('',#266,#266,#268,.T.);
#266 = VERTEX_POINT('',#267);
#267 = CARTESIAN_POINT('',(-164.5,-170.,392.));
#268 = SURFACE_CURVE('',#269,(#274,#281),.PCURVE_S1.);
#269 = CIRCLE('',#270,5.5);
#270 = AXIS2_PLACEMENT_3D('',#271,#272,#273);
#271 = CARTESIAN_POINT('',(-170.,-170.,392.));
#272 = DIRECTION('',(0.,0.,1.));
#273 = DIRECTION('',(1.,0.,-0.));
#274 = PCURVE('',#126,#275);
#275 = DEFINITIONAL_REPRESENTATION('',(#276),#280);
#276 = CIRCLE('',#277,5.5);
#277 = AXIS2_PLACEMENT_2D('',#278,#279);
#278 = CARTESIAN_POINT('',(30.,30.));
#279 = DIRECTION('',(1.,0.));
#280 = ( GEOMETRIC_REPRESENTATION_CONTEXT(2) 
PARAMETRIC_REPRESENTATION_CONTEXT() REPRESENTATION_CONTEXT('2D SPACE',''
  ) );
#281 = PCURVE('',#282,#287);
#282 = CYLINDRICAL_SURFACE('',#283,5.5);
#283 = AXIS2_PLACEMENT_3D('',#284,#285,#286);
#284 = CARTESIAN_POINT('',(-170.,-170.,379.));
#285 = DIRECTION('',(0.,0.,1.));
#286 = DIRECTION('',(1.,0.,-0.));
#287 = DEFINITIONAL_REPRESENTATION('',(#288),#292);
#288 = LINE('',#289,#290);
#289 = CARTESIAN_POINT('',(0.,13.));
#290 = VECTOR('',#291,1.);
#291 = DIRECTION('',(1.,0.));
#292 = ( GEOMETRIC_REPRESENTATION_CONTEXT(2) 
PARAMETRIC_REPRESENTATION_CONTEXT() REPRESENTATION_CONTEXT('2D SPACE',''
  ) );
#293 = FACE_BOUND('',#294,.T.);
#294 = EDGE_LOOP('',(#295));
#295 = ORIENTED_EDGE('',*,*,#296,.F.);
#296 = EDGE_CURVE('',#297,#297,#299,.T.);
#297 = VERTEX_POINT('',#298);
#298 = CARTESIAN_POINT('',(-119.5,-125.,392.));
#299 = SURFACE_CURVE('',#300,(#305,#312),.PCURVE_S1.);
#300 = CIRCLE('',#301,5.5);
#301 = AXIS2_PLACEMENT_3D('',#302,#303,#304);
#302 = CARTESIAN_POINT('',(-125.,-125.,392.));
#303 = DIRECTION('',(0.,0.,1.));
#304 = DIRECTION('',(1.,0.,-0.));
#305 = PCURVE('',#126,#306);
#306 = DEFINITIONAL_REPRESENTATION('',(#307),#311);
#307 = CIRCLE('',#308,5.5);
#308 = AXIS2_PLACEMENT_2D('',#309,#310);
#309 = CARTESIAN_POINT('',(75.,75.));
#310 = DIRECTION('',(1.,0.));
#311 = ( GEOMETRIC_REPRESENTATION_CONTEXT(2) 
PARAMETRIC_REPRESENTATION_CONTEXT() REPRESENTATION_CONTEXT('2D SPACE',''
  ) );
#312 = PCURVE('',#313,#318);
#313 = CYLINDRICAL_SURFACE('',#314,5.5);
#314 = AXIS2_PLACEMENT_3D('',#315,#316,#317);
#315 = CARTESIAN_POINT('',(-125.,-125.,379.));
#316 = DIRECTION('',(0.,0.,1.));
#317 = DIRECTION('',(1.,0.,-0.));
#318 = DEFINITIONAL_REPRESENTATION('',(#319),#323);
#319 = LINE('',#320,#321);
#320 = CARTESIAN_POINT('',(0.,13.));
#321 = VECTOR('',#322,1.);
#322 = DIRECTION('',(1.,0.));
#323 = ( GEOMETRIC_REPRESENTATION_CONTEXT(2) 
PARAMETRIC_REPRESENTATION_CONTEXT() REPRESENTATION_CONTEXT('2D SPACE',''
  ) );
#324 = FACE_BOUND('',#325,.T.);
#325 = EDGE_LOOP('',(#326));
#326 = ORIENTED_EDGE('',*,*,#327,.F.);
#327 = EDGE_CURVE('',#328,#328,#330,.T.);
#328 = VERTEX_POINT('',#329);
#329 = CARTESIAN_POINT('',(175.5,-170.,392.));
#330 = SURFACE_CURVE('',#331,(#336,#343),.PCURVE_S1.);
#331 = CIRCLE('',#332,5.5);
#332 = AXIS2_PLACEMENT_3D('',#333,#334,#335);
#333 = CARTESIAN_POINT('',(170.,-170.,392.));
#334 = DIRECTION('',(0.,0.,1.));
#335 = DIRECTION('',(1.,0.,-0.));
#336 = PCURVE('',#126,#337);
#337 = DEFINITIONAL_REPRESENTATION('',(#338),#342);
#338 = CIRCLE('',#339,5.5);
#339 = AXIS2_PLACEMENT_2D('',#340,#341);
#340 = CARTESIAN_POINT('',(370.,30.));
#341 = DIRECTION('',(1.,0.));
#342 = ( GEOMETRIC_REPRESENTATION_CONTEXT(2) 
PARAMETRIC_REPRESENTATION_CONTEXT() REPRESENTATION_CONTEXT('2D SPACE',''
  ) );
#343 = PCURVE('',#344,#349);
#344 = CYLINDRICAL_SURFACE('',#345,5.5);
#345 = AXIS2_PLACEMENT_3D('',#346,#347,#348);
#346 = CARTESIAN_POINT('',(170.,-170.,379.));
#347 = DIRECTION('',(0.,0.,1.));
#348 = DIRECTION('',(1.,0.,-0.));
#349 = DEFINITIONAL_REPRESENTATION('',(#350),#354);
#350 = LINE('',#351,#352);
#351 = CARTESIAN_POINT('',(0.,13.));
#352 = VECTOR('',#353,1.);
#353 = DIRECTION('',(1.,0.));
#354 = ( GEOMETRIC_REPRESENTATION_CONTEXT(2) 
PARAMETRIC_REPRESENTATION_CONTEXT() REPRESENTATION_CONTEXT('2D SPACE',''
  ) );
#355 = FACE_BOUND('',#356,.T.);
#356 = EDGE_LOOP('',(#357));
#357 = ORIENTED_EDGE('',*,*,#358,.F.);
#358 = EDGE_CURVE('',#359,#359,#361,.T.);
#359 = VERTEX_POINT('',#360);
#360 = CARTESIAN_POINT('',(130.5,-125.,392.));
#361 = SURFACE_CURVE('',#362,(#367,#374),.PCURVE_S1.);
#362 = CIRCLE('',#363,5.5);
#363 = AXIS2_PLACEMENT_3D('',#364,#365,#366);
#364 = CARTESIAN_POINT('',(125.,-125.,392.));
#365 = DIRECTION('',(0.,0.,1.));
#366 = DIRECTION('',(1.,0.,-0.));
#367 = PCURVE('',#126,#368);
#368 = DEFINITIONAL_REPRESENTATION('',(#369),#373);
#369 = CIRCLE('',#370,5.5);
#370 = AXIS2_PLACEMENT_2D('',#371,#372);
#371 = CARTESIAN_POINT('',(325.,75.));
#372 = DIRECTION('',(1.,0.));
#373 = ( GEOMETRIC_REPRESENTATION_CONTEXT(2) 
PARAMETRIC_REPRESENTATION_CONTEXT() REPRESENTATION_CONTEXT('2D SPACE',''
  ) );
#374 = PCURVE('',#375,#380);
#375 = CYLINDRICAL_SURFACE('',#376,5.5);
#376 = AXIS2_PLACEMENT_3D('',#377,#378,#379);
#377 = CARTESIAN_POINT('',(125.,-125.,379.));
#378 = DIRECTION('',(0.,0.,1.));
#379 = DIRECTION('',(1.,0.,-0.));
#380 = DEFINITIONAL_REPRESENTATION('',(#381),#385);
#381 = LINE('',#382,#383);
#382 = CARTESIAN_POINT('',(0.,13.));
#383 = VECTOR('',#384,1.);
#384 = DIRECTION('',(1.,0.));
#385 = ( GEOMETRIC_REPRESENTATION_CONTEXT(2) 
PARAMETRIC_REPRESENTATION_CONTEXT() REPRESENTATION_CONTEXT('2D SPACE',''
  ) );
#386 = FACE_BOUND('',#387,.T.);
#387 = EDGE_LOOP('',(#388));
#388 = ORIENTED_EDGE('',*,*,#389,.F.);
#389 = EDGE_CURVE('',#390,#390,#392,.T.);
#390 = VERTEX_POINT('',#391);
#391 = CARTESIAN_POINT('',(-119.5,125.,392.));
#392 = SURFACE_CURVE('',#393,(#398,#405),.PCURVE_S1.);
#393 = CIRCLE('',#394,5.5);
#394 = AXIS2_PLACEMENT_3D('',#395,#396,#397);
#395 = CARTESIAN_POINT('',(-125.,125.,392.));
#396 = DIRECTION('',(0.,0.,1.));
#397 = DIRECTION('',(1.,0.,-0.));
#398 = PCURVE('',#126,#399);
#399 = DEFINITIONAL_REPRESENTATION('',(#400),#404);
#400 = CIRCLE('',#401,5.5);
#401 = AXIS2_PLACEMENT_2D('',#402,#403);
#402 = CARTESIAN_POINT('',(75.,325.));
#403 = DIRECTION('',(1.,0.));
#404 = ( GEOMETRIC_REPRESENTATION_CONTEXT(2) 
PARAMETRIC_REPRESENTATION_CONTEXT() REPRESENTATION_CONTEXT('2D SPACE',''
  ) );
#405 = PCURVE('',#406,#411);
#406 = CYLINDRICAL_SURFACE('',#407,5.5);
#407 = AXIS2_PLACEMENT_3D('',#408,#409,#410);
#408 = CARTESIAN_POINT('',(-125.,125.,379.));
#409 = DIRECTION('',(0.,0.,1.));
#410 = DIRECTION('',(1.,0.,-0.));
#411 = DEFINITIONAL_REPRESENTATION('',(#412),#416);
#412 = LINE('',#413,#414);
#413 = CARTESIAN_POINT('',(0.,13.));
#414 = VECTOR('',#415,1.);
#415 = DIRECTION('',(1.,0.));
#416 = ( GEOMETRIC_REPRESENTATION_CONTEXT(2) 
PARAMETRIC_REPRESENTATION_CONTEXT() REPRESENTATION_CONTEXT('2D SPACE',''
  ) );
#417 = FACE_BOUND('',#418,.T.);
#418 = EDGE_LOOP('',(#419));
#419 = ORIENTED_EDGE('',*,*,#420,.F.);
#420 = EDGE_CURVE('',#421,#421,#423,.T.);
#421 = VERTEX_POINT('',#422);
#422 = CARTESIAN_POINT('',(-164.5,170.,392.));
#423 = SURFACE_CURVE('',#424,(#429,#436),.PCURVE_S1.);
#424 = CIRCLE('',#425,5.5);
#425 = AXIS2_PLACEMENT_3D('',#426,#427,#428);
#426 = CARTESIAN_POINT('',(-170.,170.,392.));
#427 = DIRECTION('',(0.,0.,1.));
#428 = DIRECTION('',(1.,0.,-0.));
#429 = PCURVE('',#126,#430);
#430 = DEFINITIONAL_REPRESENTATION('',(#431),#435);
#431 = CIRCLE('',#432,5.5);
#432 = AXIS2_PLACEMENT_2D('',#433,#434);
#433 = CARTESIAN_POINT('',(30.,370.));
#434 = DIRECTION('',(1.,0.));
#435 = ( GEOMETRIC_REPRESENTATION_CONTEXT(2) 
PARAMETRIC_REPRESENTATION_CONTEXT() REPRESENTATION_CONTEXT('2D SPACE',''
  ) );
#436 = PCURVE('',#437,#442);
#437 = CYLINDRICAL_SURFACE('',#438,5.5);
#438 = AXIS2_PLACEMENT_3D('',#439,#440,#441);
#439 = CARTESIAN_POINT('',(-170.,170.,379.));
#440 = DIRECTION('',(0.,0.,1.));
#441 = DIRECTION('',(1.,0.,-0.));
#442 = DEFINITIONAL_REPRESENTATION('',(#443),#447);
#443 = LINE('',#444,#445);
#444 = CARTESIAN_POINT('',(0.,13.));
#445 = VECTOR('',#446,1.);
#446 = DIRECTION('',(1.,0.));
#447 = ( GEOMETRIC_REPRESENTATION_CONTEXT(2) 
PARAMETRIC_REPRESENTATION_CONTEXT() REPRESENTATION_CONTEXT('2D SPACE',''
  ) );
#448 = FACE_BOUND('',#449,.T.);
#449 = EDGE_LOOP('',(#450));
#450 = ORIENTED_EDGE('',*,*,#451,.F.);
#451 = EDGE_CURVE('',#452,#452,#454,.T.);
#452 = VERTEX_POINT('',#453);
#453 = CARTESIAN_POINT('',(80.5,-1.971681346627E-14,392.));
#454 = SURFACE_CURVE('',#455,(#460,#467),.PCURVE_S1.);
#455 = CIRCLE('',#456,80.5);
#456 = AXIS2_PLACEMENT_3D('',#457,#458,#459);
#457 = CARTESIAN_POINT('',(0.,0.,392.));
#458 = DIRECTION('',(0.,0.,1.));
#459 = DIRECTION('',(1.,0.,-0.));
#460 = PCURVE('',#126,#461);
#461 = DEFINITIONAL_REPRESENTATION('',(#462),#466);
#462 = CIRCLE('',#463,80.5);
#463 = AXIS2_PLACEMENT_2D('',#464,#465);
#464 = CARTESIAN_POINT('',(200.,200.));
#465 = DIRECTION('',(1.,0.));
#466 = ( GEOMETRIC_REPRESENTATION_CONTEXT(2) 
PARAMETRIC_REPRESENTATION_CONTEXT() REPRESENTATION_CONTEXT('2D SPACE',''
  ) );
#467 = PCURVE('',#468,#473);
#468 = CYLINDRICAL_SURFACE('',#469,80.5);
#469 = AXIS2_PLACEMENT_3D('',#470,#471,#472);
#470 = CARTESIAN_POINT('',(0.,0.,390.));
#471 = DIRECTION('',(0.,0.,1.));
#472 = DIRECTION('',(1.,0.,-0.));
#473 = DEFINITIONAL_REPRESENTATION('',(#474),#478);
#474 = LINE('',#475,#476);
#475 = CARTESIAN_POINT('',(0.,2.));
#476 = VECTOR('',#477,1.);
#477 = DIRECTION('',(1.,0.));
#478 = ( GEOMETRIC_REPRESENTATION_CONTEXT(2) 
PARAMETRIC_REPRESENTATION_CONTEXT() REPRESENTATION_CONTEXT('2D SPACE',''
  ) );
#479 = FACE_BOUND('',#480,.T.);
#480 = EDGE_LOOP('',(#481));
#481 = ORIENTED_EDGE('',*,*,#482,.F.);
#482 = EDGE_CURVE('',#483,#483,#485,.T.);
#483 = VERTEX_POINT('',#484);
#484 = CARTESIAN_POINT('',(130.5,125.,392.));
#485 = SURFACE_CURVE('',#486,(#491,#498),.PCURVE_S1.);
#486 = CIRCLE('',#487,5.5);
#487 = AXIS2_PLACEMENT_3D('',#488,#489,#490);
#488 = CARTESIAN_POINT('',(125.,125.,392.));
#489 = DIRECTION('',(0.,0.,1.));
#490 = DIRECTION('',(1.,0.,-0.));
#491 = PCURVE('',#126,#492);
#492 = DEFINITIONAL_REPRESENTATION('',(#493),#497);
#493 = CIRCLE('',#494,5.5);
#494 = AXIS2_PLACEMENT_2D('',#495,#496);
#495 = CARTESIAN_POINT('',(325.,325.));
#496 = DIRECTION('',(1.,0.));
#497 = ( GEOMETRIC_REPRESENTATION_CONTEXT(2) 
PARAMETRIC_REPRESENTATION_CONTEXT() REPRESENTATION_CONTEXT('2D SPACE',''
  ) );
#498 = PCURVE('',#499,#504);
#499 = CYLINDRICAL_SURFACE('',#500,5.5);
#500 = AXIS2_PLACEMENT_3D('',#501,#502,#503);
#501 = CARTESIAN_POINT('',(125.,125.,379.));
#502 = DIRECTION('',(0.,0.,1.));
#503 = DIRECTION('',(1.,0.,-0.));
#504 = DEFINITIONAL_REPRESENTATION('',(#505),#509);
#505 = LINE('',#506,#507);
#506 = CARTESIAN_POINT('',(0.,13.));
#507 = VECTOR('',#508,1.);
#508 = DIRECTION('',(1.,0.));
#509 = ( GEOMETRIC_REPRESENTATION_CONTEXT(2) 
PARAMETRIC_REPRESENTATION_CONTEXT() REPRESENTATION_CONTEXT('2D SPACE',''
  ) );
#510 = FACE_BOUND('',#511,.T.);
#511 = EDGE_LOOP('',(#512));
#512 = ORIENTED_EDGE('',*,*,#513,.F.);
#513 = EDGE_CURVE('',#514,#514,#516,.T.);
#514 = VERTEX_POINT('',#515);
#515 = CARTESIAN_POINT('',(175.5,170.,392.));
#516 = SURFACE_CURVE('',#517,(#522,#529),.PCURVE_S1.);
#517 = CIRCLE('',#518,5.5);
#518 = AXIS2_PLACEMENT_3D('',#519,#520,#521);
#519 = CARTESIAN_POINT('',(170.,170.,392.));
#520 = DIRECTION('',(0.,0.,1.));
#521 = DIRECTION('',(1.,0.,-0.));
#522 = PCURVE('',#126,#523);
#523 = DEFINITIONAL_REPRESENTATION('',(#524),#528);
#524 = CIRCLE('',#525,5.5);
#525 = AXIS2_PLACEMENT_2D('',#526,#527);
#526 = CARTESIAN_POINT('',(370.,370.));
#527 = DIRECTION('',(1.,0.));
#528 = ( GEOMETRIC_REPRESENTATION_CONTEXT(2) 
PARAMETRIC_REPRESENTATION_CONTEXT() REPRESENTATION_CONTEXT('2D SPACE',''
  ) );
#529 = PCURVE('',#530,#535);
#530 = CYLINDRICAL_SURFACE('',#531,5.5);
#531 = AXIS2_PLACEMENT_3D('',#532,#533,#534);
#532 = CARTESIAN_POINT('',(170.,170.,379.));
#533 = DIRECTION('',(0.,0.,1.));
#534 = DIRECTION('',(1.,0.,-0.));
#535 = DEFINITIONAL_REPRESENTATION('',(#536),#540);
#536 = LINE('',#537,#538);
#537 = CARTESIAN_POINT('',(0.,13.));
#538 = VECTOR('',#539,1.);
#539 = DIRECTION('',(1.,0.));
#540 = ( GEOMETRIC_REPRESENTATION_CONTEXT(2) 
PARAMETRIC_REPRESENTATION_CONTEXT() REPRESENTATION_CONTEXT('2D SPACE',''
  ) );
#541 = ADVANCED_FACE('',(#542),#100,.T.);
#542 = FACE_BOUND('',#543,.T.);
#543 = EDGE_LOOP('',(#544,#567,#568,#569));
#544 = ORIENTED_EDGE('',*,*,#545,.F.);
#545 = EDGE_CURVE('',#57,#546,#548,.T.);
#546 = VERTEX_POINT('',#547);
#547 = CARTESIAN_POINT('',(200.,200.,380.));
#548 = SURFACE_CURVE('',#549,(#553,#560),.PCURVE_S1.);
#549 = LINE('',#550,#551);
#550 = CARTESIAN_POINT('',(-200.,200.,380.));
#551 = VECTOR('',#552,1.);
#552 = DIRECTION('',(1.,0.,-0.));
#553 = PCURVE('',#100,#554);
#554 = DEFINITIONAL_REPRESENTATION('',(#555),#559);
#555 = LINE('',#556,#557);
#556 = CARTESIAN_POINT('',(0.,0.));
#557 = VECTOR('',#558,1.);
#558 = DIRECTION('',(0.,1.));
#559 = ( GEOMETRIC_REPRESENTATION_CONTEXT(2) 
PARAMETRIC_REPRESENTATION_CONTEXT() REPRESENTATION_CONTEXT('2D SPACE',''
  ) );
#560 = PCURVE('',#72,#561);
#561 = DEFINITIONAL_REPRESENTATION('',(#562),#566);
#562 = LINE('',#563,#564);
#563 = CARTESIAN_POINT('',(0.,400.));
#564 = VECTOR('',#565,1.);
#565 = DIRECTION('',(1.,0.));
#566 = ( GEOMETRIC_REPRESENTATION_CONTEXT(2) 
PARAMETRIC_REPRESENTATION_CONTEXT() REPRESENTATION_CONTEXT('2D SPACE',''
  ) );
#567 = ORIENTED_EDGE('',*,*,#84,.T.);
#568 = ORIENTED_EDGE('',*,*,#242,.T.);
#569 = ORIENTED_EDGE('',*,*,#570,.F.);
#570 = EDGE_CURVE('',#546,#220,#571,.T.);
#571 = SURFACE_CURVE('',#572,(#576,#583),.PCURVE_S1.);
#572 = LINE('',#573,#574);
#573 = CARTESIAN_POINT('',(200.,200.,380.));
#574 = VECTOR('',#575,1.);
#575 = DIRECTION('',(0.,0.,1.));
#576 = PCURVE('',#100,#577);
#577 = DEFINITIONAL_REPRESENTATION('',(#578),#582);
#578 = LINE('',#579,#580);
#579 = CARTESIAN_POINT('',(0.,400.));
#580 = VECTOR('',#581,1.);
#581 = DIRECTION('',(1.,0.));
#582 = ( GEOMETRIC_REPRESENTATION_CONTEXT(2) 
PARAMETRIC_REPRESENTATION_CONTEXT() REPRESENTATION_CONTEXT('2D SPACE',''
  ) );
#583 = PCURVE('',#202,#584);
#584 = DEFINITIONAL_REPRESENTATION('',(#585),#589);
#585 = LINE('',#586,#587);
#586 = CARTESIAN_POINT('',(0.,-400.));
#587 = VECTOR('',#588,1.);
#588 = DIRECTION('',(1.,0.));
#589 = ( GEOMETRIC_REPRESENTATION_CONTEXT(2) 
PARAMETRIC_REPRESENTATION_CONTEXT() REPRESENTATION_CONTEXT('2D SPACE',''
  ) );
#590 = ADVANCED_FACE('',(#591,#617,#643,#669,#695,#721,#747,#773,#804,
    #830),#72,.F.);
#591 = FACE_BOUND('',#592,.F.);
#592 = EDGE_LOOP('',(#593,#594,#595,#616));
#593 = ORIENTED_EDGE('',*,*,#56,.F.);
#594 = ORIENTED_EDGE('',*,*,#141,.T.);
#595 = ORIENTED_EDGE('',*,*,#596,.T.);
#596 = EDGE_CURVE('',#142,#546,#597,.T.);
#597 = SURFACE_CURVE('',#598,(#602,#609),.PCURVE_S1.);
#598 = LINE('',#599,#600);
#599 = CARTESIAN_POINT('',(200.,-200.,380.));
#600 = VECTOR('',#601,1.);
#601 = DIRECTION('',(-0.,1.,0.));
#602 = PCURVE('',#72,#603);
#603 = DEFINITIONAL_REPRESENTATION('',(#604),#608);
#604 = LINE('',#605,#606);
#605 = CARTESIAN_POINT('',(400.,0.));
#606 = VECTOR('',#607,1.);
#607 = DIRECTION('',(0.,1.));
#608 = ( GEOMETRIC_REPRESENTATION_CONTEXT(2) 
PARAMETRIC_REPRESENTATION_CONTEXT() REPRESENTATION_CONTEXT('2D SPACE',''
  ) );
#609 = PCURVE('',#202,#610);
#610 = DEFINITIONAL_REPRESENTATION('',(#611),#615);
#611 = LINE('',#612,#613);
#612 = CARTESIAN_POINT('',(0.,0.));
#613 = VECTOR('',#614,1.);
#614 = DIRECTION('',(0.,-1.));
#615 = ( GEOMETRIC_REPRESENTATION_CONTEXT(2) 
PARAMETRIC_REPRESENTATION_CONTEXT() REPRESENTATION_CONTEXT('2D SPACE',''
  ) );
#616 = ORIENTED_EDGE('',*,*,#545,.F.);
#617 = FACE_BOUND('',#618,.F.);
#618 = EDGE_LOOP('',(#619));
#619 = ORIENTED_EDGE('',*,*,#620,.F.);
#620 = EDGE_CURVE('',#621,#621,#623,.T.);
#621 = VERTEX_POINT('',#622);
#622 = CARTESIAN_POINT('',(-164.5,-170.,380.));
#623 = SURFACE_CURVE('',#624,(#629,#636),.PCURVE_S1.);
#624 = CIRCLE('',#625,5.5);
#625 = AXIS2_PLACEMENT_3D('',#626,#627,#628);
#626 = CARTESIAN_POINT('',(-170.,-170.,380.));
#627 = DIRECTION('',(0.,0.,1.));
#628 = DIRECTION('',(1.,0.,-0.));
#629 = PCURVE('',#72,#630);
#630 = DEFINITIONAL_REPRESENTATION('',(#631),#635);
#631 = CIRCLE('',#632,5.5);
#632 = AXIS2_PLACEMENT_2D('',#633,#634);
#633 = CARTESIAN_POINT('',(30.,30.));
#634 = DIRECTION('',(1.,0.));
#635 = ( GEOMETRIC_REPRESENTATION_CONTEXT(2) 
PARAMETRIC_REPRESENTATION_CONTEXT() REPRESENTATION_CONTEXT('2D SPACE',''
  ) );
#636 = PCURVE('',#282,#637);
#637 = DEFINITIONAL_REPRESENTATION('',(#638),#642);
#638 = LINE('',#639,#640);
#639 = CARTESIAN_POINT('',(0.,1.));
#640 = VECTOR('',#641,1.);
#641 = DIRECTION('',(1.,0.));
#642 = ( GEOMETRIC_REPRESENTATION_CONTEXT(2) 
PARAMETRIC_REPRESENTATION_CONTEXT() REPRESENTATION_CONTEXT('2D SPACE',''
  ) );
#643 = FACE_BOUND('',#644,.F.);
#644 = EDGE_LOOP('',(#645));
#645 = ORIENTED_EDGE('',*,*,#646,.F.);
#646 = EDGE_CURVE('',#647,#647,#649,.T.);
#647 = VERTEX_POINT('',#648);
#648 = CARTESIAN_POINT('',(-119.5,-125.,380.));
#649 = SURFACE_CURVE('',#650,(#655,#662),.PCURVE_S1.);
#650 = CIRCLE('',#651,5.5);
#651 = AXIS2_PLACEMENT_3D('',#652,#653,#654);
#652 = CARTESIAN_POINT('',(-125.,-125.,380.));
#653 = DIRECTION('',(0.,0.,1.));
#654 = DIRECTION('',(1.,0.,-0.));
#655 = PCURVE('',#72,#656);
#656 = DEFINITIONAL_REPRESENTATION('',(#657),#661);
#657 = CIRCLE('',#658,5.5);
#658 = AXIS2_PLACEMENT_2D('',#659,#660);
#659 = CARTESIAN_POINT('',(75.,75.));
#660 = DIRECTION('',(1.,0.));
#661 = ( GEOMETRIC_REPRESENTATION_CONTEXT(2) 
PARAMETRIC_REPRESENTATION_CONTEXT() REPRESENTATION_CONTEXT('2D SPACE',''
  ) );
#662 = PCURVE('',#313,#663);
#663 = DEFINITIONAL_REPRESENTATION('',(#664),#668);
#664 = LINE('',#665,#666);
#665 = CARTESIAN_POINT('',(0.,1.));
#666 = VECTOR('',#667,1.);
#667 = DIRECTION('',(1.,0.));
#668 = ( GEOMETRIC_REPRESENTATION_CONTEXT(2) 
PARAMETRIC_REPRESENTATION_CONTEXT() REPRESENTATION_CONTEXT('2D SPACE',''
  ) );
#669 = FACE_BOUND('',#670,.F.);
#670 = EDGE_LOOP('',(#671));
#671 = ORIENTED_EDGE('',*,*,#672,.F.);
#672 = EDGE_CURVE('',#673,#673,#675,.T.);
#673 = VERTEX_POINT('',#674);
#674 = CARTESIAN_POINT('',(175.5,-170.,380.));
#675 = SURFACE_CURVE('',#676,(#681,#688),.PCURVE_S1.);
#676 = CIRCLE('',#677,5.5);
#677 = AXIS2_PLACEMENT_3D('',#678,#679,#680);
#678 = CARTESIAN_POINT('',(170.,-170.,380.));
#679 = DIRECTION('',(0.,0.,1.));
#680 = DIRECTION('',(1.,0.,-0.));
#681 = PCURVE('',#72,#682);
#682 = DEFINITIONAL_REPRESENTATION('',(#683),#687);
#683 = CIRCLE('',#684,5.5);
#684 = AXIS2_PLACEMENT_2D('',#685,#686);
#685 = CARTESIAN_POINT('',(370.,30.));
#686 = DIRECTION('',(1.,0.));
#687 = ( GEOMETRIC_REPRESENTATION_CONTEXT(2) 
PARAMETRIC_REPRESENTATION_CONTEXT() REPRESENTATION_CONTEXT('2D SPACE',''
  ) );
#688 = PCURVE('',#344,#689);
#689 = DEFINITIONAL_REPRESENTATION('',(#690),#694);
#690 = LINE('',#691,#692);
#691 = CARTESIAN_POINT('',(0.,1.));
#692 = VECTOR('',#693,1.);
#693 = DIRECTION('',(1.,0.));
#694 = ( GEOMETRIC_REPRESENTATION_CONTEXT(2) 
PARAMETRIC_REPRESENTATION_CONTEXT() REPRESENTATION_CONTEXT('2D SPACE',''
  ) );
#695 = FACE_BOUND('',#696,.F.);
#696 = EDGE_LOOP('',(#697));
#697 = ORIENTED_EDGE('',*,*,#698,.F.);
#698 = EDGE_CURVE('',#699,#699,#701,.T.);
#699 = VERTEX_POINT('',#700);
#700 = CARTESIAN_POINT('',(130.5,-125.,380.));
#701 = SURFACE_CURVE('',#702,(#707,#714),.PCURVE_S1.);
#702 = CIRCLE('',#703,5.5);
#703 = AXIS2_PLACEMENT_3D('',#704,#705,#706);
#704 = CARTESIAN_POINT('',(125.,-125.,380.));
#705 = DIRECTION('',(0.,0.,1.));
#706 = DIRECTION('',(1.,0.,-0.));
#707 = PCURVE('',#72,#708);
#708 = DEFINITIONAL_REPRESENTATION('',(#709),#713);
#709 = CIRCLE('',#710,5.5);
#710 = AXIS2_PLACEMENT_2D('',#711,#712);
#711 = CARTESIAN_POINT('',(325.,75.));
#712 = DIRECTION('',(1.,0.));
#713 = ( GEOMETRIC_REPRESENTATION_CONTEXT(2) 
PARAMETRIC_REPRESENTATION_CONTEXT() REPRESENTATION_CONTEXT('2D SPACE',''
  ) );
#714 = PCURVE('',#375,#715);
#715 = DEFINITIONAL_REPRESENTATION('',(#716),#720);
#716 = LINE('',#717,#718);
#717 = CARTESIAN_POINT('',(0.,1.));
#718 = VECTOR('',#719,1.);
#719 = DIRECTION('',(1.,0.));
#720 = ( GEOMETRIC_REPRESENTATION_CONTEXT(2) 
PARAMETRIC_REPRESENTATION_CONTEXT() REPRESENTATION_CONTEXT('2D SPACE',''
  ) );
#721 = FACE_BOUND('',#722,.F.);
#722 = EDGE_LOOP('',(#723));
#723 = ORIENTED_EDGE('',*,*,#724,.F.);
#724 = EDGE_CURVE('',#725,#725,#727,.T.);
#725 = VERTEX_POINT('',#726);
#726 = CARTESIAN_POINT('',(-119.5,125.,380.));
#727 = SURFACE_CURVE('',#728,(#733,#740),.PCURVE_S1.);
#728 = CIRCLE('',#729,5.5);
#729 = AXIS2_PLACEMENT_3D('',#730,#731,#732);
#730 = CARTESIAN_POINT('',(-125.,125.,380.));
#731 = DIRECTION('',(0.,0.,1.));
#732 = DIRECTION('',(1.,0.,-0.));
#733 = PCURVE('',#72,#734);
#734 = DEFINITIONAL_REPRESENTATION('',(#735),#739);
#735 = CIRCLE('',#736,5.5);
#736 = AXIS2_PLACEMENT_2D('',#737,#738);
#737 = CARTESIAN_POINT('',(75.,325.));
#738 = DIRECTION('',(1.,0.));
#739 = ( GEOMETRIC_REPRESENTATION_CONTEXT(2) 
PARAMETRIC_REPRESENTATION_CONTEXT() REPRESENTATION_CONTEXT('2D SPACE',''
  ) );
#740 = PCURVE('',#406,#741);
#741 = DEFINITIONAL_REPRESENTATION('',(#742),#746);
#742 = LINE('',#743,#744);
#743 = CARTESIAN_POINT('',(0.,1.));
#744 = VECTOR('',#745,1.);
#745 = DIRECTION('',(1.,0.));
#746 = ( GEOMETRIC_REPRESENTATION_CONTEXT(2) 
PARAMETRIC_REPRESENTATION_CONTEXT() REPRESENTATION_CONTEXT('2D SPACE',''
  ) );
#747 = FACE_BOUND('',#748,.F.);
#748 = EDGE_LOOP('',(#749));
#749 = ORIENTED_EDGE('',*,*,#750,.F.);
#750 = EDGE_CURVE('',#751,#751,#753,.T.);
#751 = VERTEX_POINT('',#752);
#752 = CARTESIAN_POINT('',(-164.5,170.,380.));
#753 = SURFACE_CURVE('',#754,(#759,#766),.PCURVE_S1.);
#754 = CIRCLE('',#755,5.5);
#755 = AXIS2_PLACEMENT_3D('',#756,#757,#758);
#756 = CARTESIAN_POINT('',(-170.,170.,380.));
#757 = DIRECTION('',(0.,0.,1.));
#758 = DIRECTION('',(1.,0.,-0.));
#759 = PCURVE('',#72,#760);
#760 = DEFINITIONAL_REPRESENTATION('',(#761),#765);
#761 = CIRCLE('',#762,5.5);
#762 = AXIS2_PLACEMENT_2D('',#763,#764);
#763 = CARTESIAN_POINT('',(30.,370.));
#764 = DIRECTION('',(1.,0.));
#765 = ( GEOMETRIC_REPRESENTATION_CONTEXT(2) 
PARAMETRIC_REPRESENTATION_CONTEXT() REPRESENTATION_CONTEXT('2D SPACE',''
  ) );
#766 = PCURVE('',#437,#767);
#767 = DEFINITIONAL_REPRESENTATION('',(#768),#772);
#768 = LINE('',#769,#770);
#769 = CARTESIAN_POINT('',(0.,1.));
#770 = VECTOR('',#771,1.);
#771 = DIRECTION('',(1.,0.));
#772 = ( GEOMETRIC_REPRESENTATION_CONTEXT(2) 
PARAMETRIC_REPRESENTATION_CONTEXT() REPRESENTATION_CONTEXT('2D SPACE',''
  ) );
#773 = FACE_BOUND('',#774,.F.);
#774 = EDGE_LOOP('',(#775));
#775 = ORIENTED_EDGE('',*,*,#776,.F.);
#776 = EDGE_CURVE('',#777,#777,#779,.T.);
#777 = VERTEX_POINT('',#778);
#778 = CARTESIAN_POINT('',(158.5,-3.882130353297E-14,380.));
#779 = SURFACE_CURVE('',#780,(#785,#792),.PCURVE_S1.);
#780 = CIRCLE('',#781,158.5);
#781 = AXIS2_PLACEMENT_3D('',#782,#783,#784);
#782 = CARTESIAN_POINT('',(0.,0.,380.));
#783 = DIRECTION('',(0.,0.,1.));
#784 = DIRECTION('',(1.,0.,-0.));
#785 = PCURVE('',#72,#786);
#786 = DEFINITIONAL_REPRESENTATION('',(#787),#791);
#787 = CIRCLE('',#788,158.5);
#788 = AXIS2_PLACEMENT_2D('',#789,#790);
#789 = CARTESIAN_POINT('',(200.,200.));
#790 = DIRECTION('',(1.,0.));
#791 = ( GEOMETRIC_REPRESENTATION_CONTEXT(2) 
PARAMETRIC_REPRESENTATION_CONTEXT() REPRESENTATION_CONTEXT('2D SPACE',''
  ) );
#792 = PCURVE('',#793,#798);
#793 = CYLINDRICAL_SURFACE('',#794,158.5);
#794 = AXIS2_PLACEMENT_3D('',#795,#796,#797);
#795 = CARTESIAN_POINT('',(0.,0.,379.));
#796 = DIRECTION('',(0.,0.,1.));
#797 = DIRECTION('',(1.,0.,-0.));
#798 = DEFINITIONAL_REPRESENTATION('',(#799),#803);
#799 = LINE('',#800,#801);
#800 = CARTESIAN_POINT('',(0.,1.));
#801 = VECTOR('',#802,1.);
#802 = DIRECTION('',(1.,0.));
#803 = ( GEOMETRIC_REPRESENTATION_CONTEXT(2) 
PARAMETRIC_REPRESENTATION_CONTEXT() REPRESENTATION_CONTEXT('2D SPACE',''
  ) );
#804 = FACE_BOUND('',#805,.F.);
#805 = EDGE_LOOP('',(#806));
#806 = ORIENTED_EDGE('',*,*,#807,.F.);
#807 = EDGE_CURVE('',#808,#808,#810,.T.);
#808 = VERTEX_POINT('',#809);
#809 = CARTESIAN_POINT('',(130.5,125.,380.));
#810 = SURFACE_CURVE('',#811,(#816,#823),.PCURVE_S1.);
#811 = CIRCLE('',#812,5.5);
#812 = AXIS2_PLACEMENT_3D('',#813,#814,#815);
#813 = CARTESIAN_POINT('',(125.,125.,380.));
#814 = DIRECTION('',(0.,0.,1.));
#815 = DIRECTION('',(1.,0.,-0.));
#816 = PCURVE('',#72,#817);
#817 = DEFINITIONAL_REPRESENTATION('',(#818),#822);
#818 = CIRCLE('',#819,5.5);
#819 = AXIS2_PLACEMENT_2D('',#820,#821);
#820 = CARTESIAN_POINT('',(325.,325.));
#821 = DIRECTION('',(1.,0.));
#822 = ( GEOMETRIC_REPRESENTATION_CONTEXT(2) 
PARAMETRIC_REPRESENTATION_CONTEXT() REPRESENTATION_CONTEXT('2D SPACE',''
  ) );
#823 = PCURVE('',#499,#824);
#824 = DEFINITIONAL_REPRESENTATION('',(#825),#829);
#825 = LINE('',#826,#827);
#826 = CARTESIAN_POINT('',(0.,1.));
#827 = VECTOR('',#828,1.);
#828 = DIRECTION('',(1.,0.));
#829 = ( GEOMETRIC_REPRESENTATION_CONTEXT(2) 
PARAMETRIC_REPRESENTATION_CONTEXT() REPRESENTATION_CONTEXT('2D SPACE',''
  ) );
#830 = FACE_BOUND('',#831,.F.);
#831 = EDGE_LOOP('',(#832));
#832 = ORIENTED_EDGE('',*,*,#833,.F.);
#833 = EDGE_CURVE('',#834,#834,#836,.T.);
#834 = VERTEX_POINT('',#835);
#835 = CARTESIAN_POINT('',(175.5,170.,380.));
#836 = SURFACE_CURVE('',#837,(#842,#849),.PCURVE_S1.);
#837 = CIRCLE('',#838,5.5);
#838 = AXIS2_PLACEMENT_3D('',#839,#840,#841);
#839 = CARTESIAN_POINT('',(170.,170.,380.));
#840 = DIRECTION('',(0.,0.,1.));
#841 = DIRECTION('',(1.,0.,-0.));
#842 = PCURVE('',#72,#843);
#843 = DEFINITIONAL_REPRESENTATION('',(#844),#848);
#844 = CIRCLE('',#845,5.5);
#845 = AXIS2_PLACEMENT_2D('',#846,#847);
#846 = CARTESIAN_POINT('',(370.,370.));
#847 = DIRECTION('',(1.,0.));
#848 = ( GEOMETRIC_REPRESENTATION_CONTEXT(2) 
PARAMETRIC_REPRESENTATION_CONTEXT() REPRESENTATION_CONTEXT('2D SPACE',''
  ) );
#849 = PCURVE('',#530,#850);
#850 = DEFINITIONAL_REPRESENTATION('',(#851),#855);
#851 = LINE('',#852,#853);
#852 = CARTESIAN_POINT('',(0.,1.));
#853 = VECTOR('',#854,1.);
#854 = DIRECTION('',(1.,0.));
#855 = ( GEOMETRIC_REPRESENTATION_CONTEXT(2) 
PARAMETRIC_REPRESENTATION_CONTEXT() REPRESENTATION_CONTEXT('2D SPACE',''
  ) );
#856 = ADVANCED_FACE('',(#857),#202,.T.);
#857 = FACE_BOUND('',#858,.T.);
#858 = EDGE_LOOP('',(#859,#860,#861,#862));
#859 = ORIENTED_EDGE('',*,*,#188,.F.);
#860 = ORIENTED_EDGE('',*,*,#596,.T.);
#861 = ORIENTED_EDGE('',*,*,#570,.T.);
#862 = ORIENTED_EDGE('',*,*,#219,.F.);
#863 = ADVANCED_FACE('',(#864),#282,.F.);
#864 = FACE_BOUND('',#865,.F.);
#865 = EDGE_LOOP('',(#866,#867,#888,#889));
#866 = ORIENTED_EDGE('',*,*,#265,.F.);
#867 = ORIENTED_EDGE('',*,*,#868,.F.);
#868 = EDGE_CURVE('',#621,#266,#869,.T.);
#869 = SEAM_CURVE('',#870,(#874,#881),.PCURVE_S1.);
#870 = LINE('',#871,#872);
#871 = CARTESIAN_POINT('',(-164.5,-170.,379.));
#872 = VECTOR('',#873,1.);
#873 = DIRECTION('',(0.,0.,1.));
#874 = PCURVE('',#282,#875);
#875 = DEFINITIONAL_REPRESENTATION('',(#876),#880);
#876 = LINE('',#877,#878);
#877 = CARTESIAN_POINT('',(6.28318530718,-0.));
#878 = VECTOR('',#879,1.);
#879 = DIRECTION('',(0.,1.));
#880 = ( GEOMETRIC_REPRESENTATION_CONTEXT(2) 
PARAMETRIC_REPRESENTATION_CONTEXT() REPRESENTATION_CONTEXT('2D SPACE',''
  ) );
#881 = PCURVE('',#282,#882);
#882 = DEFINITIONAL_REPRESENTATION('',(#883),#887);
#883 = LINE('',#884,#885);
#884 = CARTESIAN_POINT('',(0.,-0.));
#885 = VECTOR('',#886,1.);
#886 = DIRECTION('',(0.,1.));
#887 = ( GEOMETRIC_REPRESENTATION_CONTEXT(2) 
PARAMETRIC_REPRESENTATION_CONTEXT() REPRESENTATION_CONTEXT('2D SPACE',''
  ) );
#888 = ORIENTED_EDGE('',*,*,#620,.T.);
#889 = ORIENTED_EDGE('',*,*,#868,.T.);
#890 = ADVANCED_FACE('',(#891),#313,.F.);
#891 = FACE_BOUND('',#892,.F.);
#892 = EDGE_LOOP('',(#893,#894,#915,#916));
#893 = ORIENTED_EDGE('',*,*,#296,.F.);
#894 = ORIENTED_EDGE('',*,*,#895,.F.);
#895 = EDGE_CURVE('',#647,#297,#896,.T.);
#896 = SEAM_CURVE('',#897,(#901,#908),.PCURVE_S1.);
#897 = LINE('',#898,#899);
#898 = CARTESIAN_POINT('',(-119.5,-125.,379.));
#899 = VECTOR('',#900,1.);
#900 = DIRECTION('',(0.,0.,1.));
#901 = PCURVE('',#313,#902);
#902 = DEFINITIONAL_REPRESENTATION('',(#903),#907);
#903 = LINE('',#904,#905);
#904 = CARTESIAN_POINT('',(6.28318530718,-0.));
#905 = VECTOR('',#906,1.);
#906 = DIRECTION('',(0.,1.));
#907 = ( GEOMETRIC_REPRESENTATION_CONTEXT(2) 
PARAMETRIC_REPRESENTATION_CONTEXT() REPRESENTATION_CONTEXT('2D SPACE',''
  ) );
#908 = PCURVE('',#313,#909);
#909 = DEFINITIONAL_REPRESENTATION('',(#910),#914);
#910 = LINE('',#911,#912);
#911 = CARTESIAN_POINT('',(0.,-0.));
#912 = VECTOR('',#913,1.);
#913 = DIRECTION('',(0.,1.));
#914 = ( GEOMETRIC_REPRESENTATION_CONTEXT(2) 
PARAMETRIC_REPRESENTATION_CONTEXT() REPRESENTATION_CONTEXT('2D SPACE',''
  ) );
#915 = ORIENTED_EDGE('',*,*,#646,.T.);
#916 = ORIENTED_EDGE('',*,*,#895,.T.);
#917 = ADVANCED_FACE('',(#918),#344,.F.);
#918 = FACE_BOUND('',#919,.F.);
#919 = EDGE_LOOP('',(#920,#921,#942,#943));
#920 = ORIENTED_EDGE('',*,*,#327,.F.);
#921 = ORIENTED_EDGE('',*,*,#922,.F.);
#922 = EDGE_CURVE('',#673,#328,#923,.T.);
#923 = SEAM_CURVE('',#924,(#928,#935),.PCURVE_S1.);
#924 = LINE('',#925,#926);
#925 = CARTESIAN_POINT('',(175.5,-170.,379.));
#926 = VECTOR('',#927,1.);
#927 = DIRECTION('',(0.,0.,1.));
#928 = PCURVE('',#344,#929);
#929 = DEFINITIONAL_REPRESENTATION('',(#930),#934);
#930 = LINE('',#931,#932);
#931 = CARTESIAN_POINT('',(6.28318530718,-0.));
#932 = VECTOR('',#933,1.);
#933 = DIRECTION('',(0.,1.));
#934 = ( GEOMETRIC_REPRESENTATION_CONTEXT(2) 
PARAMETRIC_REPRESENTATION_CONTEXT() REPRESENTATION_CONTEXT('2D SPACE',''
  ) );
#935 = PCURVE('',#344,#936);
#936 = DEFINITIONAL_REPRESENTATION('',(#937),#941);
#937 = LINE('',#938,#939);
#938 = CARTESIAN_POINT('',(0.,-0.));
#939 = VECTOR('',#940,1.);
#940 = DIRECTION('',(0.,1.));
#941 = ( GEOMETRIC_REPRESENTATION_CONTEXT(2) 
PARAMETRIC_REPRESENTATION_CONTEXT() REPRESENTATION_CONTEXT('2D SPACE',''
  ) );
#942 = ORIENTED_EDGE('',*,*,#672,.T.);
#943 = ORIENTED_EDGE('',*,*,#922,.T.);
#944 = ADVANCED_FACE('',(#945),#375,.F.);
#945 = FACE_BOUND('',#946,.F.);
#946 = EDGE_LOOP('',(#947,#948,#969,#970));
#947 = ORIENTED_EDGE('',*,*,#358,.F.);
#948 = ORIENTED_EDGE('',*,*,#949,.F.);
#949 = EDGE_CURVE('',#699,#359,#950,.T.);
#950 = SEAM_CURVE('',#951,(#955,#962),.PCURVE_S1.);
#951 = LINE('',#952,#953);
#952 = CARTESIAN_POINT('',(130.5,-125.,379.));
#953 = VECTOR('',#954,1.);
#954 = DIRECTION('',(0.,0.,1.));
#955 = PCURVE('',#375,#956);
#956 = DEFINITIONAL_REPRESENTATION('',(#957),#961);
#957 = LINE('',#958,#959);
#958 = CARTESIAN_POINT('',(6.28318530718,-0.));
#959 = VECTOR('',#960,1.);
#960 = DIRECTION('',(0.,1.));
#961 = ( GEOMETRIC_REPRESENTATION_CONTEXT(2) 
PARAMETRIC_REPRESENTATION_CONTEXT() REPRESENTATION_CONTEXT('2D SPACE',''
  ) );
#962 = PCURVE('',#375,#963);
#963 = DEFINITIONAL_REPRESENTATION('',(#964),#968);
#964 = LINE('',#965,#966);
#965 = CARTESIAN_POINT('',(0.,-0.));
#966 = VECTOR('',#967,1.);
#967 = DIRECTION('',(0.,1.));
#968 = ( GEOMETRIC_REPRESENTATION_CONTEXT(2) 
PARAMETRIC_REPRESENTATION_CONTEXT() REPRESENTATION_CONTEXT('2D SPACE',''
  ) );
#969 = ORIENTED_EDGE('',*,*,#698,.T.);
#970 = ORIENTED_EDGE('',*,*,#949,.T.);
#971 = ADVANCED_FACE('',(#972),#406,.F.);
#972 = FACE_BOUND('',#973,.F.);
#973 = EDGE_LOOP('',(#974,#975,#996,#997));
#974 = ORIENTED_EDGE('',*,*,#389,.F.);
#975 = ORIENTED_EDGE('',*,*,#976,.F.);
#976 = EDGE_CURVE('',#725,#390,#977,.T.);
#977 = SEAM_CURVE('',#978,(#982,#989),.PCURVE_S1.);
#978 = LINE('',#979,#980);
#979 = CARTESIAN_POINT('',(-119.5,125.,379.));
#980 = VECTOR('',#981,1.);
#981 = DIRECTION('',(0.,0.,1.));
#982 = PCURVE('',#406,#983);
#983 = DEFINITIONAL_REPRESENTATION('',(#984),#988);
#984 = LINE('',#985,#986);
#985 = CARTESIAN_POINT('',(6.28318530718,-0.));
#986 = VECTOR('',#987,1.);
#987 = DIRECTION('',(0.,1.));
#988 = ( GEOMETRIC_REPRESENTATION_CONTEXT(2) 
PARAMETRIC_REPRESENTATION_CONTEXT() REPRESENTATION_CONTEXT('2D SPACE',''
  ) );
#989 = PCURVE('',#406,#990);
#990 = DEFINITIONAL_REPRESENTATION('',(#991),#995);
#991 = LINE('',#992,#993);
#992 = CARTESIAN_POINT('',(0.,-0.));
#993 = VECTOR('',#994,1.);
#994 = DIRECTION('',(0.,1.));
#995 = ( GEOMETRIC_REPRESENTATION_CONTEXT(2) 
PARAMETRIC_REPRESENTATION_CONTEXT() REPRESENTATION_CONTEXT('2D SPACE',''
  ) );
#996 = ORIENTED_EDGE('',*,*,#724,.T.);
#997 = ORIENTED_EDGE('',*,*,#976,.T.);
#998 = ADVANCED_FACE('',(#999),#437,.F.);
#999 = FACE_BOUND('',#1000,.F.);
#1000 = EDGE_LOOP('',(#1001,#1002,#1023,#1024));
#1001 = ORIENTED_EDGE('',*,*,#420,.F.);
#1002 = ORIENTED_EDGE('',*,*,#1003,.F.);
#1003 = EDGE_CURVE('',#751,#421,#1004,.T.);
#1004 = SEAM_CURVE('',#1005,(#1009,#1016),.PCURVE_S1.);
#1005 = LINE('',#1006,#1007);
#1006 = CARTESIAN_POINT('',(-164.5,170.,379.));
#1007 = VECTOR('',#1008,1.);
#1008 = DIRECTION('',(0.,0.,1.));
#1009 = PCURVE('',#437,#1010);
#1010 = DEFINITIONAL_REPRESENTATION('',(#1011),#1015);
#1011 = LINE('',#1012,#1013);
#1012 = CARTESIAN_POINT('',(6.28318530718,-0.));
#1013 = VECTOR('',#1014,1.);
#1014 = DIRECTION('',(0.,1.));
#1015 = ( GEOMETRIC_REPRESENTATION_CONTEXT(2) 
PARAMETRIC_REPRESENTATION_CONTEXT() REPRESENTATION_CONTEXT('2D SPACE',''
  ) );
#1016 = PCURVE('',#437,#1017);
#1017 = DEFINITIONAL_REPRESENTATION('',(#1018),#1022);
#1018 = LINE('',#1019,#1020);
#1019 = CARTESIAN_POINT('',(0.,-0.));
#1020 = VECTOR('',#1021,1.);
#1021 = DIRECTION('',(0.,1.));
#1022 = ( GEOMETRIC_REPRESENTATION_CONTEXT(2) 
PARAMETRIC_REPRESENTATION_CONTEXT() REPRESENTATION_CONTEXT('2D SPACE',''
  ) );
#1023 = ORIENTED_EDGE('',*,*,#750,.T.);
#1024 = ORIENTED_EDGE('',*,*,#1003,.T.);
#1025 = ADVANCED_FACE('',(#1026),#468,.F.);
#1026 = FACE_BOUND('',#1027,.F.);
#1027 = EDGE_LOOP('',(#1028,#1029,#1052,#1079));
#1028 = ORIENTED_EDGE('',*,*,#451,.F.);
#1029 = ORIENTED_EDGE('',*,*,#1030,.F.);
#1030 = EDGE_CURVE('',#1031,#452,#1033,.T.);
#1031 = VERTEX_POINT('',#1032);
#1032 = CARTESIAN_POINT('',(80.5,-1.971681346627E-14,390.));
#1033 = SEAM_CURVE('',#1034,(#1038,#1045),.PCURVE_S1.);
#1034 = LINE('',#1035,#1036);
#1035 = CARTESIAN_POINT('',(80.5,-1.971681346627E-14,390.));
#1036 = VECTOR('',#1037,1.);
#1037 = DIRECTION('',(0.,0.,1.));
#1038 = PCURVE('',#468,#1039);
#1039 = DEFINITIONAL_REPRESENTATION('',(#1040),#1044);
#1040 = LINE('',#1041,#1042);
#1041 = CARTESIAN_POINT('',(6.28318530718,-0.));
#1042 = VECTOR('',#1043,1.);
#1043 = DIRECTION('',(0.,1.));
#1044 = ( GEOMETRIC_REPRESENTATION_CONTEXT(2) 
PARAMETRIC_REPRESENTATION_CONTEXT() REPRESENTATION_CONTEXT('2D SPACE',''
  ) );
#1045 = PCURVE('',#468,#1046);
#1046 = DEFINITIONAL_REPRESENTATION('',(#1047),#1051);
#1047 = LINE('',#1048,#1049);
#1048 = CARTESIAN_POINT('',(0.,-0.));
#1049 = VECTOR('',#1050,1.);
#1050 = DIRECTION('',(0.,1.));
#1051 = ( GEOMETRIC_REPRESENTATION_CONTEXT(2) 
PARAMETRIC_REPRESENTATION_CONTEXT() REPRESENTATION_CONTEXT('2D SPACE',''
  ) );
#1052 = ORIENTED_EDGE('',*,*,#1053,.T.);
#1053 = EDGE_CURVE('',#1031,#1031,#1054,.T.);
#1054 = SURFACE_CURVE('',#1055,(#1060,#1067),.PCURVE_S1.);
#1055 = CIRCLE('',#1056,80.5);
#1056 = AXIS2_PLACEMENT_3D('',#1057,#1058,#1059);
#1057 = CARTESIAN_POINT('',(0.,0.,390.));
#1058 = DIRECTION('',(0.,0.,1.));
#1059 = DIRECTION('',(1.,0.,-0.));
#1060 = PCURVE('',#468,#1061);
#1061 = DEFINITIONAL_REPRESENTATION('',(#1062),#1066);
#1062 = LINE('',#1063,#1064);
#1063 = CARTESIAN_POINT('',(0.,0.));
#1064 = VECTOR('',#1065,1.);
#1065 = DIRECTION('',(1.,0.));
#1066 = ( GEOMETRIC_REPRESENTATION_CONTEXT(2) 
PARAMETRIC_REPRESENTATION_CONTEXT() REPRESENTATION_CONTEXT('2D SPACE',''
  ) );
#1067 = PCURVE('',#1068,#1073);
#1068 = PLANE('',#1069);
#1069 = AXIS2_PLACEMENT_3D('',#1070,#1071,#1072);
#1070 = CARTESIAN_POINT('',(0.,0.,390.));
#1071 = DIRECTION('',(0.,0.,1.));
#1072 = DIRECTION('',(1.,0.,-0.));
#1073 = DEFINITIONAL_REPRESENTATION('',(#1074),#1078);
#1074 = CIRCLE('',#1075,80.5);
#1075 = AXIS2_PLACEMENT_2D('',#1076,#1077);
#1076 = CARTESIAN_POINT('',(0.,0.));
#1077 = DIRECTION('',(1.,0.));
#1078 = ( GEOMETRIC_REPRESENTATION_CONTEXT(2) 
PARAMETRIC_REPRESENTATION_CONTEXT() REPRESENTATION_CONTEXT('2D SPACE',''
  ) );
#1079 = ORIENTED_EDGE('',*,*,#1030,.T.);
#1080 = ADVANCED_FACE('',(#1081),#499,.F.);
#1081 = FACE_BOUND('',#1082,.F.);
#1082 = EDGE_LOOP('',(#1083,#1084,#1105,#1106));
#1083 = ORIENTED_EDGE('',*,*,#482,.F.);
#1084 = ORIENTED_EDGE('',*,*,#1085,.F.);
#1085 = EDGE_CURVE('',#808,#483,#1086,.T.);
#1086 = SEAM_CURVE('',#1087,(#1091,#1098),.PCURVE_S1.);
#1087 = LINE('',#1088,#1089);
#1088 = CARTESIAN_POINT('',(130.5,125.,379.));
#1089 = VECTOR('',#1090,1.);
#1090 = DIRECTION('',(0.,0.,1.));
#1091 = PCURVE('',#499,#1092);
#1092 = DEFINITIONAL_REPRESENTATION('',(#1093),#1097);
#1093 = LINE('',#1094,#1095);
#1094 = CARTESIAN_POINT('',(6.28318530718,-0.));
#1095 = VECTOR('',#1096,1.);
#1096 = DIRECTION('',(0.,1.));
#1097 = ( GEOMETRIC_REPRESENTATION_CONTEXT(2) 
PARAMETRIC_REPRESENTATION_CONTEXT() REPRESENTATION_CONTEXT('2D SPACE',''
  ) );
#1098 = PCURVE('',#499,#1099);
#1099 = DEFINITIONAL_REPRESENTATION('',(#1100),#1104);
#1100 = LINE('',#1101,#1102);
#1101 = CARTESIAN_POINT('',(0.,-0.));
#1102 = VECTOR('',#1103,1.);
#1103 = DIRECTION('',(0.,1.));
#1104 = ( GEOMETRIC_REPRESENTATION_CONTEXT(2) 
PARAMETRIC_REPRESENTATION_CONTEXT() REPRESENTATION_CONTEXT('2D SPACE',''
  ) );
#1105 = ORIENTED_EDGE('',*,*,#807,.T.);
#1106 = ORIENTED_EDGE('',*,*,#1085,.T.);
#1107 = ADVANCED_FACE('',(#1108),#530,.F.);
#1108 = FACE_BOUND('',#1109,.F.);
#1109 = EDGE_LOOP('',(#1110,#1111,#1132,#1133));
#1110 = ORIENTED_EDGE('',*,*,#513,.F.);
#1111 = ORIENTED_EDGE('',*,*,#1112,.F.);
#1112 = EDGE_CURVE('',#834,#514,#1113,.T.);
#1113 = SEAM_CURVE('',#1114,(#1118,#1125),.PCURVE_S1.);
#1114 = LINE('',#1115,#1116);
#1115 = CARTESIAN_POINT('',(175.5,170.,379.));
#1116 = VECTOR('',#1117,1.);
#1117 = DIRECTION('',(0.,0.,1.));
#1118 = PCURVE('',#530,#1119);
#1119 = DEFINITIONAL_REPRESENTATION('',(#1120),#1124);
#1120 = LINE('',#1121,#1122);
#1121 = CARTESIAN_POINT('',(6.28318530718,-0.));
#1122 = VECTOR('',#1123,1.);
#1123 = DIRECTION('',(0.,1.));
#1124 = ( GEOMETRIC_REPRESENTATION_CONTEXT(2) 
PARAMETRIC_REPRESENTATION_CONTEXT() REPRESENTATION_CONTEXT('2D SPACE',''
  ) );
#1125 = PCURVE('',#530,#1126);
#1126 = DEFINITIONAL_REPRESENTATION('',(#1127),#1131);
#1127 = LINE('',#1128,#1129);
#1128 = CARTESIAN_POINT('',(0.,-0.));
#1129 = VECTOR('',#1130,1.);
#1130 = DIRECTION('',(0.,1.));
#1131 = ( GEOMETRIC_REPRESENTATION_CONTEXT(2) 
PARAMETRIC_REPRESENTATION_CONTEXT() REPRESENTATION_CONTEXT('2D SPACE',''
  ) );
#1132 = ORIENTED_EDGE('',*,*,#833,.T.);
#1133 = ORIENTED_EDGE('',*,*,#1112,.T.);
#1134 = ADVANCED_FACE('',(#1135),#793,.F.);
#1135 = FACE_BOUND('',#1136,.F.);
#1136 = EDGE_LOOP('',(#1137,#1160,#1187,#1188));
#1137 = ORIENTED_EDGE('',*,*,#1138,.T.);
#1138 = EDGE_CURVE('',#777,#1139,#1141,.T.);
#1139 = VERTEX_POINT('',#1140);
#1140 = CARTESIAN_POINT('',(158.5,-3.882130353297E-14,383.));
#1141 = SEAM_CURVE('',#1142,(#1146,#1153),.PCURVE_S1.);
#1142 = LINE('',#1143,#1144);
#1143 = CARTESIAN_POINT('',(158.5,-3.882130353297E-14,379.));
#1144 = VECTOR('',#1145,1.);
#1145 = DIRECTION('',(0.,0.,1.));
#1146 = PCURVE('',#793,#1147);
#1147 = DEFINITIONAL_REPRESENTATION('',(#1148),#1152);
#1148 = LINE('',#1149,#1150);
#1149 = CARTESIAN_POINT('',(6.28318530718,-0.));
#1150 = VECTOR('',#1151,1.);
#1151 = DIRECTION('',(0.,1.));
#1152 = ( GEOMETRIC_REPRESENTATION_CONTEXT(2) 
PARAMETRIC_REPRESENTATION_CONTEXT() REPRESENTATION_CONTEXT('2D SPACE',''
  ) );
#1153 = PCURVE('',#793,#1154);
#1154 = DEFINITIONAL_REPRESENTATION('',(#1155),#1159);
#1155 = LINE('',#1156,#1157);
#1156 = CARTESIAN_POINT('',(0.,-0.));
#1157 = VECTOR('',#1158,1.);
#1158 = DIRECTION('',(0.,1.));
#1159 = ( GEOMETRIC_REPRESENTATION_CONTEXT(2) 
PARAMETRIC_REPRESENTATION_CONTEXT() REPRESENTATION_CONTEXT('2D SPACE',''
  ) );
#1160 = ORIENTED_EDGE('',*,*,#1161,.F.);
#1161 = EDGE_CURVE('',#1139,#1139,#1162,.T.);
#1162 = SURFACE_CURVE('',#1163,(#1168,#1175),.PCURVE_S1.);
#1163 = CIRCLE('',#1164,158.5);
#1164 = AXIS2_PLACEMENT_3D('',#1165,#1166,#1167);
#1165 = CARTESIAN_POINT('',(0.,0.,383.));
#1166 = DIRECTION('',(0.,0.,1.));
#1167 = DIRECTION('',(1.,0.,-0.));
#1168 = PCURVE('',#793,#1169);
#1169 = DEFINITIONAL_REPRESENTATION('',(#1170),#1174);
#1170 = LINE('',#1171,#1172);
#1171 = CARTESIAN_POINT('',(0.,4.));
#1172 = VECTOR('',#1173,1.);
#1173 = DIRECTION('',(1.,0.));
#1174 = ( GEOMETRIC_REPRESENTATION_CONTEXT(2) 
PARAMETRIC_REPRESENTATION_CONTEXT() REPRESENTATION_CONTEXT('2D SPACE',''
  ) );
#1175 = PCURVE('',#1176,#1181);
#1176 = PLANE('',#1177);
#1177 = AXIS2_PLACEMENT_3D('',#1178,#1179,#1180);
#1178 = CARTESIAN_POINT('',(0.,0.,383.));
#1179 = DIRECTION('',(0.,0.,1.));
#1180 = DIRECTION('',(1.,0.,-0.));
#1181 = DEFINITIONAL_REPRESENTATION('',(#1182),#1186);
#1182 = CIRCLE('',#1183,158.5);
#1183 = AXIS2_PLACEMENT_2D('',#1184,#1185);
#1184 = CARTESIAN_POINT('',(0.,0.));
#1185 = DIRECTION('',(1.,0.));
#1186 = ( GEOMETRIC_REPRESENTATION_CONTEXT(2) 
PARAMETRIC_REPRESENTATION_CONTEXT() REPRESENTATION_CONTEXT('2D SPACE',''
  ) );
#1187 = ORIENTED_EDGE('',*,*,#1138,.F.);
#1188 = ORIENTED_EDGE('',*,*,#776,.T.);
#1189 = ADVANCED_FACE('',(#1190,#1193),#1068,.T.);
#1190 = FACE_BOUND('',#1191,.T.);
#1191 = EDGE_LOOP('',(#1192));
#1192 = ORIENTED_EDGE('',*,*,#1053,.T.);
#1193 = FACE_BOUND('',#1194,.T.);
#1194 = EDGE_LOOP('',(#1195));
#1195 = ORIENTED_EDGE('',*,*,#1196,.F.);
#1196 = EDGE_CURVE('',#1197,#1197,#1199,.T.);
#1197 = VERTEX_POINT('',#1198);
#1198 = CARTESIAN_POINT('',(75.5,-1.849216666713E-14,390.));
#1199 = SURFACE_CURVE('',#1200,(#1205,#1212),.PCURVE_S1.);
#1200 = CIRCLE('',#1201,75.5);
#1201 = AXIS2_PLACEMENT_3D('',#1202,#1203,#1204);
#1202 = CARTESIAN_POINT('',(0.,0.,390.));
#1203 = DIRECTION('',(0.,0.,1.));
#1204 = DIRECTION('',(1.,0.,-0.));
#1205 = PCURVE('',#1068,#1206);
#1206 = DEFINITIONAL_REPRESENTATION('',(#1207),#1211);
#1207 = CIRCLE('',#1208,75.5);
#1208 = AXIS2_PLACEMENT_2D('',#1209,#1210);
#1209 = CARTESIAN_POINT('',(0.,0.));
#1210 = DIRECTION('',(1.,0.));
#1211 = ( GEOMETRIC_REPRESENTATION_CONTEXT(2) 
PARAMETRIC_REPRESENTATION_CONTEXT() REPRESENTATION_CONTEXT('2D SPACE',''
  ) );
#1212 = PCURVE('',#1213,#1218);
#1213 = CYLINDRICAL_SURFACE('',#1214,75.5);
#1214 = AXIS2_PLACEMENT_3D('',#1215,#1216,#1217);
#1215 = CARTESIAN_POINT('',(0.,0.,389.));
#1216 = DIRECTION('',(0.,0.,1.));
#1217 = DIRECTION('',(1.,0.,-0.));
#1218 = DEFINITIONAL_REPRESENTATION('',(#1219),#1223);
#1219 = LINE('',#1220,#1221);
#1220 = CARTESIAN_POINT('',(0.,1.));
#1221 = VECTOR('',#1222,1.);
#1222 = DIRECTION('',(1.,0.));
#1223 = ( GEOMETRIC_REPRESENTATION_CONTEXT(2) 
PARAMETRIC_REPRESENTATION_CONTEXT() REPRESENTATION_CONTEXT('2D SPACE',''
  ) );
#1224 = ADVANCED_FACE('',(#1225,#1228),#1176,.F.);
#1225 = FACE_BOUND('',#1226,.F.);
#1226 = EDGE_LOOP('',(#1227));
#1227 = ORIENTED_EDGE('',*,*,#1161,.T.);
#1228 = FACE_BOUND('',#1229,.F.);
#1229 = EDGE_LOOP('',(#1230));
#1230 = ORIENTED_EDGE('',*,*,#1231,.F.);
#1231 = EDGE_CURVE('',#1232,#1232,#1234,.T.);
#1232 = VERTEX_POINT('',#1233);
#1233 = CARTESIAN_POINT('',(157.5,-3.857637417314E-14,383.));
#1234 = SURFACE_CURVE('',#1235,(#1240,#1247),.PCURVE_S1.);
#1235 = CIRCLE('',#1236,157.5);
#1236 = AXIS2_PLACEMENT_3D('',#1237,#1238,#1239);
#1237 = CARTESIAN_POINT('',(0.,0.,383.));
#1238 = DIRECTION('',(0.,0.,1.));
#1239 = DIRECTION('',(1.,0.,-0.));
#1240 = PCURVE('',#1176,#1241);
#1241 = DEFINITIONAL_REPRESENTATION('',(#1242),#1246);
#1242 = CIRCLE('',#1243,157.5);
#1243 = AXIS2_PLACEMENT_2D('',#1244,#1245);
#1244 = CARTESIAN_POINT('',(0.,0.));
#1245 = DIRECTION('',(1.,0.));
#1246 = ( GEOMETRIC_REPRESENTATION_CONTEXT(2) 
PARAMETRIC_REPRESENTATION_CONTEXT() REPRESENTATION_CONTEXT('2D SPACE',''
  ) );
#1247 = PCURVE('',#1248,#1253);
#1248 = CYLINDRICAL_SURFACE('',#1249,157.5);
#1249 = AXIS2_PLACEMENT_3D('',#1250,#1251,#1252);
#1250 = CARTESIAN_POINT('',(0.,0.,80.));
#1251 = DIRECTION('',(0.,0.,1.));
#1252 = DIRECTION('',(1.,0.,-0.));
#1253 = DEFINITIONAL_REPRESENTATION('',(#1254),#1258);
#1254 = LINE('',#1255,#1256);
#1255 = CARTESIAN_POINT('',(0.,303.));
#1256 = VECTOR('',#1257,1.);
#1257 = DIRECTION('',(1.,0.));
#1258 = ( GEOMETRIC_REPRESENTATION_CONTEXT(2) 
PARAMETRIC_REPRESENTATION_CONTEXT() REPRESENTATION_CONTEXT('2D SPACE',''
  ) );
#1259 = ADVANCED_FACE('',(#1260),#1213,.T.);
#1260 = FACE_BOUND('',#1261,.T.);
#1261 = EDGE_LOOP('',(#1262,#1291,#1312,#1313));
#1262 = ORIENTED_EDGE('',*,*,#1263,.F.);
#1263 = EDGE_CURVE('',#1264,#1264,#1266,.T.);
#1264 = VERTEX_POINT('',#1265);
#1265 = CARTESIAN_POINT('',(75.5,-1.849216666713E-14,392.));
#1266 = SURFACE_CURVE('',#1267,(#1272,#1279),.PCURVE_S1.);
#1267 = CIRCLE('',#1268,75.5);
#1268 = AXIS2_PLACEMENT_3D('',#1269,#1270,#1271);
#1269 = CARTESIAN_POINT('',(0.,0.,392.));
#1270 = DIRECTION('',(0.,0.,1.));
#1271 = DIRECTION('',(1.,0.,-0.));
#1272 = PCURVE('',#1213,#1273);
#1273 = DEFINITIONAL_REPRESENTATION('',(#1274),#1278);
#1274 = LINE('',#1275,#1276);
#1275 = CARTESIAN_POINT('',(0.,3.));
#1276 = VECTOR('',#1277,1.);
#1277 = DIRECTION('',(1.,0.));
#1278 = ( GEOMETRIC_REPRESENTATION_CONTEXT(2) 
PARAMETRIC_REPRESENTATION_CONTEXT() REPRESENTATION_CONTEXT('2D SPACE',''
  ) );
#1279 = PCURVE('',#1280,#1285);
#1280 = PLANE('',#1281);
#1281 = AXIS2_PLACEMENT_3D('',#1282,#1283,#1284);
#1282 = CARTESIAN_POINT('',(-200.,-200.,392.));
#1283 = DIRECTION('',(0.,0.,1.));
#1284 = DIRECTION('',(1.,0.,-0.));
#1285 = DEFINITIONAL_REPRESENTATION('',(#1286),#1290);
#1286 = CIRCLE('',#1287,75.5);
#1287 = AXIS2_PLACEMENT_2D('',#1288,#1289);
#1288 = CARTESIAN_POINT('',(200.,200.));
#1289 = DIRECTION('',(1.,0.));
#1290 = ( GEOMETRIC_REPRESENTATION_CONTEXT(2) 
PARAMETRIC_REPRESENTATION_CONTEXT() REPRESENTATION_CONTEXT('2D SPACE',''
  ) );
#1291 = ORIENTED_EDGE('',*,*,#1292,.F.);
#1292 = EDGE_CURVE('',#1197,#1264,#1293,.T.);
#1293 = SEAM_CURVE('',#1294,(#1298,#1305),.PCURVE_S1.);
#1294 = LINE('',#1295,#1296);
#1295 = CARTESIAN_POINT('',(75.5,-1.849216666713E-14,389.));
#1296 = VECTOR('',#1297,1.);
#1297 = DIRECTION('',(0.,0.,1.));
#1298 = PCURVE('',#1213,#1299);
#1299 = DEFINITIONAL_REPRESENTATION('',(#1300),#1304);
#1300 = LINE('',#1301,#1302);
#1301 = CARTESIAN_POINT('',(6.28318530718,-0.));
#1302 = VECTOR('',#1303,1.);
#1303 = DIRECTION('',(0.,1.));
#1304 = ( GEOMETRIC_REPRESENTATION_CONTEXT(2) 
PARAMETRIC_REPRESENTATION_CONTEXT() REPRESENTATION_CONTEXT('2D SPACE',''
  ) );
#1305 = PCURVE('',#1213,#1306);
#1306 = DEFINITIONAL_REPRESENTATION('',(#1307),#1311);
#1307 = LINE('',#1308,#1309);
#1308 = CARTESIAN_POINT('',(0.,-0.));
#1309 = VECTOR('',#1310,1.);
#1310 = DIRECTION('',(0.,1.));
#1311 = ( GEOMETRIC_REPRESENTATION_CONTEXT(2) 
PARAMETRIC_REPRESENTATION_CONTEXT() REPRESENTATION_CONTEXT('2D SPACE',''
  ) );
#1312 = ORIENTED_EDGE('',*,*,#1196,.T.);
#1313 = ORIENTED_EDGE('',*,*,#1292,.T.);
#1314 = ADVANCED_FACE('',(#1315,#1369,#1576,#1783,#1990,#2197,#2770,
    #2977,#3184,#3757,#3964),#1248,.T.);
#1315 = FACE_BOUND('',#1316,.T.);
#1316 = EDGE_LOOP('',(#1317,#1318,#1341,#1368));
#1317 = ORIENTED_EDGE('',*,*,#1231,.F.);
#1318 = ORIENTED_EDGE('',*,*,#1319,.F.);
#1319 = EDGE_CURVE('',#1320,#1232,#1322,.T.);
#1320 = VERTEX_POINT('',#1321);
#1321 = CARTESIAN_POINT('',(157.5,-3.857637417314E-14,80.));
#1322 = SEAM_CURVE('',#1323,(#1327,#1334),.PCURVE_S1.);
#1323 = LINE('',#1324,#1325);
#1324 = CARTESIAN_POINT('',(157.5,-3.857637417314E-14,80.));
#1325 = VECTOR('',#1326,1.);
#1326 = DIRECTION('',(0.,0.,1.));
#1327 = PCURVE('',#1248,#1328);
#1328 = DEFINITIONAL_REPRESENTATION('',(#1329),#1333);
#1329 = LINE('',#1330,#1331);
#1330 = CARTESIAN_POINT('',(6.28318530718,-0.));
#1331 = VECTOR('',#1332,1.);
#1332 = DIRECTION('',(0.,1.));
#1333 = ( GEOMETRIC_REPRESENTATION_CONTEXT(2) 
PARAMETRIC_REPRESENTATION_CONTEXT() REPRESENTATION_CONTEXT('2D SPACE',''
  ) );
#1334 = PCURVE('',#1248,#1335);
#1335 = DEFINITIONAL_REPRESENTATION('',(#1336),#1340);
#1336 = LINE('',#1337,#1338);
#1337 = CARTESIAN_POINT('',(0.,-0.));
#1338 = VECTOR('',#1339,1.);
#1339 = DIRECTION('',(0.,1.));
#1340 = ( GEOMETRIC_REPRESENTATION_CONTEXT(2) 
PARAMETRIC_REPRESENTATION_CONTEXT() REPRESENTATION_CONTEXT('2D SPACE',''
  ) );
#1341 = ORIENTED_EDGE('',*,*,#1342,.T.);
#1342 = EDGE_CURVE('',#1320,#1320,#1343,.T.);
#1343 = SURFACE_CURVE('',#1344,(#1349,#1356),.PCURVE_S1.);
#1344 = CIRCLE('',#1345,157.5);
#1345 = AXIS2_PLACEMENT_3D('',#1346,#1347,#1348);
#1346 = CARTESIAN_POINT('',(0.,0.,80.));
#1347 = DIRECTION('',(0.,0.,1.));
#1348 = DIRECTION('',(1.,0.,-0.));
#1349 = PCURVE('',#1248,#1350);
#1350 = DEFINITIONAL_REPRESENTATION('',(#1351),#1355);
#1351 = LINE('',#1352,#1353);
#1352 = CARTESIAN_POINT('',(0.,0.));
#1353 = VECTOR('',#1354,1.);
#1354 = DIRECTION('',(1.,0.));
#1355 = ( GEOMETRIC_REPRESENTATION_CONTEXT(2) 
PARAMETRIC_REPRESENTATION_CONTEXT() REPRESENTATION_CONTEXT('2D SPACE',''
  ) );
#1356 = PCURVE('',#1357,#1362);
#1357 = PLANE('',#1358);
#1358 = AXIS2_PLACEMENT_3D('',#1359,#1360,#1361);
#1359 = CARTESIAN_POINT('',(0.,0.,80.));
#1360 = DIRECTION('',(0.,0.,1.));
#1361 = DIRECTION('',(1.,0.,-0.));
#1362 = DEFINITIONAL_REPRESENTATION('',(#1363),#1367);
#1363 = CIRCLE('',#1364,157.5);
#1364 = AXIS2_PLACEMENT_2D('',#1365,#1366);
#1365 = CARTESIAN_POINT('',(0.,0.));
#1366 = DIRECTION('',(1.,0.));
#1367 = ( GEOMETRIC_REPRESENTATION_CONTEXT(2) 
PARAMETRIC_REPRESENTATION_CONTEXT() REPRESENTATION_CONTEXT('2D SPACE',''
  ) );
#1368 = ORIENTED_EDGE('',*,*,#1319,.T.);
#1369 = FACE_BOUND('',#1370,.T.);
#1370 = EDGE_LOOP('',(#1371));
#1371 = ORIENTED_EDGE('',*,*,#1372,.F.);
#1372 = EDGE_CURVE('',#1373,#1373,#1375,.T.);
#1373 = VERTEX_POINT('',#1374);
#1374 = CARTESIAN_POINT('',(153.95699538599,33.21887372739,
    240.55198651616));
#1375 = SURFACE_CURVE('',#1376,(#1439,#1505),.PCURVE_S1.);
#1376 = B_SPLINE_CURVE_WITH_KNOTS('',7,(#1377,#1378,#1379,#1380,#1381,
    #1382,#1383,#1384,#1385,#1386,#1387,#1388,#1389,#1390,#1391,#1392,
    #1393,#1394,#1395,#1396,#1397,#1398,#1399,#1400,#1401,#1402,#1403,
    #1404,#1405,#1406,#1407,#1408,#1409,#1410,#1411,#1412,#1413,#1414,
    #1415,#1416,#1417,#1418,#1419,#1420,#1421,#1422,#1423,#1424,#1425,
    #1426,#1427,#1428,#1429,#1430,#1431,#1432,#1433,#1434,#1435,#1436,
    #1437,#1438),.UNSPECIFIED.,.T.,.F.,(8,6,6,6,6,6,6,6,6,6,8),(0.,
    0.121838694244,0.22425553256,0.30929659691,0.416501883475,
    0.531426531109,0.643352474061,0.737762080584,0.822920874807,
    0.905356473219,1.),.UNSPECIFIED.);
#1377 = CARTESIAN_POINT('',(153.95699538599,33.218873727389,
    240.55198651616));
#1378 = CARTESIAN_POINT('',(153.95699538599,33.218873727389,
    240.85579917466));
#1379 = CARTESIAN_POINT('',(153.96387932257,33.186969254748,
    241.15935216339));
#1380 = CARTESIAN_POINT('',(153.97762686458,33.123254634809,
    241.46074319829));
#1381 = CARTESIAN_POINT('',(153.99834224145,33.027044440405,
    241.75789127755));
#1382 = CARTESIAN_POINT('',(154.02622265915,32.89702464333,
    242.04816549303));
#1383 = CARTESIAN_POINT('',(154.06150352412,32.731425871704,
    242.32793163532));
#1384 = CARTESIAN_POINT('',(154.14042876607,32.35751349566,
    242.81381070401));
#1385 = CARTESIAN_POINT('',(154.18216086935,32.158713456301,
    243.02650909987));
#1386 = CARTESIAN_POINT('',(154.22959382781,31.931166373704,
    243.22481901318));
#1387 = CARTESIAN_POINT('',(154.28253043078,31.674982455165,
    243.40323968725));
#1388 = CARTESIAN_POINT('',(154.34056534676,31.391092829795,
    243.55596416461));
#1389 = CARTESIAN_POINT('',(154.40307645611,31.081420629691,
    243.67679445939));
#1390 = CARTESIAN_POINT('',(154.52411389021,30.473387200358,
    243.82719413634));
#1391 = CARTESIAN_POINT('',(154.58096299995,30.18480402526,
    243.86808023723));
#1392 = CARTESIAN_POINT('',(154.63840980914,29.889720824169,
    243.87776872504));
#1393 = CARTESIAN_POINT('',(154.69504515553,29.595099391153,
    243.85494598164));
#1394 = CARTESIAN_POINT('',(154.74955726859,29.307957808854,
    243.80080018863));
#1395 = CARTESIAN_POINT('',(154.80083788614,29.034759947774,
    243.7189871366));
#1396 = CARTESIAN_POINT('',(154.90752223896,28.460772044647,
    243.48526868232));
#1397 = CARTESIAN_POINT('',(154.96072106185,28.170252804233,
    243.32020619764));
#1398 = CARTESIAN_POINT('',(155.00763762832,27.910673065003,
    243.12823077265));
#1399 = CARTESIAN_POINT('',(155.04850057611,27.682143438785,
    242.91564391761));
#1400 = CARTESIAN_POINT('',(155.08361000678,27.484084538445,
    242.68765098306));
#1401 = CARTESIAN_POINT('',(155.1132885683,27.315526457516,
    242.44858000503));
#1402 = CARTESIAN_POINT('',(155.16419546766,27.024909733558,
    241.93763696098));
#1403 = CARTESIAN_POINT('',(155.18478041996,26.9063941182,
    241.66344841208));
#1404 = CARTESIAN_POINT('',(155.19999715109,26.818288140528,
    241.38280126934));
#1405 = CARTESIAN_POINT('',(155.210122063,26.759474768873,
    241.09814249966));
#1406 = CARTESIAN_POINT('',(155.21532147463,26.729251658431,
    240.81137387934));
#1407 = CARTESIAN_POINT('',(155.21564382043,26.727413996171,
    240.52418079075));
#1408 = CARTESIAN_POINT('',(155.20648861902,26.780526463624,
    239.95988174211));
#1409 = CARTESIAN_POINT('',(155.19727191557,26.833964871618,
    239.68304038071));
#1410 = CARTESIAN_POINT('',(155.1832962443,26.914865605958,
    239.40927881459));
#1411 = CARTESIAN_POINT('',(155.16437784146,27.023997410681,
    239.14038822099));
#1412 = CARTESIAN_POINT('',(155.1402276968,27.162544816731,
    238.87869643971));
#1413 = CARTESIAN_POINT('',(155.1104650249,27.331952447417,
    238.62738595955));
#1414 = CARTESIAN_POINT('',(155.04443012887,27.703872616305,
    238.1915089121));
#1415 = CARTESIAN_POINT('',(155.00967176217,27.898372308114,
    238.00110839571));
#1416 = CARTESIAN_POINT('',(154.97019907093,28.117504900061,
    237.82417104265));
#1417 = CARTESIAN_POINT('',(154.92593844813,28.36088031124,237.665273146
    ));
#1418 = CARTESIAN_POINT('',(154.87691674353,28.627423311081,
    237.52913201009));
#1419 = CARTESIAN_POINT('',(154.82329713484,28.91528807144,
    237.4206495594));
#1420 = CARTESIAN_POINT('',(154.71326589572,29.498041577304,
    237.27677889651));
#1421 = CARTESIAN_POINT('',(154.65811919517,29.786954913948,
    237.23589279489));
#1422 = CARTESIAN_POINT('',(154.60109710816,30.082120473852,
    237.22620430648));
#1423 = CARTESIAN_POINT('',(154.54349499505,30.376554418737,
    237.24902705095));
#1424 = CARTESIAN_POINT('',(154.48671959366,30.663257083041,
    237.30317284481));
#1425 = CARTESIAN_POINT('',(154.43215923315,30.93581888468,
    237.38498589479));
#1426 = CARTESIAN_POINT('',(154.331512773,31.434004888354,
    237.58845270267));
#1427 = CARTESIAN_POINT('',(154.28343737788,31.669633678542,
    237.71233700716));
#1428 = CARTESIAN_POINT('',(154.2373985285,31.893163911927,
    237.85892428219));
#1429 = CARTESIAN_POINT('',(154.19398828873,32.102122163986,
    238.02674405423));
#1430 = CARTESIAN_POINT('',(154.15377244449,32.294250203473,
    238.21396950809));
#1431 = CARTESIAN_POINT('',(154.11726855167,32.467552075942,
    238.41845511346));
#1432 = CARTESIAN_POINT('',(154.04776799204,32.795843385793,
    238.8896250176));
#1433 = CARTESIAN_POINT('',(154.01717353606,32.93920805472,
    239.15369987724));
#1434 = CARTESIAN_POINT('',(153.99296040771,33.052036903718,
    239.42610563862));
#1435 = CARTESIAN_POINT('',(153.97494608681,33.135678545531,
    239.70405255503));
#1436 = CARTESIAN_POINT('',(153.96298349389,33.191121272338,
    239.98546184684));
#1437 = CARTESIAN_POINT('',(153.95699538599,33.218873727389,
    240.26863174462));
#1438 = CARTESIAN_POINT('',(153.95699538599,33.218873727389,
    240.55198651616));
#1439 = PCURVE('',#1248,#1440);
#1440 = DEFINITIONAL_REPRESENTATION('',(#1441),#1504);
#1441 = B_SPLINE_CURVE_WITH_KNOTS('',7,(#1442,#1443,#1444,#1445,#1446,
    #1447,#1448,#1449,#1450,#1451,#1452,#1453,#1454,#1455,#1456,#1457,
    #1458,#1459,#1460,#1461,#1462,#1463,#1464,#1465,#1466,#1467,#1468,
    #1469,#1470,#1471,#1472,#1473,#1474,#1475,#1476,#1477,#1478,#1479,
    #1480,#1481,#1482,#1483,#1484,#1485,#1486,#1487,#1488,#1489,#1490,
    #1491,#1492,#1493,#1494,#1495,#1496,#1497,#1498,#1499,#1500,#1501,
    #1502,#1503),.UNSPECIFIED.,.T.,.F.,(8,6,6,6,6,6,6,6,6,6,8),(0.,
    0.121838694244,0.22425553256,0.30929659691,0.416501883475,
    0.531426531109,0.643352474061,0.737762080584,0.822920874807,
    0.905356473219,1.),.UNSPECIFIED.);
#1442 = CARTESIAN_POINT('',(0.212509371643,160.55198651616));
#1443 = CARTESIAN_POINT('',(0.212509371643,160.85579917466));
#1444 = CARTESIAN_POINT('',(0.212302141879,161.15935216339));
#1445 = CARTESIAN_POINT('',(0.211888294983,161.46074319829));
#1446 = CARTESIAN_POINT('',(0.21126343741,161.75789127755));
#1447 = CARTESIAN_POINT('',(0.210419149567,162.04816549303));
#1448 = CARTESIAN_POINT('',(0.209344133291,162.32793163532));
#1449 = CARTESIAN_POINT('',(0.206917775476,162.81381070401));
#1450 = CARTESIAN_POINT('',(0.205628042862,163.02650909987));
#1451 = CARTESIAN_POINT('',(0.204152246433,163.22481901318));
#1452 = CARTESIAN_POINT('',(0.202491324592,163.40323968725));
#1453 = CARTESIAN_POINT('',(0.200651580923,163.55596416461));
#1454 = CARTESIAN_POINT('',(0.198645756374,163.67679445939));
#1455 = CARTESIAN_POINT('',(0.194709480336,163.82719413634));
#1456 = CARTESIAN_POINT('',(0.192841996059,163.86808023723));
#1457 = CARTESIAN_POINT('',(0.190933286166,163.87776872504));
#1458 = CARTESIAN_POINT('',(0.189028434339,163.85494598164));
#1459 = CARTESIAN_POINT('',(0.187172757469,163.80080018863));
#1460 = CARTESIAN_POINT('',(0.185407877533,163.7189871366));
#1461 = CARTESIAN_POINT('',(0.181701095456,163.48526868232));
#1462 = CARTESIAN_POINT('',(0.179825864839,163.32020619764));
#1463 = CARTESIAN_POINT('',(0.178151042206,163.12823077265));
#1464 = CARTESIAN_POINT('',(0.176677050583,162.91564391761));
#1465 = CARTESIAN_POINT('',(0.175399930071,162.68765098306));
#1466 = CARTESIAN_POINT('',(0.174313257859,162.44858000503));
#1467 = CARTESIAN_POINT('',(0.172439977354,161.93763696098));
#1468 = CARTESIAN_POINT('',(0.171676231905,161.66344841208));
#1469 = CARTESIAN_POINT('',(0.171108547264,161.38280126934));
#1470 = CARTESIAN_POINT('',(0.170729635909,161.09814249966));
#1471 = CARTESIAN_POINT('',(0.170534924286,160.81137387934));
#1472 = CARTESIAN_POINT('',(0.170523078491,160.52418079075));
#1473 = CARTESIAN_POINT('',(0.170865273731,159.95988174211));
#1474 = CARTESIAN_POINT('',(0.171209574691,159.68304038071));
#1475 = CARTESIAN_POINT('',(0.171730838252,159.40927881459));
#1476 = CARTESIAN_POINT('',(0.172434072652,159.14038822099));
#1477 = CARTESIAN_POINT('',(0.173327001721,158.87869643971));
#1478 = CARTESIAN_POINT('',(0.174419077492,158.62738595955));
#1479 = CARTESIAN_POINT('',(0.176817407469,158.1915089121));
#1480 = CARTESIAN_POINT('',(0.178071889551,158.00110839571));
#1481 = CARTESIAN_POINT('',(0.179485597565,157.82417104265));
#1482 = CARTESIAN_POINT('',(0.181056179174,157.665273146));
#1483 = CARTESIAN_POINT('',(0.182776893121,157.52913201009));
#1484 = CARTESIAN_POINT('',(0.184636036376,157.4206495594));
#1485 = CARTESIAN_POINT('',(0.188401434377,157.27677889651));
#1486 = CARTESIAN_POINT('',(0.190268918703,157.23589279489));
#1487 = CARTESIAN_POINT('',(0.192177628539,157.22620430648));
#1488 = CARTESIAN_POINT('',(0.194082480367,157.24902705095));
#1489 = CARTESIAN_POINT('',(0.195938157293,157.30317284481));
#1490 = CARTESIAN_POINT('',(0.197703037179,157.38498589479));
#1491 = CARTESIAN_POINT('',(0.200930027188,157.58845270267));
#1492 = CARTESIAN_POINT('',(0.202456901828,157.71233700716));
#1493 = CARTESIAN_POINT('',(0.203905927421,157.85892428219));
#1494 = CARTESIAN_POINT('',(0.205260970541,158.02674405423));
#1495 = CARTESIAN_POINT('',(0.206507266474,158.21396950809));
#1496 = CARTESIAN_POINT('',(0.207631740142,158.41845511346));
#1497 = CARTESIAN_POINT('',(0.209762327111,158.8896250176));
#1498 = CARTESIAN_POINT('',(0.210693073834,159.15369987724));
#1499 = CARTESIAN_POINT('',(0.211425757066,159.42610563862));
#1500 = CARTESIAN_POINT('',(0.21196899244,159.70405255503));
#1501 = CARTESIAN_POINT('',(0.212329110495,159.98546184684));
#1502 = CARTESIAN_POINT('',(0.212509371643,160.26863174462));
#1503 = CARTESIAN_POINT('',(0.212509371643,160.55198651616));
#1504 = ( GEOMETRIC_REPRESENTATION_CONTEXT(2) 
PARAMETRIC_REPRESENTATION_CONTEXT() REPRESENTATION_CONTEXT('2D SPACE',''
  ) );
#1505 = PCURVE('',#1506,#1511);
#1506 = CYLINDRICAL_SURFACE('',#1507,3.3);
#1507 = AXIS2_PLACEMENT_3D('',#1508,#1509,#1510);
#1508 = CARTESIAN_POINT('',(139.20637665883,26.996753462592,
    240.55198651616));
#1509 = DIRECTION('',(0.981709285323,0.190386131612,0.));
#1510 = DIRECTION('',(-0.190386131612,0.981709285323,0.));
#1511 = DEFINITIONAL_REPRESENTATION('',(#1512),#1575);
#1512 = B_SPLINE_CURVE_WITH_KNOTS('',7,(#1513,#1514,#1515,#1516,#1517,
    #1518,#1519,#1520,#1521,#1522,#1523,#1524,#1525,#1526,#1527,#1528,
    #1529,#1530,#1531,#1532,#1533,#1534,#1535,#1536,#1537,#1538,#1539,
    #1540,#1541,#1542,#1543,#1544,#1545,#1546,#1547,#1548,#1549,#1550,
    #1551,#1552,#1553,#1554,#1555,#1556,#1557,#1558,#1559,#1560,#1561,
    #1562,#1563,#1564,#1565,#1566,#1567,#1568,#1569,#1570,#1571,#1572,
    #1573,#1574),.UNSPECIFIED.,.F.,.F.,(8,6,6,6,6,6,6,6,6,6,8),(0.,
    0.121838694244,0.22425553256,0.30929659691,0.416501883475,
    0.531426531109,0.643352474061,0.737762080584,0.822920874807,
    0.905356473219,1.),.UNSPECIFIED.);
#1513 = CARTESIAN_POINT('',(0.,15.665424776362));
#1514 = CARTESIAN_POINT('',(9.206444197001E-02,15.665424776362));
#1515 = CARTESIAN_POINT('',(0.184050086052,15.66610863169));
#1516 = CARTESIAN_POINT('',(0.276655744701,15.667474341317));
#1517 = CARTESIAN_POINT('',(0.370513396566,15.669493732404));
#1518 = CARTESIAN_POINT('',(0.466281287932,15.672110231139));
#1519 = CARTESIAN_POINT('',(0.564632035392,15.67521807435));
#1520 = CARTESIAN_POINT('',(0.751942641258,15.681511986379));
#1521 = CARTESIAN_POINT('',(0.840654259162,15.684632009208));
#1522 = CARTESIAN_POINT('',(0.932447648208,15.687875576141));
#1523 = CARTESIAN_POINT('',(1.027356723212,15.691070065578));
#1524 = CARTESIAN_POINT('',(1.125515320424,15.693994833891));
#1525 = CARTESIAN_POINT('',(1.227180227409,15.696405278135));
#1526 = CARTESIAN_POINT('',(1.420494892586,15.699467718555));
#1527 = CARTESIAN_POINT('',(1.510032924611,15.700334783093));
#1528 = CARTESIAN_POINT('',(1.600357600208,15.70055109993));
#1529 = CARTESIAN_POINT('',(1.690589910742,15.70005871044));
#1530 = CARTESIAN_POINT('',(1.77988874793,15.698905982908));
#1531 = CARTESIAN_POINT('',(1.867300603159,15.697235557384));
#1532 = CARTESIAN_POINT('',(2.057860001731,15.692689240676));
#1533 = CARTESIAN_POINT('',(2.159534672408,15.689604184732));
#1534 = CARTESIAN_POINT('',(2.257317978444,15.68624223128));
#1535 = CARTESIAN_POINT('',(2.351685179759,15.682848895051));
#1536 = CARTESIAN_POINT('',(2.443040753276,15.679608481272));
#1537 = CARTESIAN_POINT('',(2.531708534248,15.676653079716));
#1538 = CARTESIAN_POINT('',(2.710492233654,15.671299461648));
#1539 = CARTESIAN_POINT('',(2.800671106692,15.668944170915));
#1540 = CARTESIAN_POINT('',(2.889155871014,15.667108420892));
#1541 = CARTESIAN_POINT('',(2.97649026901,15.665850890612));
#1542 = CARTESIAN_POINT('',(3.063187198747,15.665201140213));
#1543 = CARTESIAN_POINT('',(3.149768313119,15.665167724661));
#1544 = CARTESIAN_POINT('',(3.321545846803,15.66629185565));
#1545 = CARTESIAN_POINT('',(3.406618905345,15.66741766407));
#1546 = CARTESIAN_POINT('',(3.492560382798,15.669099995677));
#1547 = CARTESIAN_POINT('',(3.579879315866,15.671304806079));
#1548 = CARTESIAN_POINT('',(3.669105314947,15.673973889509));
#1549 = CARTESIAN_POINT('',(3.760786505727,15.677008461616));
#1550 = CARTESIAN_POINT('',(3.93555862371,15.682989833251));
#1551 = CARTESIAN_POINT('',(4.018367869536,15.685897265846));
#1552 = CARTESIAN_POINT('',(4.1039042842,15.688866364823));
#1553 = CARTESIAN_POINT('',(4.192153655614,15.691750603519));
#1554 = CARTESIAN_POINT('',(4.283185643173,15.694371631569));
#1555 = CARTESIAN_POINT('',(4.377164880834,15.696538222004));
#1556 = CARTESIAN_POINT('',(4.5620875455,15.699467718545));
#1557 = CARTESIAN_POINT('',(4.65162557989,15.700334783098));
#1558 = CARTESIAN_POINT('',(4.74195025271,15.700551099946));
#1559 = CARTESIAN_POINT('',(4.832182563311,15.700058710434));
#1560 = CARTESIAN_POINT('',(4.921481403294,15.698905982887));
#1561 = CARTESIAN_POINT('',(5.008893255991,15.697235557402));
#1562 = CARTESIAN_POINT('',(5.174787355621,15.693277698999));
#1563 = CARTESIAN_POINT('',(5.256390218134,15.690942091075));
#1564 = CARTESIAN_POINT('',(5.33798713762,15.688302381587));
#1565 = CARTESIAN_POINT('',(5.419584804955,15.685468899408));
#1566 = CARTESIAN_POINT('',(5.501186864503,15.682567145917));
#1567 = CARTESIAN_POINT('',(5.58278876724,15.679725208484));
#1568 = CARTESIAN_POINT('',(5.758068627234,15.673997976285));
#1569 = CARTESIAN_POINT('',(5.849016839925,15.671257759494));
#1570 = CARTESIAN_POINT('',(5.937877630413,15.668968554665));
#1571 = CARTESIAN_POINT('',(6.02520341679,15.667207937187));
#1572 = CARTESIAN_POINT('',(6.111510418679,15.666019674924));
#1573 = CARTESIAN_POINT('',(6.197320224894,15.665424776362));
#1574 = CARTESIAN_POINT('',(6.28318530718,15.665424776362));
#1575 = ( GEOMETRIC_REPRESENTATION_CONTEXT(2) 
PARAMETRIC_REPRESENTATION_CONTEXT() REPRESENTATION_CONTEXT('2D SPACE',''
  ) );
#1576 = FACE_BOUND('',#1577,.T.);
#1577 = EDGE_LOOP('',(#1578));
#1578 = ORIENTED_EDGE('',*,*,#1579,.F.);
#1579 = EDGE_CURVE('',#1580,#1580,#1582,.T.);
#1580 = VERTEX_POINT('',#1581);
#1581 = CARTESIAN_POINT('',(111.95499648651,110.7805432452,
    240.55198651616));
#1582 = SURFACE_CURVE('',#1583,(#1646,#1712),.PCURVE_S1.);
#1583 = B_SPLINE_CURVE_WITH_KNOTS('',7,(#1584,#1585,#1586,#1587,#1588,
    #1589,#1590,#1591,#1592,#1593,#1594,#1595,#1596,#1597,#1598,#1599,
    #1600,#1601,#1602,#1603,#1604,#1605,#1606,#1607,#1608,#1609,#1610,
    #1611,#1612,#1613,#1614,#1615,#1616,#1617,#1618,#1619,#1620,#1621,
    #1622,#1623,#1624,#1625,#1626,#1627,#1628,#1629,#1630,#1631,#1632,
    #1633,#1634,#1635,#1636,#1637,#1638,#1639,#1640,#1641,#1642,#1643,
    #1644,#1645),.UNSPECIFIED.,.T.,.F.,(8,6,6,6,6,6,6,6,6,6,8),(0.,
    0.121838699621,0.224255539846,0.30929660507,0.416501891846,
    0.531426539706,0.643352482878,0.737762088155,0.82292087988,
    0.905356475931,1.),.UNSPECIFIED.);
#1584 = CARTESIAN_POINT('',(111.95499648651,110.7805432452,
    240.55198651616));
#1585 = CARTESIAN_POINT('',(111.95499648651,110.7805432452,
    240.24817386528));
#1586 = CARTESIAN_POINT('',(111.93203945973,110.80374364956,
    239.94462085068));
#1587 = CARTESIAN_POINT('',(111.88619328033,110.85007589386,
    239.64322984669));
#1588 = CARTESIAN_POINT('',(111.81694091687,110.92000181027,
    239.34608176216));
#1589 = CARTESIAN_POINT('',(111.7232896201,111.01440471165,
    239.05580752412));
#1590 = CARTESIAN_POINT('',(111.6038863148,111.13444860683,
    238.77604140373));
#1591 = CARTESIAN_POINT('',(111.3338778729,111.40488363438,
    238.29016232832));
#1592 = CARTESIAN_POINT('',(111.19019503742,111.54847425692,
    238.07746393245));
#1593 = CARTESIAN_POINT('',(111.02555288571,111.71254900277,
    237.87915401914));
#1594 = CARTESIAN_POINT('',(110.83993594022,111.89688248752,
    237.70073334507));
#1595 = CARTESIAN_POINT('',(110.63390248476,112.10062641037,
    237.54800886772));
#1596 = CARTESIAN_POINT('',(110.40872310311,112.32220880224,
    237.42717857293));
#1597 = CARTESIAN_POINT('',(109.96565929973,112.75585517299,
    237.27677889655));
#1598 = CARTESIAN_POINT('',(109.75504711187,112.96117098147,
    237.23589279481));
#1599 = CARTESIAN_POINT('',(109.53931800153,113.17053950128,
    237.22620430653));
#1600 = CARTESIAN_POINT('',(109.32353214878,113.37897610295,
    237.24902705099));
#1601 = CARTESIAN_POINT('',(109.1128501149,113.58154694119,
    237.3031728447));
#1602 = CARTESIAN_POINT('',(108.91207955852,113.77379145355,
    237.38498589486));
#1603 = CARTESIAN_POINT('',(108.48968406785,114.17681219253,237.61870435
    ));
#1604 = CARTESIAN_POINT('',(108.27545566356,114.38012902559,
    237.78376683469));
#1605 = CARTESIAN_POINT('',(108.08370496325,114.56127668402,
    237.97574225967));
#1606 = CARTESIAN_POINT('',(107.91464954799,114.72038619705,
    238.18832911471));
#1607 = CARTESIAN_POINT('',(107.76796820028,114.85802551686,
    238.41632204926));
#1608 = CARTESIAN_POINT('',(107.64302497615,114.97499489066,
    238.6553930273));
#1609 = CARTESIAN_POINT('',(107.42746243002,115.17644558276,
    239.16633607134));
#1610 = CARTESIAN_POINT('',(107.33945868216,115.25845187342,
    239.44052462024));
#1611 = CARTESIAN_POINT('',(107.27398840094,115.31934402796,
    239.72117176298));
#1612 = CARTESIAN_POINT('',(107.23026715689,115.35996396574,
    240.00583053267));
#1613 = CARTESIAN_POINT('',(107.20779764905,115.38083479475,
    240.29259915299));
#1614 = CARTESIAN_POINT('',(107.20643482161,115.38210900461,
    240.57979224157));
#1615 = CARTESIAN_POINT('',(107.2459116692,115.34541662916,
    241.14409129021));
#1616 = CARTESIAN_POINT('',(107.28562787185,115.30849462598,
    241.42093265161));
#1617 = CARTESIAN_POINT('',(107.34574220806,115.25257937953,
    241.69469421774));
#1618 = CARTESIAN_POINT('',(107.42679805274,115.17709688612,
    241.96358481133));
#1619 = CARTESIAN_POINT('',(107.52962947367,115.08115778002,
    242.22527659262));
#1620 = CARTESIAN_POINT('',(107.65523820407,114.9636537,242.47658707277)
  );
#1621 = CARTESIAN_POINT('',(107.93062261318,114.70510265135,
    242.9124641172));
#1622 = CARTESIAN_POINT('',(108.07451509395,114.56970238445,
    243.10286464244));
#1623 = CARTESIAN_POINT('',(108.23646053152,114.41689251813,
    243.27980198731));
#1624 = CARTESIAN_POINT('',(108.41609204917,114.24682455476,
    243.43869988261));
#1625 = CARTESIAN_POINT('',(108.61252384585,114.06010857983,
    243.57484102642));
#1626 = CARTESIAN_POINT('',(108.82429924232,113.85788999617,
    243.68332347175));
#1627 = CARTESIAN_POINT('',(109.25220662886,113.44727607017,
    243.82719413577));
#1628 = CARTESIAN_POINT('',(109.4640256528,113.24320555299,
    243.86808023751));
#1629 = CARTESIAN_POINT('',(109.68005584681,113.03414771072,
    243.87776872579));
#1630 = CARTESIAN_POINT('',(109.89515636024,112.82500393174,
    243.85494598133));
#1631 = CARTESIAN_POINT('',(110.10423395396,112.62077752867,
    243.80080018763));
#1632 = CARTESIAN_POINT('',(110.30267950495,112.42613392581,
    243.71898713746));
#1633 = CARTESIAN_POINT('',(110.66489289346,112.06959435548,
    243.51552032965));
#1634 = CARTESIAN_POINT('',(110.83595214032,111.90056505493,
    243.39163602516));
#1635 = CARTESIAN_POINT('',(110.99799216652,111.73985298072,
    243.24504875013));
#1636 = CARTESIAN_POINT('',(111.14926511055,111.58930565785,
    243.07722897809));
#1637 = CARTESIAN_POINT('',(111.28818896805,111.45063100442,
    242.89000352423));
#1638 = CARTESIAN_POINT('',(111.41337502626,111.325353217,
    242.68551791886));
#1639 = CARTESIAN_POINT('',(111.6503276984,111.0877423101,
    242.21434801472));
#1640 = CARTESIAN_POINT('',(111.75367170516,110.98377373167,
    241.95027315508));
#1641 = CARTESIAN_POINT('',(111.83493021934,110.90183669106,
    241.6778673937));
#1642 = CARTESIAN_POINT('',(111.89513291733,110.84104133632,
    241.3999204773));
#1643 = CARTESIAN_POINT('',(111.93502708616,110.8007244059,
    241.11851118548));
#1644 = CARTESIAN_POINT('',(111.95499648651,110.7805432452,
    240.8353412877));
#1645 = CARTESIAN_POINT('',(111.95499648651,110.7805432452,
    240.55198651616));
#1646 = PCURVE('',#1248,#1647);
#1647 = DEFINITIONAL_REPRESENTATION('',(#1648),#1711);
#1648 = B_SPLINE_CURVE_WITH_KNOTS('',7,(#1649,#1650,#1651,#1652,#1653,
    #1654,#1655,#1656,#1657,#1658,#1659,#1660,#1661,#1662,#1663,#1664,
    #1665,#1666,#1667,#1668,#1669,#1670,#1671,#1672,#1673,#1674,#1675,
    #1676,#1677,#1678,#1679,#1680,#1681,#1682,#1683,#1684,#1685,#1686,
    #1687,#1688,#1689,#1690,#1691,#1692,#1693,#1694,#1695,#1696,#1697,
    #1698,#1699,#1700,#1701,#1702,#1703,#1704,#1705,#1706,#1707,#1708,
    #1709,#1710),.UNSPECIFIED.,.T.,.F.,(8,6,6,6,6,6,6,6,6,6,8),(0.,
    0.121838699621,0.224255539846,0.30929660507,0.416501891846,
    0.531426539706,0.643352482878,0.737762088155,0.82292087988,
    0.905356475931,1.),.UNSPECIFIED.);
#1649 = CARTESIAN_POINT('',(0.780125352608,160.55198651616));
#1650 = CARTESIAN_POINT('',(0.780125352608,160.24817386528));
#1651 = CARTESIAN_POINT('',(0.78033258236,159.94462085068));
#1652 = CARTESIAN_POINT('',(0.780746429321,159.64322984669));
#1653 = CARTESIAN_POINT('',(0.781371286742,159.34608176216));
#1654 = CARTESIAN_POINT('',(0.782215574772,159.05580752412));
#1655 = CARTESIAN_POINT('',(0.783290590926,158.77604140373));
#1656 = CARTESIAN_POINT('',(0.785716948775,158.29016232832));
#1657 = CARTESIAN_POINT('',(0.787006681388,158.07746393245));
#1658 = CARTESIAN_POINT('',(0.788482477818,157.87915401914));
#1659 = CARTESIAN_POINT('',(0.790143399659,157.70073334507));
#1660 = CARTESIAN_POINT('',(0.791983143328,157.54800886772));
#1661 = CARTESIAN_POINT('',(0.793988967877,157.42717857293));
#1662 = CARTESIAN_POINT('',(0.7979252439,157.27677889655));
#1663 = CARTESIAN_POINT('',(0.799792728228,157.23589279481));
#1664 = CARTESIAN_POINT('',(0.801701438064,157.22620430653));
#1665 = CARTESIAN_POINT('',(0.80360628989,157.24902705099));
#1666 = CARTESIAN_POINT('',(0.805461966816,157.3031728447));
#1667 = CARTESIAN_POINT('',(0.807226846704,157.38498589486));
#1668 = CARTESIAN_POINT('',(0.810933628795,157.61870435));
#1669 = CARTESIAN_POINT('',(0.812808859412,157.78376683469));
#1670 = CARTESIAN_POINT('',(0.814483682045,157.97574225967));
#1671 = CARTESIAN_POINT('',(0.815957673668,158.18832911471));
#1672 = CARTESIAN_POINT('',(0.81723479418,158.41632204926));
#1673 = CARTESIAN_POINT('',(0.818321466392,158.6553930273));
#1674 = CARTESIAN_POINT('',(0.820194746897,159.16633607134));
#1675 = CARTESIAN_POINT('',(0.820958492346,159.44052462024));
#1676 = CARTESIAN_POINT('',(0.821526176987,159.72117176298));
#1677 = CARTESIAN_POINT('',(0.821905088342,160.00583053267));
#1678 = CARTESIAN_POINT('',(0.822099799965,160.29259915299));
#1679 = CARTESIAN_POINT('',(0.82211164576,160.57979224157));
#1680 = CARTESIAN_POINT('',(0.82176945052,161.14409129021));
#1681 = CARTESIAN_POINT('',(0.82142514956,161.42093265161));
#1682 = CARTESIAN_POINT('',(0.820903885999,161.69469421774));
#1683 = CARTESIAN_POINT('',(0.820200651599,161.96358481133));
#1684 = CARTESIAN_POINT('',(0.81930772253,162.22527659262));
#1685 = CARTESIAN_POINT('',(0.818215646759,162.47658707277));
#1686 = CARTESIAN_POINT('',(0.815817316799,162.9124641172));
#1687 = CARTESIAN_POINT('',(0.81456283465,163.10286464244));
#1688 = CARTESIAN_POINT('',(0.813149126725,163.27980198731));
#1689 = CARTESIAN_POINT('',(0.811578545106,163.43869988261));
#1690 = CARTESIAN_POINT('',(0.809857831067,163.57484102642));
#1691 = CARTESIAN_POINT('',(0.807998687906,163.68332347175));
#1692 = CARTESIAN_POINT('',(0.804233289875,163.82719413577));
#1693 = CARTESIAN_POINT('',(0.802365805547,163.86808023751));
#1694 = CARTESIAN_POINT('',(0.800457095711,163.87776872579));
#1695 = CARTESIAN_POINT('',(0.798552243885,163.85494598133));
#1696 = CARTESIAN_POINT('',(0.796696566959,163.80080018763));
#1697 = CARTESIAN_POINT('',(0.794931687071,163.71898713746));
#1698 = CARTESIAN_POINT('',(0.791704697063,163.51552032965));
#1699 = CARTESIAN_POINT('',(0.790177822423,163.39163602516));
#1700 = CARTESIAN_POINT('',(0.78872879683,163.24504875013));
#1701 = CARTESIAN_POINT('',(0.78737375371,163.07722897809));
#1702 = CARTESIAN_POINT('',(0.786127457777,162.89000352423));
#1703 = CARTESIAN_POINT('',(0.785002984109,162.68551791886));
#1704 = CARTESIAN_POINT('',(0.782872397139,162.21434801472));
#1705 = CARTESIAN_POINT('',(0.781941650417,161.95027315508));
#1706 = CARTESIAN_POINT('',(0.781208967185,161.6778673937));
#1707 = CARTESIAN_POINT('',(0.780665731811,161.3999204773));
#1708 = CARTESIAN_POINT('',(0.780305613756,161.11851118548));
#1709 = CARTESIAN_POINT('',(0.780125352608,160.8353412877));
#1710 = CARTESIAN_POINT('',(0.780125352608,160.55198651616));
#1711 = ( GEOMETRIC_REPRESENTATION_CONTEXT(2) 
PARAMETRIC_REPRESENTATION_CONTEXT() REPRESENTATION_CONTEXT('2D SPACE',''
  ) );
#1712 = PCURVE('',#1713,#1718);
#1713 = CYLINDRICAL_SURFACE('',#1714,3.3);
#1714 = AXIS2_PLACEMENT_3D('',#1715,#1716,#1717);
#1715 = CARTESIAN_POINT('',(98.68316966069,101.82765845152,
    240.55198651616));
#1716 = DIRECTION('',(0.695932085054,0.718107605441,0.));
#1717 = DIRECTION('',(0.718107605441,-0.695932085054,0.));
#1718 = DEFINITIONAL_REPRESENTATION('',(#1719),#1782);
#1719 = B_SPLINE_CURVE_WITH_KNOTS('',7,(#1720,#1721,#1722,#1723,#1724,
    #1725,#1726,#1727,#1728,#1729,#1730,#1731,#1732,#1733,#1734,#1735,
    #1736,#1737,#1738,#1739,#1740,#1741,#1742,#1743,#1744,#1745,#1746,
    #1747,#1748,#1749,#1750,#1751,#1752,#1753,#1754,#1755,#1756,#1757,
    #1758,#1759,#1760,#1761,#1762,#1763,#1764,#1765,#1766,#1767,#1768,
    #1769,#1770,#1771,#1772,#1773,#1774,#1775,#1776,#1777,#1778,#1779,
    #1780,#1781),.UNSPECIFIED.,.F.,.F.,(8,6,6,6,6,6,6,6,6,6,8),(0.,
    0.121838699621,0.224255539846,0.30929660507,0.416501891846,
    0.531426539706,0.643352482878,0.737762088155,0.82292087988,
    0.905356475931,1.),.UNSPECIFIED.);
#1720 = CARTESIAN_POINT('',(0.,15.665424776362));
#1721 = CARTESIAN_POINT('',(9.206443966182E-02,15.665424776362));
#1722 = CARTESIAN_POINT('',(0.184050091341,15.666108631664));
#1723 = CARTESIAN_POINT('',(0.276655741804,15.66747434145));
#1724 = CARTESIAN_POINT('',(0.370513392713,15.669493732147));
#1725 = CARTESIAN_POINT('',(0.466281293949,15.67211023137));
#1726 = CARTESIAN_POINT('',(0.564632032797,15.675218074263));
#1727 = CARTESIAN_POINT('',(0.751942641258,15.681511986379));
#1728 = CARTESIAN_POINT('',(0.840654259162,15.684632009208));
#1729 = CARTESIAN_POINT('',(0.932447648208,15.687875576141));
#1730 = CARTESIAN_POINT('',(1.027356723212,15.691070065578));
#1731 = CARTESIAN_POINT('',(1.125515320424,15.693994833891));
#1732 = CARTESIAN_POINT('',(1.227180227409,15.696405278135));
#1733 = CARTESIAN_POINT('',(1.420494891854,15.699467718544));
#1734 = CARTESIAN_POINT('',(1.510032926355,15.7003347831));
#1735 = CARTESIAN_POINT('',(1.600357599167,15.700551099945));
#1736 = CARTESIAN_POINT('',(1.690589909677,15.700058710433));
#1737 = CARTESIAN_POINT('',(1.779888749646,15.698905982889));
#1738 = CARTESIAN_POINT('',(1.867300602457,15.697235557401));
#1739 = CARTESIAN_POINT('',(2.057860001731,15.692689240676));
#1740 = CARTESIAN_POINT('',(2.159534672409,15.689604184732));
#1741 = CARTESIAN_POINT('',(2.257317978443,15.68624223128));
#1742 = CARTESIAN_POINT('',(2.35168517976,15.682848895052));
#1743 = CARTESIAN_POINT('',(2.443040753276,15.679608481272));
#1744 = CARTESIAN_POINT('',(2.531708534248,15.676653079716));
#1745 = CARTESIAN_POINT('',(2.710492233654,15.671299461648));
#1746 = CARTESIAN_POINT('',(2.800671106693,15.668944170915));
#1747 = CARTESIAN_POINT('',(2.889155871014,15.667108420892));
#1748 = CARTESIAN_POINT('',(2.97649026901,15.665850890612));
#1749 = CARTESIAN_POINT('',(3.063187198747,15.665201140213));
#1750 = CARTESIAN_POINT('',(3.149768313119,15.665167724661));
#1751 = CARTESIAN_POINT('',(3.321545846803,15.66629185565));
#1752 = CARTESIAN_POINT('',(3.406618905345,15.667417664071));
#1753 = CARTESIAN_POINT('',(3.492560382798,15.669099995676));
#1754 = CARTESIAN_POINT('',(3.579879315866,15.671304806079));
#1755 = CARTESIAN_POINT('',(3.669105314947,15.673973889508));
#1756 = CARTESIAN_POINT('',(3.760786505727,15.677008461616));
#1757 = CARTESIAN_POINT('',(3.935558622497,15.682989833209));
#1758 = CARTESIAN_POINT('',(4.018367872601,15.685897265934));
#1759 = CARTESIAN_POINT('',(4.103904282168,15.68886636478));
#1760 = CARTESIAN_POINT('',(4.192153653799,15.691750603463));
#1761 = CARTESIAN_POINT('',(4.283185646502,15.694371631642));
#1762 = CARTESIAN_POINT('',(4.377164879329,15.69653822198));
#1763 = CARTESIAN_POINT('',(4.562087545444,15.699467718544));
#1764 = CARTESIAN_POINT('',(4.651625579945,15.7003347831));
#1765 = CARTESIAN_POINT('',(4.741950252756,15.700551099945));
#1766 = CARTESIAN_POINT('',(4.832182563267,15.700058710433));
#1767 = CARTESIAN_POINT('',(4.921481403236,15.698905982889));
#1768 = CARTESIAN_POINT('',(5.008893256047,15.697235557401));
#1769 = CARTESIAN_POINT('',(5.174787355621,15.693277698999));
#1770 = CARTESIAN_POINT('',(5.256390218134,15.690942091075));
#1771 = CARTESIAN_POINT('',(5.33798713762,15.688302381587));
#1772 = CARTESIAN_POINT('',(5.419584804955,15.685468899408));
#1773 = CARTESIAN_POINT('',(5.501186864503,15.682567145917));
#1774 = CARTESIAN_POINT('',(5.58278876724,15.679725208484));
#1775 = CARTESIAN_POINT('',(5.758068627234,15.673997976285));
#1776 = CARTESIAN_POINT('',(5.849016839925,15.671257759494));
#1777 = CARTESIAN_POINT('',(5.937877630413,15.668968554665));
#1778 = CARTESIAN_POINT('',(6.02520341679,15.667207937187));
#1779 = CARTESIAN_POINT('',(6.111510418679,15.666019674924));
#1780 = CARTESIAN_POINT('',(6.197320224894,15.665424776362));
#1781 = CARTESIAN_POINT('',(6.28318530718,15.665424776362));
#1782 = ( GEOMETRIC_REPRESENTATION_CONTEXT(2) 
PARAMETRIC_REPRESENTATION_CONTEXT() REPRESENTATION_CONTEXT('2D SPACE',''
  ) );
#1783 = FACE_BOUND('',#1784,.T.);
#1784 = EDGE_LOOP('',(#1785));
#1785 = ORIENTED_EDGE('',*,*,#1786,.F.);
#1786 = EDGE_CURVE('',#1787,#1787,#1789,.T.);
#1787 = VERTEX_POINT('',#1788);
#1788 = CARTESIAN_POINT('',(-153.9569953859,-33.21887372739,
    240.55198651616));
#1789 = SURFACE_CURVE('',#1790,(#1853,#1919),.PCURVE_S1.);
#1790 = B_SPLINE_CURVE_WITH_KNOTS('',7,(#1791,#1792,#1793,#1794,#1795,
    #1796,#1797,#1798,#1799,#1800,#1801,#1802,#1803,#1804,#1805,#1806,
    #1807,#1808,#1809,#1810,#1811,#1812,#1813,#1814,#1815,#1816,#1817,
    #1818,#1819,#1820,#1821,#1822,#1823,#1824,#1825,#1826,#1827,#1828,
    #1829,#1830,#1831,#1832,#1833,#1834,#1835,#1836,#1837,#1838,#1839,
    #1840,#1841,#1842,#1843,#1844,#1845,#1846,#1847,#1848,#1849,#1850,
    #1851,#1852),.UNSPECIFIED.,.T.,.F.,(8,6,6,6,6,6,6,6,6,6,8),(0.,
    0.12183868784,0.224255520589,0.309296582457,0.416501865821,
    0.531426511266,0.643352455646,0.737762066129,0.822920864537,
    0.905356467045,1.),.UNSPECIFIED.);
#1791 = CARTESIAN_POINT('',(-153.9569953859,-33.21887372738,
    240.55198651616));
#1792 = CARTESIAN_POINT('',(-153.9569953859,-33.21887372738,
    240.85579916705));
#1793 = CARTESIAN_POINT('',(-153.9638793222,-33.18696925649,
    241.15935218164));
#1794 = CARTESIAN_POINT('',(-153.9776268663,-33.12325462662,
    241.46074318564));
#1795 = CARTESIAN_POINT('',(-153.9983422382,-33.02704445566,
    241.75789127016));
#1796 = CARTESIAN_POINT('',(-154.026222662,-32.89702462969,
    242.04816550821));
#1797 = CARTESIAN_POINT('',(-154.061503523,-32.73142587688,
    242.32793162859));
#1798 = CARTESIAN_POINT('',(-154.1404287669,-32.35751349161,
    242.81381070926));
#1799 = CARTESIAN_POINT('',(-154.1821608666,-32.15871346921,
    243.02650908951));
#1800 = CARTESIAN_POINT('',(-154.2295938299,-31.93116636317,
    243.22481901747));
#1801 = CARTESIAN_POINT('',(-154.2825304323,-31.67498244768,
    243.40323969391));
#1802 = CARTESIAN_POINT('',(-154.3405653434,-31.39109284642,
    243.55596415712));
#1803 = CARTESIAN_POINT('',(-154.4030764577,-31.08142062154,
    243.67679446141));
#1804 = CARTESIAN_POINT('',(-154.5241138902,-30.47338720017,
    243.82719413638));
#1805 = CARTESIAN_POINT('',(-154.5809629999,-30.18480402544,
    243.86808023715));
#1806 = CARTESIAN_POINT('',(-154.6384098091,-29.88972082431,
    243.8777687251));
#1807 = CARTESIAN_POINT('',(-154.6950451555,-29.59509939101,
    243.85494598167));
#1808 = CARTESIAN_POINT('',(-154.7495572686,-29.30795780867,
    243.80080018852));
#1809 = CARTESIAN_POINT('',(-154.8008378861,-29.03475994794,
    243.71898713667));
#1810 = CARTESIAN_POINT('',(-154.9075222389,-28.46077204464,
    243.48526868232));
#1811 = CARTESIAN_POINT('',(-154.9607210618,-28.17025280423,
    243.32020619764));
#1812 = CARTESIAN_POINT('',(-155.0076376283,-27.910673065,
    243.12823077265));
#1813 = CARTESIAN_POINT('',(-155.0485005761,-27.68214343878,
    242.91564391761));
#1814 = CARTESIAN_POINT('',(-155.0836100067,-27.48408453844,
    242.68765098307));
#1815 = CARTESIAN_POINT('',(-155.1132885683,-27.31552645751,
    242.44858000503));
#1816 = CARTESIAN_POINT('',(-155.1641954679,-27.02490973193,
    241.93763695812));
#1817 = CARTESIAN_POINT('',(-155.1847804195,-26.90639412061,
    241.6634484189));
#1818 = CARTESIAN_POINT('',(-155.1999971511,-26.81828814029,
    241.38280126515));
#1819 = CARTESIAN_POINT('',(-155.2101220632,-26.75947476723,
    241.09814249556));
#1820 = CARTESIAN_POINT('',(-155.2153214745,-26.72925165914,
    240.81137388627));
#1821 = CARTESIAN_POINT('',(-155.2156438203,-26.72741399645,
    240.52418078776));
#1822 = CARTESIAN_POINT('',(-155.2064886189,-26.78052646418,
    239.95988173618));
#1823 = CARTESIAN_POINT('',(-155.1972719155,-26.83396487159,
    239.68304039491));
#1824 = CARTESIAN_POINT('',(-155.1832962452,-26.91486560078,
    239.40927880461));
#1825 = CARTESIAN_POINT('',(-155.1643778393,-27.02399742255,
    239.14038821563));
#1826 = CARTESIAN_POINT('',(-155.1402276987,-27.16254480551,
    238.87869645111));
#1827 = CARTESIAN_POINT('',(-155.1104650241,-27.33195245175,
    238.62738595447));
#1828 = CARTESIAN_POINT('',(-155.0444301286,-27.70387261761,
    238.19150891057));
#1829 = CARTESIAN_POINT('',(-155.0096717629,-27.89837230412,
    238.00110839872));
#1830 = CARTESIAN_POINT('',(-154.9701990703,-28.1175049032,
    237.8241710414));
#1831 = CARTESIAN_POINT('',(-154.9259384477,-28.36088031356,
    237.66527314407));
#1832 = CARTESIAN_POINT('',(-154.8769167444,-28.62742330608,
    237.52913201227));
#1833 = CARTESIAN_POINT('',(-154.8232971343,-28.91528807385,
    237.42064955881));
#1834 = CARTESIAN_POINT('',(-154.7132658957,-29.49804157712,
    237.27677889655));
#1835 = CARTESIAN_POINT('',(-154.6581191951,-29.78695491412,
    237.23589279481));
#1836 = CARTESIAN_POINT('',(-154.6010971081,-30.08212047399,
    237.22620430653));
#1837 = CARTESIAN_POINT('',(-154.543494995,-30.37655441859,
    237.24902705099));
#1838 = CARTESIAN_POINT('',(-154.4867195936,-30.66325708286,
    237.3031728447));
#1839 = CARTESIAN_POINT('',(-154.4321592331,-30.93581888485,
    237.38498589486));
#1840 = CARTESIAN_POINT('',(-154.331512773,-31.43400488831,
    237.58845270266));
#1841 = CARTESIAN_POINT('',(-154.2834373778,-31.66963367858,
    237.71233700717));
#1842 = CARTESIAN_POINT('',(-154.2373985284,-31.89316391194,
    237.85892428222));
#1843 = CARTESIAN_POINT('',(-154.1939882887,-32.10212216395,
    238.02674405422));
#1844 = CARTESIAN_POINT('',(-154.1537724445,-32.29425020345,
    238.21396950805));
#1845 = CARTESIAN_POINT('',(-154.1172685516,-32.46755207596,
    238.4184551135));
#1846 = CARTESIAN_POINT('',(-154.0477679914,-32.79584338849,
    238.88962502148));
#1847 = CARTESIAN_POINT('',(-154.0171735369,-32.93920805036,
    239.15369986784));
#1848 = CARTESIAN_POINT('',(-153.9929604075,-33.05203690462,
    239.4261056445));
#1849 = CARTESIAN_POINT('',(-153.9749460862,-33.13567854841,
    239.70405256065));
#1850 = CARTESIAN_POINT('',(-153.9629834943,-33.19112127038,
    239.98546183714));
#1851 = CARTESIAN_POINT('',(-153.9569953859,-33.21887372738,
    240.26863174886));
#1852 = CARTESIAN_POINT('',(-153.9569953859,-33.21887372738,
    240.55198651616));
#1853 = PCURVE('',#1248,#1854);
#1854 = DEFINITIONAL_REPRESENTATION('',(#1855),#1918);
#1855 = B_SPLINE_CURVE_WITH_KNOTS('',7,(#1856,#1857,#1858,#1859,#1860,
    #1861,#1862,#1863,#1864,#1865,#1866,#1867,#1868,#1869,#1870,#1871,
    #1872,#1873,#1874,#1875,#1876,#1877,#1878,#1879,#1880,#1881,#1882,
    #1883,#1884,#1885,#1886,#1887,#1888,#1889,#1890,#1891,#1892,#1893,
    #1894,#1895,#1896,#1897,#1898,#1899,#1900,#1901,#1902,#1903,#1904,
    #1905,#1906,#1907,#1908,#1909,#1910,#1911,#1912,#1913,#1914,#1915,
    #1916,#1917),.UNSPECIFIED.,.T.,.F.,(8,6,6,6,6,6,6,6,6,6,8),(0.,
    0.12183868784,0.224255520589,0.309296582457,0.416501865821,
    0.531426511266,0.643352455646,0.737762066129,0.822920864537,
    0.905356467045,1.),.UNSPECIFIED.);
#1856 = CARTESIAN_POINT('',(3.354102025232,160.55198651616));
#1857 = CARTESIAN_POINT('',(3.354102025232,160.85579916705));
#1858 = CARTESIAN_POINT('',(3.35389479548,161.15935218164));
#1859 = CARTESIAN_POINT('',(3.35348094852,161.46074318564));
#1860 = CARTESIAN_POINT('',(3.352856091099,161.75789127016));
#1861 = CARTESIAN_POINT('',(3.352011803069,162.04816550821));
#1862 = CARTESIAN_POINT('',(3.350936786915,162.32793162859));
#1863 = CARTESIAN_POINT('',(3.34851042904,162.81381070926));
#1864 = CARTESIAN_POINT('',(3.347220696536,163.02650908951));
#1865 = CARTESIAN_POINT('',(3.345744899954,163.22481901747));
#1866 = CARTESIAN_POINT('',(3.344083978133,163.40323969391));
#1867 = CARTESIAN_POINT('',(3.342244234621,163.55596415712));
#1868 = CARTESIAN_POINT('',(3.340238409911,163.67679446141));
#1869 = CARTESIAN_POINT('',(3.336302133925,163.82719413638));
#1870 = CARTESIAN_POINT('',(3.334434649649,163.86808023715));
#1871 = CARTESIAN_POINT('',(3.332525939757,163.8777687251));
#1872 = CARTESIAN_POINT('',(3.330621087928,163.85494598167));
#1873 = CARTESIAN_POINT('',(3.328765411058,163.80080018852));
#1874 = CARTESIAN_POINT('',(3.327000531124,163.71898713667));
#1875 = CARTESIAN_POINT('',(3.323293749045,163.48526868232));
#1876 = CARTESIAN_POINT('',(3.321418518429,163.32020619764));
#1877 = CARTESIAN_POINT('',(3.319743695796,163.12823077265));
#1878 = CARTESIAN_POINT('',(3.318269704172,162.91564391761));
#1879 = CARTESIAN_POINT('',(3.31699258366,162.68765098307));
#1880 = CARTESIAN_POINT('',(3.315905911448,162.44858000503));
#1881 = CARTESIAN_POINT('',(3.314032630933,161.93763695812));
#1882 = CARTESIAN_POINT('',(3.313268885511,161.6634484189));
#1883 = CARTESIAN_POINT('',(3.312701200853,161.38280126515));
#1884 = CARTESIAN_POINT('',(3.312322289488,161.09814249556));
#1885 = CARTESIAN_POINT('',(3.312127577881,160.81137388627));
#1886 = CARTESIAN_POINT('',(3.312115732082,160.52418078776));
#1887 = CARTESIAN_POINT('',(3.312457927325,159.95988173618));
#1888 = CARTESIAN_POINT('',(3.31280222828,159.68304039491));
#1889 = CARTESIAN_POINT('',(3.313323491809,159.40927880461));
#1890 = CARTESIAN_POINT('',(3.314026726318,159.14038821563));
#1891 = CARTESIAN_POINT('',(3.314919655238,158.87869645111));
#1892 = CARTESIAN_POINT('',(3.31601173111,158.62738595447));
#1893 = CARTESIAN_POINT('',(3.318410061067,158.19150891057));
#1894 = CARTESIAN_POINT('',(3.319664543115,158.00110839872));
#1895 = CARTESIAN_POINT('',(3.321078251175,157.8241710414));
#1896 = CARTESIAN_POINT('',(3.322648832778,157.66527314407));
#1897 = CARTESIAN_POINT('',(3.324369546679,157.52913201227));
#1898 = CARTESIAN_POINT('',(3.326228689981,157.42064955881));
#1899 = CARTESIAN_POINT('',(3.329994087966,157.27677889655));
#1900 = CARTESIAN_POINT('',(3.331861572294,157.23589279481));
#1901 = CARTESIAN_POINT('',(3.33377028213,157.22620430653));
#1902 = CARTESIAN_POINT('',(3.335675133956,157.24902705099));
#1903 = CARTESIAN_POINT('',(3.337530810882,157.3031728447));
#1904 = CARTESIAN_POINT('',(3.33929569077,157.38498589486));
#1905 = CARTESIAN_POINT('',(3.342522680778,157.58845270266));
#1906 = CARTESIAN_POINT('',(3.344049555418,157.71233700717));
#1907 = CARTESIAN_POINT('',(3.345498581011,157.85892428222));
#1908 = CARTESIAN_POINT('',(3.34685362413,158.02674405422));
#1909 = CARTESIAN_POINT('',(3.348099920064,158.21396950805));
#1910 = CARTESIAN_POINT('',(3.349224393732,158.4184551135));
#1911 = CARTESIAN_POINT('',(3.351354980719,158.88962502148));
#1912 = CARTESIAN_POINT('',(3.352285727395,159.15369986784));
#1913 = CARTESIAN_POINT('',(3.353018410662,159.4261056445));
#1914 = CARTESIAN_POINT('',(3.353561646048,159.70405256065));
#1915 = CARTESIAN_POINT('',(3.353921764072,159.98546183714));
#1916 = CARTESIAN_POINT('',(3.354102025232,160.26863174886));
#1917 = CARTESIAN_POINT('',(3.354102025232,160.55198651616));
#1918 = ( GEOMETRIC_REPRESENTATION_CONTEXT(2) 
PARAMETRIC_REPRESENTATION_CONTEXT() REPRESENTATION_CONTEXT('2D SPACE',''
  ) );
#1919 = PCURVE('',#1920,#1925);
#1920 = CYLINDRICAL_SURFACE('',#1921,3.3);
#1921 = AXIS2_PLACEMENT_3D('',#1922,#1923,#1924);
#1922 = CARTESIAN_POINT('',(-139.2063766588,-26.99675346259,
    240.55198651616));
#1923 = DIRECTION('',(-0.981709285323,-0.190386131612,0.));
#1924 = DIRECTION('',(0.190386131612,-0.981709285323,0.));
#1925 = DEFINITIONAL_REPRESENTATION('',(#1926),#1989);
#1926 = B_SPLINE_CURVE_WITH_KNOTS('',7,(#1927,#1928,#1929,#1930,#1931,
    #1932,#1933,#1934,#1935,#1936,#1937,#1938,#1939,#1940,#1941,#1942,
    #1943,#1944,#1945,#1946,#1947,#1948,#1949,#1950,#1951,#1952,#1953,
    #1954,#1955,#1956,#1957,#1958,#1959,#1960,#1961,#1962,#1963,#1964,
    #1965,#1966,#1967,#1968,#1969,#1970,#1971,#1972,#1973,#1974,#1975,
    #1976,#1977,#1978,#1979,#1980,#1981,#1982,#1983,#1984,#1985,#1986,
    #1987,#1988),.UNSPECIFIED.,.F.,.F.,(8,6,6,6,6,6,6,6,6,6,8),(0.,
    0.12183868784,0.224255520589,0.309296582457,0.416501865821,
    0.531426511266,0.643352455646,0.737762066129,0.822920864537,
    0.905356467045,1.),.UNSPECIFIED.);
#1927 = CARTESIAN_POINT('',(0.,15.665424776362));
#1928 = CARTESIAN_POINT('',(9.206443966186E-02,15.665424776362));
#1929 = CARTESIAN_POINT('',(0.184050091341,15.666108631664));
#1930 = CARTESIAN_POINT('',(0.276655741805,15.66747434145));
#1931 = CARTESIAN_POINT('',(0.370513392713,15.669493732146));
#1932 = CARTESIAN_POINT('',(0.466281293949,15.67211023137));
#1933 = CARTESIAN_POINT('',(0.564632032797,15.675218074263));
#1934 = CARTESIAN_POINT('',(0.751942643285,15.681511986447));
#1935 = CARTESIAN_POINT('',(0.840654253865,15.684632009058));
#1936 = CARTESIAN_POINT('',(0.932447651797,15.687875576218));
#1937 = CARTESIAN_POINT('',(1.027356726377,15.691070065674));
#1938 = CARTESIAN_POINT('',(1.125515314609,15.693994833764));
#1939 = CARTESIAN_POINT('',(1.227180229999,15.696405278176));
#1940 = CARTESIAN_POINT('',(1.420494892643,15.699467718556));
#1941 = CARTESIAN_POINT('',(1.510032924554,15.700334783092));
#1942 = CARTESIAN_POINT('',(1.600357600161,15.700551099931));
#1943 = CARTESIAN_POINT('',(1.690589910786,15.70005871044));
#1944 = CARTESIAN_POINT('',(1.779888747988,15.698905982906));
#1945 = CARTESIAN_POINT('',(1.867300603101,15.697235557385));
#1946 = CARTESIAN_POINT('',(2.057860001731,15.692689240676));
#1947 = CARTESIAN_POINT('',(2.159534672408,15.689604184732));
#1948 = CARTESIAN_POINT('',(2.257317978443,15.68624223128));
#1949 = CARTESIAN_POINT('',(2.35168517976,15.682848895051));
#1950 = CARTESIAN_POINT('',(2.443040753276,15.679608481272));
#1951 = CARTESIAN_POINT('',(2.531708534248,15.676653079716));
#1952 = CARTESIAN_POINT('',(2.710492234655,15.671299461618));
#1953 = CARTESIAN_POINT('',(2.800671104422,15.66894417096));
#1954 = CARTESIAN_POINT('',(2.889155872318,15.667108420888));
#1955 = CARTESIAN_POINT('',(2.97649027038,15.665850890582));
#1956 = CARTESIAN_POINT('',(3.063187196557,15.665201140225));
#1957 = CARTESIAN_POINT('',(3.149768314032,15.665167724667));
#1958 = CARTESIAN_POINT('',(3.321545848609,15.666291855662));
#1959 = CARTESIAN_POINT('',(3.406618901227,15.66741766406));
#1960 = CARTESIAN_POINT('',(3.492560385017,15.669099995605));
#1961 = CARTESIAN_POINT('',(3.579879318929,15.671304806266));
#1962 = CARTESIAN_POINT('',(3.669105310212,15.673973889327));
#1963 = CARTESIAN_POINT('',(3.760786507766,15.677008461686));
#1964 = CARTESIAN_POINT('',(3.935558624324,15.682989833272));
#1965 = CARTESIAN_POINT('',(4.01836786795,15.6858972658));
#1966 = CARTESIAN_POINT('',(4.103904285263,15.688866364846));
#1967 = CARTESIAN_POINT('',(4.192153656563,15.691750603548));
#1968 = CARTESIAN_POINT('',(4.283185641447,15.694371631531));
#1969 = CARTESIAN_POINT('',(4.377164881598,15.696538222016));
#1970 = CARTESIAN_POINT('',(4.562087545444,15.699467718544));
#1971 = CARTESIAN_POINT('',(4.651625579945,15.7003347831));
#1972 = CARTESIAN_POINT('',(4.741950252756,15.700551099945));
#1973 = CARTESIAN_POINT('',(4.832182563267,15.700058710433));
#1974 = CARTESIAN_POINT('',(4.921481403236,15.698905982889));
#1975 = CARTESIAN_POINT('',(5.008893256047,15.697235557401));
#1976 = CARTESIAN_POINT('',(5.174787355609,15.693277698999));
#1977 = CARTESIAN_POINT('',(5.256390218145,15.690942091075));
#1978 = CARTESIAN_POINT('',(5.337987137631,15.688302381586));
#1979 = CARTESIAN_POINT('',(5.419584804945,15.685468899409));
#1980 = CARTESIAN_POINT('',(5.501186864489,15.682567145917));
#1981 = CARTESIAN_POINT('',(5.582788767254,15.679725208483));
#1982 = CARTESIAN_POINT('',(5.758068628676,15.673997976238));
#1983 = CARTESIAN_POINT('',(5.849016836672,15.671257759571));
#1984 = CARTESIAN_POINT('',(5.937877632262,15.668968554648));
#1985 = CARTESIAN_POINT('',(6.025203418756,15.667207937135));
#1986 = CARTESIAN_POINT('',(6.111510415569,15.666019674959));
#1987 = CARTESIAN_POINT('',(6.19732022618,15.665424776362));
#1988 = CARTESIAN_POINT('',(6.28318530718,15.665424776362));
#1989 = ( GEOMETRIC_REPRESENTATION_CONTEXT(2) 
PARAMETRIC_REPRESENTATION_CONTEXT() REPRESENTATION_CONTEXT('2D SPACE',''
  ) );
#1990 = FACE_BOUND('',#1991,.T.);
#1991 = EDGE_LOOP('',(#1992));
#1992 = ORIENTED_EDGE('',*,*,#1993,.F.);
#1993 = EDGE_CURVE('',#1994,#1994,#1996,.T.);
#1994 = VERTEX_POINT('',#1995);
#1995 = CARTESIAN_POINT('',(-111.9549964865,-110.7805432452,
    240.55198651616));
#1996 = SURFACE_CURVE('',#1997,(#2060,#2126),.PCURVE_S1.);
#1997 = B_SPLINE_CURVE_WITH_KNOTS('',7,(#1998,#1999,#2000,#2001,#2002,
    #2003,#2004,#2005,#2006,#2007,#2008,#2009,#2010,#2011,#2012,#2013,
    #2014,#2015,#2016,#2017,#2018,#2019,#2020,#2021,#2022,#2023,#2024,
    #2025,#2026,#2027,#2028,#2029,#2030,#2031,#2032,#2033,#2034,#2035,
    #2036,#2037,#2038,#2039,#2040,#2041,#2042,#2043,#2044,#2045,#2046,
    #2047,#2048,#2049,#2050,#2051,#2052,#2053,#2054,#2055,#2056,#2057,
    #2058,#2059),.UNSPECIFIED.,.T.,.F.,(8,6,6,6,6,6,6,6,6,6,8),(0.,
    0.121838688581,0.224255524592,0.309296589132,0.416501875938,
    0.531426525071,0.643352470659,0.737762078658,0.822920873471,
    0.905356472498,1.),.UNSPECIFIED.);
#1998 = CARTESIAN_POINT('',(-111.9549964865,-110.7805432452,
    240.55198651616));
#1999 = CARTESIAN_POINT('',(-111.9549964865,-110.7805432452,
    240.24817385766));
#2000 = CARTESIAN_POINT('',(-111.9320394584,-110.8037436508,
    239.94462086893));
#2001 = CARTESIAN_POINT('',(-111.8861932862,-110.8500758879,
    239.64322983403));
#2002 = CARTESIAN_POINT('',(-111.8169409058,-110.9200018213,
    239.34608175477));
#2003 = CARTESIAN_POINT('',(-111.7232896299,-111.0144047017,
    239.05580753929));
#2004 = CARTESIAN_POINT('',(-111.603886311,-111.1344486105,238.776041397
    ));
#2005 = CARTESIAN_POINT('',(-111.3338778699,-111.4048836373,
    238.290162323));
#2006 = CARTESIAN_POINT('',(-111.1901950467,-111.5484742476,
    238.07746394282));
#2007 = CARTESIAN_POINT('',(-111.025552878,-111.7125490102,
    237.8791540149));
#2008 = CARTESIAN_POINT('',(-110.8399359348,-111.8968824928,
    237.70073333843));
#2009 = CARTESIAN_POINT('',(-110.6339024968,-112.1006263984,
    237.54800887518));
#2010 = CARTESIAN_POINT('',(-110.4087230971,-112.3222088081,
    237.4271785709));
#2011 = CARTESIAN_POINT('',(-109.965659298,-112.7558551746,
    237.27677889598));
#2012 = CARTESIAN_POINT('',(-109.7550471158,-112.9611709775,
    237.23589279509));
#2013 = CARTESIAN_POINT('',(-109.5393179991,-113.1705395035,
    237.22620430728));
#2014 = CARTESIAN_POINT('',(-109.3235321463,-113.3789761053,
    237.24902705068));
#2015 = CARTESIAN_POINT('',(-109.1128501187,-113.5815469374,
    237.3031728437));
#2016 = CARTESIAN_POINT('',(-108.9120795569,-113.773791455,
    237.38498589572));
#2017 = CARTESIAN_POINT('',(-108.4896840678,-114.1768121925,237.61870435
    ));
#2018 = CARTESIAN_POINT('',(-108.2754556635,-114.3801290255,
    237.78376683469));
#2019 = CARTESIAN_POINT('',(-108.0837049632,-114.561276684,
    237.97574225967));
#2020 = CARTESIAN_POINT('',(-107.9146495479,-114.720386197,
    238.18832911471));
#2021 = CARTESIAN_POINT('',(-107.7679682002,-114.8580255168,
    238.41632204926));
#2022 = CARTESIAN_POINT('',(-107.6430249761,-114.9749948906,
    238.6553930273));
#2023 = CARTESIAN_POINT('',(-107.4274624288,-115.1764455838,
    239.1663360742));
#2024 = CARTESIAN_POINT('',(-107.3394586839,-115.2584518717,
    239.44052461342));
#2025 = CARTESIAN_POINT('',(-107.2739884007,-115.3193440281,
    239.72117176717));
#2026 = CARTESIAN_POINT('',(-107.2302671556,-115.3599639668,
    240.00583053676));
#2027 = CARTESIAN_POINT('',(-107.2077976495,-115.3808347942,
    240.29259914605));
#2028 = CARTESIAN_POINT('',(-107.2064348218,-115.3821090044,
    240.57979224457));
#2029 = CARTESIAN_POINT('',(-107.2459116692,-115.3454166291,
    241.14409129021));
#2030 = CARTESIAN_POINT('',(-107.2856278718,-115.3084946259,
    241.42093265161));
#2031 = CARTESIAN_POINT('',(-107.345742208,-115.2525793795,
    241.69469421774));
#2032 = CARTESIAN_POINT('',(-107.4267980527,-115.1770968861,
    241.96358481133));
#2033 = CARTESIAN_POINT('',(-107.5296294736,-115.08115778,
    242.22527659262));
#2034 = CARTESIAN_POINT('',(-107.655238204,-114.9636537,242.47658707277)
  );
#2035 = CARTESIAN_POINT('',(-107.930622614,-114.7051026504,
    242.91246411865));
#2036 = CARTESIAN_POINT('',(-108.0745150912,-114.569702387,
    243.10286463963));
#2037 = CARTESIAN_POINT('',(-108.2364605336,-114.416892516,
    243.27980198846));
#2038 = CARTESIAN_POINT('',(-108.4160920507,-114.2468245532,
    243.4386998844));
#2039 = CARTESIAN_POINT('',(-108.6125238424,-114.0601085831,
    243.5748410244));
#2040 = CARTESIAN_POINT('',(-108.8242992439,-113.8578899945,
    243.68332347231));
#2041 = CARTESIAN_POINT('',(-109.2522066288,-113.4472760701,
    243.82719413577));
#2042 = CARTESIAN_POINT('',(-109.4640256528,-113.2432055529,
    243.86808023751));
#2043 = CARTESIAN_POINT('',(-109.6800558468,-113.0341477107,
    243.87776872579));
#2044 = CARTESIAN_POINT('',(-109.8951563602,-112.8250039317,
    243.85494598133));
#2045 = CARTESIAN_POINT('',(-110.1042339539,-112.6207775286,
    243.80080018763));
#2046 = CARTESIAN_POINT('',(-110.3026795049,-112.4261339258,
    243.71898713746));
#2047 = CARTESIAN_POINT('',(-110.6648928934,-112.0695943555,
    243.51552032966));
#2048 = CARTESIAN_POINT('',(-110.8359521403,-111.9005650549,
    243.39163602515));
#2049 = CARTESIAN_POINT('',(-110.9979921665,-111.7398529807,
    243.2450487501));
#2050 = CARTESIAN_POINT('',(-111.1492651105,-111.5893056578,
    243.07722897811));
#2051 = CARTESIAN_POINT('',(-111.288188968,-111.4506310044,
    242.89000352427));
#2052 = CARTESIAN_POINT('',(-111.4133750262,-111.3253532169,
    242.68551791882));
#2053 = CARTESIAN_POINT('',(-111.6503276984,-111.0877423101,
    242.21434801472));
#2054 = CARTESIAN_POINT('',(-111.7536717051,-110.9837737316,
    241.95027315508));
#2055 = CARTESIAN_POINT('',(-111.8349302193,-110.901836691,
    241.6778673937));
#2056 = CARTESIAN_POINT('',(-111.8951329173,-110.8410413363,
    241.39992047729));
#2057 = CARTESIAN_POINT('',(-111.9350270861,-110.8007244059,
    241.11851118548));
#2058 = CARTESIAN_POINT('',(-111.9549964865,-110.7805432452,
    240.8353412877));
#2059 = CARTESIAN_POINT('',(-111.9549964865,-110.7805432452,
    240.55198651616));
#2060 = PCURVE('',#1248,#2061);
#2061 = DEFINITIONAL_REPRESENTATION('',(#2062),#2125);
#2062 = B_SPLINE_CURVE_WITH_KNOTS('',7,(#2063,#2064,#2065,#2066,#2067,
    #2068,#2069,#2070,#2071,#2072,#2073,#2074,#2075,#2076,#2077,#2078,
    #2079,#2080,#2081,#2082,#2083,#2084,#2085,#2086,#2087,#2088,#2089,
    #2090,#2091,#2092,#2093,#2094,#2095,#2096,#2097,#2098,#2099,#2100,
    #2101,#2102,#2103,#2104,#2105,#2106,#2107,#2108,#2109,#2110,#2111,
    #2112,#2113,#2114,#2115,#2116,#2117,#2118,#2119,#2120,#2121,#2122,
    #2123,#2124),.UNSPECIFIED.,.T.,.F.,(8,6,6,6,6,6,6,6,6,6,8),(0.,
    0.121838688581,0.224255524592,0.309296589132,0.416501875938,
    0.531426525071,0.643352470659,0.737762078658,0.822920873471,
    0.905356472498,1.),.UNSPECIFIED.);
#2063 = CARTESIAN_POINT('',(3.921718006198,160.55198651616));
#2064 = CARTESIAN_POINT('',(3.921718006198,160.24817385766));
#2065 = CARTESIAN_POINT('',(3.921925235962,159.94462086893));
#2066 = CARTESIAN_POINT('',(3.922339082858,159.64322983403));
#2067 = CARTESIAN_POINT('',(3.922963940431,159.34608175477));
#2068 = CARTESIAN_POINT('',(3.923808228273,159.05580753929));
#2069 = CARTESIAN_POINT('',(3.92488324455,158.776041397));
#2070 = CARTESIAN_POINT('',(3.927309602391,158.290162323));
#2071 = CARTESIAN_POINT('',(3.928599334895,158.07746394282));
#2072 = CARTESIAN_POINT('',(3.930075131476,157.8791540149));
#2073 = CARTESIAN_POINT('',(3.931736053297,157.70073333843));
#2074 = CARTESIAN_POINT('',(3.93357579681,157.54800887518));
#2075 = CARTESIAN_POINT('',(3.93558162152,157.4271785709));
#2076 = CARTESIAN_POINT('',(3.939517897505,157.27677889598));
#2077 = CARTESIAN_POINT('',(3.941385381782,157.23589279509));
#2078 = CARTESIAN_POINT('',(3.943294091675,157.22620430728));
#2079 = CARTESIAN_POINT('',(3.945198943502,157.24902705068));
#2080 = CARTESIAN_POINT('',(3.947054620372,157.3031728437));
#2081 = CARTESIAN_POINT('',(3.948819500307,157.38498589572));
#2082 = CARTESIAN_POINT('',(3.952526282385,157.61870435));
#2083 = CARTESIAN_POINT('',(3.954401513002,157.78376683469));
#2084 = CARTESIAN_POINT('',(3.956076335635,157.97574225967));
#2085 = CARTESIAN_POINT('',(3.957550327258,158.18832911471));
#2086 = CARTESIAN_POINT('',(3.95882744777,158.41632204926));
#2087 = CARTESIAN_POINT('',(3.959914119982,158.6553930273));
#2088 = CARTESIAN_POINT('',(3.961787400497,159.1663360742));
#2089 = CARTESIAN_POINT('',(3.96255114592,159.44052461342));
#2090 = CARTESIAN_POINT('',(3.963118830578,159.72117176717));
#2091 = CARTESIAN_POINT('',(3.963497741942,160.00583053676));
#2092 = CARTESIAN_POINT('',(3.96369245355,160.29259914605));
#2093 = CARTESIAN_POINT('',(3.963704299348,160.57979224457));
#2094 = CARTESIAN_POINT('',(3.963362104109,161.14409129021));
#2095 = CARTESIAN_POINT('',(3.96301780315,161.42093265161));
#2096 = CARTESIAN_POINT('',(3.962496539588,161.69469421774));
#2097 = CARTESIAN_POINT('',(3.961793305189,161.96358481133));
#2098 = CARTESIAN_POINT('',(3.96090037612,162.22527659262));
#2099 = CARTESIAN_POINT('',(3.959808300349,162.47658707277));
#2100 = CARTESIAN_POINT('',(3.957409970381,162.91246411865));
#2101 = CARTESIAN_POINT('',(3.956155488264,163.10286463963));
#2102 = CARTESIAN_POINT('',(3.954741780296,163.27980198846));
#2103 = CARTESIAN_POINT('',(3.953171198682,163.4386998844));
#2104 = CARTESIAN_POINT('',(3.951450484687,163.5748410244));
#2105 = CARTESIAN_POINT('',(3.949591341481,163.68332347231));
#2106 = CARTESIAN_POINT('',(3.945825943464,163.82719413577));
#2107 = CARTESIAN_POINT('',(3.943958459137,163.86808023751));
#2108 = CARTESIAN_POINT('',(3.9420497493,163.87776872579));
#2109 = CARTESIAN_POINT('',(3.940144897474,163.85494598133));
#2110 = CARTESIAN_POINT('',(3.938289220548,163.80080018763));
#2111 = CARTESIAN_POINT('',(3.936524340661,163.71898713746));
#2112 = CARTESIAN_POINT('',(3.933297350653,163.51552032966));
#2113 = CARTESIAN_POINT('',(3.931770476012,163.39163602515));
#2114 = CARTESIAN_POINT('',(3.93032145042,163.2450487501));
#2115 = CARTESIAN_POINT('',(3.9289664073,163.0772289781));
#2116 = CARTESIAN_POINT('',(3.927720111367,162.89000352427));
#2117 = CARTESIAN_POINT('',(3.926595637698,162.68551791882));
#2118 = CARTESIAN_POINT('',(3.924465050729,162.21434801472));
#2119 = CARTESIAN_POINT('',(3.923534304007,161.95027315508));
#2120 = CARTESIAN_POINT('',(3.922801620775,161.6778673937));
#2121 = CARTESIAN_POINT('',(3.922258385401,161.39992047729));
#2122 = CARTESIAN_POINT('',(3.921898267346,161.11851118548));
#2123 = CARTESIAN_POINT('',(3.921718006198,160.8353412877));
#2124 = CARTESIAN_POINT('',(3.921718006198,160.55198651616));
#2125 = ( GEOMETRIC_REPRESENTATION_CONTEXT(2) 
PARAMETRIC_REPRESENTATION_CONTEXT() REPRESENTATION_CONTEXT('2D SPACE',''
  ) );
#2126 = PCURVE('',#2127,#2132);
#2127 = CYLINDRICAL_SURFACE('',#2128,3.3);
#2128 = AXIS2_PLACEMENT_3D('',#2129,#2130,#2131);
#2129 = CARTESIAN_POINT('',(-98.68316966069,-101.8276584515,
    240.55198651616));
#2130 = DIRECTION('',(-0.695932085054,-0.718107605441,0.));
#2131 = DIRECTION('',(-0.718107605441,0.695932085054,0.));
#2132 = DEFINITIONAL_REPRESENTATION('',(#2133),#2196);
#2133 = B_SPLINE_CURVE_WITH_KNOTS('',7,(#2134,#2135,#2136,#2137,#2138,
    #2139,#2140,#2141,#2142,#2143,#2144,#2145,#2146,#2147,#2148,#2149,
    #2150,#2151,#2152,#2153,#2154,#2155,#2156,#2157,#2158,#2159,#2160,
    #2161,#2162,#2163,#2164,#2165,#2166,#2167,#2168,#2169,#2170,#2171,
    #2172,#2173,#2174,#2175,#2176,#2177,#2178,#2179,#2180,#2181,#2182,
    #2183,#2184,#2185,#2186,#2187,#2188,#2189,#2190,#2191,#2192,#2193,
    #2194,#2195),.UNSPECIFIED.,.F.,.F.,(8,6,6,6,6,6,6,6,6,6,8),(0.,
    0.121838688581,0.224255524592,0.309296589132,0.416501875938,
    0.531426525071,0.643352470659,0.737762078658,0.822920873471,
    0.905356472498,1.),.UNSPECIFIED.);
#2134 = CARTESIAN_POINT('',(0.,15.665424776362));
#2135 = CARTESIAN_POINT('',(9.206444196994E-02,15.665424776362));
#2136 = CARTESIAN_POINT('',(0.184050086052,15.66610863169));
#2137 = CARTESIAN_POINT('',(0.276655744702,15.667474341317));
#2138 = CARTESIAN_POINT('',(0.370513396566,15.669493732404));
#2139 = CARTESIAN_POINT('',(0.466281287932,15.672110231139));
#2140 = CARTESIAN_POINT('',(0.564632035392,15.67521807435));
#2141 = CARTESIAN_POINT('',(0.751942643309,15.681511986448));
#2142 = CARTESIAN_POINT('',(0.840654253866,15.684632009058));
#2143 = CARTESIAN_POINT('',(0.932447651778,15.687875576217));
#2144 = CARTESIAN_POINT('',(1.02735672636,15.691070065673));
#2145 = CARTESIAN_POINT('',(1.125515314613,15.693994833765));
#2146 = CARTESIAN_POINT('',(1.227180230023,15.696405278176));
#2147 = CARTESIAN_POINT('',(1.420494892586,15.699467718555));
#2148 = CARTESIAN_POINT('',(1.510032924611,15.700334783093));
#2149 = CARTESIAN_POINT('',(1.600357600208,15.70055109993));
#2150 = CARTESIAN_POINT('',(1.690589910741,15.70005871044));
#2151 = CARTESIAN_POINT('',(1.77988874793,15.698905982908));
#2152 = CARTESIAN_POINT('',(1.867300603159,15.697235557384));
#2153 = CARTESIAN_POINT('',(2.057860001731,15.692689240676));
#2154 = CARTESIAN_POINT('',(2.159534672408,15.689604184731));
#2155 = CARTESIAN_POINT('',(2.257317978443,15.686242231281));
#2156 = CARTESIAN_POINT('',(2.35168517976,15.682848895051));
#2157 = CARTESIAN_POINT('',(2.443040753276,15.679608481272));
#2158 = CARTESIAN_POINT('',(2.531708534248,15.676653079716));
#2159 = CARTESIAN_POINT('',(2.710492234655,15.671299461618));
#2160 = CARTESIAN_POINT('',(2.800671104422,15.66894417096));
#2161 = CARTESIAN_POINT('',(2.889155872318,15.667108420888));
#2162 = CARTESIAN_POINT('',(2.97649027038,15.665850890582));
#2163 = CARTESIAN_POINT('',(3.063187196557,15.665201140226));
#2164 = CARTESIAN_POINT('',(3.149768314032,15.665167724667));
#2165 = CARTESIAN_POINT('',(3.321545846803,15.66629185565));
#2166 = CARTESIAN_POINT('',(3.406618905345,15.66741766407));
#2167 = CARTESIAN_POINT('',(3.492560382797,15.669099995677));
#2168 = CARTESIAN_POINT('',(3.579879315866,15.671304806079));
#2169 = CARTESIAN_POINT('',(3.669105314947,15.673973889509));
#2170 = CARTESIAN_POINT('',(3.760786505727,15.677008461616));
#2171 = CARTESIAN_POINT('',(3.935558623078,15.682989833229));
#2172 = CARTESIAN_POINT('',(4.018367871123,15.685897265891));
#2173 = CARTESIAN_POINT('',(4.103904283152,15.688866364801));
#2174 = CARTESIAN_POINT('',(4.192153654678,15.69175060349));
#2175 = CARTESIAN_POINT('',(4.283185644895,15.694371631607));
#2176 = CARTESIAN_POINT('',(4.377164880051,15.696538221991));
#2177 = CARTESIAN_POINT('',(4.562087545444,15.699467718544));
#2178 = CARTESIAN_POINT('',(4.651625579945,15.700334783099));
#2179 = CARTESIAN_POINT('',(4.741950252756,15.700551099945));
#2180 = CARTESIAN_POINT('',(4.832182563267,15.700058710433));
#2181 = CARTESIAN_POINT('',(4.921481403236,15.698905982889));
#2182 = CARTESIAN_POINT('',(5.008893256047,15.697235557401));
#2183 = CARTESIAN_POINT('',(5.174787355609,15.693277698999));
#2184 = CARTESIAN_POINT('',(5.256390218145,15.690942091074));
#2185 = CARTESIAN_POINT('',(5.337987137631,15.688302381587));
#2186 = CARTESIAN_POINT('',(5.419584804946,15.685468899409));
#2187 = CARTESIAN_POINT('',(5.501186864489,15.682567145917));
#2188 = CARTESIAN_POINT('',(5.582788767254,15.679725208483));
#2189 = CARTESIAN_POINT('',(5.758068627234,15.673997976285));
#2190 = CARTESIAN_POINT('',(5.849016839925,15.671257759494));
#2191 = CARTESIAN_POINT('',(5.937877630413,15.668968554665));
#2192 = CARTESIAN_POINT('',(6.02520341679,15.667207937187));
#2193 = CARTESIAN_POINT('',(6.111510418679,15.666019674924));
#2194 = CARTESIAN_POINT('',(6.197320224894,15.665424776362));
#2195 = CARTESIAN_POINT('',(6.28318530718,15.665424776362));
#2196 = ( GEOMETRIC_REPRESENTATION_CONTEXT(2) 
PARAMETRIC_REPRESENTATION_CONTEXT() REPRESENTATION_CONTEXT('2D SPACE',''
  ) );
#2197 = FACE_BOUND('',#2198,.T.);
#2198 = EDGE_LOOP('',(#2199));
#2199 = ORIENTED_EDGE('',*,*,#2200,.F.);
#2200 = EDGE_CURVE('',#2201,#2201,#2203,.T.);
#2201 = VERTEX_POINT('',#2202);
#2202 = CARTESIAN_POINT('',(138.49638984464,75.,328.96239321882));
#2203 = SURFACE_CURVE('',#2204,(#2389,#2577),.PCURVE_S1.);
#2204 = B_SPLINE_CURVE_WITH_KNOTS('',8,(#2205,#2206,#2207,#2208,#2209,
    #2210,#2211,#2212,#2213,#2214,#2215,#2216,#2217,#2218,#2219,#2220,
    #2221,#2222,#2223,#2224,#2225,#2226,#2227,#2228,#2229,#2230,#2231,
    #2232,#2233,#2234,#2235,#2236,#2237,#2238,#2239,#2240,#2241,#2242,
    #2243,#2244,#2245,#2246,#2247,#2248,#2249,#2250,#2251,#2252,#2253,
    #2254,#2255,#2256,#2257,#2258,#2259,#2260,#2261,#2262,#2263,#2264,
    #2265,#2266,#2267,#2268,#2269,#2270,#2271,#2272,#2273,#2274,#2275,
    #2276,#2277,#2278,#2279,#2280,#2281,#2282,#2283,#2284,#2285,#2286,
    #2287,#2288,#2289,#2290,#2291,#2292,#2293,#2294,#2295,#2296,#2297,
    #2298,#2299,#2300,#2301,#2302,#2303,#2304,#2305,#2306,#2307,#2308,
    #2309,#2310,#2311,#2312,#2313,#2314,#2315,#2316,#2317,#2318,#2319,
    #2320,#2321,#2322,#2323,#2324,#2325,#2326,#2327,#2328,#2329,#2330,
    #2331,#2332,#2333,#2334,#2335,#2336,#2337,#2338,#2339,#2340,#2341,
    #2342,#2343,#2344,#2345,#2346,#2347,#2348,#2349,#2350,#2351,#2352,
    #2353,#2354,#2355,#2356,#2357,#2358,#2359,#2360,#2361,#2362,#2363,
    #2364,#2365,#2366,#2367,#2368,#2369,#2370,#2371,#2372,#2373,#2374,
    #2375,#2376,#2377,#2378,#2379,#2380,#2381,#2382,#2383,#2384,#2385,
    #2386,#2387,#2388),.UNSPECIFIED.,.T.,.F.,(9,7,7,7,7,7,7,7,7,7,7,7,7,
    7,7,7,7,7,7,7,7,7,7,7,7,7,9),(0.,2.26478380136E-02,
    3.404670505701E-02,5.649565929604E-02,7.827606373013E-02,
    8.941864728463E-02,0.111349879993,0.142327407578,0.169395740605,
    0.192361601047,0.268289599429,0.350454730225,0.387375182808,
    0.445554569888,0.523271966146,0.569790661899,0.589030283936,
    0.620879294835,0.648824187341,0.660535698603,0.711081315742,
    0.774424206483,0.849216059591,0.898809178106,0.939612271086,
    0.967770572014,1.),.UNSPECIFIED.);
#2205 = CARTESIAN_POINT('',(138.49638984464,75.,328.96239321882));
#2206 = CARTESIAN_POINT('',(138.8784417154,74.294495935552,
    329.13372441053));
#2207 = CARTESIAN_POINT('',(139.26093719599,73.578363957026,
    329.28888044282));
#2208 = CARTESIAN_POINT('',(139.64360130232,72.851702827446,
    329.4269264323));
#2209 = CARTESIAN_POINT('',(140.0260926948,72.114740561697,
    329.54685999332));
#2210 = CARTESIAN_POINT('',(140.40800635958,71.367844930312,
    329.6476274025));
#2211 = CARTESIAN_POINT('',(140.78887634319,70.611537299269,
    329.72814731664));
#2212 = CARTESIAN_POINT('',(141.1681785407,69.846509805817,
    329.78734204403));
#2213 = CARTESIAN_POINT('',(141.73515914705,68.684656279437,
    329.8427154269));
#2214 = CARTESIAN_POINT('',(141.92443703685,68.293689324714,
    329.85558975487));
#2215 = CARTESIAN_POINT('',(142.11309054413,67.90086360317,
    329.86266772125));
#2216 = CARTESIAN_POINT('',(142.30103891425,67.506311338333,
    329.86382068838));
#2217 = CARTESIAN_POINT('',(142.48819755927,67.110178858541,
    329.85892489551));
#2218 = CARTESIAN_POINT('',(142.67447831657,66.712627075237,
    329.84786334167));
#2219 = CARTESIAN_POINT('',(142.85978970767,66.313831961262,
    329.83052766839));
#2220 = CARTESIAN_POINT('',(143.40689461398,65.126525587134,
    329.76013019109));
#2221 = CARTESIAN_POINT('',(143.76568021129,64.334868167078,
    329.68871964631));
#2222 = CARTESIAN_POINT('',(144.11960517507,63.540613894953,
    329.5918375817));
#2223 = CARTESIAN_POINT('',(144.46789755238,62.745474019798,
    329.46891256756));
#2224 = CARTESIAN_POINT('',(144.80980994128,61.951268112056,
    329.31958584625));
#2225 = CARTESIAN_POINT('',(145.14462597833,61.159919963893,
    329.14375031731));
#2226 = CARTESIAN_POINT('',(145.47166562325,60.373451191509,
    328.94159523232));
#2227 = CARTESIAN_POINT('',(146.09942396424,58.837707454253,
    328.49250618171));
#2228 = CARTESIAN_POINT('',(146.40070183946,58.087862396081,
    328.24703830801));
#2229 = CARTESIAN_POINT('',(146.69353701437,57.346359401939,
    327.97772164387));
#2230 = CARTESIAN_POINT('',(146.97749445864,56.614917716522,
    327.68524776282));
#2231 = CARTESIAN_POINT('',(147.25226739128,55.895066820685,
    327.37049568648));
#2232 = CARTESIAN_POINT('',(147.51765726214,55.18815814542,
    327.03450022698));
#2233 = CARTESIAN_POINT('',(147.77355628762,54.495375471299,
    326.6784241319));
#2234 = CARTESIAN_POINT('',(148.14597556203,53.471076201897,
    326.11174492674));
#2235 = CARTESIAN_POINT('',(148.26953486729,53.128350090807,
    325.91501862267));
#2236 = CARTESIAN_POINT('',(148.39061084007,52.789689619322,
    325.71351576593));
#2237 = CARTESIAN_POINT('',(148.50921081324,52.455202164385,
    325.5073991018));
#2238 = CARTESIAN_POINT('',(148.62534825422,52.124979643613,
    325.29683223364));
#2239 = CARTESIAN_POINT('',(148.73904195039,51.799099618213,
    325.08197838239));
#2240 = CARTESIAN_POINT('',(148.85031519446,51.477626395905,
    324.86299914607));
#2241 = CARTESIAN_POINT('',(149.17349605022,50.536653289928,
    324.20124316641));
#2242 = CARTESIAN_POINT('',(149.37851816631,49.929988092639,
    323.74708047228));
#2243 = CARTESIAN_POINT('',(149.57447949118,49.340980930296,
    323.27875685582));
#2244 = CARTESIAN_POINT('',(149.7616488861,48.769827695871,
    322.79742519189));
#2245 = CARTESIAN_POINT('',(149.94032784268,48.216586042747,
    322.30417784815));
#2246 = CARTESIAN_POINT('',(150.11083662746,47.681200836344,
    321.80002880364));
#2247 = CARTESIAN_POINT('',(150.27350462896,47.163524801609,
    321.28589958926));
#2248 = CARTESIAN_POINT('',(150.64782640494,45.956823099494,
    320.02346924286));
#2249 = CARTESIAN_POINT('',(150.85198050504,45.28528958551,
    319.26614745681));
#2250 = CARTESIAN_POINT('',(151.04209236764,44.648023142116,
    318.49289036539));
#2251 = CARTESIAN_POINT('',(151.21907197949,44.044218037504,
    317.70571478133));
#2252 = CARTESIAN_POINT('',(151.38377107596,43.472997609455,
    316.90639857585));
#2253 = CARTESIAN_POINT('',(151.53698142292,42.933438388668,
    316.09647176273));
#2254 = CARTESIAN_POINT('',(151.6794344586,42.424594226315,
    315.27720774728));
#2255 = CARTESIAN_POINT('',(151.9274660353,41.526903118826,
    313.72645944397));
#2256 = CARTESIAN_POINT('',(152.03541732334,41.131060090727,
    312.99701987834));
#2257 = CARTESIAN_POINT('',(152.13610044559,40.757377365118,
    312.26201266341));
#2258 = CARTESIAN_POINT('',(152.22991375565,40.40528354865,
    311.52208565722));
#2259 = CARTESIAN_POINT('',(152.31721619794,40.074242139456,
    310.77781952812));
#2260 = CARTESIAN_POINT('',(152.39833227302,39.763746995532,
    310.02972864652));
#2261 = CARTESIAN_POINT('',(152.47355544477,39.473320963094,
    309.27826129582));
#2262 = CARTESIAN_POINT('',(152.6021967953,38.972757274899,
    307.88368327349));
#2263 = CARTESIAN_POINT('',(152.65719026854,38.757128594733,
    307.24142967862));
#2264 = CARTESIAN_POINT('',(152.70829106194,38.555361682707,
    306.59728174278));
#2265 = CARTESIAN_POINT('',(152.75564406935,38.367206349868,
    305.95146641007));
#2266 = CARTESIAN_POINT('',(152.79937969153,38.192430612716,
    305.30419437008));
#2267 = CARTESIAN_POINT('',(152.83961510204,38.030819145902,
    304.65566018418));
#2268 = CARTESIAN_POINT('',(152.87645551304,37.882171734932,
    304.0060424118));
#2269 = CARTESIAN_POINT('',(153.02088262552,37.29709854629,
    301.20474175703));
#2270 = CARTESIAN_POINT('',(153.09565470238,36.987715732406,
    299.04465850804));
#2271 = CARTESIAN_POINT('',(153.13780424083,36.811084169334,
    296.88030240146));
#2272 = CARTESIAN_POINT('',(153.14932184371,36.762527219696,
    294.71640215647));
#2273 = CARTESIAN_POINT('',(153.13127146699,36.83855448199,
    292.55734519844));
#2274 = CARTESIAN_POINT('',(153.08386747852,37.036750227002,
    290.4071209867));
#2275 = CARTESIAN_POINT('',(153.00657921715,37.355606843315,
    288.26936903072));
#2276 = CARTESIAN_POINT('',(152.78055020739,38.270002967255,
    283.85100580189));
#2277 = CARTESIAN_POINT('',(152.62660775635,38.885527609313,
    281.57594136795));
#2278 = CARTESIAN_POINT('',(152.43464373452,39.640111957575,
    279.32697689406));
#2279 = CARTESIAN_POINT('',(152.20211840163,40.533475102179,
    277.11004039219));
#2280 = CARTESIAN_POINT('',(151.92564469215,41.565656619687,
    274.93200814635));
#2281 = CARTESIAN_POINT('',(151.60099086923,42.736755035427,
    272.80065554369));
#2282 = CARTESIAN_POINT('',(151.22310755278,44.046691635541,
    270.72460695478));
#2283 = CARTESIAN_POINT('',(150.5896630774,46.146133189737,
    267.80963160695));
#2284 = CARTESIAN_POINT('',(150.38135115283,46.82493537216,
    266.91909107461));
#2285 = CARTESIAN_POINT('',(150.16059311072,47.531573578794,
    266.04265702706));
#2286 = CARTESIAN_POINT('',(149.92684353774,48.265931440498,
    265.18131222697));
#2287 = CARTESIAN_POINT('',(149.67953847988,49.027835337539,
    264.33610760087));
#2288 = CARTESIAN_POINT('',(149.41810068477,49.817044414867,
    263.50815623722));
#2289 = CARTESIAN_POINT('',(149.14194605468,50.633241631545,
    262.69862731852));
#2290 = CARTESIAN_POINT('',(148.3912158351,52.804088354725,
    260.66403258072));
#2291 = CARTESIAN_POINT('',(147.89395010011,54.198164351346,
    259.4681035296));
#2292 = CARTESIAN_POINT('',(147.35642259166,55.656651684898,
    258.32575466621));
#2293 = CARTESIAN_POINT('',(146.77643520877,57.17724597335,
    257.24224562122));
#2294 = CARTESIAN_POINT('',(146.15196745186,58.75682442312,
    256.22315643569));
#2295 = CARTESIAN_POINT('',(145.48132226966,60.391352615618,
    255.27423771168));
#2296 = CARTESIAN_POINT('',(144.76331356422,62.075814259168,
    254.40124830133));
#2297 = CARTESIAN_POINT('',(142.97449734222,66.112934093479,
    252.55251924067));
#2298 = CARTESIAN_POINT('',(141.86567513525,68.501174566254,
    251.64019670531));
#2299 = CARTESIAN_POINT('',(140.67068636183,70.952650834997,
    250.88729216504));
#2300 = CARTESIAN_POINT('',(139.39135336229,73.448768436576,
    250.30646422014));
#2301 = CARTESIAN_POINT('',(138.03224680356,75.96900305483,
    249.90828268032));
#2302 = CARTESIAN_POINT('',(136.60128637201,78.49139720859,249.700937465
    ));
#2303 = CARTESIAN_POINT('',(135.110212634,80.993053847993,
    249.69025743477));
#2304 = CARTESIAN_POINT('',(132.65624077451,84.921017871691,
    249.99150750394));
#2305 = CARTESIAN_POINT('',(131.72139455363,86.376196982616,
    250.17567636524));
#2306 = CARTESIAN_POINT('',(130.77381945269,87.810958341096,
    250.43182052417));
#2307 = CARTESIAN_POINT('',(129.81717088635,89.220586462496,
    250.76021051656));
#2308 = CARTESIAN_POINT('',(128.85550794016,90.600476273882,
    251.16079771102));
#2309 = CARTESIAN_POINT('',(127.89329336655,91.94613612454,
    251.63321662424));
#2310 = CARTESIAN_POINT('',(126.93537809429,93.253190129671,
    252.17673858907));
#2311 = CARTESIAN_POINT('',(125.59470526085,95.040240180231,
    253.04383888371));
#2312 = CARTESIAN_POINT('',(125.20407634275,95.555763099019,
    253.30948849751));
#2313 = CARTESIAN_POINT('',(124.81544276205,96.063649469823,
    253.58700282969));
#2314 = CARTESIAN_POINT('',(124.42918342972,96.563600817399,
    253.87628008684));
#2315 = CARTESIAN_POINT('',(124.04568587303,97.055323638603,
    254.17720273205));
#2316 = CARTESIAN_POINT('',(123.66534504968,97.538529938443,
    254.4896355479));
#2317 = CARTESIAN_POINT('',(123.28856216189,98.012937766127,
    254.81342369951));
#2318 = CARTESIAN_POINT('',(122.29858443582,99.248579355445,
    255.702890815));
#2319 = CARTESIAN_POINT('',(121.6922480921,99.994072167044,
    256.28806036308));
#2320 = CARTESIAN_POINT('',(121.09862371802,100.71343979827,
    256.90306447492));
#2321 = CARTESIAN_POINT('',(120.51958866413,101.40548641861,
    257.54692729897));
#2322 = CARTESIAN_POINT('',(119.95698979515,102.06912930911,
    258.21852031734));
#2323 = CARTESIAN_POINT('',(119.41261778024,102.70340324223,
    258.91654225355));
#2324 = CARTESIAN_POINT('',(118.88817423128,103.30747068696,
    259.63949066971));
#2325 = CARTESIAN_POINT('',(117.94394089603,104.38354496304,
    261.0402970981));
#2326 = CARTESIAN_POINT('',(117.51916233838,104.86270936722,
    261.71287934689));
#2327 = CARTESIAN_POINT('',(117.11196980864,105.31764770068,
    262.40219244478));
#2328 = CARTESIAN_POINT('',(116.72329960712,105.74803233403,
    263.10700401608));
#2329 = CARTESIAN_POINT('',(116.35394657749,106.15367471752,
    263.82603279826));
#2330 = CARTESIAN_POINT('',(116.00456067407,106.53451232005,
    264.55795155411));
#2331 = CARTESIAN_POINT('',(115.67564406105,106.89059914932,
    265.30138896177));
#2332 = CARTESIAN_POINT('',(115.23842812572,107.36102950649,
    266.37073452474));
#2333 = CARTESIAN_POINT('',(115.11296121491,107.49564444656,
    266.68832139569));
#2334 = CARTESIAN_POINT('',(114.99117262648,107.62595817254,
    267.0075911475));
#2335 = CARTESIAN_POINT('',(114.87308169546,107.75198823317,
    267.32844487889));
#2336 = CARTESIAN_POINT('',(114.758702691,107.87375591954,
    267.65078483397));
#2337 = CARTESIAN_POINT('',(114.64804503084,107.9912859579,
    267.97451450081));
#2338 = CARTESIAN_POINT('',(114.54111349595,108.10460620239,
    268.29953871009));
#2339 = CARTESIAN_POINT('',(113.99248659666,108.68478863227,
    270.03371568605));
#2340 = CARTESIAN_POINT('',(113.61653774235,109.07792226269,
    271.46384536654));
#2341 = CARTESIAN_POINT('',(113.31001555831,109.39569857446,
    272.90874087683));
#2342 = CARTESIAN_POINT('',(113.0712740208,109.64171929226,
    274.36183976948));
#2343 = CARTESIAN_POINT('',(112.89756252794,109.82006762108,
    275.81751706352));
#2344 = CARTESIAN_POINT('',(112.78546180237,109.93496059701,
    277.27113956403));
#2345 = CARTESIAN_POINT('',(112.73125879291,109.99051454995,
    278.71910374008));
#2346 = CARTESIAN_POINT('',(112.73125879291,109.99051454995,
    281.96317005476));
#2347 = CARTESIAN_POINT('',(112.81638257059,109.90326971837,
    283.75335377325));
#2348 = CARTESIAN_POINT('',(112.97915482099,109.73644128208,
    285.5254636587));
#2349 = CARTESIAN_POINT('',(113.21244653357,109.49658032884,
    287.27640610952));
#2350 = CARTESIAN_POINT('',(113.50965114929,109.18927586028,
    289.00390842183));
#2351 = CARTESIAN_POINT('',(113.86482896708,108.81920559361,
    290.70647827319));
#2352 = CARTESIAN_POINT('',(114.27282180372,108.39011122141,
    292.38336620088));
#2353 = CARTESIAN_POINT('',(115.26837175465,107.33159599715,
    295.98412857825));
#2354 = CARTESIAN_POINT('',(115.87480993191,106.68024650047,
    297.89697544635));
#2355 = CARTESIAN_POINT('',(116.54145951384,105.95531103195,
    299.77294018719));
#2356 = CARTESIAN_POINT('',(117.26232585431,105.15999299052,
    301.61152341669));
#2357 = CARTESIAN_POINT('',(118.03233989771,104.29641862553,
    303.41204555483));
#2358 = CARTESIAN_POINT('',(118.84724792704,103.3657548677,
    305.17371883248));
#2359 = CARTESIAN_POINT('',(119.70360339202,102.36813203549,
    306.8956309361));
#2360 = CARTESIAN_POINT('',(121.19238603538,100.59576171883,
    309.69133897987));
#2361 = CARTESIAN_POINT('',(121.80294435282,99.859293568777,
    310.78783612263));
#2362 = CARTESIAN_POINT('',(122.42966151412,99.092751107917,
    311.86577294343));
#2363 = CARTESIAN_POINT('',(123.07181035192,98.295722451406,
    312.92458680542));
#2364 = CARTESIAN_POINT('',(123.72873636938,97.467651466517,
    313.96355191336));
#2365 = CARTESIAN_POINT('',(124.39985533843,96.60782235918,
    314.98177517755));
#2366 = CARTESIAN_POINT('',(125.08466055367,95.715323247522,
    315.97817846815));
#2367 = CARTESIAN_POINT('',(126.35708938715,94.026840366131,
    317.75224757506));
#2368 = CARTESIAN_POINT('',(126.94037891599,93.241848067874,
    318.53731682181));
#2369 = CARTESIAN_POINT('',(127.53238794474,92.433353683481,
    319.30597532479));
#2370 = CARTESIAN_POINT('',(128.13289218093,91.60064130024,
    320.05734984283));
#2371 = CARTESIAN_POINT('',(128.74166157101,90.742935383371,
    320.79039422607));
#2372 = CARTESIAN_POINT('',(129.35846427974,89.859384362467,
    321.50387807771));
#2373 = CARTESIAN_POINT('',(129.98307650134,88.949029657852,
    322.1963634206));
#2374 = CARTESIAN_POINT('',(131.0515955689,87.363258369152,
    323.32840387276));
#2375 = CARTESIAN_POINT('',(131.49149105419,86.702500709834,
    323.77980987525));
#2376 = CARTESIAN_POINT('',(131.93491921447,86.028122812143,
    324.21983814125));
#2377 = CARTESIAN_POINT('',(132.38179530132,85.339761734418,
    324.64785634404));
#2378 = CARTESIAN_POINT('',(132.8320155814,84.637055498824,
    325.06314836525));
#2379 = CARTESIAN_POINT('',(133.28545886669,83.919640081094,
    325.46491073556));
#2380 = CARTESIAN_POINT('',(133.7419891553,83.187143841359,
    325.85224621605));
#2381 = CARTESIAN_POINT('',(134.72735981459,81.583074253593,
    326.64983332551));
#2382 = CARTESIAN_POINT('',(135.25703975506,80.706821977346,
    327.05524319976));
#2383 = CARTESIAN_POINT('',(135.79032404392,79.809774258202,
    327.43893164353));
#2384 = CARTESIAN_POINT('',(136.32691677933,78.891415191244,
    327.79917539752));
#2385 = CARTESIAN_POINT('',(136.86640307569,77.95137499097,
    328.13399217444));
#2386 = CARTESIAN_POINT('',(137.40825307906,76.989445508449,
    328.44115148017));
#2387 = CARTESIAN_POINT('',(137.95182824009,76.005597550373,
    328.71818452413));
#2388 = CARTESIAN_POINT('',(138.49638984464,75.,328.96239321882));
#2389 = PCURVE('',#1248,#2390);
#2390 = DEFINITIONAL_REPRESENTATION('',(#2391),#2576);
#2391 = B_SPLINE_CURVE_WITH_KNOTS('',8,(#2392,#2393,#2394,#2395,#2396,
    #2397,#2398,#2399,#2400,#2401,#2402,#2403,#2404,#2405,#2406,#2407,
    #2408,#2409,#2410,#2411,#2412,#2413,#2414,#2415,#2416,#2417,#2418,
    #2419,#2420,#2421,#2422,#2423,#2424,#2425,#2426,#2427,#2428,#2429,
    #2430,#2431,#2432,#2433,#2434,#2435,#2436,#2437,#2438,#2439,#2440,
    #2441,#2442,#2443,#2444,#2445,#2446,#2447,#2448,#2449,#2450,#2451,
    #2452,#2453,#2454,#2455,#2456,#2457,#2458,#2459,#2460,#2461,#2462,
    #2463,#2464,#2465,#2466,#2467,#2468,#2469,#2470,#2471,#2472,#2473,
    #2474,#2475,#2476,#2477,#2478,#2479,#2480,#2481,#2482,#2483,#2484,
    #2485,#2486,#2487,#2488,#2489,#2490,#2491,#2492,#2493,#2494,#2495,
    #2496,#2497,#2498,#2499,#2500,#2501,#2502,#2503,#2504,#2505,#2506,
    #2507,#2508,#2509,#2510,#2511,#2512,#2513,#2514,#2515,#2516,#2517,
    #2518,#2519,#2520,#2521,#2522,#2523,#2524,#2525,#2526,#2527,#2528,
    #2529,#2530,#2531,#2532,#2533,#2534,#2535,#2536,#2537,#2538,#2539,
    #2540,#2541,#2542,#2543,#2544,#2545,#2546,#2547,#2548,#2549,#2550,
    #2551,#2552,#2553,#2554,#2555,#2556,#2557,#2558,#2559,#2560,#2561,
    #2562,#2563,#2564,#2565,#2566,#2567,#2568,#2569,#2570,#2571,#2572,
    #2573,#2574,#2575),.UNSPECIFIED.,.T.,.F.,(9,7,7,7,7,7,7,7,7,7,7,7,7,
    7,7,7,7,7,7,7,7,7,7,7,7,7,9),(0.,2.26478380136E-02,
    3.404670505701E-02,5.649565929604E-02,7.827606373013E-02,
    8.941864728463E-02,0.111349879993,0.142327407578,0.169395740605,
    0.192361601047,0.268289599429,0.350454730225,0.387375182808,
    0.445554569888,0.523271966146,0.569790661899,0.589030283936,
    0.620879294835,0.648824187341,0.660535698603,0.711081315742,
    0.774424206483,0.849216059591,0.898809178106,0.939612271086,
    0.967770572014,1.),.UNSPECIFIED.);
#2392 = CARTESIAN_POINT('',(0.496317362125,248.96239321882));
#2393 = CARTESIAN_POINT('',(0.491223337182,249.13372441053));
#2394 = CARTESIAN_POINT('',(0.486068634072,249.28888044282));
#2395 = CARTESIAN_POINT('',(0.480854434043,249.4269264323));
#2396 = CARTESIAN_POINT('',(0.475582820784,249.54685999332));
#2397 = CARTESIAN_POINT('',(0.470256830242,249.6476274025));
#2398 = CARTESIAN_POINT('',(0.464880521877,249.72814731664));
#2399 = CARTESIAN_POINT('',(0.459459071366,249.78734204403));
#2400 = CARTESIAN_POINT('',(0.451250722159,249.8427154269));
#2401 = CARTESIAN_POINT('',(0.448492801783,249.85558975487));
#2402 = CARTESIAN_POINT('',(0.445725982235,249.86266772125));
#2403 = CARTESIAN_POINT('',(0.442951210241,249.86382068838));
#2404 = CARTESIAN_POINT('',(0.440169522949,249.85892489551));
#2405 = CARTESIAN_POINT('',(0.437382050229,249.84786334167));
#2406 = CARTESIAN_POINT('',(0.434590016971,249.83052766839));
#2407 = CARTESIAN_POINT('',(0.426289731287,249.76013019109));
#2408 = CARTESIAN_POINT('',(0.420771329147,249.68871964631));
#2409 = CARTESIAN_POINT('',(0.415250613778,249.5918375817));
#2410 = CARTESIAN_POINT('',(0.409739244448,249.46891256756));
#2411 = CARTESIAN_POINT('',(0.404249445846,249.31958584625));
#2412 = CARTESIAN_POINT('',(0.398793979285,249.14375031731));
#2413 = CARTESIAN_POINT('',(0.393386104151,248.94159523232));
#2414 = CARTESIAN_POINT('',(0.382852180765,248.49250618171));
#2415 = CARTESIAN_POINT('',(0.377721438613,248.24703830801));
#2416 = CARTESIAN_POINT('',(0.372659793835,247.97772164387));
#2417 = CARTESIAN_POINT('',(0.367678202862,247.68524776282));
#2418 = CARTESIAN_POINT('',(0.362786227731,247.37049568648));
#2419 = CARTESIAN_POINT('',(0.357992158189,247.03450022698));
#2420 = CARTESIAN_POINT('',(0.35330311603,246.6784241319));
#2421 = CARTESIAN_POINT('',(0.346383107003,246.11174492674));
#2422 = CARTESIAN_POINT('',(0.344069981132,245.91501862267));
#2423 = CARTESIAN_POINT('',(0.341786483151,245.71351576593));
#2424 = CARTESIAN_POINT('',(0.339533220359,245.5073991018));
#2425 = CARTESIAN_POINT('',(0.337310696527,245.29683223364));
#2426 = CARTESIAN_POINT('',(0.335119320185,245.08197838239));
#2427 = CARTESIAN_POINT('',(0.332959412905,244.86299914607));
#2428 = CARTESIAN_POINT('',(0.326642427195,244.20124316641));
#2429 = CARTESIAN_POINT('',(0.322576620569,243.74708047228));
#2430 = CARTESIAN_POINT('',(0.318635423723,243.27875685582));
#2431 = CARTESIAN_POINT('',(0.314819374358,242.79742519189));
#2432 = CARTESIAN_POINT('',(0.311128137311,242.30417784815));
#2433 = CARTESIAN_POINT('',(0.307560682258,241.80002880364));
#2434 = CARTESIAN_POINT('',(0.304115423693,241.28589958926));
#2435 = CARTESIAN_POINT('',(0.296093669974,240.02346924286));
#2436 = CARTESIAN_POINT('',(0.291637357499,239.26614745681));
#2437 = CARTESIAN_POINT('',(0.287415102666,238.49289036539));
#2438 = CARTESIAN_POINT('',(0.28342021751,237.70571478133));
#2439 = CARTESIAN_POINT('',(0.279645741865,236.90639857585));
#2440 = CARTESIAN_POINT('',(0.276084577542,236.09647176273));
#2441 = CARTESIAN_POINT('',(0.272729623995,235.27720774728));
#2442 = CARTESIAN_POINT('',(0.26681644008,233.72645944397));
#2443 = CARTESIAN_POINT('',(0.26421138221,232.99701987834));
#2444 = CARTESIAN_POINT('',(0.261754201228,232.26201266341));
#2445 = CARTESIAN_POINT('',(0.259440709456,231.52208565722));
#2446 = CARTESIAN_POINT('',(0.257267009709,230.77781952812));
#2447 = CARTESIAN_POINT('',(0.255229455771,230.02972864652));
#2448 = CARTESIAN_POINT('',(0.253324635822,229.27826129582));
#2449 = CARTESIAN_POINT('',(0.250043179471,227.88368327349));
#2450 = CARTESIAN_POINT('',(0.248630287088,227.24142967862));
#2451 = CARTESIAN_POINT('',(0.247308782711,226.59728174278));
#2452 = CARTESIAN_POINT('',(0.24607689624,225.95146641007));
#2453 = CARTESIAN_POINT('',(0.244932994329,225.30419437008));
#2454 = CARTESIAN_POINT('',(0.243875568307,224.65566018418));
#2455 = CARTESIAN_POINT('',(0.242903222097,224.0060424118));
#2456 = CARTESIAN_POINT('',(0.239076963474,221.20474175703));
#2457 = CARTESIAN_POINT('',(0.237056097996,219.04465850804));
#2458 = CARTESIAN_POINT('',(0.235903135462,216.88030240146));
#2459 = CARTESIAN_POINT('',(0.235586281317,214.71640215647));
#2460 = CARTESIAN_POINT('',(0.236082415815,212.55734519844));
#2461 = CARTESIAN_POINT('',(0.237376293807,210.4071209867));
#2462 = CARTESIAN_POINT('',(0.239459383258,208.26936903072));
#2463 = CARTESIAN_POINT('',(0.245439814552,203.85100580189));
#2464 = CARTESIAN_POINT('',(0.249468263856,201.57594136795));
#2465 = CARTESIAN_POINT('',(0.25441180931,199.32697689406));
#2466 = CARTESIAN_POINT('',(0.260272748856,197.11004039219));
#2467 = CARTESIAN_POINT('',(0.267056905545,194.93200814635));
#2468 = CARTESIAN_POINT('',(0.274772260328,192.80065554369));
#2469 = CARTESIAN_POINT('',(0.283427823313,190.72460695478));
#2470 = CARTESIAN_POINT('',(0.297351137374,187.80963160695));
#2471 = CARTESIAN_POINT('',(0.301859319818,186.91909107461));
#2472 = CARTESIAN_POINT('',(0.306559654079,186.04265702706));
#2473 = CARTESIAN_POINT('',(0.311452601157,185.18131222697));
#2474 = CARTESIAN_POINT('',(0.316538363243,184.33610760087));
#2475 = CARTESIAN_POINT('',(0.321816823323,183.50815623722));
#2476 = CARTESIAN_POINT('',(0.32728748894,182.69862731852));
#2477 = CARTESIAN_POINT('',(0.3418715639,180.66403258072));
#2478 = CARTESIAN_POINT('',(0.35126863555,179.4681035296));
#2479 = CARTESIAN_POINT('',(0.361136846747,178.32575466621));
#2480 = CARTESIAN_POINT('',(0.371468482089,177.24224562122));
#2481 = CARTESIAN_POINT('',(0.382251155672,176.22315643569));
#2482 = CARTESIAN_POINT('',(0.393467015308,175.27423771168));
#2483 = CARTESIAN_POINT('',(0.405091914366,174.40124830133));
#2484 = CARTESIAN_POINT('',(0.433127956412,172.55251924067));
#2485 = CARTESIAN_POINT('',(0.449843426109,171.64019670531));
#2486 = CARTESIAN_POINT('',(0.467153882257,170.88729216504));
#2487 = CARTESIAN_POINT('',(0.484955223916,170.30646422014));
#2488 = CARTESIAN_POINT('',(0.503127018664,169.90828268032));
#2489 = CARTESIAN_POINT('',(0.521532797358,169.700937465));
#2490 = CARTESIAN_POINT('',(0.540019650394,169.69025743477));
#2491 = CARTESIAN_POINT('',(0.569426059239,169.99150750394));
#2492 = CARTESIAN_POINT('',(0.580406712778,170.17567636524));
#2493 = CARTESIAN_POINT('',(0.591322277407,170.43182052417));
#2494 = CARTESIAN_POINT('',(0.602137051384,170.76021051656));
#2495 = CARTESIAN_POINT('',(0.612814387897,171.16079771102));
#2496 = CARTESIAN_POINT('',(0.623316571319,171.63321662424));
#2497 = CARTESIAN_POINT('',(0.633604761061,172.17673858907));
#2498 = CARTESIAN_POINT('',(0.647789165898,173.04383888371));
#2499 = CARTESIAN_POINT('',(0.651895807873,173.30948849751));
#2500 = CARTESIAN_POINT('',(0.655956171402,173.58700282969));
#2501 = CARTESIAN_POINT('',(0.659967396052,173.87628008684));
#2502 = CARTESIAN_POINT('',(0.663926603141,174.17720273205));
#2503 = CARTESIAN_POINT('',(0.667830902176,174.4896355479));
#2504 = CARTESIAN_POINT('',(0.671677397304,174.81342369951));
#2505 = CARTESIAN_POINT('',(0.681730150145,175.702890815));
#2506 = CARTESIAN_POINT('',(0.687831183473,176.28806036308));
#2507 = CARTESIAN_POINT('',(0.693752675614,176.90306447492));
#2508 = CARTESIAN_POINT('',(0.699481539848,177.54692729897));
#2509 = CARTESIAN_POINT('',(0.70500528014,178.21852031734));
#2510 = CARTESIAN_POINT('',(0.710312114914,178.91654225355));
#2511 = CARTESIAN_POINT('',(0.715391165323,179.63949066971));
#2512 = CARTESIAN_POINT('',(0.72448076426,181.0402970981));
#2513 = CARTESIAN_POINT('',(0.728546362855,181.71287934689));
#2514 = CARTESIAN_POINT('',(0.732422817425,182.40219244478));
#2515 = CARTESIAN_POINT('',(0.736104717682,183.10700401608));
#2516 = CARTESIAN_POINT('',(0.739587872092,183.82603279826));
#2517 = CARTESIAN_POINT('',(0.742869266549,184.55795155411));
#2518 = CARTESIAN_POINT('',(0.745947039011,185.30138896177));
#2519 = CARTESIAN_POINT('',(0.750024705238,186.37073452474));
#2520 = CARTESIAN_POINT('',(0.751193081003,186.68832139569));
#2521 = CARTESIAN_POINT('',(0.75232555646,187.0075911475));
#2522 = CARTESIAN_POINT('',(0.753422131648,187.32844487889));
#2523 = CARTESIAN_POINT('',(0.754482845326,187.65078483397));
#2524 = CARTESIAN_POINT('',(0.7555077727,187.97451450081));
#2525 = CARTESIAN_POINT('',(0.756497023145,188.29953871009));
#2526 = CARTESIAN_POINT('',(0.761566867899,190.03371568605));
#2527 = CARTESIAN_POINT('',(0.765020522626,191.46384536654));
#2528 = CARTESIAN_POINT('',(0.767823776555,192.90874087683));
#2529 = CARTESIAN_POINT('',(0.770000386484,194.36183976948));
#2530 = CARTESIAN_POINT('',(0.771581119588,195.81751706352));
#2531 = CARTESIAN_POINT('',(0.772600299648,197.27113956403));
#2532 = CARTESIAN_POINT('',(0.773093098334,198.71910374008));
#2533 = CARTESIAN_POINT('',(0.773093098334,201.96317005476));
#2534 = CARTESIAN_POINT('',(0.7723191796,203.75335377325));
#2535 = CARTESIAN_POINT('',(0.770839302293,205.5254636587));
#2536 = CARTESIAN_POINT('',(0.768714851287,207.27640610952));
#2537 = CARTESIAN_POINT('',(0.766000513061,209.00390842183));
#2538 = CARTESIAN_POINT('',(0.762743828563,210.70647827319));
#2539 = CARTESIAN_POINT('',(0.75898453122,212.38336620088));
#2540 = CARTESIAN_POINT('',(0.749758336551,215.98412857825));
#2541 = CARTESIAN_POINT('',(0.744107888125,217.89697544635));
#2542 = CARTESIAN_POINT('',(0.737854999087,219.77294018719));
#2543 = CARTESIAN_POINT('',(0.731040164106,221.61152341669));
#2544 = CARTESIAN_POINT('',(0.723694577831,223.41204555483));
#2545 = CARTESIAN_POINT('',(0.71584110707,225.17371883248));
#2546 = CARTESIAN_POINT('',(0.707493896346,226.8956309361));
#2547 = CARTESIAN_POINT('',(0.692797478643,229.69133897987));
#2548 = CARTESIAN_POINT('',(0.686723678227,230.78783612263));
#2549 = CARTESIAN_POINT('',(0.680437373017,231.86577294343));
#2550 = CARTESIAN_POINT('',(0.673939128339,232.92458680542));
#2551 = CARTESIAN_POINT('',(0.667228405637,233.96355191336));
#2552 = CARTESIAN_POINT('',(0.660303479919,234.98177517755));
#2553 = CARTESIAN_POINT('',(0.653161208091,235.97817846815));
#2554 = CARTESIAN_POINT('',(0.639737403801,237.75224757506));
#2555 = CARTESIAN_POINT('',(0.633528165851,238.53731682181));
#2556 = CARTESIAN_POINT('',(0.627166100678,239.30597532479));
#2557 = CARTESIAN_POINT('',(0.620648025099,240.05734984283));
#2558 = CARTESIAN_POINT('',(0.613970395063,240.79039422607));
#2559 = CARTESIAN_POINT('',(0.607129193283,241.50387807771));
#2560 = CARTESIAN_POINT('',(0.600119715856,242.1963634206));
#2561 = CARTESIAN_POINT('',(0.587978938231,243.32840387276));
#2562 = CARTESIAN_POINT('',(0.582939055343,243.77980987525));
#2563 = CARTESIAN_POINT('',(0.577814736909,244.21983814125));
#2564 = CARTESIAN_POINT('',(0.572604160905,244.64785634404));
#2565 = CARTESIAN_POINT('',(0.567305548487,245.06314836525));
#2566 = CARTESIAN_POINT('',(0.561917139024,245.46491073556));
#2567 = CARTESIAN_POINT('',(0.556437147212,245.85224621605));
#2568 = CARTESIAN_POINT('',(0.544484448671,246.64983332551));
#2569 = CARTESIAN_POINT('',(0.537983638914,247.05524319976));
#2570 = CARTESIAN_POINT('',(0.531357951843,247.43893164353));
#2571 = CARTESIAN_POINT('',(0.524605121452,247.79917539752));
#2572 = CARTESIAN_POINT('',(0.517723993977,248.13399217444));
#2573 = CARTESIAN_POINT('',(0.510714591708,248.44115148017));
#2574 = CARTESIAN_POINT('',(0.503578183519,248.71818452413));
#2575 = CARTESIAN_POINT('',(0.496317362125,248.96239321882));
#2576 = ( GEOMETRIC_REPRESENTATION_CONTEXT(2) 
PARAMETRIC_REPRESENTATION_CONTEXT() REPRESENTATION_CONTEXT('2D SPACE',''
  ) );
#2577 = PCURVE('',#2578,#2583);
#2578 = CONICAL_SURFACE('',#2579,34.5,7.249841301143E-02);
#2579 = AXIS2_PLACEMENT_3D('',#2580,#2581,#2582);
#2580 = CARTESIAN_POINT('',(106.54276641292,75.,276.92181871006));
#2581 = DIRECTION('',(0.939692620786,0.,0.342020143326));
#2582 = DIRECTION('',(-0.342020143326,0.,0.939692620786));
#2583 = DEFINITIONAL_REPRESENTATION('',(#2584),#2769);
#2584 = B_SPLINE_CURVE_WITH_KNOTS('',8,(#2585,#2586,#2587,#2588,#2589,
    #2590,#2591,#2592,#2593,#2594,#2595,#2596,#2597,#2598,#2599,#2600,
    #2601,#2602,#2603,#2604,#2605,#2606,#2607,#2608,#2609,#2610,#2611,
    #2612,#2613,#2614,#2615,#2616,#2617,#2618,#2619,#2620,#2621,#2622,
    #2623,#2624,#2625,#2626,#2627,#2628,#2629,#2630,#2631,#2632,#2633,
    #2634,#2635,#2636,#2637,#2638,#2639,#2640,#2641,#2642,#2643,#2644,
    #2645,#2646,#2647,#2648,#2649,#2650,#2651,#2652,#2653,#2654,#2655,
    #2656,#2657,#2658,#2659,#2660,#2661,#2662,#2663,#2664,#2665,#2666,
    #2667,#2668,#2669,#2670,#2671,#2672,#2673,#2674,#2675,#2676,#2677,
    #2678,#2679,#2680,#2681,#2682,#2683,#2684,#2685,#2686,#2687,#2688,
    #2689,#2690,#2691,#2692,#2693,#2694,#2695,#2696,#2697,#2698,#2699,
    #2700,#2701,#2702,#2703,#2704,#2705,#2706,#2707,#2708,#2709,#2710,
    #2711,#2712,#2713,#2714,#2715,#2716,#2717,#2718,#2719,#2720,#2721,
    #2722,#2723,#2724,#2725,#2726,#2727,#2728,#2729,#2730,#2731,#2732,
    #2733,#2734,#2735,#2736,#2737,#2738,#2739,#2740,#2741,#2742,#2743,
    #2744,#2745,#2746,#2747,#2748,#2749,#2750,#2751,#2752,#2753,#2754,
    #2755,#2756,#2757,#2758,#2759,#2760,#2761,#2762,#2763,#2764,#2765,
    #2766,#2767,#2768),.UNSPECIFIED.,.F.,.F.,(9,7,7,7,7,7,7,7,7,7,7,7,7,
    7,7,7,7,7,7,7,7,7,7,7,7,7,9),(0.,2.26478380136E-02,
    3.404670505701E-02,5.649565929604E-02,7.827606373013E-02,
    8.941864728463E-02,0.111349879993,0.142327407578,0.169395740605,
    0.192361601047,0.268289599429,0.350454730225,0.387375182808,
    0.445554569888,0.523271966146,0.569790661899,0.589030283936,
    0.620879294835,0.648824187341,0.660535698603,0.711081315742,
    0.774424206483,0.849216059591,0.898809178106,0.939612271086,
    0.967770572014,1.),.UNSPECIFIED.);
#2585 = CARTESIAN_POINT('',(0.,47.825508898393));
#2586 = CARTESIAN_POINT('',(1.857892075427E-02,48.243118940846));
#2587 = CARTESIAN_POINT('',(3.740380031262E-02,48.65561360984));
#2588 = CARTESIAN_POINT('',(5.648175927465E-02,49.062414755906));
#2589 = CARTESIAN_POINT('',(7.581775253106E-02,49.46285878867));
#2590 = CARTESIAN_POINT('',(9.541452454101E-02,49.85620472497));
#2591 = CARTESIAN_POINT('',(0.115272377944,50.24164487062));
#2592 = CARTESIAN_POINT('',(0.135388755507,50.618318135814));
#2593 = CARTESIAN_POINT('',(0.166009481679,51.170044440068));
#2594 = CARTESIAN_POINT('',(0.176325087758,51.352310755891));
#2595 = CARTESIAN_POINT('',(0.186703523435,51.532007871644));
#2596 = CARTESIAN_POINT('',(0.197143603105,51.709015906124));
#2597 = CARTESIAN_POINT('',(0.207643861976,51.883213043981));
#2598 = CARTESIAN_POINT('',(0.218202532283,52.054476422784));
#2599 = CARTESIAN_POINT('',(0.228817519504,52.222683020082));
#2600 = CARTESIAN_POINT('',(0.260497653462,52.712716108067));
#2601 = CARTESIAN_POINT('',(0.281721027289,53.025440441544));
#2602 = CARTESIAN_POINT('',(0.303134167942,53.324885500698));
#2603 = CARTESIAN_POINT('',(0.324712574959,53.610130446575));
#2604 = CARTESIAN_POINT('',(0.346429180293,53.880350248756));
#2605 = CARTESIAN_POINT('',(0.368253765118,54.134835115278));
#2606 = CARTESIAN_POINT('',(0.390152192665,54.37301074518));
#2607 = CARTESIAN_POINT('',(0.433365529427,54.809313124385));
#2608 = CARTESIAN_POINT('',(0.454682893091,55.008466763192));
#2609 = CARTESIAN_POINT('',(0.476002240125,55.191530092088));
#2610 = CARTESIAN_POINT('',(0.497291900672,55.358330848374));
#2611 = CARTESIAN_POINT('',(0.518523139819,55.508881395306));
#2612 = CARTESIAN_POINT('',(0.539669581194,55.643349083372));
#2613 = CARTESIAN_POINT('',(0.560706757318,55.762030312205));
#2614 = CARTESIAN_POINT('',(0.592306539298,55.918174253233));
#2615 = CARTESIAN_POINT('',(0.60296743709,55.966997661901));
#2616 = CARTESIAN_POINT('',(0.613591849257,56.011853824135));
#2617 = CARTESIAN_POINT('',(0.624177448448,56.052805292743));
#2618 = CARTESIAN_POINT('',(0.634722192652,56.089920678603));
#2619 = CARTESIAN_POINT('',(0.645224307058,56.12327346092));
#2620 = CARTESIAN_POINT('',(0.655682265914,56.152940797475));
#2621 = CARTESIAN_POINT('',(0.686589047151,56.2302975878));
#2622 = CARTESIAN_POINT('',(0.706906596621,56.267622567651));
#2623 = CARTESIAN_POINT('',(0.727038603415,56.291589868166));
#2624 = CARTESIAN_POINT('',(0.74697938671,56.302846442726));
#2625 = CARTESIAN_POINT('',(0.766725923152,56.302049212515));
#2626 = CARTESIAN_POINT('',(0.786277521156,56.289845930885));
#2627 = CARTESIAN_POINT('',(0.805635650616,56.266861303945));
#2628 = CARTESIAN_POINT('',(0.851878823875,56.186832106618));
#2629 = CARTESIAN_POINT('',(0.878571420649,56.119654902177));
#2630 = CARTESIAN_POINT('',(0.904894567366,56.033832115354));
#2631 = CARTESIAN_POINT('',(0.930862234158,55.930908644557));
#2632 = CARTESIAN_POINT('',(0.956489761096,55.812292926997));
#2633 = CARTESIAN_POINT('',(0.98179417086,55.679252274756));
#2634 = CARTESIAN_POINT('',(1.006794545253,55.53290954521));
#2635 = CARTESIAN_POINT('',(1.053111119502,55.235595830597));
#2636 = CARTESIAN_POINT('',(1.074491864108,55.087553834581));
#2637 = CARTESIAN_POINT('',(1.095667921223,54.930777748609));
#2638 = CARTESIAN_POINT('',(1.116651524682,54.765863483092));
#2639 = CARTESIAN_POINT('',(1.137454283066,54.593346935743));
#2640 = CARTESIAN_POINT('',(1.158087478254,54.41370896238));
#2641 = CARTESIAN_POINT('',(1.178562299749,54.227378650794));
#2642 = CARTESIAN_POINT('',(1.216136864332,53.871288203539));
#2643 = CARTESIAN_POINT('',(1.233277337015,53.70330149796));
#2644 = CARTESIAN_POINT('',(1.250318045911,53.531008967102));
#2645 = CARTESIAN_POINT('',(1.267265205069,53.354624386076));
#2646 = CARTESIAN_POINT('',(1.28412471034,53.174342351617));
#2647 = CARTESIAN_POINT('',(1.300902220177,52.990339514756));
#2648 = CARTESIAN_POINT('',(1.317603236454,52.802775813497));
#2649 = CARTESIAN_POINT('',(1.389213869751,51.980391653899));
#2650 = CARTESIAN_POINT('',(1.443398677092,51.311862440356));
#2651 = CARTESIAN_POINT('',(1.497005697615,50.611216664797));
#2652 = CARTESIAN_POINT('',(1.550198077503,49.881942199371));
#2653 = CARTESIAN_POINT('',(1.603118268791,49.126539423216));
#2654 = CARTESIAN_POINT('',(1.655897907101,48.346574252075));
#2655 = CARTESIAN_POINT('',(1.70866853404,47.542792812772));
#2656 = CARTESIAN_POINT('',(1.818823275287,45.819225795435));
#2657 = CARTESIAN_POINT('',(1.876159065247,44.896449346391));
#2658 = CARTESIAN_POINT('',(1.933741282239,43.946871019937));
#2659 = CARTESIAN_POINT('',(1.991702271973,42.970131740335));
#2660 = CARTESIAN_POINT('',(2.050160906093,41.96540053484));
#2661 = CARTESIAN_POINT('',(2.109230068274,40.931360210475));
#2662 = CARTESIAN_POINT('',(2.1690236426,39.866215610564));
#2663 = CARTESIAN_POINT('',(2.256918792664,38.273992225112));
#2664 = CARTESIAN_POINT('',(2.284337680134,37.773660246268));
#2665 = CARTESIAN_POINT('',(2.311934932907,37.266457444557));
#2666 = CARTESIAN_POINT('',(2.339719583212,36.752207423737));
#2667 = CARTESIAN_POINT('',(2.3676999614,36.230739678423));
#2668 = CARTESIAN_POINT('',(2.395883815269,35.701892467502));
#2669 = CARTESIAN_POINT('',(2.424278413927,35.165516802612));
#2670 = CARTESIAN_POINT('',(2.497977882859,33.764188771235));
#2671 = CARTESIAN_POINT('',(2.543605308149,32.887880004022));
#2672 = CARTESIAN_POINT('',(2.589798777038,31.992063048879));
#2673 = CARTESIAN_POINT('',(2.636575717101,31.076471266168));
#2674 = CARTESIAN_POINT('',(2.68394664163,30.141114493785));
#2675 = CARTESIAN_POINT('',(2.731915684585,29.186364846919));
#2676 = CARTESIAN_POINT('',(2.780480147354,28.213077401506));
#2677 = CARTESIAN_POINT('',(2.895283329437,25.899837419446));
#2678 = CARTESIAN_POINT('',(2.962013338244,24.545852689497));
#2679 = CARTESIAN_POINT('',(3.029738933106,23.1654220384));
#2680 = CARTESIAN_POINT('',(3.098386264822,21.764587402278));
#2681 = CARTESIAN_POINT('',(3.167886963866,20.351258890823));
#2682 = CARTESIAN_POINT('',(3.2381710889,18.93567969242));
#2683 = CARTESIAN_POINT('',(3.309163142321,17.53087591829));
#2684 = CARTESIAN_POINT('',(3.423592243211,15.327930262138));
#2685 = CARTESIAN_POINT('',(3.466660096839,14.512451627152));
#2686 = CARTESIAN_POINT('',(3.509932432666,13.709628759104));
#2687 = CARTESIAN_POINT('',(3.553394173894,12.922989152898));
#2688 = CARTESIAN_POINT('',(3.5970303055,12.156330468343));
#2689 = CARTESIAN_POINT('',(3.640824409211,11.413721318319));
#2690 = CARTESIAN_POINT('',(3.684756423222,10.699470865946));
#2691 = CARTESIAN_POINT('',(3.747014060772,9.736216264528));
#2692 = CARTESIAN_POINT('',(3.765248236373,9.460002671712));
#2693 = CARTESIAN_POINT('',(3.783499158593,9.189722055399));
#2694 = CARTESIAN_POINT('',(3.801764603553,8.925695660048));
#2695 = CARTESIAN_POINT('',(3.820042113827,8.668247442187));
#2696 = CARTESIAN_POINT('',(3.838328949965,8.417702293561));
#2697 = CARTESIAN_POINT('',(3.856622042019,8.174384264284));
#2698 = CARTESIAN_POINT('',(3.905204725644,7.548325170671));
#2699 = CARTESIAN_POINT('',(3.935501167782,7.178695155469));
#2700 = CARTESIAN_POINT('',(3.965789403867,6.831214506105));
#2701 = CARTESIAN_POINT('',(3.996050717693,6.507313594152));
#2702 = CARTESIAN_POINT('',(4.026264930981,6.20834192891));
#2703 = CARTESIAN_POINT('',(4.056409708153,5.935537126208));
#2704 = CARTESIAN_POINT('',(4.086459775369,5.689984314137));
#2705 = CARTESIAN_POINT('',(4.142643906449,5.281799232112));
#2706 = CARTESIAN_POINT('',(4.168808871607,5.112674633156));
#2707 = CARTESIAN_POINT('',(4.194860892979,4.965797782257));
#2708 = CARTESIAN_POINT('',(4.220781237857,4.841627016603));
#2709 = CARTESIAN_POINT('',(4.246552039284,4.740471027326));
#2710 = CARTESIAN_POINT('',(4.272155924534,4.662486629857));
#2711 = CARTESIAN_POINT('',(4.297575729947,4.607676684467));
#2712 = CARTESIAN_POINT('',(4.33336323134,4.562565819064));
#2713 = CARTESIAN_POINT('',(4.343897088397,4.553286595938));
#2714 = CARTESIAN_POINT('',(4.35439474169,4.548039444366));
#2715 = CARTESIAN_POINT('',(4.364855131308,4.54680870711));
#2716 = CARTESIAN_POINT('',(4.375277264876,4.549574358276));
#2717 = CARTESIAN_POINT('',(4.385660213421,4.556312238646));
#2718 = CARTESIAN_POINT('',(4.39600310725,4.566994291017));
#2719 = CARTESIAN_POINT('',(4.450767556679,4.644577100063));
#2720 = CARTESIAN_POINT('',(4.494462717669,4.780433894169));
#2721 = CARTESIAN_POINT('',(4.537329807738,4.986580629237));
#2722 = CARTESIAN_POINT('',(4.579337386156,5.259226059698));
#2723 = CARTESIAN_POINT('',(4.62047507808,5.593861608451));
#2724 = CARTESIAN_POINT('',(4.660750136242,5.985689559819));
#2725 = CARTESIAN_POINT('',(4.700186708145,6.429988306831));
#2726 = CARTESIAN_POINT('',(4.787247306585,7.539524332735));
#2727 = CARTESIAN_POINT('',(4.834382945622,8.231793410453));
#2728 = CARTESIAN_POINT('',(4.880342826457,8.99084657003));
#2729 = CARTESIAN_POINT('',(4.925227635528,9.808926658818));
#2730 = CARTESIAN_POINT('',(4.969135129538,10.679048231521));
#2731 = CARTESIAN_POINT('',(5.0121639677,11.595119390556));
#2732 = CARTESIAN_POINT('',(5.054416785776,12.552036697844));
#2733 = CARTESIAN_POINT('',(5.145109155844,14.719080904751));
#2734 = CARTESIAN_POINT('',(5.193264231968,15.943178544869));
#2735 = CARTESIAN_POINT('',(5.240651119504,17.211241967197));
#2736 = CARTESIAN_POINT('',(5.287422792773,18.517467247576));
#2737 = CARTESIAN_POINT('',(5.333720251284,19.856858601807));
#2738 = CARTESIAN_POINT('',(5.379681135069,21.225149410506));
#2739 = CARTESIAN_POINT('',(5.425446714306,22.61878894619));
#2740 = CARTESIAN_POINT('',(5.501493920352,24.973975475935));
#2741 = CARTESIAN_POINT('',(5.531791922379,25.922736731315));
#2742 = CARTESIAN_POINT('',(5.562110823703,26.880334329055));
#2743 = CARTESIAN_POINT('',(5.592493275131,27.845892522213));
#2744 = CARTESIAN_POINT('',(5.6229822103,28.818548048353));
#2745 = CARTESIAN_POINT('',(5.653622255644,29.797446457998));
#2746 = CARTESIAN_POINT('',(5.684461492303,30.781742861693));
#2747 = CARTESIAN_POINT('',(5.741134799318,32.584202217207));
#2748 = CARTESIAN_POINT('',(5.766885164905,33.400824579529));
#2749 = CARTESIAN_POINT('',(5.792835020773,34.220027786641));
#2750 = CARTESIAN_POINT('',(5.819015263007,35.041302406495));
#2751 = CARTESIAN_POINT('',(5.845457914347,35.86407445513));
#2752 = CARTESIAN_POINT('',(5.872197116419,36.6877052582));
#2753 = CARTESIAN_POINT('',(5.899270529628,37.511492689922));
#2754 = CARTESIAN_POINT('',(5.945664865585,38.902752810578));
#2755 = CARTESIAN_POINT('',(5.964787108741,39.470509297691));
#2756 = CARTESIAN_POINT('',(5.984102018581,40.037693998352));
#2757 = CARTESIAN_POINT('',(6.003623905414,40.604011006638));
#2758 = CARTESIAN_POINT('',(6.023367432984,41.169117918175));
#2759 = CARTESIAN_POINT('',(6.043347900458,41.732626050779));
#2760 = CARTESIAN_POINT('',(6.063581614902,42.294100730711));
#2761 = CARTESIAN_POINT('',(6.107555668651,43.492837125476));
#2762 = CARTESIAN_POINT('',(6.131376832307,44.129231800206));
#2763 = CARTESIAN_POINT('',(6.155578445321,44.761584287764));
#2764 = CARTESIAN_POINT('',(6.180187180835,45.389027141964));
#2765 = CARTESIAN_POINT('',(6.205228244311,46.0104925157));
#2766 = CARTESIAN_POINT('',(6.23072584069,46.624719635208));
#2767 = CARTESIAN_POINT('',(6.256703649397,47.230264084275));
#2768 = CARTESIAN_POINT('',(6.28318530718,47.825508898393));
#2769 = ( GEOMETRIC_REPRESENTATION_CONTEXT(2) 
PARAMETRIC_REPRESENTATION_CONTEXT() REPRESENTATION_CONTEXT('2D SPACE',''
  ) );
#2770 = FACE_BOUND('',#2771,.T.);
#2771 = EDGE_LOOP('',(#2772));
#2772 = ORIENTED_EDGE('',*,*,#2773,.F.);
#2773 = EDGE_CURVE('',#2774,#2774,#2776,.T.);
#2774 = VERTEX_POINT('',#2775);
#2775 = CARTESIAN_POINT('',(153.95699538599,33.21887372739,
    336.55198651616));
#2776 = SURFACE_CURVE('',#2777,(#2840,#2906),.PCURVE_S1.);
#2777 = B_SPLINE_CURVE_WITH_KNOTS('',7,(#2778,#2779,#2780,#2781,#2782,
    #2783,#2784,#2785,#2786,#2787,#2788,#2789,#2790,#2791,#2792,#2793,
    #2794,#2795,#2796,#2797,#2798,#2799,#2800,#2801,#2802,#2803,#2804,
    #2805,#2806,#2807,#2808,#2809,#2810,#2811,#2812,#2813,#2814,#2815,
    #2816,#2817,#2818,#2819,#2820,#2821,#2822,#2823,#2824,#2825,#2826,
    #2827,#2828,#2829,#2830,#2831,#2832,#2833,#2834,#2835,#2836,#2837,
    #2838,#2839),.UNSPECIFIED.,.T.,.F.,(8,6,6,6,6,6,6,6,6,6,8),(0.,
    0.12183868874,0.224255524885,0.309296589537,0.416501876483,
    0.531426524524,0.643352467874,0.737762075479,0.822920871362,
    0.905356471371,1.),.UNSPECIFIED.);
#2778 = CARTESIAN_POINT('',(153.95699538599,33.218873727389,
    336.55198651616));
#2779 = CARTESIAN_POINT('',(153.95699538599,33.218873727389,
    336.85579917466));
#2780 = CARTESIAN_POINT('',(153.96387932257,33.186969254749,
    337.15935216339));
#2781 = CARTESIAN_POINT('',(153.97762686458,33.123254634808,
    337.46074319829));
#2782 = CARTESIAN_POINT('',(153.99834224145,33.027044440406,
    337.75789127755));
#2783 = CARTESIAN_POINT('',(154.02622265915,32.89702464333,
    338.04816549303));
#2784 = CARTESIAN_POINT('',(154.06150352412,32.731425871704,
    338.32793163532));
#2785 = CARTESIAN_POINT('',(154.14042876693,32.357513491566,
    338.81381070932));
#2786 = CARTESIAN_POINT('',(154.1821608667,32.158713469201,
    339.0265090895));
#2787 = CARTESIAN_POINT('',(154.22959382992,31.931166363222,
    339.22481901742));
#2788 = CARTESIAN_POINT('',(154.28253043231,31.674982447742,
    339.40323969389));
#2789 = CARTESIAN_POINT('',(154.34056534341,31.391092846419,
    339.55596415714));
#2790 = CARTESIAN_POINT('',(154.40307645775,31.081420621472,
    339.67679446143));
#2791 = CARTESIAN_POINT('',(154.52411389021,30.473387200357,
    339.82719413634));
#2792 = CARTESIAN_POINT('',(154.58096299995,30.184804025261,
    339.86808023723));
#2793 = CARTESIAN_POINT('',(154.63840980914,29.889720824169,
    339.87776872504));
#2794 = CARTESIAN_POINT('',(154.69504515553,29.595099391153,
    339.85494598164));
#2795 = CARTESIAN_POINT('',(154.74955726859,29.307957808855,
    339.80080018863));
#2796 = CARTESIAN_POINT('',(154.80083788614,29.034759947774,
    339.7189871366));
#2797 = CARTESIAN_POINT('',(154.90752223896,28.460772044647,
    339.48526868232));
#2798 = CARTESIAN_POINT('',(154.96072106185,28.170252804233,
    339.32020619764));
#2799 = CARTESIAN_POINT('',(155.00763762833,27.910673065002,
    339.12823077265));
#2800 = CARTESIAN_POINT('',(155.04850057611,27.682143438786,
    338.91564391761));
#2801 = CARTESIAN_POINT('',(155.08361000678,27.484084538444,
    338.68765098306));
#2802 = CARTESIAN_POINT('',(155.1132885683,27.315526457516,
    338.44858000503));
#2803 = CARTESIAN_POINT('',(155.16419546766,27.024909733558,
    337.93763696098));
#2804 = CARTESIAN_POINT('',(155.18478041996,26.9063941182,
    337.66344841208));
#2805 = CARTESIAN_POINT('',(155.19999715109,26.818288140528,
    337.38280126934));
#2806 = CARTESIAN_POINT('',(155.210122063,26.759474768873,
    337.09814249966));
#2807 = CARTESIAN_POINT('',(155.21532147463,26.729251658431,
    336.81137387934));
#2808 = CARTESIAN_POINT('',(155.21564382043,26.727413996171,
    336.52418079075));
#2809 = CARTESIAN_POINT('',(155.20648861902,26.780526463624,
    335.95988174211));
#2810 = CARTESIAN_POINT('',(155.19727191557,26.833964871618,
    335.68304038071));
#2811 = CARTESIAN_POINT('',(155.1832962443,26.914865605957,
    335.40927881459));
#2812 = CARTESIAN_POINT('',(155.16437784146,27.023997410682,
    335.14038822099));
#2813 = CARTESIAN_POINT('',(155.1402276968,27.162544816731,
    334.87869643971));
#2814 = CARTESIAN_POINT('',(155.1104650249,27.331952447417,
    334.62738595955));
#2815 = CARTESIAN_POINT('',(155.04443012863,27.703872617651,
    334.19150891052));
#2816 = CARTESIAN_POINT('',(155.0096717629,27.898372304131,
    334.00110839872));
#2817 = CARTESIAN_POINT('',(154.97019907034,28.117504903171,
    333.82417104144));
#2818 = CARTESIAN_POINT('',(154.92593844772,28.360880313523,
    333.66527314409));
#2819 = CARTESIAN_POINT('',(154.87691674445,28.627423306093,
    333.52913201225));
#2820 = CARTESIAN_POINT('',(154.82329713438,28.915288073908,
    333.42064955879));
#2821 = CARTESIAN_POINT('',(154.71326589572,29.498041577303,
    333.27677889651));
#2822 = CARTESIAN_POINT('',(154.65811919517,29.786954913949,
    333.23589279489));
#2823 = CARTESIAN_POINT('',(154.60109710816,30.082120473852,
    333.22620430648));
#2824 = CARTESIAN_POINT('',(154.54349499505,30.376554418736,
    333.24902705096));
#2825 = CARTESIAN_POINT('',(154.48671959366,30.663257083041,
    333.3031728448));
#2826 = CARTESIAN_POINT('',(154.43215923315,30.935818884681,
    333.38498589479));
#2827 = CARTESIAN_POINT('',(154.331512773,31.434004888318,
    333.58845270266));
#2828 = CARTESIAN_POINT('',(154.28343737787,31.669633678582,
    333.71233700717));
#2829 = CARTESIAN_POINT('',(154.23739852849,31.893163911948,
    333.85892428222));
#2830 = CARTESIAN_POINT('',(154.19398828874,32.102122163957,
    334.02674405422));
#2831 = CARTESIAN_POINT('',(154.1537724445,32.29425020345,
    334.21396950805));
#2832 = CARTESIAN_POINT('',(154.11726855167,32.467552075967,
    334.4184551135));
#2833 = CARTESIAN_POINT('',(154.04776799204,32.795843385793,
    334.8896250176));
#2834 = CARTESIAN_POINT('',(154.01717353606,32.939208054719,
    335.15369987724));
#2835 = CARTESIAN_POINT('',(153.99296040771,33.052036903718,
    335.42610563862));
#2836 = CARTESIAN_POINT('',(153.97494608681,33.135678545531,
    335.70405255503));
#2837 = CARTESIAN_POINT('',(153.96298349389,33.191121272338,
    335.98546184684));
#2838 = CARTESIAN_POINT('',(153.95699538599,33.218873727389,
    336.26863174462));
#2839 = CARTESIAN_POINT('',(153.95699538599,33.218873727389,
    336.55198651616));
#2840 = PCURVE('',#1248,#2841);
#2841 = DEFINITIONAL_REPRESENTATION('',(#2842),#2905);
#2842 = B_SPLINE_CURVE_WITH_KNOTS('',7,(#2843,#2844,#2845,#2846,#2847,
    #2848,#2849,#2850,#2851,#2852,#2853,#2854,#2855,#2856,#2857,#2858,
    #2859,#2860,#2861,#2862,#2863,#2864,#2865,#2866,#2867,#2868,#2869,
    #2870,#2871,#2872,#2873,#2874,#2875,#2876,#2877,#2878,#2879,#2880,
    #2881,#2882,#2883,#2884,#2885,#2886,#2887,#2888,#2889,#2890,#2891,
    #2892,#2893,#2894,#2895,#2896,#2897,#2898,#2899,#2900,#2901,#2902,
    #2903,#2904),.UNSPECIFIED.,.T.,.F.,(8,6,6,6,6,6,6,6,6,6,8),(0.,
    0.12183868874,0.224255524885,0.309296589537,0.416501876483,
    0.531426524524,0.643352467874,0.737762075479,0.822920871362,
    0.905356471371,1.),.UNSPECIFIED.);
#2843 = CARTESIAN_POINT('',(0.212509371643,256.55198651616));
#2844 = CARTESIAN_POINT('',(0.212509371643,256.85579917466));
#2845 = CARTESIAN_POINT('',(0.212302141879,257.15935216339));
#2846 = CARTESIAN_POINT('',(0.211888294983,257.46074319829));
#2847 = CARTESIAN_POINT('',(0.21126343741,257.75789127755));
#2848 = CARTESIAN_POINT('',(0.210419149567,258.04816549303));
#2849 = CARTESIAN_POINT('',(0.209344133291,258.32793163532));
#2850 = CARTESIAN_POINT('',(0.20691777545,258.81381070932));
#2851 = CARTESIAN_POINT('',(0.205628042946,259.0265090895));
#2852 = CARTESIAN_POINT('',(0.204152246365,259.22481901742));
#2853 = CARTESIAN_POINT('',(0.202491324544,259.40323969389));
#2854 = CARTESIAN_POINT('',(0.200651581031,259.55596415714));
#2855 = CARTESIAN_POINT('',(0.198645756321,259.67679446143));
#2856 = CARTESIAN_POINT('',(0.194709480336,259.82719413634));
#2857 = CARTESIAN_POINT('',(0.192841996059,259.86808023723));
#2858 = CARTESIAN_POINT('',(0.190933286166,259.87776872504));
#2859 = CARTESIAN_POINT('',(0.189028434339,259.85494598164));
#2860 = CARTESIAN_POINT('',(0.187172757469,259.80080018863));
#2861 = CARTESIAN_POINT('',(0.185407877533,259.7189871366));
#2862 = CARTESIAN_POINT('',(0.181701095456,259.48526868232));
#2863 = CARTESIAN_POINT('',(0.179825864839,259.32020619764));
#2864 = CARTESIAN_POINT('',(0.178151042206,259.12823077265));
#2865 = CARTESIAN_POINT('',(0.176677050583,258.91564391761));
#2866 = CARTESIAN_POINT('',(0.175399930071,258.68765098306));
#2867 = CARTESIAN_POINT('',(0.174313257859,258.44858000503));
#2868 = CARTESIAN_POINT('',(0.172439977354,257.93763696098));
#2869 = CARTESIAN_POINT('',(0.171676231905,257.66344841208));
#2870 = CARTESIAN_POINT('',(0.171108547264,257.38280126934));
#2871 = CARTESIAN_POINT('',(0.170729635909,257.09814249966));
#2872 = CARTESIAN_POINT('',(0.170534924286,256.81137387934));
#2873 = CARTESIAN_POINT('',(0.170523078491,256.52418079075));
#2874 = CARTESIAN_POINT('',(0.170865273731,255.95988174211));
#2875 = CARTESIAN_POINT('',(0.171209574691,255.68304038071));
#2876 = CARTESIAN_POINT('',(0.171730838252,255.40927881459));
#2877 = CARTESIAN_POINT('',(0.172434072652,255.14038822099));
#2878 = CARTESIAN_POINT('',(0.173327001721,254.87869643971));
#2879 = CARTESIAN_POINT('',(0.174419077492,254.62738595955));
#2880 = CARTESIAN_POINT('',(0.176817407477,254.19150891052));
#2881 = CARTESIAN_POINT('',(0.178071889526,254.00110839872));
#2882 = CARTESIAN_POINT('',(0.179485597585,253.82417104144));
#2883 = CARTESIAN_POINT('',(0.181056179188,253.66527314409));
#2884 = CARTESIAN_POINT('',(0.182776893089,253.52913201225));
#2885 = CARTESIAN_POINT('',(0.184636036392,253.42064955879));
#2886 = CARTESIAN_POINT('',(0.188401434377,253.27677889651));
#2887 = CARTESIAN_POINT('',(0.190268918703,253.23589279489));
#2888 = CARTESIAN_POINT('',(0.192177628539,253.22620430648));
#2889 = CARTESIAN_POINT('',(0.194082480367,253.24902705096));
#2890 = CARTESIAN_POINT('',(0.195938157293,253.3031728448));
#2891 = CARTESIAN_POINT('',(0.197703037179,253.38498589479));
#2892 = CARTESIAN_POINT('',(0.200930027188,253.58845270266));
#2893 = CARTESIAN_POINT('',(0.202456901828,253.71233700717));
#2894 = CARTESIAN_POINT('',(0.203905927421,253.85892428222));
#2895 = CARTESIAN_POINT('',(0.20526097054,254.02674405422));
#2896 = CARTESIAN_POINT('',(0.206507266474,254.21396950805));
#2897 = CARTESIAN_POINT('',(0.207631740143,254.4184551135));
#2898 = CARTESIAN_POINT('',(0.209762327111,254.8896250176));
#2899 = CARTESIAN_POINT('',(0.210693073834,255.15369987724));
#2900 = CARTESIAN_POINT('',(0.211425757066,255.42610563862));
#2901 = CARTESIAN_POINT('',(0.21196899244,255.70405255503));
#2902 = CARTESIAN_POINT('',(0.212329110495,255.98546184684));
#2903 = CARTESIAN_POINT('',(0.212509371643,256.26863174462));
#2904 = CARTESIAN_POINT('',(0.212509371643,256.55198651616));
#2905 = ( GEOMETRIC_REPRESENTATION_CONTEXT(2) 
PARAMETRIC_REPRESENTATION_CONTEXT() REPRESENTATION_CONTEXT('2D SPACE',''
  ) );
#2906 = PCURVE('',#2907,#2912);
#2907 = CYLINDRICAL_SURFACE('',#2908,3.3);
#2908 = AXIS2_PLACEMENT_3D('',#2909,#2910,#2911);
#2909 = CARTESIAN_POINT('',(139.20637665883,26.996753462592,
    336.55198651616));
#2910 = DIRECTION('',(0.981709285323,0.190386131612,0.));
#2911 = DIRECTION('',(-0.190386131612,0.981709285323,0.));
#2912 = DEFINITIONAL_REPRESENTATION('',(#2913),#2976);
#2913 = B_SPLINE_CURVE_WITH_KNOTS('',7,(#2914,#2915,#2916,#2917,#2918,
    #2919,#2920,#2921,#2922,#2923,#2924,#2925,#2926,#2927,#2928,#2929,
    #2930,#2931,#2932,#2933,#2934,#2935,#2936,#2937,#2938,#2939,#2940,
    #2941,#2942,#2943,#2944,#2945,#2946,#2947,#2948,#2949,#2950,#2951,
    #2952,#2953,#2954,#2955,#2956,#2957,#2958,#2959,#2960,#2961,#2962,
    #2963,#2964,#2965,#2966,#2967,#2968,#2969,#2970,#2971,#2972,#2973,
    #2974,#2975),.UNSPECIFIED.,.F.,.F.,(8,6,6,6,6,6,6,6,6,6,8),(0.,
    0.12183868874,0.224255524885,0.309296589537,0.416501876483,
    0.531426524524,0.643352467874,0.737762075479,0.822920871362,
    0.905356471371,1.),.UNSPECIFIED.);
#2914 = CARTESIAN_POINT('',(0.,15.665424776362));
#2915 = CARTESIAN_POINT('',(9.206444196996E-02,15.665424776362));
#2916 = CARTESIAN_POINT('',(0.184050086052,15.66610863169));
#2917 = CARTESIAN_POINT('',(0.276655744701,15.667474341317));
#2918 = CARTESIAN_POINT('',(0.370513396566,15.669493732404));
#2919 = CARTESIAN_POINT('',(0.466281287932,15.672110231139));
#2920 = CARTESIAN_POINT('',(0.564632035392,15.67521807435));
#2921 = CARTESIAN_POINT('',(0.751942643309,15.681511986448));
#2922 = CARTESIAN_POINT('',(0.840654253865,15.684632009058));
#2923 = CARTESIAN_POINT('',(0.932447651778,15.687875576217));
#2924 = CARTESIAN_POINT('',(1.02735672636,15.691070065673));
#2925 = CARTESIAN_POINT('',(1.125515314613,15.693994833765));
#2926 = CARTESIAN_POINT('',(1.227180230022,15.696405278176));
#2927 = CARTESIAN_POINT('',(1.420494892587,15.699467718555));
#2928 = CARTESIAN_POINT('',(1.51003292461,15.700334783093));
#2929 = CARTESIAN_POINT('',(1.600357600208,15.70055109993));
#2930 = CARTESIAN_POINT('',(1.690589910742,15.70005871044));
#2931 = CARTESIAN_POINT('',(1.77988874793,15.698905982909));
#2932 = CARTESIAN_POINT('',(1.867300603159,15.697235557384));
#2933 = CARTESIAN_POINT('',(2.057860001731,15.692689240676));
#2934 = CARTESIAN_POINT('',(2.159534672408,15.689604184732));
#2935 = CARTESIAN_POINT('',(2.257317978444,15.68624223128));
#2936 = CARTESIAN_POINT('',(2.351685179759,15.682848895051));
#2937 = CARTESIAN_POINT('',(2.443040753277,15.679608481272));
#2938 = CARTESIAN_POINT('',(2.531708534248,15.676653079716));
#2939 = CARTESIAN_POINT('',(2.710492233654,15.671299461648));
#2940 = CARTESIAN_POINT('',(2.800671106692,15.668944170915));
#2941 = CARTESIAN_POINT('',(2.889155871014,15.667108420892));
#2942 = CARTESIAN_POINT('',(2.97649026901,15.665850890612));
#2943 = CARTESIAN_POINT('',(3.063187198746,15.665201140213));
#2944 = CARTESIAN_POINT('',(3.149768313119,15.665167724661));
#2945 = CARTESIAN_POINT('',(3.321545846803,15.66629185565));
#2946 = CARTESIAN_POINT('',(3.406618905345,15.66741766407));
#2947 = CARTESIAN_POINT('',(3.492560382797,15.669099995677));
#2948 = CARTESIAN_POINT('',(3.579879315867,15.671304806079));
#2949 = CARTESIAN_POINT('',(3.669105314947,15.673973889509));
#2950 = CARTESIAN_POINT('',(3.760786505727,15.677008461616));
#2951 = CARTESIAN_POINT('',(3.935558624343,15.682989833272));
#2952 = CARTESIAN_POINT('',(4.01836786795,15.6858972658));
#2953 = CARTESIAN_POINT('',(4.103904285248,15.688866364845));
#2954 = CARTESIAN_POINT('',(4.19215365655,15.691750603548));
#2955 = CARTESIAN_POINT('',(4.28318564145,15.694371631532));
#2956 = CARTESIAN_POINT('',(4.377164881617,15.696538222016));
#2957 = CARTESIAN_POINT('',(4.5620875455,15.699467718545));
#2958 = CARTESIAN_POINT('',(4.65162557989,15.700334783098));
#2959 = CARTESIAN_POINT('',(4.74195025271,15.700551099946));
#2960 = CARTESIAN_POINT('',(4.832182563311,15.700058710434));
#2961 = CARTESIAN_POINT('',(4.921481403294,15.698905982887));
#2962 = CARTESIAN_POINT('',(5.008893255991,15.697235557402));
#2963 = CARTESIAN_POINT('',(5.174787355609,15.693277698999));
#2964 = CARTESIAN_POINT('',(5.256390218145,15.690942091075));
#2965 = CARTESIAN_POINT('',(5.337987137631,15.688302381586));
#2966 = CARTESIAN_POINT('',(5.419584804946,15.685468899409));
#2967 = CARTESIAN_POINT('',(5.501186864489,15.682567145917));
#2968 = CARTESIAN_POINT('',(5.582788767254,15.679725208483));
#2969 = CARTESIAN_POINT('',(5.758068627234,15.673997976285));
#2970 = CARTESIAN_POINT('',(5.849016839925,15.671257759494));
#2971 = CARTESIAN_POINT('',(5.937877630413,15.668968554665));
#2972 = CARTESIAN_POINT('',(6.02520341679,15.667207937187));
#2973 = CARTESIAN_POINT('',(6.111510418679,15.666019674924));
#2974 = CARTESIAN_POINT('',(6.197320224894,15.665424776362));
#2975 = CARTESIAN_POINT('',(6.28318530718,15.665424776362));
#2976 = ( GEOMETRIC_REPRESENTATION_CONTEXT(2) 
PARAMETRIC_REPRESENTATION_CONTEXT() REPRESENTATION_CONTEXT('2D SPACE',''
  ) );
#2977 = FACE_BOUND('',#2978,.T.);
#2978 = EDGE_LOOP('',(#2979));
#2979 = ORIENTED_EDGE('',*,*,#2980,.F.);
#2980 = EDGE_CURVE('',#2981,#2981,#2983,.T.);
#2981 = VERTEX_POINT('',#2982);
#2982 = CARTESIAN_POINT('',(111.95499648651,110.7805432452,
    336.55198651616));
#2983 = SURFACE_CURVE('',#2984,(#3047,#3113),.PCURVE_S1.);
#2984 = B_SPLINE_CURVE_WITH_KNOTS('',7,(#2985,#2986,#2987,#2988,#2989,
    #2990,#2991,#2992,#2993,#2994,#2995,#2996,#2997,#2998,#2999,#3000,
    #3001,#3002,#3003,#3004,#3005,#3006,#3007,#3008,#3009,#3010,#3011,
    #3012,#3013,#3014,#3015,#3016,#3017,#3018,#3019,#3020,#3021,#3022,
    #3023,#3024,#3025,#3026,#3027,#3028,#3029,#3030,#3031,#3032,#3033,
    #3034,#3035,#3036,#3037,#3038,#3039,#3040,#3041,#3042,#3043,#3044,
    #3045,#3046),.UNSPECIFIED.,.T.,.F.,(8,6,6,6,6,6,6,6,6,6,8),(0.,
    0.121838698298,0.224255539098,0.309296604064,0.416501890429,
    0.53142653783,0.643352480556,0.737762085469,0.822920877588,
    0.905356474706,1.),.UNSPECIFIED.);
#2985 = CARTESIAN_POINT('',(111.95499648651,110.7805432452,
    336.55198651616));
#2986 = CARTESIAN_POINT('',(111.95499648651,110.7805432452,
    336.24817385766));
#2987 = CARTESIAN_POINT('',(111.93203945847,110.80374365082,
    335.94462086893));
#2988 = CARTESIAN_POINT('',(111.88619328624,110.85007588795,
    335.64322983404));
#2989 = CARTESIAN_POINT('',(111.81694090585,110.92000182131,
    335.34608175477));
#2990 = CARTESIAN_POINT('',(111.72328962994,111.01440470179,
    335.05580753929));
#2991 = CARTESIAN_POINT('',(111.60388631106,111.13444861057,
    334.776041397));
#2992 = CARTESIAN_POINT('',(111.33387787402,111.40488363327,
    334.29016233032));
#2993 = CARTESIAN_POINT('',(111.1901950339,111.54847426041,
    334.07746392855));
#2994 = CARTESIAN_POINT('',(111.02555288858,111.71254899996,
    333.87915402074));
#2995 = CARTESIAN_POINT('',(110.83993594224,111.89688248551,
    333.70073334757));
#2996 = CARTESIAN_POINT('',(110.63390248022,112.10062641484,
    333.54800886491));
#2997 = CARTESIAN_POINT('',(110.40872310536,112.32220880003,
    333.42717857369));
#2998 = CARTESIAN_POINT('',(109.9656592996,112.75585517311,
    333.27677889651));
#2999 = CARTESIAN_POINT('',(109.755047112,112.96117098134,
    333.23589279489));
#3000 = CARTESIAN_POINT('',(109.53931800163,113.17053950118,
    333.22620430648));
#3001 = CARTESIAN_POINT('',(109.32353214868,113.37897610305,
    333.24902705095));
#3002 = CARTESIAN_POINT('',(109.11285011477,113.58154694131,
    333.30317284481));
#3003 = CARTESIAN_POINT('',(108.91207955864,113.77379145343,
    333.38498589479));
#3004 = CARTESIAN_POINT('',(108.48968406788,114.17681219251,
    333.61870434998));
#3005 = CARTESIAN_POINT('',(108.27545566356,114.38012902559,
    333.78376683467));
#3006 = CARTESIAN_POINT('',(108.08370496322,114.56127668404,
    333.97574225968));
#3007 = CARTESIAN_POINT('',(107.91464954797,114.72038619706,
    334.18832911474));
#3008 = CARTESIAN_POINT('',(107.76796820029,114.85802551686,
    334.41632204926));
#3009 = CARTESIAN_POINT('',(107.64302497617,114.97499489064,
    334.65539302726));
#3010 = CARTESIAN_POINT('',(107.42746243002,115.17644558276,
    335.16633607134));
#3011 = CARTESIAN_POINT('',(107.33945868216,115.25845187342,
    335.44052462024));
#3012 = CARTESIAN_POINT('',(107.27398840094,115.31934402796,
    335.72117176298));
#3013 = CARTESIAN_POINT('',(107.23026715689,115.35996396574,
    336.00583053267));
#3014 = CARTESIAN_POINT('',(107.20779764905,115.38083479475,
    336.29259915299));
#3015 = CARTESIAN_POINT('',(107.20643482161,115.38210900461,
    336.57979224157));
#3016 = CARTESIAN_POINT('',(107.2459116692,115.34541662916,
    337.14409129021));
#3017 = CARTESIAN_POINT('',(107.28562787185,115.30849462598,
    337.42093265161));
#3018 = CARTESIAN_POINT('',(107.34574220806,115.25257937953,
    337.69469421773));
#3019 = CARTESIAN_POINT('',(107.42679805274,115.17709688612,
    337.96358481133));
#3020 = CARTESIAN_POINT('',(107.52962947367,115.08115778002,
    338.22527659262));
#3021 = CARTESIAN_POINT('',(107.65523820407,114.9636537,338.47658707277)
  );
#3022 = CARTESIAN_POINT('',(107.9306226132,114.70510265133,
    338.91246411723));
#3023 = CARTESIAN_POINT('',(108.07451509395,114.56970238444,
    339.10286464243));
#3024 = CARTESIAN_POINT('',(108.2364605315,114.41689251815,
    339.27980198729));
#3025 = CARTESIAN_POINT('',(108.41609204915,114.24682455478,
    339.4386998826));
#3026 = CARTESIAN_POINT('',(108.61252384585,114.06010857983,
    339.57484102643));
#3027 = CARTESIAN_POINT('',(108.82429924234,113.85788999614,
    339.68332347176));
#3028 = CARTESIAN_POINT('',(109.25220663055,113.44727606854,
    339.82719413634));
#3029 = CARTESIAN_POINT('',(109.4640256488,113.24320555686,
    339.86808023723));
#3030 = CARTESIAN_POINT('',(109.68005584915,113.03414770844,
    339.87776872504));
#3031 = CARTESIAN_POINT('',(109.8951563627,112.82500392936,
    339.85494598164));
#3032 = CARTESIAN_POINT('',(110.1042339501,112.62077753244,
    339.80080018863));
#3033 = CARTESIAN_POINT('',(110.30267950649,112.4261339243,
    339.7189871366));
#3034 = CARTESIAN_POINT('',(110.66489289346,112.06959435548,
    339.51552032965));
#3035 = CARTESIAN_POINT('',(110.83595214032,111.90056505493,
    339.39163602516));
#3036 = CARTESIAN_POINT('',(110.99799216652,111.73985298072,
    339.24504875013));
#3037 = CARTESIAN_POINT('',(111.14926511055,111.58930565785,
    339.07722897809));
#3038 = CARTESIAN_POINT('',(111.28818896805,111.45063100442,
    338.89000352423));
#3039 = CARTESIAN_POINT('',(111.41337502626,111.325353217,
    338.68551791886));
#3040 = CARTESIAN_POINT('',(111.6503276984,111.0877423101,
    338.21434801472));
#3041 = CARTESIAN_POINT('',(111.75367170516,110.98377373167,
    337.95027315508));
#3042 = CARTESIAN_POINT('',(111.83493021934,110.90183669106,
    337.6778673937));
#3043 = CARTESIAN_POINT('',(111.89513291733,110.84104133632,
    337.3999204773));
#3044 = CARTESIAN_POINT('',(111.93502708616,110.8007244059,
    337.11851118548));
#3045 = CARTESIAN_POINT('',(111.95499648651,110.7805432452,
    336.8353412877));
#3046 = CARTESIAN_POINT('',(111.95499648651,110.7805432452,
    336.55198651616));
#3047 = PCURVE('',#1248,#3048);
#3048 = DEFINITIONAL_REPRESENTATION('',(#3049),#3112);
#3049 = B_SPLINE_CURVE_WITH_KNOTS('',7,(#3050,#3051,#3052,#3053,#3054,
    #3055,#3056,#3057,#3058,#3059,#3060,#3061,#3062,#3063,#3064,#3065,
    #3066,#3067,#3068,#3069,#3070,#3071,#3072,#3073,#3074,#3075,#3076,
    #3077,#3078,#3079,#3080,#3081,#3082,#3083,#3084,#3085,#3086,#3087,
    #3088,#3089,#3090,#3091,#3092,#3093,#3094,#3095,#3096,#3097,#3098,
    #3099,#3100,#3101,#3102,#3103,#3104,#3105,#3106,#3107,#3108,#3109,
    #3110,#3111),.UNSPECIFIED.,.T.,.F.,(8,6,6,6,6,6,6,6,6,6,8),(0.,
    0.121838698298,0.224255539098,0.309296604064,0.416501890429,
    0.53142653783,0.643352480556,0.737762085469,0.822920877588,
    0.905356474706,1.),.UNSPECIFIED.);
#3050 = CARTESIAN_POINT('',(0.780125352608,256.55198651616));
#3051 = CARTESIAN_POINT('',(0.780125352608,256.24817385766));
#3052 = CARTESIAN_POINT('',(0.780332582372,255.94462086893));
#3053 = CARTESIAN_POINT('',(0.780746429268,255.64322983404));
#3054 = CARTESIAN_POINT('',(0.781371286841,255.34608175477));
#3055 = CARTESIAN_POINT('',(0.782215574684,255.05580753929));
#3056 = CARTESIAN_POINT('',(0.78329059096,254.776041397));
#3057 = CARTESIAN_POINT('',(0.785716948765,254.29016233032));
#3058 = CARTESIAN_POINT('',(0.78700668142,254.07746392855));
#3059 = CARTESIAN_POINT('',(0.788482477793,253.87915402074));
#3060 = CARTESIAN_POINT('',(0.790143399641,253.70073334757));
#3061 = CARTESIAN_POINT('',(0.791983143368,253.54800886491));
#3062 = CARTESIAN_POINT('',(0.793988967857,253.42717857369));
#3063 = CARTESIAN_POINT('',(0.797925243901,253.27677889651));
#3064 = CARTESIAN_POINT('',(0.799792728227,253.23589279489));
#3065 = CARTESIAN_POINT('',(0.801701438063,253.22620430648));
#3066 = CARTESIAN_POINT('',(0.803606289891,253.24902705095));
#3067 = CARTESIAN_POINT('',(0.805461966817,253.30317284481));
#3068 = CARTESIAN_POINT('',(0.807226846703,253.38498589479));
#3069 = CARTESIAN_POINT('',(0.810933628795,253.61870434998));
#3070 = CARTESIAN_POINT('',(0.812808859412,253.78376683467));
#3071 = CARTESIAN_POINT('',(0.814483682045,253.97574225968));
#3072 = CARTESIAN_POINT('',(0.815957673669,254.18832911474));
#3073 = CARTESIAN_POINT('',(0.81723479418,254.41632204926));
#3074 = CARTESIAN_POINT('',(0.818321466392,254.65539302726));
#3075 = CARTESIAN_POINT('',(0.820194746897,255.16633607134));
#3076 = CARTESIAN_POINT('',(0.820958492346,255.44052462024));
#3077 = CARTESIAN_POINT('',(0.821526176987,255.72117176298));
#3078 = CARTESIAN_POINT('',(0.821905088342,256.00583053267));
#3079 = CARTESIAN_POINT('',(0.822099799965,256.29259915299));
#3080 = CARTESIAN_POINT('',(0.82211164576,256.57979224157));
#3081 = CARTESIAN_POINT('',(0.82176945052,257.14409129021));
#3082 = CARTESIAN_POINT('',(0.82142514956,257.42093265161));
#3083 = CARTESIAN_POINT('',(0.820903885999,257.69469421773));
#3084 = CARTESIAN_POINT('',(0.820200651599,257.96358481133));
#3085 = CARTESIAN_POINT('',(0.81930772253,258.22527659262));
#3086 = CARTESIAN_POINT('',(0.818215646759,258.47658707277));
#3087 = CARTESIAN_POINT('',(0.815817316799,258.91246411723));
#3088 = CARTESIAN_POINT('',(0.81456283465,259.10286464243));
#3089 = CARTESIAN_POINT('',(0.813149126725,259.27980198729));
#3090 = CARTESIAN_POINT('',(0.811578545106,259.4386998826));
#3091 = CARTESIAN_POINT('',(0.809857831067,259.57484102643));
#3092 = CARTESIAN_POINT('',(0.807998687905,259.68332347176));
#3093 = CARTESIAN_POINT('',(0.80423328986,259.82719413634));
#3094 = CARTESIAN_POINT('',(0.802365805582,259.86808023723));
#3095 = CARTESIAN_POINT('',(0.80045709569,259.87776872504));
#3096 = CARTESIAN_POINT('',(0.798552243863,259.85494598164));
#3097 = CARTESIAN_POINT('',(0.796696566993,259.80080018863));
#3098 = CARTESIAN_POINT('',(0.794931687057,259.7189871366));
#3099 = CARTESIAN_POINT('',(0.791704697063,259.51552032965));
#3100 = CARTESIAN_POINT('',(0.790177822423,259.39163602516));
#3101 = CARTESIAN_POINT('',(0.78872879683,259.24504875013));
#3102 = CARTESIAN_POINT('',(0.78737375371,259.07722897809));
#3103 = CARTESIAN_POINT('',(0.786127457777,258.89000352423));
#3104 = CARTESIAN_POINT('',(0.785002984109,258.68551791886));
#3105 = CARTESIAN_POINT('',(0.782872397139,258.21434801472));
#3106 = CARTESIAN_POINT('',(0.781941650417,257.95027315508));
#3107 = CARTESIAN_POINT('',(0.781208967185,257.6778673937));
#3108 = CARTESIAN_POINT('',(0.780665731811,257.3999204773));
#3109 = CARTESIAN_POINT('',(0.780305613756,257.11851118548));
#3110 = CARTESIAN_POINT('',(0.780125352608,256.8353412877));
#3111 = CARTESIAN_POINT('',(0.780125352608,256.55198651616));
#3112 = ( GEOMETRIC_REPRESENTATION_CONTEXT(2) 
PARAMETRIC_REPRESENTATION_CONTEXT() REPRESENTATION_CONTEXT('2D SPACE',''
  ) );
#3113 = PCURVE('',#3114,#3119);
#3114 = CYLINDRICAL_SURFACE('',#3115,3.3);
#3115 = AXIS2_PLACEMENT_3D('',#3116,#3117,#3118);
#3116 = CARTESIAN_POINT('',(98.68316966069,101.82765845152,
    336.55198651616));
#3117 = DIRECTION('',(0.695932085054,0.718107605441,0.));
#3118 = DIRECTION('',(0.718107605441,-0.695932085054,0.));
#3119 = DEFINITIONAL_REPRESENTATION('',(#3120),#3183);
#3120 = B_SPLINE_CURVE_WITH_KNOTS('',7,(#3121,#3122,#3123,#3124,#3125,
    #3126,#3127,#3128,#3129,#3130,#3131,#3132,#3133,#3134,#3135,#3136,
    #3137,#3138,#3139,#3140,#3141,#3142,#3143,#3144,#3145,#3146,#3147,
    #3148,#3149,#3150,#3151,#3152,#3153,#3154,#3155,#3156,#3157,#3158,
    #3159,#3160,#3161,#3162,#3163,#3164,#3165,#3166,#3167,#3168,#3169,
    #3170,#3171,#3172,#3173,#3174,#3175,#3176,#3177,#3178,#3179,#3180,
    #3181,#3182),.UNSPECIFIED.,.F.,.F.,(8,6,6,6,6,6,6,6,6,6,8),(0.,
    0.121838698298,0.224255539098,0.309296604064,0.416501890429,
    0.53142653783,0.643352480556,0.737762085469,0.822920877588,
    0.905356474706,1.),.UNSPECIFIED.);
#3121 = CARTESIAN_POINT('',(0.,15.665424776362));
#3122 = CARTESIAN_POINT('',(9.206444196989E-02,15.665424776362));
#3123 = CARTESIAN_POINT('',(0.184050086052,15.66610863169));
#3124 = CARTESIAN_POINT('',(0.276655744701,15.667474341317));
#3125 = CARTESIAN_POINT('',(0.370513396566,15.669493732404));
#3126 = CARTESIAN_POINT('',(0.466281287932,15.672110231138));
#3127 = CARTESIAN_POINT('',(0.564632035392,15.67521807435));
#3128 = CARTESIAN_POINT('',(0.751942640487,15.681511986353));
#3129 = CARTESIAN_POINT('',(0.840654261154,15.684632009265));
#3130 = CARTESIAN_POINT('',(0.932447646866,15.687875576112));
#3131 = CARTESIAN_POINT('',(1.027356722027,15.691070065542));
#3132 = CARTESIAN_POINT('',(1.12551532261,15.693994833939));
#3133 = CARTESIAN_POINT('',(1.227180226426,15.696405278119));
#3134 = CARTESIAN_POINT('',(1.42049489191,15.699467718545));
#3135 = CARTESIAN_POINT('',(1.5100329263,15.700334783098));
#3136 = CARTESIAN_POINT('',(1.600357599121,15.700551099946));
#3137 = CARTESIAN_POINT('',(1.690589909721,15.700058710434));
#3138 = CARTESIAN_POINT('',(1.779888749704,15.698905982887));
#3139 = CARTESIAN_POINT('',(1.867300602401,15.697235557402));
#3140 = CARTESIAN_POINT('',(2.057860001718,15.692689240676));
#3141 = CARTESIAN_POINT('',(2.159534672406,15.689604184732));
#3142 = CARTESIAN_POINT('',(2.257317978453,15.68624223128));
#3143 = CARTESIAN_POINT('',(2.35168517977,15.682848895051));
#3144 = CARTESIAN_POINT('',(2.443040753276,15.679608481272));
#3145 = CARTESIAN_POINT('',(2.531708534235,15.676653079716));
#3146 = CARTESIAN_POINT('',(2.710492233654,15.671299461648));
#3147 = CARTESIAN_POINT('',(2.800671106692,15.668944170915));
#3148 = CARTESIAN_POINT('',(2.889155871014,15.667108420892));
#3149 = CARTESIAN_POINT('',(2.97649026901,15.665850890612));
#3150 = CARTESIAN_POINT('',(3.063187198747,15.665201140213));
#3151 = CARTESIAN_POINT('',(3.149768313119,15.665167724661));
#3152 = CARTESIAN_POINT('',(3.321545846803,15.66629185565));
#3153 = CARTESIAN_POINT('',(3.406618905345,15.667417664071));
#3154 = CARTESIAN_POINT('',(3.492560382797,15.669099995676));
#3155 = CARTESIAN_POINT('',(3.579879315867,15.671304806079));
#3156 = CARTESIAN_POINT('',(3.669105314947,15.673973889508));
#3157 = CARTESIAN_POINT('',(3.760786505727,15.677008461616));
#3158 = CARTESIAN_POINT('',(3.935558622509,15.68298983321));
#3159 = CARTESIAN_POINT('',(4.018367872601,15.685897265934));
#3160 = CARTESIAN_POINT('',(4.103904282159,15.68886636478));
#3161 = CARTESIAN_POINT('',(4.192153653791,15.691750603463));
#3162 = CARTESIAN_POINT('',(4.283185646504,15.694371631642));
#3163 = CARTESIAN_POINT('',(4.377164879341,15.69653822198));
#3164 = CARTESIAN_POINT('',(4.562087546176,15.699467718555));
#3165 = CARTESIAN_POINT('',(4.6516255782,15.700334783093));
#3166 = CARTESIAN_POINT('',(4.741950253798,15.70055109993));
#3167 = CARTESIAN_POINT('',(4.832182564331,15.70005871044));
#3168 = CARTESIAN_POINT('',(4.92148140152,15.698905982908));
#3169 = CARTESIAN_POINT('',(5.008893256748,15.697235557384));
#3170 = CARTESIAN_POINT('',(5.174787355621,15.693277698999));
#3171 = CARTESIAN_POINT('',(5.256390218134,15.690942091075));
#3172 = CARTESIAN_POINT('',(5.33798713762,15.688302381587));
#3173 = CARTESIAN_POINT('',(5.419584804955,15.685468899408));
#3174 = CARTESIAN_POINT('',(5.501186864503,15.682567145917));
#3175 = CARTESIAN_POINT('',(5.582788767241,15.679725208484));
#3176 = CARTESIAN_POINT('',(5.758068627234,15.673997976285));
#3177 = CARTESIAN_POINT('',(5.849016839925,15.671257759494));
#3178 = CARTESIAN_POINT('',(5.937877630413,15.668968554665));
#3179 = CARTESIAN_POINT('',(6.02520341679,15.667207937187));
#3180 = CARTESIAN_POINT('',(6.111510418679,15.666019674924));
#3181 = CARTESIAN_POINT('',(6.197320224894,15.665424776362));
#3182 = CARTESIAN_POINT('',(6.28318530718,15.665424776362));
#3183 = ( GEOMETRIC_REPRESENTATION_CONTEXT(2) 
PARAMETRIC_REPRESENTATION_CONTEXT() REPRESENTATION_CONTEXT('2D SPACE',''
  ) );
#3184 = FACE_BOUND('',#3185,.T.);
#3185 = EDGE_LOOP('',(#3186));
#3186 = ORIENTED_EDGE('',*,*,#3187,.F.);
#3187 = EDGE_CURVE('',#3188,#3188,#3190,.T.);
#3188 = VERTEX_POINT('',#3189);
#3189 = CARTESIAN_POINT('',(-138.4963898446,-75.,328.96239321882));
#3190 = SURFACE_CURVE('',#3191,(#3376,#3564),.PCURVE_S1.);
#3191 = B_SPLINE_CURVE_WITH_KNOTS('',8,(#3192,#3193,#3194,#3195,#3196,
    #3197,#3198,#3199,#3200,#3201,#3202,#3203,#3204,#3205,#3206,#3207,
    #3208,#3209,#3210,#3211,#3212,#3213,#3214,#3215,#3216,#3217,#3218,
    #3219,#3220,#3221,#3222,#3223,#3224,#3225,#3226,#3227,#3228,#3229,
    #3230,#3231,#3232,#3233,#3234,#3235,#3236,#3237,#3238,#3239,#3240,
    #3241,#3242,#3243,#3244,#3245,#3246,#3247,#3248,#3249,#3250,#3251,
    #3252,#3253,#3254,#3255,#3256,#3257,#3258,#3259,#3260,#3261,#3262,
    #3263,#3264,#3265,#3266,#3267,#3268,#3269,#3270,#3271,#3272,#3273,
    #3274,#3275,#3276,#3277,#3278,#3279,#3280,#3281,#3282,#3283,#3284,
    #3285,#3286,#3287,#3288,#3289,#3290,#3291,#3292,#3293,#3294,#3295,
    #3296,#3297,#3298,#3299,#3300,#3301,#3302,#3303,#3304,#3305,#3306,
    #3307,#3308,#3309,#3310,#3311,#3312,#3313,#3314,#3315,#3316,#3317,
    #3318,#3319,#3320,#3321,#3322,#3323,#3324,#3325,#3326,#3327,#3328,
    #3329,#3330,#3331,#3332,#3333,#3334,#3335,#3336,#3337,#3338,#3339,
    #3340,#3341,#3342,#3343,#3344,#3345,#3346,#3347,#3348,#3349,#3350,
    #3351,#3352,#3353,#3354,#3355,#3356,#3357,#3358,#3359,#3360,#3361,
    #3362,#3363,#3364,#3365,#3366,#3367,#3368,#3369,#3370,#3371,#3372,
    #3373,#3374,#3375),.UNSPECIFIED.,.T.,.F.,(9,7,7,7,7,7,7,7,7,7,7,7,7,
    7,7,7,7,7,7,7,7,7,7,7,7,7,9),(0.,2.264416675969E-02,
    3.404118602691E-02,5.648650125131E-02,7.82633750437E-02,
    8.940415236583E-02,0.111331829983,0.142304336056,0.16936828126,
    0.192330418896,0.268246896864,0.35041682339,0.387339430909,
    0.445522213744,0.52324414613,0.569765557038,0.589006302033,
    0.620857171862,0.648803695426,0.660515890253,0.711064619985,
    0.774411044362,0.8492072615,0.898803273724,0.939608747523,
    0.967768691459,1.),.UNSPECIFIED.);
#3192 = CARTESIAN_POINT('',(-138.4963898446,-75.,328.96239321882));
#3193 = CARTESIAN_POINT('',(-138.8784417154,-74.29449593555,
    329.13372441053));
#3194 = CARTESIAN_POINT('',(-139.2609371959,-73.57836395701,
    329.28888044282));
#3195 = CARTESIAN_POINT('',(-139.6436013023,-72.85170282744,
    329.4269264323));
#3196 = CARTESIAN_POINT('',(-140.0260926948,-72.11474056169,
    329.54685999332));
#3197 = CARTESIAN_POINT('',(-140.4080063595,-71.3678449303,
    329.6476274025));
#3198 = CARTESIAN_POINT('',(-140.7888763432,-70.61153729925,
    329.72814731664));
#3199 = CARTESIAN_POINT('',(-141.1681785407,-69.84650980581,
    329.78734204403));
#3200 = CARTESIAN_POINT('',(-141.735159147,-68.68465627942,
    329.8427154269));
#3201 = CARTESIAN_POINT('',(-141.9244370368,-68.2936893247,
    329.85558975487));
#3202 = CARTESIAN_POINT('',(-142.1130905441,-67.90086360315,
    329.86266772125));
#3203 = CARTESIAN_POINT('',(-142.3010389142,-67.50631133832,
    329.86382068838));
#3204 = CARTESIAN_POINT('',(-142.4881975592,-67.11017885852,
    329.85892489551));
#3205 = CARTESIAN_POINT('',(-142.6744783165,-66.71262707522,
    329.84786334167));
#3206 = CARTESIAN_POINT('',(-142.8597897076,-66.31383196124,
    329.83052766839));
#3207 = CARTESIAN_POINT('',(-143.4068946139,-65.12652558711,
    329.76013019109));
#3208 = CARTESIAN_POINT('',(-143.7656802113,-64.33486816705,
    329.6887196463));
#3209 = CARTESIAN_POINT('',(-144.119605175,-63.54061389493,
    329.5918375817));
#3210 = CARTESIAN_POINT('',(-144.4678975523,-62.74547401978,
    329.46891256756));
#3211 = CARTESIAN_POINT('',(-144.8098099412,-61.95126811203,
    329.31958584624));
#3212 = CARTESIAN_POINT('',(-145.1446259783,-61.15991996386,
    329.1437503173));
#3213 = CARTESIAN_POINT('',(-145.4716656232,-60.37345119148,
    328.94159523232));
#3214 = CARTESIAN_POINT('',(-146.0994239642,-58.83770745422,
    328.49250618171));
#3215 = CARTESIAN_POINT('',(-146.4007018394,-58.08786239604,
    328.24703830799));
#3216 = CARTESIAN_POINT('',(-146.6935370143,-57.3463594019,
    327.97772164386));
#3217 = CARTESIAN_POINT('',(-146.9774944586,-56.61491771649,
    327.68524776281));
#3218 = CARTESIAN_POINT('',(-147.2522673913,-55.89506682065,
    327.37049568646));
#3219 = CARTESIAN_POINT('',(-147.5176572621,-55.18815814537,
    327.03450022696));
#3220 = CARTESIAN_POINT('',(-147.7735562876,-54.49537547126,
    326.67842413188));
#3221 = CARTESIAN_POINT('',(-148.145975562,-53.47107620186,
    326.11174492672));
#3222 = CARTESIAN_POINT('',(-148.2695348673,-53.12835009076,
    325.91501862265));
#3223 = CARTESIAN_POINT('',(-148.39061084,-52.78968961928,
    325.71351576591));
#3224 = CARTESIAN_POINT('',(-148.5092108132,-52.45520216434,
    325.50739910178));
#3225 = CARTESIAN_POINT('',(-148.6253482542,-52.12497964357,
    325.29683223361));
#3226 = CARTESIAN_POINT('',(-148.7390419504,-51.79909961817,
    325.08197838236));
#3227 = CARTESIAN_POINT('',(-148.8503151944,-51.47762639586,
    324.86299914604));
#3228 = CARTESIAN_POINT('',(-149.1734960502,-50.53665328988,
    324.20124316638));
#3229 = CARTESIAN_POINT('',(-149.3785181663,-49.92998809259,
    323.74708047224));
#3230 = CARTESIAN_POINT('',(-149.5744794912,-49.34098093025,
    323.27875685578));
#3231 = CARTESIAN_POINT('',(-149.7616488861,-48.76982769582,
    322.79742519185));
#3232 = CARTESIAN_POINT('',(-149.9403278427,-48.21658604269,
    322.30417784811));
#3233 = CARTESIAN_POINT('',(-150.1108366274,-47.68120083629,
    321.80002880359));
#3234 = CARTESIAN_POINT('',(-150.2735046289,-47.16352480155,
    321.28589958921));
#3235 = CARTESIAN_POINT('',(-150.6478264049,-45.95682309944,
    320.0234692428));
#3236 = CARTESIAN_POINT('',(-150.851980505,-45.28528958545,
    319.26614745675));
#3237 = CARTESIAN_POINT('',(-151.0420923676,-44.64802314205,
    318.49289036532));
#3238 = CARTESIAN_POINT('',(-151.2190719795,-44.04421803744,
    317.70571478125));
#3239 = CARTESIAN_POINT('',(-151.3837710759,-43.47299760939,
    316.90639857577));
#3240 = CARTESIAN_POINT('',(-151.5369814229,-42.93343838861,
    316.09647176265));
#3241 = CARTESIAN_POINT('',(-151.6794344586,-42.42459422625,
    315.27720774718));
#3242 = CARTESIAN_POINT('',(-151.9274660353,-41.52690311876,
    313.72645944386));
#3243 = CARTESIAN_POINT('',(-152.0354173233,-41.13106009066,
    312.99701987822));
#3244 = CARTESIAN_POINT('',(-152.1361004456,-40.75737736505,
    312.26201266328));
#3245 = CARTESIAN_POINT('',(-152.2299137556,-40.40528354858,
    311.52208565708));
#3246 = CARTESIAN_POINT('',(-152.3172161979,-40.07424213939,
    310.77781952797));
#3247 = CARTESIAN_POINT('',(-152.398332273,-39.76374699546,
    310.02972864637));
#3248 = CARTESIAN_POINT('',(-152.4735554447,-39.47332096303,
    309.27826129565));
#3249 = CARTESIAN_POINT('',(-152.6021967953,-38.97275727483,
    307.8836832733));
#3250 = CARTESIAN_POINT('',(-152.6571902685,-38.75712859466,
    307.24142967841));
#3251 = CARTESIAN_POINT('',(-152.7082910619,-38.55536168263,
    306.59728174255));
#3252 = CARTESIAN_POINT('',(-152.7556440693,-38.36720634979,
    305.95146640982));
#3253 = CARTESIAN_POINT('',(-152.7993796915,-38.19243061264,
    305.30419436981));
#3254 = CARTESIAN_POINT('',(-152.839615102,-38.03081914583,
    304.65566018389));
#3255 = CARTESIAN_POINT('',(-152.876455513,-37.88217173486,
    304.0060424115));
#3256 = CARTESIAN_POINT('',(-153.020883776,-37.29709388562,
    301.20471944191));
#3257 = CARTESIAN_POINT('',(-153.0956517701,-36.98772748015,
    299.04470068442));
#3258 = CARTESIAN_POINT('',(-153.137804654,-36.81108319948,
    296.88035269223));
#3259 = CARTESIAN_POINT('',(-153.1493263298,-36.76250793377,
    294.71634575662));
#3260 = CARTESIAN_POINT('',(-153.1312739593,-36.83854396247,
    292.55709017936));
#3261 = CARTESIAN_POINT('',(-153.0838581833,-37.03679042079,
    290.40667597913));
#3262 = CARTESIAN_POINT('',(-153.0065564114,-37.35569910341,
    288.26892322979));
#3263 = CARTESIAN_POINT('',(-152.7805502073,-38.27000296725,
    283.85100580189));
#3264 = CARTESIAN_POINT('',(-152.6266077563,-38.88552760932,
    281.57594136796));
#3265 = CARTESIAN_POINT('',(-152.4346437345,-39.64011195752,
    279.32697689404));
#3266 = CARTESIAN_POINT('',(-152.2021184016,-40.53347510225,
    277.1100403922));
#3267 = CARTESIAN_POINT('',(-151.9256446921,-41.56565661963,
    274.93200814636));
#3268 = CARTESIAN_POINT('',(-151.6009908692,-42.73675503545,
    272.80065554368));
#3269 = CARTESIAN_POINT('',(-151.2231075527,-44.04669163554,
    270.72460695478));
#3270 = CARTESIAN_POINT('',(-150.5896630774,-46.14613318974,
    267.80963160695));
#3271 = CARTESIAN_POINT('',(-150.3813511528,-46.82493537216,
    266.91909107461));
#3272 = CARTESIAN_POINT('',(-150.1605931107,-47.53157357879,
    266.04265702705));
#3273 = CARTESIAN_POINT('',(-149.9268435377,-48.2659314405,
    265.18131222697));
#3274 = CARTESIAN_POINT('',(-149.6795384798,-49.02783533754,
    264.33610760087));
#3275 = CARTESIAN_POINT('',(-149.4181006847,-49.81704441486,
    263.50815623721));
#3276 = CARTESIAN_POINT('',(-149.1419460546,-50.63324163155,
    262.69862731852));
#3277 = CARTESIAN_POINT('',(-148.3912158351,-52.80408835472,
    260.66403258072));
#3278 = CARTESIAN_POINT('',(-147.8939501001,-54.19816435135,
    259.46810352959));
#3279 = CARTESIAN_POINT('',(-147.3564225916,-55.6566516849,
    258.32575466621));
#3280 = CARTESIAN_POINT('',(-146.7764352087,-57.17724597335,
    257.24224562121));
#3281 = CARTESIAN_POINT('',(-146.1519674518,-58.75682442312,
    256.22315643568));
#3282 = CARTESIAN_POINT('',(-145.4813222696,-60.39135261562,
    255.27423771168));
#3283 = CARTESIAN_POINT('',(-144.7633135642,-62.07581425917,
    254.40124830132));
#3284 = CARTESIAN_POINT('',(-142.9744973422,-66.11293409345,
    252.55251924068));
#3285 = CARTESIAN_POINT('',(-141.8656751352,-68.5011745664,
    251.64019670526));
#3286 = CARTESIAN_POINT('',(-140.6706863619,-70.95265083469,
    250.8872921651));
#3287 = CARTESIAN_POINT('',(-139.3913533621,-73.44876843697,
    250.30646422008));
#3288 = CARTESIAN_POINT('',(-138.0322468036,-75.96900305454,
    249.90828268034));
#3289 = CARTESIAN_POINT('',(-136.6012863719,-78.49139720872,
    249.700937465));
#3290 = CARTESIAN_POINT('',(-135.110212634,-80.99305384798,
    249.69025743476));
#3291 = CARTESIAN_POINT('',(-132.6562407745,-84.9210178717,
    249.99150750394));
#3292 = CARTESIAN_POINT('',(-131.7213945536,-86.37619698264,
    250.17567636524));
#3293 = CARTESIAN_POINT('',(-130.7738194526,-87.81095834109,
    250.43182052417));
#3294 = CARTESIAN_POINT('',(-129.8171708863,-89.22058646251,
    250.76021051657));
#3295 = CARTESIAN_POINT('',(-128.8555079401,-90.60047627391,
    251.16079771103));
#3296 = CARTESIAN_POINT('',(-127.8932933665,-91.94613612453,
    251.63321662424));
#3297 = CARTESIAN_POINT('',(-126.9353780942,-93.25319012969,
    252.17673858908));
#3298 = CARTESIAN_POINT('',(-125.5947052608,-95.04024018024,
    253.04383888372));
#3299 = CARTESIAN_POINT('',(-125.2040763427,-95.55576309903,
    253.30948849752));
#3300 = CARTESIAN_POINT('',(-124.815442762,-96.06364946983,
    253.5870028297));
#3301 = CARTESIAN_POINT('',(-124.4291834297,-96.56360081741,
    253.87628008685));
#3302 = CARTESIAN_POINT('',(-124.045685873,-97.05532363861,
    254.17720273206));
#3303 = CARTESIAN_POINT('',(-123.6653450496,-97.53852993845,
    254.48963554791));
#3304 = CARTESIAN_POINT('',(-123.2885621618,-98.01293776614,
    254.81342369952));
#3305 = CARTESIAN_POINT('',(-122.2985844358,-99.24857935545,
    255.70289081501));
#3306 = CARTESIAN_POINT('',(-121.692248092,-99.99407216706,
    256.28806036309));
#3307 = CARTESIAN_POINT('',(-121.098623718,-100.7134397982,
    256.90306447494));
#3308 = CARTESIAN_POINT('',(-120.5195886641,-101.4054864186,
    257.54692729899));
#3309 = CARTESIAN_POINT('',(-119.9569897951,-102.0691293091,
    258.21852031736));
#3310 = CARTESIAN_POINT('',(-119.4126177802,-102.7034032422,
    258.91654225357));
#3311 = CARTESIAN_POINT('',(-118.8881742312,-103.3074706869,
    259.63949066973));
#3312 = CARTESIAN_POINT('',(-117.943940896,-104.383544963,
    261.04029709812));
#3313 = CARTESIAN_POINT('',(-117.5191623383,-104.8627093672,
    261.71287934691));
#3314 = CARTESIAN_POINT('',(-117.1119698086,-105.3176477007,
    262.40219244481));
#3315 = CARTESIAN_POINT('',(-116.7232996071,-105.748032334,
    263.1070040161));
#3316 = CARTESIAN_POINT('',(-116.3539465774,-106.1536747175,
    263.82603279828));
#3317 = CARTESIAN_POINT('',(-116.004560674,-106.53451232,264.55795155414
    ));
#3318 = CARTESIAN_POINT('',(-115.675644061,-106.8905991493,
    265.3013889618));
#3319 = CARTESIAN_POINT('',(-115.2384281257,-107.3610295065,
    266.37073452477));
#3320 = CARTESIAN_POINT('',(-115.1129612148,-107.4956444465,
    266.68832139573));
#3321 = CARTESIAN_POINT('',(-114.9911726264,-107.6259581725,
    267.00759114754));
#3322 = CARTESIAN_POINT('',(-114.8730816954,-107.7519882331,
    267.32844487893));
#3323 = CARTESIAN_POINT('',(-114.7587026909,-107.8737559195,
    267.65078483401));
#3324 = CARTESIAN_POINT('',(-114.6480450308,-107.9912859579,
    267.97451450085));
#3325 = CARTESIAN_POINT('',(-114.5411134959,-108.1046062024,
    268.29953871013));
#3326 = CARTESIAN_POINT('',(-113.9924851656,-108.6847901456,
    270.03372020947));
#3327 = CARTESIAN_POINT('',(-113.6165353278,-109.0779247875,
    271.46385455219));
#3328 = CARTESIAN_POINT('',(-113.3100126058,-109.3957016353,
    272.90875479495));
#3329 = CARTESIAN_POINT('',(-113.0712709547,-109.6417224518,
    274.3618584313));
#3330 = CARTESIAN_POINT('',(-112.897559739,-109.8200704843,
    275.81754043281));
#3331 = CARTESIAN_POINT('',(-112.7854596423,-109.9349628108,
    277.27116757002));
#3332 = CARTESIAN_POINT('',(-112.7312575741,-109.9905157991,
    278.71913629142));
#3333 = CARTESIAN_POINT('',(-112.7312603203,-109.9905129845,
    281.96320217506));
#3334 = CARTESIAN_POINT('',(-112.8163850738,-109.9032671526,
    283.75338102686));
#3335 = CARTESIAN_POINT('',(-112.9791578108,-109.736438208,
    285.52548609902));
#3336 = CARTESIAN_POINT('',(-113.2124495808,-109.496577178,
    287.27642382174));
#3337 = CARTESIAN_POINT('',(-113.5096538805,-109.1892730144,
    289.00392151434));
#3338 = CARTESIAN_POINT('',(-113.8648310586,-108.8192033938,
    290.70648686966));
#3339 = CARTESIAN_POINT('',(-114.2728229738,-108.3901099773,
    292.38337043288));
#3340 = CARTESIAN_POINT('',(-115.2683717546,-107.3315959971,
    295.9841285783));
#3341 = CARTESIAN_POINT('',(-115.8748099319,-106.6802465004,
    297.8969754464));
#3342 = CARTESIAN_POINT('',(-116.5414595138,-105.9553110319,
    299.77294018722));
#3343 = CARTESIAN_POINT('',(-117.2623258543,-105.1599929905,
    301.61152341672));
#3344 = CARTESIAN_POINT('',(-118.0323398977,-104.2964186255,
    303.41204555487));
#3345 = CARTESIAN_POINT('',(-118.847247927,-103.3657548676,
    305.17371883251));
#3346 = CARTESIAN_POINT('',(-119.703603392,-102.3681320354,
    306.89563093613));
#3347 = CARTESIAN_POINT('',(-121.1923860353,-100.5957617188,
    309.6913389799));
#3348 = CARTESIAN_POINT('',(-121.8029443528,-99.85929356875,
    310.78783612266));
#3349 = CARTESIAN_POINT('',(-122.4296615141,-99.0927511079,
    311.86577294345));
#3350 = CARTESIAN_POINT('',(-123.0718103519,-98.29572245139,
    312.92458680544));
#3351 = CARTESIAN_POINT('',(-123.7287363693,-97.4676514665,
    313.96355191338));
#3352 = CARTESIAN_POINT('',(-124.3998553384,-96.60782235916,
    314.98177517757));
#3353 = CARTESIAN_POINT('',(-125.0846605536,-95.7153232475,
    315.97817846817));
#3354 = CARTESIAN_POINT('',(-126.3570893871,-94.02684036611,
    317.75224757507));
#3355 = CARTESIAN_POINT('',(-126.940378916,-93.24184806785,
    318.53731682183));
#3356 = CARTESIAN_POINT('',(-127.5323879447,-92.43335368346,
    319.3059753248));
#3357 = CARTESIAN_POINT('',(-128.1328921809,-91.60064130022,
    320.05734984284));
#3358 = CARTESIAN_POINT('',(-128.741661571,-90.74293538335,
    320.79039422608));
#3359 = CARTESIAN_POINT('',(-129.3584642797,-89.85938436245,
    321.50387807772));
#3360 = CARTESIAN_POINT('',(-129.9830765013,-88.94902965784,
    322.19636342061));
#3361 = CARTESIAN_POINT('',(-131.0515955689,-87.36325836914,
    323.32840387277));
#3362 = CARTESIAN_POINT('',(-131.4914910542,-86.70250070981,
    323.77980987526));
#3363 = CARTESIAN_POINT('',(-131.9349192144,-86.02812281213,
    324.21983814125));
#3364 = CARTESIAN_POINT('',(-132.3817953013,-85.33976173441,
    324.64785634405));
#3365 = CARTESIAN_POINT('',(-132.8320155814,-84.63705549881,
    325.06314836526));
#3366 = CARTESIAN_POINT('',(-133.2854588666,-83.91964008108,
    325.46491073557));
#3367 = CARTESIAN_POINT('',(-133.7419891553,-83.18714384135,
    325.85224621605));
#3368 = CARTESIAN_POINT('',(-134.7273598145,-81.58307425358,
    326.64983332551));
#3369 = CARTESIAN_POINT('',(-135.257039755,-80.70682197733,
    327.05524319977));
#3370 = CARTESIAN_POINT('',(-135.7903240439,-79.80977425819,
    327.43893164353));
#3371 = CARTESIAN_POINT('',(-136.3269167793,-78.89141519124,
    327.79917539752));
#3372 = CARTESIAN_POINT('',(-136.8664030756,-77.95137499096,
    328.13399217444));
#3373 = CARTESIAN_POINT('',(-137.408253079,-76.98944550844,
    328.44115148017));
#3374 = CARTESIAN_POINT('',(-137.95182824,-76.00559755037,
    328.71818452413));
#3375 = CARTESIAN_POINT('',(-138.4963898446,-75.,328.96239321882));
#3376 = PCURVE('',#1248,#3377);
#3377 = DEFINITIONAL_REPRESENTATION('',(#3378),#3563);
#3378 = B_SPLINE_CURVE_WITH_KNOTS('',8,(#3379,#3380,#3381,#3382,#3383,
    #3384,#3385,#3386,#3387,#3388,#3389,#3390,#3391,#3392,#3393,#3394,
    #3395,#3396,#3397,#3398,#3399,#3400,#3401,#3402,#3403,#3404,#3405,
    #3406,#3407,#3408,#3409,#3410,#3411,#3412,#3413,#3414,#3415,#3416,
    #3417,#3418,#3419,#3420,#3421,#3422,#3423,#3424,#3425,#3426,#3427,
    #3428,#3429,#3430,#3431,#3432,#3433,#3434,#3435,#3436,#3437,#3438,
    #3439,#3440,#3441,#3442,#3443,#3444,#3445,#3446,#3447,#3448,#3449,
    #3450,#3451,#3452,#3453,#3454,#3455,#3456,#3457,#3458,#3459,#3460,
    #3461,#3462,#3463,#3464,#3465,#3466,#3467,#3468,#3469,#3470,#3471,
    #3472,#3473,#3474,#3475,#3476,#3477,#3478,#3479,#3480,#3481,#3482,
    #3483,#3484,#3485,#3486,#3487,#3488,#3489,#3490,#3491,#3492,#3493,
    #3494,#3495,#3496,#3497,#3498,#3499,#3500,#3501,#3502,#3503,#3504,
    #3505,#3506,#3507,#3508,#3509,#3510,#3511,#3512,#3513,#3514,#3515,
    #3516,#3517,#3518,#3519,#3520,#3521,#3522,#3523,#3524,#3525,#3526,
    #3527,#3528,#3529,#3530,#3531,#3532,#3533,#3534,#3535,#3536,#3537,
    #3538,#3539,#3540,#3541,#3542,#3543,#3544,#3545,#3546,#3547,#3548,
    #3549,#3550,#3551,#3552,#3553,#3554,#3555,#3556,#3557,#3558,#3559,
    #3560,#3561,#3562),.UNSPECIFIED.,.T.,.F.,(9,7,7,7,7,7,7,7,7,7,7,7,7,
    7,7,7,7,7,7,7,7,7,7,7,7,7,9),(0.,2.264416675969E-02,
    3.404118602691E-02,5.648650125131E-02,7.82633750437E-02,
    8.940415236583E-02,0.111331829983,0.142304336056,0.16936828126,
    0.192330418896,0.268246896864,0.35041682339,0.387339430909,
    0.445522213744,0.52324414613,0.569765557038,0.589006302033,
    0.620857171862,0.648803695426,0.660515890253,0.711064619985,
    0.774411044362,0.8492072615,0.898803273724,0.939608747523,
    0.967768691459,1.),.UNSPECIFIED.);
#3379 = CARTESIAN_POINT('',(3.637910015715,248.96239321882));
#3380 = CARTESIAN_POINT('',(3.632815990772,249.13372441053));
#3381 = CARTESIAN_POINT('',(3.627661287662,249.28888044282));
#3382 = CARTESIAN_POINT('',(3.622447087632,249.4269264323));
#3383 = CARTESIAN_POINT('',(3.617175474374,249.54685999332));
#3384 = CARTESIAN_POINT('',(3.611849483832,249.6476274025));
#3385 = CARTESIAN_POINT('',(3.606473175467,249.72814731664));
#3386 = CARTESIAN_POINT('',(3.601051724956,249.78734204403));
#3387 = CARTESIAN_POINT('',(3.592843375749,249.8427154269));
#3388 = CARTESIAN_POINT('',(3.590085455373,249.85558975487));
#3389 = CARTESIAN_POINT('',(3.587318635824,249.86266772125));
#3390 = CARTESIAN_POINT('',(3.58454386383,249.86382068838));
#3391 = CARTESIAN_POINT('',(3.581762176539,249.85892489551));
#3392 = CARTESIAN_POINT('',(3.578974703819,249.84786334166));
#3393 = CARTESIAN_POINT('',(3.576182670561,249.83052766839));
#3394 = CARTESIAN_POINT('',(3.567882384877,249.76013019109));
#3395 = CARTESIAN_POINT('',(3.562363982736,249.6887196463));
#3396 = CARTESIAN_POINT('',(3.556843267367,249.5918375817));
#3397 = CARTESIAN_POINT('',(3.551331898038,249.46891256756));
#3398 = CARTESIAN_POINT('',(3.545842099435,249.31958584624));
#3399 = CARTESIAN_POINT('',(3.540386632874,249.1437503173));
#3400 = CARTESIAN_POINT('',(3.53497875774,248.94159523232));
#3401 = CARTESIAN_POINT('',(3.524444834354,248.49250618171));
#3402 = CARTESIAN_POINT('',(3.519314092203,248.24703830799));
#3403 = CARTESIAN_POINT('',(3.514252447424,247.97772164386));
#3404 = CARTESIAN_POINT('',(3.509270856451,247.68524776281));
#3405 = CARTESIAN_POINT('',(3.50437888132,247.37049568646));
#3406 = CARTESIAN_POINT('',(3.499584811779,247.03450022696));
#3407 = CARTESIAN_POINT('',(3.49489576962,246.67842413188));
#3408 = CARTESIAN_POINT('',(3.487975760592,246.11174492672));
#3409 = CARTESIAN_POINT('',(3.485662634721,245.91501862265));
#3410 = CARTESIAN_POINT('',(3.48337913674,245.71351576591));
#3411 = CARTESIAN_POINT('',(3.481125873948,245.50739910178));
#3412 = CARTESIAN_POINT('',(3.478903350116,245.29683223361));
#3413 = CARTESIAN_POINT('',(3.476711973775,245.08197838236));
#3414 = CARTESIAN_POINT('',(3.474552066495,244.86299914604));
#3415 = CARTESIAN_POINT('',(3.468235080785,244.20124316638));
#3416 = CARTESIAN_POINT('',(3.464169274158,243.74708047224));
#3417 = CARTESIAN_POINT('',(3.460228077312,243.27875685578));
#3418 = CARTESIAN_POINT('',(3.456412027948,242.79742519185));
#3419 = CARTESIAN_POINT('',(3.4527207909,242.30417784811));
#3420 = CARTESIAN_POINT('',(3.449153335848,241.80002880359));
#3421 = CARTESIAN_POINT('',(3.445708077282,241.28589958921));
#3422 = CARTESIAN_POINT('',(3.437686323563,240.0234692428));
#3423 = CARTESIAN_POINT('',(3.433230011088,239.26614745675));
#3424 = CARTESIAN_POINT('',(3.429007756255,238.49289036532));
#3425 = CARTESIAN_POINT('',(3.4250128711,237.70571478125));
#3426 = CARTESIAN_POINT('',(3.421238395454,236.90639857577));
#3427 = CARTESIAN_POINT('',(3.417677231132,236.09647176265));
#3428 = CARTESIAN_POINT('',(3.414322277585,235.27720774718));
#3429 = CARTESIAN_POINT('',(3.408409093669,233.72645944386));
#3430 = CARTESIAN_POINT('',(3.4058040358,232.99701987822));
#3431 = CARTESIAN_POINT('',(3.403346854817,232.26201266328));
#3432 = CARTESIAN_POINT('',(3.401033363045,231.52208565708));
#3433 = CARTESIAN_POINT('',(3.398859663298,230.77781952797));
#3434 = CARTESIAN_POINT('',(3.39682210936,230.02972864637));
#3435 = CARTESIAN_POINT('',(3.394917289411,229.27826129565));
#3436 = CARTESIAN_POINT('',(3.391635833061,227.8836832733));
#3437 = CARTESIAN_POINT('',(3.390222940677,227.24142967841));
#3438 = CARTESIAN_POINT('',(3.3889014363,226.59728174255));
#3439 = CARTESIAN_POINT('',(3.387669549829,225.95146640982));
#3440 = CARTESIAN_POINT('',(3.386525647918,225.30419436981));
#3441 = CARTESIAN_POINT('',(3.385468221897,224.65566018389));
#3442 = CARTESIAN_POINT('',(3.384495875687,224.0060424115));
#3443 = CARTESIAN_POINT('',(3.380669586584,221.20471944191));
#3444 = CARTESIAN_POINT('',(3.378648828462,219.04470068442));
#3445 = CARTESIAN_POINT('',(3.377495782448,216.88035269223));
#3446 = CARTESIAN_POINT('',(3.377178809193,214.71634575662));
#3447 = CARTESIAN_POINT('',(3.377675000774,212.55709017936));
#3448 = CARTESIAN_POINT('',(3.378969209302,210.40667597913));
#3449 = CARTESIAN_POINT('',(3.381052640257,208.26892322979));
#3450 = CARTESIAN_POINT('',(3.387032468142,203.85100580189));
#3451 = CARTESIAN_POINT('',(3.391060917445,201.57594136796));
#3452 = CARTESIAN_POINT('',(3.3960044629,199.32697689404));
#3453 = CARTESIAN_POINT('',(3.401865402445,197.1100403922));
#3454 = CARTESIAN_POINT('',(3.408649559135,194.93200814636));
#3455 = CARTESIAN_POINT('',(3.416364913918,192.80065554368));
#3456 = CARTESIAN_POINT('',(3.425020476903,190.72460695478));
#3457 = CARTESIAN_POINT('',(3.438943790964,187.80963160695));
#3458 = CARTESIAN_POINT('',(3.443451973408,186.91909107461));
#3459 = CARTESIAN_POINT('',(3.448152307669,186.04265702705));
#3460 = CARTESIAN_POINT('',(3.453045254747,185.18131222697));
#3461 = CARTESIAN_POINT('',(3.458131016833,184.33610760087));
#3462 = CARTESIAN_POINT('',(3.463409476913,183.50815623721));
#3463 = CARTESIAN_POINT('',(3.46888014253,182.69862731852));
#3464 = CARTESIAN_POINT('',(3.48346421749,180.66403258072));
#3465 = CARTESIAN_POINT('',(3.492861289139,179.46810352959));
#3466 = CARTESIAN_POINT('',(3.502729500337,178.32575466621));
#3467 = CARTESIAN_POINT('',(3.513061135679,177.24224562121));
#3468 = CARTESIAN_POINT('',(3.523843809262,176.22315643568));
#3469 = CARTESIAN_POINT('',(3.535059668898,175.27423771168));
#3470 = CARTESIAN_POINT('',(3.546684567956,174.40124830132));
#3471 = CARTESIAN_POINT('',(3.574720610002,172.55251924068));
#3472 = CARTESIAN_POINT('',(3.5914360797,171.64019670526));
#3473 = CARTESIAN_POINT('',(3.608746535846,170.8872921651));
#3474 = CARTESIAN_POINT('',(3.626547877508,170.30646422008));
#3475 = CARTESIAN_POINT('',(3.644719672252,169.90828268034));
#3476 = CARTESIAN_POINT('',(3.663125450949,169.700937465));
#3477 = CARTESIAN_POINT('',(3.681612303983,169.69025743476));
#3478 = CARTESIAN_POINT('',(3.711018712829,169.99150750394));
#3479 = CARTESIAN_POINT('',(3.721999366368,170.17567636524));
#3480 = CARTESIAN_POINT('',(3.732914930996,170.43182052417));
#3481 = CARTESIAN_POINT('',(3.743729704974,170.76021051657));
#3482 = CARTESIAN_POINT('',(3.754407041487,171.16079771103));
#3483 = CARTESIAN_POINT('',(3.764909224909,171.63321662424));
#3484 = CARTESIAN_POINT('',(3.775197414651,172.17673858908));
#3485 = CARTESIAN_POINT('',(3.789381819488,173.04383888372));
#3486 = CARTESIAN_POINT('',(3.793488461463,173.30948849752));
#3487 = CARTESIAN_POINT('',(3.797548824991,173.5870028297));
#3488 = CARTESIAN_POINT('',(3.801560049642,173.87628008685));
#3489 = CARTESIAN_POINT('',(3.805519256731,174.17720273206));
#3490 = CARTESIAN_POINT('',(3.809423555766,174.48963554791));
#3491 = CARTESIAN_POINT('',(3.813270050894,174.81342369952));
#3492 = CARTESIAN_POINT('',(3.823322803734,175.70289081501));
#3493 = CARTESIAN_POINT('',(3.829423837063,176.28806036309));
#3494 = CARTESIAN_POINT('',(3.835345329204,176.90306447494));
#3495 = CARTESIAN_POINT('',(3.841074193438,177.54692729899));
#3496 = CARTESIAN_POINT('',(3.84659793373,178.21852031736));
#3497 = CARTESIAN_POINT('',(3.851904768504,178.91654225357));
#3498 = CARTESIAN_POINT('',(3.856983818913,179.63949066973));
#3499 = CARTESIAN_POINT('',(3.86607341785,181.04029709812));
#3500 = CARTESIAN_POINT('',(3.870139016444,181.71287934691));
#3501 = CARTESIAN_POINT('',(3.874015471015,182.40219244481));
#3502 = CARTESIAN_POINT('',(3.877697371272,183.1070040161));
#3503 = CARTESIAN_POINT('',(3.881180525682,183.82603279828));
#3504 = CARTESIAN_POINT('',(3.884461920139,184.55795155414));
#3505 = CARTESIAN_POINT('',(3.887539692601,185.3013889618));
#3506 = CARTESIAN_POINT('',(3.891617358828,186.37073452477));
#3507 = CARTESIAN_POINT('',(3.892785734593,186.68832139573));
#3508 = CARTESIAN_POINT('',(3.89391821005,187.00759114754));
#3509 = CARTESIAN_POINT('',(3.895014785238,187.32844487893));
#3510 = CARTESIAN_POINT('',(3.896075498916,187.65078483401));
#3511 = CARTESIAN_POINT('',(3.89710042629,187.97451450085));
#3512 = CARTESIAN_POINT('',(3.898089676735,188.29953871013));
#3513 = CARTESIAN_POINT('',(3.903159534713,190.03372020947));
#3514 = CARTESIAN_POINT('',(3.906613198397,191.46385455219));
#3515 = CARTESIAN_POINT('',(3.909416457146,192.90875479495));
#3516 = CARTESIAN_POINT('',(3.911593068027,194.3618584313));
#3517 = CARTESIAN_POINT('',(3.913173798556,195.81754043281));
#3518 = CARTESIAN_POINT('',(3.914192972876,197.27116757002));
#3519 = CARTESIAN_POINT('',(3.914685763005,198.71913629142));
#3520 = CARTESIAN_POINT('',(3.914685738037,201.96320217506));
#3521 = CARTESIAN_POINT('',(3.91391181043,203.75338102686));
#3522 = CARTESIAN_POINT('',(3.912431928655,205.52548609902));
#3523 = CARTESIAN_POINT('',(3.910307477047,207.27642382174));
#3524 = CARTESIAN_POINT('',(3.907593141608,209.00392151434));
#3525 = CARTESIAN_POINT('',(3.904336462881,210.70648686966));
#3526 = CARTESIAN_POINT('',(3.900577173966,212.38337043288));
#3527 = CARTESIAN_POINT('',(3.891350990141,215.9841285783));
#3528 = CARTESIAN_POINT('',(3.885700541715,217.8969754464));
#3529 = CARTESIAN_POINT('',(3.879447652677,219.77294018722));
#3530 = CARTESIAN_POINT('',(3.872632817696,221.61152341672));
#3531 = CARTESIAN_POINT('',(3.86528723142,223.41204555487));
#3532 = CARTESIAN_POINT('',(3.857433760659,225.17371883251));
#3533 = CARTESIAN_POINT('',(3.849086549936,226.89563093613));
#3534 = CARTESIAN_POINT('',(3.834390132232,229.6913389799));
#3535 = CARTESIAN_POINT('',(3.828316331817,230.78783612266));
#3536 = CARTESIAN_POINT('',(3.822030026607,231.86577294345));
#3537 = CARTESIAN_POINT('',(3.815531781929,232.92458680544));
#3538 = CARTESIAN_POINT('',(3.808821059226,233.96355191338));
#3539 = CARTESIAN_POINT('',(3.801896133509,234.98177517757));
#3540 = CARTESIAN_POINT('',(3.794753861681,235.97817846817));
#3541 = CARTESIAN_POINT('',(3.781330057391,237.75224757507));
#3542 = CARTESIAN_POINT('',(3.775120819441,238.53731682183));
#3543 = CARTESIAN_POINT('',(3.768758754267,239.3059753248));
#3544 = CARTESIAN_POINT('',(3.762240678689,240.05734984284));
#3545 = CARTESIAN_POINT('',(3.755563048652,240.79039422608));
#3546 = CARTESIAN_POINT('',(3.748721846873,241.50387807772));
#3547 = CARTESIAN_POINT('',(3.741712369446,242.19636342061));
#3548 = CARTESIAN_POINT('',(3.72957159182,243.32840387277));
#3549 = CARTESIAN_POINT('',(3.724531708932,243.77980987526));
#3550 = CARTESIAN_POINT('',(3.719407390499,244.21983814125));
#3551 = CARTESIAN_POINT('',(3.714196814495,244.64785634405));
#3552 = CARTESIAN_POINT('',(3.708898202077,245.06314836526));
#3553 = CARTESIAN_POINT('',(3.703509792614,245.46491073557));
#3554 = CARTESIAN_POINT('',(3.698029800802,245.85224621605));
#3555 = CARTESIAN_POINT('',(3.686077102261,246.64983332551));
#3556 = CARTESIAN_POINT('',(3.679576292504,247.05524319977));
#3557 = CARTESIAN_POINT('',(3.672950605433,247.43893164353));
#3558 = CARTESIAN_POINT('',(3.666197775042,247.79917539752));
#3559 = CARTESIAN_POINT('',(3.659316647567,248.13399217444));
#3560 = CARTESIAN_POINT('',(3.652307245297,248.44115148017));
#3561 = CARTESIAN_POINT('',(3.645170837109,248.71818452413));
#3562 = CARTESIAN_POINT('',(3.637910015715,248.96239321882));
#3563 = ( GEOMETRIC_REPRESENTATION_CONTEXT(2) 
PARAMETRIC_REPRESENTATION_CONTEXT() REPRESENTATION_CONTEXT('2D SPACE',''
  ) );
#3564 = PCURVE('',#3565,#3570);
#3565 = CONICAL_SURFACE('',#3566,34.5,7.249841301143E-02);
#3566 = AXIS2_PLACEMENT_3D('',#3567,#3568,#3569);
#3567 = CARTESIAN_POINT('',(-106.5427664129,-75.,276.92181871006));
#3568 = DIRECTION('',(-0.939692620786,1.150791560228E-16,0.342020143326)
  );
#3569 = DIRECTION('',(0.342020143326,-4.188538737677E-17,0.939692620786)
  );
#3570 = DEFINITIONAL_REPRESENTATION('',(#3571),#3756);
#3571 = B_SPLINE_CURVE_WITH_KNOTS('',8,(#3572,#3573,#3574,#3575,#3576,
    #3577,#3578,#3579,#3580,#3581,#3582,#3583,#3584,#3585,#3586,#3587,
    #3588,#3589,#3590,#3591,#3592,#3593,#3594,#3595,#3596,#3597,#3598,
    #3599,#3600,#3601,#3602,#3603,#3604,#3605,#3606,#3607,#3608,#3609,
    #3610,#3611,#3612,#3613,#3614,#3615,#3616,#3617,#3618,#3619,#3620,
    #3621,#3622,#3623,#3624,#3625,#3626,#3627,#3628,#3629,#3630,#3631,
    #3632,#3633,#3634,#3635,#3636,#3637,#3638,#3639,#3640,#3641,#3642,
    #3643,#3644,#3645,#3646,#3647,#3648,#3649,#3650,#3651,#3652,#3653,
    #3654,#3655,#3656,#3657,#3658,#3659,#3660,#3661,#3662,#3663,#3664,
    #3665,#3666,#3667,#3668,#3669,#3670,#3671,#3672,#3673,#3674,#3675,
    #3676,#3677,#3678,#3679,#3680,#3681,#3682,#3683,#3684,#3685,#3686,
    #3687,#3688,#3689,#3690,#3691,#3692,#3693,#3694,#3695,#3696,#3697,
    #3698,#3699,#3700,#3701,#3702,#3703,#3704,#3705,#3706,#3707,#3708,
    #3709,#3710,#3711,#3712,#3713,#3714,#3715,#3716,#3717,#3718,#3719,
    #3720,#3721,#3722,#3723,#3724,#3725,#3726,#3727,#3728,#3729,#3730,
    #3731,#3732,#3733,#3734,#3735,#3736,#3737,#3738,#3739,#3740,#3741,
    #3742,#3743,#3744,#3745,#3746,#3747,#3748,#3749,#3750,#3751,#3752,
    #3753,#3754,#3755),.UNSPECIFIED.,.F.,.F.,(9,7,7,7,7,7,7,7,7,7,7,7,7,
    7,7,7,7,7,7,7,7,7,7,7,7,7,9),(0.,2.264416675969E-02,
    3.404118602691E-02,5.648650125131E-02,7.82633750437E-02,
    8.940415236583E-02,0.111331829983,0.142304336056,0.16936828126,
    0.192330418896,0.268246896864,0.35041682339,0.387339430909,
    0.445522213744,0.52324414613,0.569765557038,0.589006302033,
    0.620857171862,0.648803695426,0.660515890253,0.711064619985,
    0.774411044362,0.8492072615,0.898803273724,0.939608747523,
    0.967768691459,1.),.UNSPECIFIED.);
#3572 = CARTESIAN_POINT('',(0.,47.825508898393));
#3573 = CARTESIAN_POINT('',(1.857892075416E-02,48.243118940843));
#3574 = CARTESIAN_POINT('',(3.740380031285E-02,48.655613609845));
#3575 = CARTESIAN_POINT('',(5.648175927479E-02,49.06241475591));
#3576 = CARTESIAN_POINT('',(7.581775253105E-02,49.462858788671));
#3577 = CARTESIAN_POINT('',(9.541452454112E-02,49.856204724972));
#3578 = CARTESIAN_POINT('',(0.115272377944,50.241644870626));
#3579 = CARTESIAN_POINT('',(0.135388755507,50.618318135818));
#3580 = CARTESIAN_POINT('',(0.166009481679,51.170044440073));
#3581 = CARTESIAN_POINT('',(0.176325087758,51.352310755897));
#3582 = CARTESIAN_POINT('',(0.186703523436,51.53200787165));
#3583 = CARTESIAN_POINT('',(0.197143603105,51.70901590613));
#3584 = CARTESIAN_POINT('',(0.207643861976,51.883213043987));
#3585 = CARTESIAN_POINT('',(0.218202532283,52.05447642279));
#3586 = CARTESIAN_POINT('',(0.228817519504,52.222683020089));
#3587 = CARTESIAN_POINT('',(0.260497653462,52.712716108072));
#3588 = CARTESIAN_POINT('',(0.28172102729,53.025440441554));
#3589 = CARTESIAN_POINT('',(0.303134167943,53.324885500706));
#3590 = CARTESIAN_POINT('',(0.324712574959,53.61013044658));
#3591 = CARTESIAN_POINT('',(0.346429180294,53.880350248764));
#3592 = CARTESIAN_POINT('',(0.368253765119,54.134835115288));
#3593 = CARTESIAN_POINT('',(0.390152192666,54.373010745187));
#3594 = CARTESIAN_POINT('',(0.433365529428,54.809313124392));
#3595 = CARTESIAN_POINT('',(0.454682893092,55.008466763199));
#3596 = CARTESIAN_POINT('',(0.476002240126,55.191530092096));
#3597 = CARTESIAN_POINT('',(0.497291900673,55.358330848382));
#3598 = CARTESIAN_POINT('',(0.51852313982,55.508881395313));
#3599 = CARTESIAN_POINT('',(0.539669581195,55.643349083378));
#3600 = CARTESIAN_POINT('',(0.560706757319,55.762030312211));
#3601 = CARTESIAN_POINT('',(0.5923065393,55.918174253238));
#3602 = CARTESIAN_POINT('',(0.602967437091,55.966997661906));
#3603 = CARTESIAN_POINT('',(0.613591849258,56.01185382414));
#3604 = CARTESIAN_POINT('',(0.624177448449,56.052805292748));
#3605 = CARTESIAN_POINT('',(0.634722192654,56.089920678608));
#3606 = CARTESIAN_POINT('',(0.645224307059,56.123273460924));
#3607 = CARTESIAN_POINT('',(0.655682265915,56.152940797479));
#3608 = CARTESIAN_POINT('',(0.686589047152,56.230297587803));
#3609 = CARTESIAN_POINT('',(0.706906596622,56.267622567653));
#3610 = CARTESIAN_POINT('',(0.727038603416,56.291589868168));
#3611 = CARTESIAN_POINT('',(0.746979386712,56.302846442727));
#3612 = CARTESIAN_POINT('',(0.766725923153,56.302049212515));
#3613 = CARTESIAN_POINT('',(0.786277521157,56.289845930883));
#3614 = CARTESIAN_POINT('',(0.805635650618,56.266861303943));
#3615 = CARTESIAN_POINT('',(0.851878823877,56.186832106613));
#3616 = CARTESIAN_POINT('',(0.878571420651,56.119654902171));
#3617 = CARTESIAN_POINT('',(0.904894567368,56.033832115346));
#3618 = CARTESIAN_POINT('',(0.930862234161,55.930908644547));
#3619 = CARTESIAN_POINT('',(0.956489761099,55.812292926985));
#3620 = CARTESIAN_POINT('',(0.981794170862,55.679252274742));
#3621 = CARTESIAN_POINT('',(1.006794545256,55.532909545192));
#3622 = CARTESIAN_POINT('',(1.053111119505,55.235595830575));
#3623 = CARTESIAN_POINT('',(1.074491864112,55.087553834556));
#3624 = CARTESIAN_POINT('',(1.095667921227,54.930777748581));
#3625 = CARTESIAN_POINT('',(1.116651524686,54.765863483061));
#3626 = CARTESIAN_POINT('',(1.13745428307,54.593346935709));
#3627 = CARTESIAN_POINT('',(1.158087478258,54.413708962342));
#3628 = CARTESIAN_POINT('',(1.178562299754,54.227378650752));
#3629 = CARTESIAN_POINT('',(1.216136864337,53.871288203489));
#3630 = CARTESIAN_POINT('',(1.233277337021,53.703301497904));
#3631 = CARTESIAN_POINT('',(1.250318045917,53.53100896704));
#3632 = CARTESIAN_POINT('',(1.267265205076,53.354624386008));
#3633 = CARTESIAN_POINT('',(1.284124710347,53.174342351543));
#3634 = CARTESIAN_POINT('',(1.300902220184,52.990339514675));
#3635 = CARTESIAN_POINT('',(1.317603236461,52.80277581341));
#3636 = CARTESIAN_POINT('',(1.389214440201,51.980385102795));
#3637 = CARTESIAN_POINT('',(1.443397577511,51.311874110084));
#3638 = CARTESIAN_POINT('',(1.497004504383,50.611234253581));
#3639 = CARTESIAN_POINT('',(1.550199511817,49.881927125003));
#3640 = CARTESIAN_POINT('',(1.603124500283,49.126454543635));
#3641 = CARTESIAN_POINT('',(1.655908780584,48.346413315869));
#3642 = CARTESIAN_POINT('',(1.708679648356,47.54261890951));
#3643 = CARTESIAN_POINT('',(1.818823275287,45.819225795433));
#3644 = CARTESIAN_POINT('',(1.876159065247,44.896449346395));
#3645 = CARTESIAN_POINT('',(1.933741282239,43.946871019935));
#3646 = CARTESIAN_POINT('',(1.991702271975,42.970131740328));
#3647 = CARTESIAN_POINT('',(2.050160906092,41.965400534849));
#3648 = CARTESIAN_POINT('',(2.109230068275,40.931360210467));
#3649 = CARTESIAN_POINT('',(2.1690236426,39.866215610564));
#3650 = CARTESIAN_POINT('',(2.256918792664,38.27399222511));
#3651 = CARTESIAN_POINT('',(2.284337680134,37.773660246266));
#3652 = CARTESIAN_POINT('',(2.311934932907,37.266457444554));
#3653 = CARTESIAN_POINT('',(2.339719583212,36.752207423734));
#3654 = CARTESIAN_POINT('',(2.3676999614,36.230739678421));
#3655 = CARTESIAN_POINT('',(2.395883815269,35.7018924675));
#3656 = CARTESIAN_POINT('',(2.424278413927,35.165516802609));
#3657 = CARTESIAN_POINT('',(2.497977882859,33.764188771232));
#3658 = CARTESIAN_POINT('',(2.543605308149,32.887880004018));
#3659 = CARTESIAN_POINT('',(2.589798777039,31.992063048876));
#3660 = CARTESIAN_POINT('',(2.636575717101,31.076471266165));
#3661 = CARTESIAN_POINT('',(2.68394664163,30.141114493782));
#3662 = CARTESIAN_POINT('',(2.731915684585,29.186364846914));
#3663 = CARTESIAN_POINT('',(2.780480147354,28.213077401502));
#3664 = CARTESIAN_POINT('',(2.895283329437,25.899837419458));
#3665 = CARTESIAN_POINT('',(2.962013338246,24.545852689436));
#3666 = CARTESIAN_POINT('',(3.029738933102,23.165422038497));
#3667 = CARTESIAN_POINT('',(3.098386264827,21.76458740215));
#3668 = CARTESIAN_POINT('',(3.167886963863,20.351258890916));
#3669 = CARTESIAN_POINT('',(3.238171088902,18.935679692361));
#3670 = CARTESIAN_POINT('',(3.30916314232,17.530875918298));
#3671 = CARTESIAN_POINT('',(3.423592243211,15.327930262133));
#3672 = CARTESIAN_POINT('',(3.46666009684,14.512451627137));
#3673 = CARTESIAN_POINT('',(3.509932432666,13.709628759107));
#3674 = CARTESIAN_POINT('',(3.553394173895,12.922989152889));
#3675 = CARTESIAN_POINT('',(3.597030305501,12.156330468325));
#3676 = CARTESIAN_POINT('',(3.640824409211,11.413721318322));
#3677 = CARTESIAN_POINT('',(3.684756423223,10.699470865935));
#3678 = CARTESIAN_POINT('',(3.747014060773,9.73621626452));
#3679 = CARTESIAN_POINT('',(3.765248236373,9.460002671705));
#3680 = CARTESIAN_POINT('',(3.783499158594,9.189722055391));
#3681 = CARTESIAN_POINT('',(3.801764603554,8.925695660041));
#3682 = CARTESIAN_POINT('',(3.820042113828,8.66824744218));
#3683 = CARTESIAN_POINT('',(3.838328949966,8.417702293553));
#3684 = CARTESIAN_POINT('',(3.85662204202,8.174384264276));
#3685 = CARTESIAN_POINT('',(3.905204725644,7.548325170664));
#3686 = CARTESIAN_POINT('',(3.935501167782,7.178695155461));
#3687 = CARTESIAN_POINT('',(3.965789403867,6.831214506098));
#3688 = CARTESIAN_POINT('',(3.996050717694,6.507313594146));
#3689 = CARTESIAN_POINT('',(4.026264930982,6.208341928903));
#3690 = CARTESIAN_POINT('',(4.056409708154,5.935537126201));
#3691 = CARTESIAN_POINT('',(4.08645977537,5.689984314131));
#3692 = CARTESIAN_POINT('',(4.14264390645,5.281799232107));
#3693 = CARTESIAN_POINT('',(4.168808871608,5.112674633151));
#3694 = CARTESIAN_POINT('',(4.19486089298,4.965797782252));
#3695 = CARTESIAN_POINT('',(4.220781237858,4.841627016599));
#3696 = CARTESIAN_POINT('',(4.246552039285,4.740471027322));
#3697 = CARTESIAN_POINT('',(4.272155924535,4.662486629854));
#3698 = CARTESIAN_POINT('',(4.297575729948,4.607676684464));
#3699 = CARTESIAN_POINT('',(4.333363231341,4.562565819063));
#3700 = CARTESIAN_POINT('',(4.343897088398,4.553286595938));
#3701 = CARTESIAN_POINT('',(4.354394741691,4.548039444366));
#3702 = CARTESIAN_POINT('',(4.36485513131,4.54680870711));
#3703 = CARTESIAN_POINT('',(4.375277264877,4.549574358277));
#3704 = CARTESIAN_POINT('',(4.385660213423,4.556312238647));
#3705 = CARTESIAN_POINT('',(4.396003107252,4.566994291018));
#3706 = CARTESIAN_POINT('',(4.450767699527,4.644577302431));
#3707 = CARTESIAN_POINT('',(4.494462998317,4.780434766955));
#3708 = CARTESIAN_POINT('',(4.537330220658,4.986582615116));
#3709 = CARTESIAN_POINT('',(4.57933792565,5.259229561234));
#3710 = CARTESIAN_POINT('',(4.620475738502,5.593866980534));
#3711 = CARTESIAN_POINT('',(4.660750912199,5.985697108681));
#3712 = CARTESIAN_POINT('',(4.700187594712,6.429998294757));
#3713 = CARTESIAN_POINT('',(4.787248152314,7.539536753807));
#3714 = CARTESIAN_POINT('',(4.834383652448,8.231805084068));
#3715 = CARTESIAN_POINT('',(4.880343401708,8.990857054637));
#3716 = CARTESIAN_POINT('',(4.925228085715,9.808935580232));
#3717 = CARTESIAN_POINT('',(4.969135460423,10.679055275978));
#3718 = CARTESIAN_POINT('',(5.012164184306,11.595124296159));
#3719 = CARTESIAN_POINT('',(5.054416892367,12.552039244786));
#3720 = CARTESIAN_POINT('',(5.145109155845,14.719080904781));
#3721 = CARTESIAN_POINT('',(5.193264231969,15.943178544907));
#3722 = CARTESIAN_POINT('',(5.240651119505,17.21124196722));
#3723 = CARTESIAN_POINT('',(5.287422792774,18.517467247605));
#3724 = CARTESIAN_POINT('',(5.333720251286,19.856858601842));
#3725 = CARTESIAN_POINT('',(5.37968113507,21.225149410527));
#3726 = CARTESIAN_POINT('',(5.425446714307,22.618788946217));
#3727 = CARTESIAN_POINT('',(5.501493920353,24.973975475958));
#3728 = CARTESIAN_POINT('',(5.531791922379,25.922736731338));
#3729 = CARTESIAN_POINT('',(5.562110823704,26.880334329076));
#3730 = CARTESIAN_POINT('',(5.592493275131,27.845892522233));
#3731 = CARTESIAN_POINT('',(5.622982210301,28.818548048373));
#3732 = CARTESIAN_POINT('',(5.653622255644,29.797446458017));
#3733 = CARTESIAN_POINT('',(5.684461492304,30.781742861711));
#3734 = CARTESIAN_POINT('',(5.741134799318,32.584202217222));
#3735 = CARTESIAN_POINT('',(5.766885164905,33.400824579547));
#3736 = CARTESIAN_POINT('',(5.792835020773,34.220027786656));
#3737 = CARTESIAN_POINT('',(5.819015263008,35.041302406507));
#3738 = CARTESIAN_POINT('',(5.845457914348,35.864074455143));
#3739 = CARTESIAN_POINT('',(5.87219711642,36.687705258214));
#3740 = CARTESIAN_POINT('',(5.899270529629,37.511492689933));
#3741 = CARTESIAN_POINT('',(5.945664865585,38.902752810587));
#3742 = CARTESIAN_POINT('',(5.964787108741,39.470509297703));
#3743 = CARTESIAN_POINT('',(5.984102018581,40.037693998362));
#3744 = CARTESIAN_POINT('',(6.003623905414,40.604011006645));
#3745 = CARTESIAN_POINT('',(6.023367432984,41.169117918183));
#3746 = CARTESIAN_POINT('',(6.043347900459,41.732626050789));
#3747 = CARTESIAN_POINT('',(6.063581614902,42.294100730717));
#3748 = CARTESIAN_POINT('',(6.107555668651,43.49283712548));
#3749 = CARTESIAN_POINT('',(6.131376832307,44.129231800213));
#3750 = CARTESIAN_POINT('',(6.155578445321,44.761584287769));
#3751 = CARTESIAN_POINT('',(6.180187180835,45.389027141965));
#3752 = CARTESIAN_POINT('',(6.205228244311,46.010492515702));
#3753 = CARTESIAN_POINT('',(6.23072584069,46.624719635212));
#3754 = CARTESIAN_POINT('',(6.256703649397,47.230264084274));
#3755 = CARTESIAN_POINT('',(6.28318530718,47.825508898393));
#3756 = ( GEOMETRIC_REPRESENTATION_CONTEXT(2) 
PARAMETRIC_REPRESENTATION_CONTEXT() REPRESENTATION_CONTEXT('2D SPACE',''
  ) );
#3757 = FACE_BOUND('',#3758,.T.);
#3758 = EDGE_LOOP('',(#3759));
#3759 = ORIENTED_EDGE('',*,*,#3760,.F.);
#3760 = EDGE_CURVE('',#3761,#3761,#3763,.T.);
#3761 = VERTEX_POINT('',#3762);
#3762 = CARTESIAN_POINT('',(-153.9569953859,-33.21887372739,
    336.55198651616));
#3763 = SURFACE_CURVE('',#3764,(#3827,#3893),.PCURVE_S1.);
#3764 = B_SPLINE_CURVE_WITH_KNOTS('',7,(#3765,#3766,#3767,#3768,#3769,
    #3770,#3771,#3772,#3773,#3774,#3775,#3776,#3777,#3778,#3779,#3780,
    #3781,#3782,#3783,#3784,#3785,#3786,#3787,#3788,#3789,#3790,#3791,
    #3792,#3793,#3794,#3795,#3796,#3797,#3798,#3799,#3800,#3801,#3802,
    #3803,#3804,#3805,#3806,#3807,#3808,#3809,#3810,#3811,#3812,#3813,
    #3814,#3815,#3816,#3817,#3818,#3819,#3820,#3821,#3822,#3823,#3824,
    #3825,#3826),.UNSPECIFIED.,.T.,.F.,(8,6,6,6,6,6,6,6,6,6,8),(0.,
    0.12183868883,0.22425552505,0.309296589108,0.416501874342,
    0.53142652055,0.643352464498,0.737762073145,0.822920869308,
    0.905356470274,1.),.UNSPECIFIED.);
#3765 = CARTESIAN_POINT('',(-153.9569953859,-33.21887372738,
    336.55198651616));
#3766 = CARTESIAN_POINT('',(-153.9569953859,-33.21887372738,
    336.85579917466));
#3767 = CARTESIAN_POINT('',(-153.9638793225,-33.18696925474,
    337.15935216339));
#3768 = CARTESIAN_POINT('',(-153.9776268645,-33.1232546348,
    337.46074319829));
#3769 = CARTESIAN_POINT('',(-153.9983422414,-33.0270444404,
    337.75789127755));
#3770 = CARTESIAN_POINT('',(-154.0262226591,-32.89702464333,
    338.04816549303));
#3771 = CARTESIAN_POINT('',(-154.0615035241,-32.7314258717,
    338.32793163532));
#3772 = CARTESIAN_POINT('',(-154.1404287669,-32.35751349156,
    338.81381070932));
#3773 = CARTESIAN_POINT('',(-154.1821608667,-32.1587134692,
    339.0265090895));
#3774 = CARTESIAN_POINT('',(-154.2295938299,-31.93116636322,
    339.22481901742));
#3775 = CARTESIAN_POINT('',(-154.2825304323,-31.67498244774,
    339.40323969389));
#3776 = CARTESIAN_POINT('',(-154.3405653434,-31.39109284641,
    339.55596415714));
#3777 = CARTESIAN_POINT('',(-154.4030764577,-31.08142062147,
    339.67679446143));
#3778 = CARTESIAN_POINT('',(-154.5241138897,-30.47338720248,
    339.82719413581));
#3779 = CARTESIAN_POINT('',(-154.5809630009,-30.18480401997,
    339.86808023743));
#3780 = CARTESIAN_POINT('',(-154.6384098085,-29.88972082752,
    339.87776872584));
#3781 = CARTESIAN_POINT('',(-154.6950451549,-29.59509939437,
    339.85494598137));
#3782 = CARTESIAN_POINT('',(-154.7495572696,-29.30795780339,
    339.80080018752));
#3783 = CARTESIAN_POINT('',(-154.8008378857,-29.03475995005,
    339.71898713753));
#3784 = CARTESIAN_POINT('',(-154.9075222389,-28.46077204464,
    339.48526868232));
#3785 = CARTESIAN_POINT('',(-154.9607210618,-28.17025280423,
    339.32020619764));
#3786 = CARTESIAN_POINT('',(-155.0076376283,-27.910673065,
    339.12823077265));
#3787 = CARTESIAN_POINT('',(-155.0485005761,-27.68214343878,
    338.91564391761));
#3788 = CARTESIAN_POINT('',(-155.0836100067,-27.48408453844,
    338.68765098306));
#3789 = CARTESIAN_POINT('',(-155.1132885683,-27.31552645751,
    338.44858000503));
#3790 = CARTESIAN_POINT('',(-155.1641954676,-27.02490973355,
    337.93763696098));
#3791 = CARTESIAN_POINT('',(-155.1847804199,-26.9063941182,
    337.66344841208));
#3792 = CARTESIAN_POINT('',(-155.199997151,-26.81828814052,
    337.38280126934));
#3793 = CARTESIAN_POINT('',(-155.210122063,-26.75947476887,
    337.09814249966));
#3794 = CARTESIAN_POINT('',(-155.2153214746,-26.72925165843,
    336.81137387934));
#3795 = CARTESIAN_POINT('',(-155.2156438204,-26.72741399617,
    336.52418079075));
#3796 = CARTESIAN_POINT('',(-155.2064886189,-26.78052646418,
    335.95988173618));
#3797 = CARTESIAN_POINT('',(-155.1972719155,-26.83396487159,
    335.68304039491));
#3798 = CARTESIAN_POINT('',(-155.1832962452,-26.91486560078,
    335.40927880461));
#3799 = CARTESIAN_POINT('',(-155.1643778393,-27.02399742255,
    335.14038821563));
#3800 = CARTESIAN_POINT('',(-155.1402276987,-27.16254480551,
    334.87869645111));
#3801 = CARTESIAN_POINT('',(-155.1104650241,-27.33195245175,
    334.62738595447));
#3802 = CARTESIAN_POINT('',(-155.0444301291,-27.70387261495,
    334.19150891368));
#3803 = CARTESIAN_POINT('',(-155.0096717614,-27.89837231209,
    334.00110839269));
#3804 = CARTESIAN_POINT('',(-154.9701990715,-28.11750489695,
    333.82417104386));
#3805 = CARTESIAN_POINT('',(-154.9259384485,-28.36088030895,
    333.66527314792));
#3806 = CARTESIAN_POINT('',(-154.8769167426,-28.62742331606,
    333.52913200792));
#3807 = CARTESIAN_POINT('',(-154.8232971353,-28.91528806897,
    333.42064956001));
#3808 = CARTESIAN_POINT('',(-154.7132658952,-29.49804157961,
    333.27677889594));
#3809 = CARTESIAN_POINT('',(-154.6581191962,-29.78695490847,
    333.23589279517));
#3810 = CARTESIAN_POINT('',(-154.6010971075,-30.08212047706,
    333.22620430723));
#3811 = CARTESIAN_POINT('',(-154.5434949944,-30.37655442209,
    333.24902705065));
#3812 = CARTESIAN_POINT('',(-154.4867195947,-30.66325707775,
    333.30317284381));
#3813 = CARTESIAN_POINT('',(-154.4321592327,-30.93581888678,
    333.38498589565));
#3814 = CARTESIAN_POINT('',(-154.331512773,-31.43400488831,
    333.58845270266));
#3815 = CARTESIAN_POINT('',(-154.2834373778,-31.66963367858,
    333.71233700717));
#3816 = CARTESIAN_POINT('',(-154.2373985284,-31.89316391194,
    333.85892428222));
#3817 = CARTESIAN_POINT('',(-154.1939882887,-32.10212216395,
    334.02674405422));
#3818 = CARTESIAN_POINT('',(-154.1537724445,-32.29425020345,
    334.21396950805));
#3819 = CARTESIAN_POINT('',(-154.1172685516,-32.46755207596,
    334.4184551135));
#3820 = CARTESIAN_POINT('',(-154.047767992,-32.79584338579,
    334.8896250176));
#3821 = CARTESIAN_POINT('',(-154.017173536,-32.93920805472,
    335.15369987724));
#3822 = CARTESIAN_POINT('',(-153.9929604077,-33.05203690371,
    335.42610563862));
#3823 = CARTESIAN_POINT('',(-153.9749460868,-33.13567854553,
    335.70405255503));
#3824 = CARTESIAN_POINT('',(-153.9629834938,-33.19112127233,
    335.98546184684));
#3825 = CARTESIAN_POINT('',(-153.9569953859,-33.21887372738,
    336.26863174462));
#3826 = CARTESIAN_POINT('',(-153.9569953859,-33.21887372738,
    336.55198651616));
#3827 = PCURVE('',#1248,#3828);
#3828 = DEFINITIONAL_REPRESENTATION('',(#3829),#3892);
#3829 = B_SPLINE_CURVE_WITH_KNOTS('',7,(#3830,#3831,#3832,#3833,#3834,
    #3835,#3836,#3837,#3838,#3839,#3840,#3841,#3842,#3843,#3844,#3845,
    #3846,#3847,#3848,#3849,#3850,#3851,#3852,#3853,#3854,#3855,#3856,
    #3857,#3858,#3859,#3860,#3861,#3862,#3863,#3864,#3865,#3866,#3867,
    #3868,#3869,#3870,#3871,#3872,#3873,#3874,#3875,#3876,#3877,#3878,
    #3879,#3880,#3881,#3882,#3883,#3884,#3885,#3886,#3887,#3888,#3889,
    #3890,#3891),.UNSPECIFIED.,.T.,.F.,(8,6,6,6,6,6,6,6,6,6,8),(0.,
    0.12183868883,0.22425552505,0.309296589108,0.416501874342,
    0.53142652055,0.643352464498,0.737762073145,0.822920869308,
    0.905356470274,1.),.UNSPECIFIED.);
#3830 = CARTESIAN_POINT('',(3.354102025232,256.55198651616));
#3831 = CARTESIAN_POINT('',(3.354102025232,256.85579917466));
#3832 = CARTESIAN_POINT('',(3.353894795469,257.15935216339));
#3833 = CARTESIAN_POINT('',(3.353480948573,257.46074319829));
#3834 = CARTESIAN_POINT('',(3.352856091,257.75789127755));
#3835 = CARTESIAN_POINT('',(3.352011803157,258.04816549303));
#3836 = CARTESIAN_POINT('',(3.350936786881,258.32793163532));
#3837 = CARTESIAN_POINT('',(3.34851042904,258.81381070932));
#3838 = CARTESIAN_POINT('',(3.347220696536,259.0265090895));
#3839 = CARTESIAN_POINT('',(3.345744899955,259.22481901742));
#3840 = CARTESIAN_POINT('',(3.344083978133,259.40323969389));
#3841 = CARTESIAN_POINT('',(3.342244234621,259.55596415714));
#3842 = CARTESIAN_POINT('',(3.340238409911,259.67679446143));
#3843 = CARTESIAN_POINT('',(3.33630213394,259.82719413581));
#3844 = CARTESIAN_POINT('',(3.334434649614,259.86808023743));
#3845 = CARTESIAN_POINT('',(3.332525939777,259.87776872584));
#3846 = CARTESIAN_POINT('',(3.33062108795,259.85494598137));
#3847 = CARTESIAN_POINT('',(3.328765411024,259.80080018752));
#3848 = CARTESIAN_POINT('',(3.327000531138,259.71898713753));
#3849 = CARTESIAN_POINT('',(3.323293749045,259.48526868232));
#3850 = CARTESIAN_POINT('',(3.321418518429,259.32020619764));
#3851 = CARTESIAN_POINT('',(3.319743695796,259.12823077265));
#3852 = CARTESIAN_POINT('',(3.318269704172,258.91564391761));
#3853 = CARTESIAN_POINT('',(3.31699258366,258.68765098306));
#3854 = CARTESIAN_POINT('',(3.315905911448,258.44858000503));
#3855 = CARTESIAN_POINT('',(3.314032630944,257.93763696098));
#3856 = CARTESIAN_POINT('',(3.313268885495,257.66344841208));
#3857 = CARTESIAN_POINT('',(3.312701200854,257.38280126934));
#3858 = CARTESIAN_POINT('',(3.312322289499,257.09814249966));
#3859 = CARTESIAN_POINT('',(3.312127577876,256.81137387934));
#3860 = CARTESIAN_POINT('',(3.31211573208,256.52418079075));
#3861 = CARTESIAN_POINT('',(3.312457927325,255.95988173618));
#3862 = CARTESIAN_POINT('',(3.31280222828,255.6830403949));
#3863 = CARTESIAN_POINT('',(3.313323491809,255.40927880461));
#3864 = CARTESIAN_POINT('',(3.314026726318,255.14038821563));
#3865 = CARTESIAN_POINT('',(3.314919655238,254.87869645111));
#3866 = CARTESIAN_POINT('',(3.31601173111,254.62738595447));
#3867 = CARTESIAN_POINT('',(3.31841006105,254.19150891368));
#3868 = CARTESIAN_POINT('',(3.319664543167,254.00110839269));
#3869 = CARTESIAN_POINT('',(3.321078251135,253.82417104386));
#3870 = CARTESIAN_POINT('',(3.322648832749,253.66527314792));
#3871 = CARTESIAN_POINT('',(3.324369546743,253.52913200792));
#3872 = CARTESIAN_POINT('',(3.32622868995,253.42064956001));
#3873 = CARTESIAN_POINT('',(3.329994087982,253.27677889594));
#3874 = CARTESIAN_POINT('',(3.331861572257,253.23589279517));
#3875 = CARTESIAN_POINT('',(3.33377028215,253.22620430723));
#3876 = CARTESIAN_POINT('',(3.335675133979,253.24902705065));
#3877 = CARTESIAN_POINT('',(3.337530810849,253.30317284381));
#3878 = CARTESIAN_POINT('',(3.339295690783,253.38498589565));
#3879 = CARTESIAN_POINT('',(3.342522680778,253.58845270266));
#3880 = CARTESIAN_POINT('',(3.344049555418,253.71233700717));
#3881 = CARTESIAN_POINT('',(3.345498581011,253.85892428222));
#3882 = CARTESIAN_POINT('',(3.34685362413,254.02674405422));
#3883 = CARTESIAN_POINT('',(3.348099920064,254.21396950805));
#3884 = CARTESIAN_POINT('',(3.349224393732,254.4184551135));
#3885 = CARTESIAN_POINT('',(3.351354980701,254.8896250176));
#3886 = CARTESIAN_POINT('',(3.352285727423,255.15369987724));
#3887 = CARTESIAN_POINT('',(3.353018410656,255.42610563862));
#3888 = CARTESIAN_POINT('',(3.35356164603,255.70405255503));
#3889 = CARTESIAN_POINT('',(3.353921764085,255.98546184684));
#3890 = CARTESIAN_POINT('',(3.354102025232,256.26863174462));
#3891 = CARTESIAN_POINT('',(3.354102025232,256.55198651616));
#3892 = ( GEOMETRIC_REPRESENTATION_CONTEXT(2) 
PARAMETRIC_REPRESENTATION_CONTEXT() REPRESENTATION_CONTEXT('2D SPACE',''
  ) );
#3893 = PCURVE('',#3894,#3899);
#3894 = CYLINDRICAL_SURFACE('',#3895,3.3);
#3895 = AXIS2_PLACEMENT_3D('',#3896,#3897,#3898);
#3896 = CARTESIAN_POINT('',(-139.2063766588,-26.99675346259,
    336.55198651616));
#3897 = DIRECTION('',(-0.981709285323,-0.190386131612,0.));
#3898 = DIRECTION('',(0.190386131612,-0.981709285323,0.));
#3899 = DEFINITIONAL_REPRESENTATION('',(#3900),#3963);
#3900 = B_SPLINE_CURVE_WITH_KNOTS('',7,(#3901,#3902,#3903,#3904,#3905,
    #3906,#3907,#3908,#3909,#3910,#3911,#3912,#3913,#3914,#3915,#3916,
    #3917,#3918,#3919,#3920,#3921,#3922,#3923,#3924,#3925,#3926,#3927,
    #3928,#3929,#3930,#3931,#3932,#3933,#3934,#3935,#3936,#3937,#3938,
    #3939,#3940,#3941,#3942,#3943,#3944,#3945,#3946,#3947,#3948,#3949,
    #3950,#3951,#3952,#3953,#3954,#3955,#3956,#3957,#3958,#3959,#3960,
    #3961,#3962),.UNSPECIFIED.,.F.,.F.,(8,6,6,6,6,6,6,6,6,6,8),(0.,
    0.12183868883,0.22425552505,0.309296589108,0.416501874342,
    0.53142652055,0.643352464498,0.737762073145,0.822920869308,
    0.905356470274,1.),.UNSPECIFIED.);
#3901 = CARTESIAN_POINT('',(0.,15.665424776362));
#3902 = CARTESIAN_POINT('',(9.206444196996E-02,15.665424776362));
#3903 = CARTESIAN_POINT('',(0.184050086052,15.66610863169));
#3904 = CARTESIAN_POINT('',(0.276655744702,15.667474341317));
#3905 = CARTESIAN_POINT('',(0.370513396565,15.669493732404));
#3906 = CARTESIAN_POINT('',(0.466281287932,15.672110231139));
#3907 = CARTESIAN_POINT('',(0.564632035392,15.67521807435));
#3908 = CARTESIAN_POINT('',(0.751942643309,15.681511986448));
#3909 = CARTESIAN_POINT('',(0.840654253866,15.684632009058));
#3910 = CARTESIAN_POINT('',(0.932447651778,15.687875576217));
#3911 = CARTESIAN_POINT('',(1.02735672636,15.691070065673));
#3912 = CARTESIAN_POINT('',(1.125515314613,15.693994833765));
#3913 = CARTESIAN_POINT('',(1.227180230023,15.696405278176));
#3914 = CARTESIAN_POINT('',(1.42049489191,15.699467718545));
#3915 = CARTESIAN_POINT('',(1.5100329263,15.700334783098));
#3916 = CARTESIAN_POINT('',(1.600357599122,15.700551099946));
#3917 = CARTESIAN_POINT('',(1.690589909721,15.700058710434));
#3918 = CARTESIAN_POINT('',(1.779888749702,15.698905982887));
#3919 = CARTESIAN_POINT('',(1.867300602402,15.697235557402));
#3920 = CARTESIAN_POINT('',(2.057860001731,15.692689240676));
#3921 = CARTESIAN_POINT('',(2.159534672408,15.689604184732));
#3922 = CARTESIAN_POINT('',(2.257317978443,15.68624223128));
#3923 = CARTESIAN_POINT('',(2.35168517976,15.682848895051));
#3924 = CARTESIAN_POINT('',(2.443040753276,15.679608481272));
#3925 = CARTESIAN_POINT('',(2.531708534248,15.676653079716));
#3926 = CARTESIAN_POINT('',(2.710492233654,15.671299461648));
#3927 = CARTESIAN_POINT('',(2.800671106692,15.668944170915));
#3928 = CARTESIAN_POINT('',(2.889155871014,15.667108420892));
#3929 = CARTESIAN_POINT('',(2.97649026901,15.665850890612));
#3930 = CARTESIAN_POINT('',(3.063187198747,15.665201140213));
#3931 = CARTESIAN_POINT('',(3.149768313119,15.665167724661));
#3932 = CARTESIAN_POINT('',(3.321545848609,15.666291855662));
#3933 = CARTESIAN_POINT('',(3.406618901227,15.66741766406));
#3934 = CARTESIAN_POINT('',(3.492560385017,15.669099995605));
#3935 = CARTESIAN_POINT('',(3.579879318928,15.671304806266));
#3936 = CARTESIAN_POINT('',(3.669105310213,15.673973889327));
#3937 = CARTESIAN_POINT('',(3.760786507766,15.677008461686));
#3938 = CARTESIAN_POINT('',(3.935558623078,15.682989833229));
#3939 = CARTESIAN_POINT('',(4.018367871123,15.685897265891));
#3940 = CARTESIAN_POINT('',(4.103904283152,15.688866364801));
#3941 = CARTESIAN_POINT('',(4.192153654678,15.69175060349));
#3942 = CARTESIAN_POINT('',(4.283185644895,15.694371631607));
#3943 = CARTESIAN_POINT('',(4.377164880051,15.696538221991));
#3944 = CARTESIAN_POINT('',(4.562087546233,15.699467718556));
#3945 = CARTESIAN_POINT('',(4.651625578145,15.700334783092));
#3946 = CARTESIAN_POINT('',(4.741950253751,15.700551099931));
#3947 = CARTESIAN_POINT('',(4.832182564376,15.70005871044));
#3948 = CARTESIAN_POINT('',(4.921481401578,15.698905982906));
#3949 = CARTESIAN_POINT('',(5.008893256692,15.697235557385));
#3950 = CARTESIAN_POINT('',(5.174787355609,15.693277698999));
#3951 = CARTESIAN_POINT('',(5.256390218145,15.690942091075));
#3952 = CARTESIAN_POINT('',(5.337987137631,15.688302381586));
#3953 = CARTESIAN_POINT('',(5.419584804946,15.685468899409));
#3954 = CARTESIAN_POINT('',(5.501186864489,15.682567145917));
#3955 = CARTESIAN_POINT('',(5.582788767254,15.679725208483));
#3956 = CARTESIAN_POINT('',(5.758068627234,15.673997976285));
#3957 = CARTESIAN_POINT('',(5.849016839925,15.671257759494));
#3958 = CARTESIAN_POINT('',(5.937877630413,15.668968554665));
#3959 = CARTESIAN_POINT('',(6.02520341679,15.667207937187));
#3960 = CARTESIAN_POINT('',(6.111510418679,15.666019674924));
#3961 = CARTESIAN_POINT('',(6.197320224894,15.665424776362));
#3962 = CARTESIAN_POINT('',(6.28318530718,15.665424776362));
#3963 = ( GEOMETRIC_REPRESENTATION_CONTEXT(2) 
PARAMETRIC_REPRESENTATION_CONTEXT() REPRESENTATION_CONTEXT('2D SPACE',''
  ) );
#3964 = FACE_BOUND('',#3965,.T.);
#3965 = EDGE_LOOP('',(#3966));
#3966 = ORIENTED_EDGE('',*,*,#3967,.F.);
#3967 = EDGE_CURVE('',#3968,#3968,#3970,.T.);
#3968 = VERTEX_POINT('',#3969);
#3969 = CARTESIAN_POINT('',(-111.9549964865,-110.7805432452,
    336.55198651616));
#3970 = SURFACE_CURVE('',#3971,(#4034,#4100),.PCURVE_S1.);
#3971 = B_SPLINE_CURVE_WITH_KNOTS('',7,(#3972,#3973,#3974,#3975,#3976,
    #3977,#3978,#3979,#3980,#3981,#3982,#3983,#3984,#3985,#3986,#3987,
    #3988,#3989,#3990,#3991,#3992,#3993,#3994,#3995,#3996,#3997,#3998,
    #3999,#4000,#4001,#4002,#4003,#4004,#4005,#4006,#4007,#4008,#4009,
    #4010,#4011,#4012,#4013,#4014,#4015,#4016,#4017,#4018,#4019,#4020,
    #4021,#4022,#4023,#4024,#4025,#4026,#4027,#4028,#4029,#4030,#4031,
    #4032,#4033),.UNSPECIFIED.,.T.,.F.,(8,6,6,6,6,6,6,6,6,6,8),(0.,
    0.121838695319,0.224255533615,0.309296597157,0.416501882704,
    0.531426530489,0.643352474762,0.737762081667,0.822920875502,
    0.905356473584,1.),.UNSPECIFIED.);
#3972 = CARTESIAN_POINT('',(-111.9549964865,-110.7805432452,
    336.55198651616));
#3973 = CARTESIAN_POINT('',(-111.9549964865,-110.7805432452,
    336.24817385766));
#3974 = CARTESIAN_POINT('',(-111.9320394584,-110.8037436508,
    335.94462086893));
#3975 = CARTESIAN_POINT('',(-111.8861932862,-110.8500758879,
    335.64322983403));
#3976 = CARTESIAN_POINT('',(-111.8169409058,-110.9200018213,
    335.34608175477));
#3977 = CARTESIAN_POINT('',(-111.7232896299,-111.0144047017,
    335.05580753929));
#3978 = CARTESIAN_POINT('',(-111.603886311,-111.1344486105,334.776041397
    ));
#3979 = CARTESIAN_POINT('',(-111.333877874,-111.4048836332,
    334.29016233032));
#3980 = CARTESIAN_POINT('',(-111.1901950339,-111.5484742604,
    334.07746392855));
#3981 = CARTESIAN_POINT('',(-111.0255528885,-111.7125489999,
    333.87915402074));
#3982 = CARTESIAN_POINT('',(-110.8399359422,-111.8968824855,
    333.70073334757));
#3983 = CARTESIAN_POINT('',(-110.6339024802,-112.1006264148,
    333.54800886491));
#3984 = CARTESIAN_POINT('',(-110.4087231053,-112.3222088,333.42717857369
    ));
#3985 = CARTESIAN_POINT('',(-109.965659298,-112.7558551746,
    333.27677889598));
#3986 = CARTESIAN_POINT('',(-109.7550471158,-112.9611709775,
    333.23589279509));
#3987 = CARTESIAN_POINT('',(-109.5393179991,-113.1705395035,
    333.22620430728));
#3988 = CARTESIAN_POINT('',(-109.3235321463,-113.3789761053,
    333.24902705068));
#3989 = CARTESIAN_POINT('',(-109.1128501187,-113.5815469374,
    333.3031728437));
#3990 = CARTESIAN_POINT('',(-108.9120795569,-113.773791455,
    333.38498589572));
#3991 = CARTESIAN_POINT('',(-108.4896840678,-114.1768121925,333.61870435
    ));
#3992 = CARTESIAN_POINT('',(-108.2754556635,-114.3801290255,
    333.78376683469));
#3993 = CARTESIAN_POINT('',(-108.0837049632,-114.561276684,
    333.97574225967));
#3994 = CARTESIAN_POINT('',(-107.9146495479,-114.720386197,
    334.18832911471));
#3995 = CARTESIAN_POINT('',(-107.7679682002,-114.8580255168,
    334.41632204926));
#3996 = CARTESIAN_POINT('',(-107.6430249761,-114.9749948906,
    334.6553930273));
#3997 = CARTESIAN_POINT('',(-107.4274624288,-115.1764455838,
    335.1663360742));
#3998 = CARTESIAN_POINT('',(-107.3394586839,-115.2584518717,
    335.44052461342));
#3999 = CARTESIAN_POINT('',(-107.2739884007,-115.3193440281,
    335.72117176717));
#4000 = CARTESIAN_POINT('',(-107.2302671556,-115.3599639668,
    336.00583053676));
#4001 = CARTESIAN_POINT('',(-107.2077976495,-115.3808347942,
    336.29259914605));
#4002 = CARTESIAN_POINT('',(-107.2064348218,-115.3821090044,
    336.57979224457));
#4003 = CARTESIAN_POINT('',(-107.2459116692,-115.3454166291,
    337.14409129021));
#4004 = CARTESIAN_POINT('',(-107.2856278718,-115.3084946259,
    337.42093265161));
#4005 = CARTESIAN_POINT('',(-107.345742208,-115.2525793795,
    337.69469421774));
#4006 = CARTESIAN_POINT('',(-107.4267980527,-115.1770968861,
    337.96358481133));
#4007 = CARTESIAN_POINT('',(-107.5296294736,-115.08115778,
    338.22527659262));
#4008 = CARTESIAN_POINT('',(-107.655238204,-114.9636537,338.47658707277)
  );
#4009 = CARTESIAN_POINT('',(-107.9306226141,-114.7051026504,
    338.91246411868));
#4010 = CARTESIAN_POINT('',(-108.0745150912,-114.569702387,
    339.10286463963));
#4011 = CARTESIAN_POINT('',(-108.2364605336,-114.4168925161,
    339.27980198844));
#4012 = CARTESIAN_POINT('',(-108.4160920507,-114.2468245532,
    339.43869988439));
#4013 = CARTESIAN_POINT('',(-108.6125238424,-114.060108583,
    339.57484102441));
#4014 = CARTESIAN_POINT('',(-108.824299244,-113.8578899945,
    339.68332347232));
#4015 = CARTESIAN_POINT('',(-109.2522066288,-113.4472760701,
    339.82719413577));
#4016 = CARTESIAN_POINT('',(-109.4640256528,-113.2432055529,
    339.86808023751));
#4017 = CARTESIAN_POINT('',(-109.6800558468,-113.0341477107,
    339.87776872579));
#4018 = CARTESIAN_POINT('',(-109.8951563602,-112.8250039317,
    339.85494598133));
#4019 = CARTESIAN_POINT('',(-110.1042339539,-112.6207775286,
    339.80080018763));
#4020 = CARTESIAN_POINT('',(-110.3026795049,-112.4261339258,
    339.71898713746));
#4021 = CARTESIAN_POINT('',(-110.6648928934,-112.0695943555,
    339.51552032966));
#4022 = CARTESIAN_POINT('',(-110.8359521403,-111.9005650549,
    339.39163602515));
#4023 = CARTESIAN_POINT('',(-110.9979921665,-111.7398529807,
    339.2450487501));
#4024 = CARTESIAN_POINT('',(-111.1492651105,-111.5893056578,
    339.0772289781));
#4025 = CARTESIAN_POINT('',(-111.288188968,-111.4506310044,
    338.89000352427));
#4026 = CARTESIAN_POINT('',(-111.4133750262,-111.3253532169,
    338.68551791882));
#4027 = CARTESIAN_POINT('',(-111.6503276984,-111.0877423101,
    338.21434801472));
#4028 = CARTESIAN_POINT('',(-111.7536717051,-110.9837737316,
    337.95027315508));
#4029 = CARTESIAN_POINT('',(-111.8349302193,-110.901836691,
    337.6778673937));
#4030 = CARTESIAN_POINT('',(-111.8951329173,-110.8410413363,
    337.39992047729));
#4031 = CARTESIAN_POINT('',(-111.9350270861,-110.8007244059,
    337.11851118548));
#4032 = CARTESIAN_POINT('',(-111.9549964865,-110.7805432452,
    336.8353412877));
#4033 = CARTESIAN_POINT('',(-111.9549964865,-110.7805432452,
    336.55198651616));
#4034 = PCURVE('',#1248,#4035);
#4035 = DEFINITIONAL_REPRESENTATION('',(#4036),#4099);
#4036 = B_SPLINE_CURVE_WITH_KNOTS('',7,(#4037,#4038,#4039,#4040,#4041,
    #4042,#4043,#4044,#4045,#4046,#4047,#4048,#4049,#4050,#4051,#4052,
    #4053,#4054,#4055,#4056,#4057,#4058,#4059,#4060,#4061,#4062,#4063,
    #4064,#4065,#4066,#4067,#4068,#4069,#4070,#4071,#4072,#4073,#4074,
    #4075,#4076,#4077,#4078,#4079,#4080,#4081,#4082,#4083,#4084,#4085,
    #4086,#4087,#4088,#4089,#4090,#4091,#4092,#4093,#4094,#4095,#4096,
    #4097,#4098),.UNSPECIFIED.,.T.,.F.,(8,6,6,6,6,6,6,6,6,6,8),(0.,
    0.121838695319,0.224255533615,0.309296597157,0.416501882704,
    0.531426530489,0.643352474762,0.737762081667,0.822920875502,
    0.905356473584,1.),.UNSPECIFIED.);
#4037 = CARTESIAN_POINT('',(3.921718006198,256.55198651616));
#4038 = CARTESIAN_POINT('',(3.921718006198,256.24817385766));
#4039 = CARTESIAN_POINT('',(3.921925235962,255.94462086893));
#4040 = CARTESIAN_POINT('',(3.922339082858,255.64322983403));
#4041 = CARTESIAN_POINT('',(3.922963940431,255.34608175477));
#4042 = CARTESIAN_POINT('',(3.923808228273,255.05580753929));
#4043 = CARTESIAN_POINT('',(3.92488324455,254.776041397));
#4044 = CARTESIAN_POINT('',(3.927309602354,254.29016233032));
#4045 = CARTESIAN_POINT('',(3.92859933501,254.07746392855));
#4046 = CARTESIAN_POINT('',(3.930075131382,253.87915402074));
#4047 = CARTESIAN_POINT('',(3.931736053231,253.70073334757));
#4048 = CARTESIAN_POINT('',(3.933575796958,253.54800886491));
#4049 = CARTESIAN_POINT('',(3.935581621446,253.42717857369));
#4050 = CARTESIAN_POINT('',(3.939517897505,253.27677889598));
#4051 = CARTESIAN_POINT('',(3.941385381782,253.23589279509));
#4052 = CARTESIAN_POINT('',(3.943294091675,253.22620430728));
#4053 = CARTESIAN_POINT('',(3.945198943502,253.24902705068));
#4054 = CARTESIAN_POINT('',(3.947054620372,253.3031728437));
#4055 = CARTESIAN_POINT('',(3.948819500307,253.38498589572));
#4056 = CARTESIAN_POINT('',(3.952526282385,253.61870435));
#4057 = CARTESIAN_POINT('',(3.954401513002,253.78376683469));
#4058 = CARTESIAN_POINT('',(3.956076335635,253.97574225967));
#4059 = CARTESIAN_POINT('',(3.957550327258,254.18832911471));
#4060 = CARTESIAN_POINT('',(3.95882744777,254.41632204926));
#4061 = CARTESIAN_POINT('',(3.959914119982,254.6553930273));
#4062 = CARTESIAN_POINT('',(3.961787400497,255.1663360742));
#4063 = CARTESIAN_POINT('',(3.96255114592,255.44052461342));
#4064 = CARTESIAN_POINT('',(3.963118830578,255.72117176717));
#4065 = CARTESIAN_POINT('',(3.963497741942,256.00583053676));
#4066 = CARTESIAN_POINT('',(3.96369245355,256.29259914605));
#4067 = CARTESIAN_POINT('',(3.963704299348,256.57979224457));
#4068 = CARTESIAN_POINT('',(3.963362104109,257.14409129021));
#4069 = CARTESIAN_POINT('',(3.96301780315,257.42093265161));
#4070 = CARTESIAN_POINT('',(3.962496539588,257.69469421774));
#4071 = CARTESIAN_POINT('',(3.961793305189,257.96358481133));
#4072 = CARTESIAN_POINT('',(3.96090037612,258.22527659262));
#4073 = CARTESIAN_POINT('',(3.959808300349,258.47658707277));
#4074 = CARTESIAN_POINT('',(3.957409970381,258.91246411868));
#4075 = CARTESIAN_POINT('',(3.956155488264,259.10286463963));
#4076 = CARTESIAN_POINT('',(3.954741780296,259.27980198844));
#4077 = CARTESIAN_POINT('',(3.953171198682,259.43869988439));
#4078 = CARTESIAN_POINT('',(3.951450484687,259.57484102441));
#4079 = CARTESIAN_POINT('',(3.94959134148,259.68332347232));
#4080 = CARTESIAN_POINT('',(3.945825943464,259.82719413577));
#4081 = CARTESIAN_POINT('',(3.943958459137,259.86808023751));
#4082 = CARTESIAN_POINT('',(3.9420497493,259.87776872579));
#4083 = CARTESIAN_POINT('',(3.940144897474,259.85494598133));
#4084 = CARTESIAN_POINT('',(3.938289220548,259.80080018763));
#4085 = CARTESIAN_POINT('',(3.936524340661,259.71898713746));
#4086 = CARTESIAN_POINT('',(3.933297350653,259.51552032966));
#4087 = CARTESIAN_POINT('',(3.931770476012,259.39163602515));
#4088 = CARTESIAN_POINT('',(3.93032145042,259.2450487501));
#4089 = CARTESIAN_POINT('',(3.9289664073,259.0772289781));
#4090 = CARTESIAN_POINT('',(3.927720111367,258.89000352427));
#4091 = CARTESIAN_POINT('',(3.926595637698,258.68551791882));
#4092 = CARTESIAN_POINT('',(3.924465050729,258.21434801472));
#4093 = CARTESIAN_POINT('',(3.923534304007,257.95027315508));
#4094 = CARTESIAN_POINT('',(3.922801620775,257.6778673937));
#4095 = CARTESIAN_POINT('',(3.922258385401,257.39992047729));
#4096 = CARTESIAN_POINT('',(3.921898267346,257.11851118548));
#4097 = CARTESIAN_POINT('',(3.921718006198,256.8353412877));
#4098 = CARTESIAN_POINT('',(3.921718006198,256.55198651616));
#4099 = ( GEOMETRIC_REPRESENTATION_CONTEXT(2) 
PARAMETRIC_REPRESENTATION_CONTEXT() REPRESENTATION_CONTEXT('2D SPACE',''
  ) );
#4100 = PCURVE('',#4101,#4106);
#4101 = CYLINDRICAL_SURFACE('',#4102,3.3);
#4102 = AXIS2_PLACEMENT_3D('',#4103,#4104,#4105);
#4103 = CARTESIAN_POINT('',(-98.68316966069,-101.8276584515,
    336.55198651616));
#4104 = DIRECTION('',(-0.695932085054,-0.718107605441,0.));
#4105 = DIRECTION('',(-0.718107605441,0.695932085054,0.));
#4106 = DEFINITIONAL_REPRESENTATION('',(#4107),#4170);
#4107 = B_SPLINE_CURVE_WITH_KNOTS('',7,(#4108,#4109,#4110,#4111,#4112,
    #4113,#4114,#4115,#4116,#4117,#4118,#4119,#4120,#4121,#4122,#4123,
    #4124,#4125,#4126,#4127,#4128,#4129,#4130,#4131,#4132,#4133,#4134,
    #4135,#4136,#4137,#4138,#4139,#4140,#4141,#4142,#4143,#4144,#4145,
    #4146,#4147,#4148,#4149,#4150,#4151,#4152,#4153,#4154,#4155,#4156,
    #4157,#4158,#4159,#4160,#4161,#4162,#4163,#4164,#4165,#4166,#4167,
    #4168,#4169),.UNSPECIFIED.,.F.,.F.,(8,6,6,6,6,6,6,6,6,6,8),(0.,
    0.121838695319,0.224255533615,0.309296597157,0.416501882704,
    0.531426530489,0.643352474762,0.737762081667,0.822920875502,
    0.905356473584,1.),.UNSPECIFIED.);
#4108 = CARTESIAN_POINT('',(0.,15.665424776362));
#4109 = CARTESIAN_POINT('',(9.206444196993E-02,15.665424776362));
#4110 = CARTESIAN_POINT('',(0.184050086052,15.66610863169));
#4111 = CARTESIAN_POINT('',(0.276655744702,15.667474341317));
#4112 = CARTESIAN_POINT('',(0.370513396566,15.669493732404));
#4113 = CARTESIAN_POINT('',(0.466281287932,15.672110231139));
#4114 = CARTESIAN_POINT('',(0.564632035392,15.67521807435));
#4115 = CARTESIAN_POINT('',(0.751942640487,15.681511986353));
#4116 = CARTESIAN_POINT('',(0.840654261154,15.684632009265));
#4117 = CARTESIAN_POINT('',(0.932447646866,15.687875576112));
#4118 = CARTESIAN_POINT('',(1.027356722027,15.691070065542));
#4119 = CARTESIAN_POINT('',(1.12551532261,15.693994833939));
#4120 = CARTESIAN_POINT('',(1.227180226426,15.696405278119));
#4121 = CARTESIAN_POINT('',(1.420494892586,15.699467718555));
#4122 = CARTESIAN_POINT('',(1.510032924611,15.700334783093));
#4123 = CARTESIAN_POINT('',(1.600357600208,15.70055109993));
#4124 = CARTESIAN_POINT('',(1.690589910741,15.70005871044));
#4125 = CARTESIAN_POINT('',(1.77988874793,15.698905982908));
#4126 = CARTESIAN_POINT('',(1.867300603158,15.697235557384));
#4127 = CARTESIAN_POINT('',(2.057860001731,15.692689240676));
#4128 = CARTESIAN_POINT('',(2.159534672409,15.689604184731));
#4129 = CARTESIAN_POINT('',(2.257317978443,15.686242231281));
#4130 = CARTESIAN_POINT('',(2.35168517976,15.682848895051));
#4131 = CARTESIAN_POINT('',(2.443040753276,15.679608481272));
#4132 = CARTESIAN_POINT('',(2.531708534248,15.676653079716));
#4133 = CARTESIAN_POINT('',(2.710492234655,15.671299461618));
#4134 = CARTESIAN_POINT('',(2.800671104422,15.66894417096));
#4135 = CARTESIAN_POINT('',(2.889155872318,15.667108420888));
#4136 = CARTESIAN_POINT('',(2.97649027038,15.665850890582));
#4137 = CARTESIAN_POINT('',(3.063187196557,15.665201140226));
#4138 = CARTESIAN_POINT('',(3.149768314032,15.665167724667));
#4139 = CARTESIAN_POINT('',(3.321545846803,15.66629185565));
#4140 = CARTESIAN_POINT('',(3.406618905345,15.66741766407));
#4141 = CARTESIAN_POINT('',(3.492560382798,15.669099995677));
#4142 = CARTESIAN_POINT('',(3.579879315866,15.671304806079));
#4143 = CARTESIAN_POINT('',(3.669105314948,15.673973889509));
#4144 = CARTESIAN_POINT('',(3.760786505727,15.677008461616));
#4145 = CARTESIAN_POINT('',(3.93555862309,15.682989833229));
#4146 = CARTESIAN_POINT('',(4.018367871123,15.685897265892));
#4147 = CARTESIAN_POINT('',(4.103904283143,15.688866364801));
#4148 = CARTESIAN_POINT('',(4.192153654669,15.69175060349));
#4149 = CARTESIAN_POINT('',(4.283185644897,15.694371631607));
#4150 = CARTESIAN_POINT('',(4.377164880062,15.696538221991));
#4151 = CARTESIAN_POINT('',(4.562087545444,15.699467718544));
#4152 = CARTESIAN_POINT('',(4.651625579945,15.700334783099));
#4153 = CARTESIAN_POINT('',(4.741950252757,15.700551099945));
#4154 = CARTESIAN_POINT('',(4.832182563267,15.700058710433));
#4155 = CARTESIAN_POINT('',(4.921481403236,15.698905982889));
#4156 = CARTESIAN_POINT('',(5.008893256047,15.697235557401));
#4157 = CARTESIAN_POINT('',(5.174787355609,15.693277698999));
#4158 = CARTESIAN_POINT('',(5.256390218145,15.690942091074));
#4159 = CARTESIAN_POINT('',(5.337987137632,15.688302381587));
#4160 = CARTESIAN_POINT('',(5.419584804946,15.685468899409));
#4161 = CARTESIAN_POINT('',(5.501186864489,15.682567145917));
#4162 = CARTESIAN_POINT('',(5.582788767254,15.679725208483));
#4163 = CARTESIAN_POINT('',(5.758068627234,15.673997976285));
#4164 = CARTESIAN_POINT('',(5.849016839925,15.671257759494));
#4165 = CARTESIAN_POINT('',(5.937877630413,15.668968554665));
#4166 = CARTESIAN_POINT('',(6.02520341679,15.667207937187));
#4167 = CARTESIAN_POINT('',(6.111510418679,15.666019674924));
#4168 = CARTESIAN_POINT('',(6.197320224894,15.665424776362));
#4169 = CARTESIAN_POINT('',(6.28318530718,15.665424776362));
#4170 = ( GEOMETRIC_REPRESENTATION_CONTEXT(2) 
PARAMETRIC_REPRESENTATION_CONTEXT() REPRESENTATION_CONTEXT('2D SPACE',''
  ) );
#4171 = ADVANCED_FACE('',(#4172,#4175,#4206,#4237,#4268,#4299),#1280,.T.
  );
#4172 = FACE_BOUND('',#4173,.T.);
#4173 = EDGE_LOOP('',(#4174));
#4174 = ORIENTED_EDGE('',*,*,#1263,.T.);
#4175 = FACE_BOUND('',#4176,.T.);
#4176 = EDGE_LOOP('',(#4177));
#4177 = ORIENTED_EDGE('',*,*,#4178,.F.);
#4178 = EDGE_CURVE('',#4179,#4179,#4181,.T.);
#4179 = VERTEX_POINT('',#4180);
#4180 = CARTESIAN_POINT('',(-26.5,-32.,392.));
#4181 = SURFACE_CURVE('',#4182,(#4187,#4194),.PCURVE_S1.);
#4182 = CIRCLE('',#4183,5.5);
#4183 = AXIS2_PLACEMENT_3D('',#4184,#4185,#4186);
#4184 = CARTESIAN_POINT('',(-32.,-32.,392.));
#4185 = DIRECTION('',(0.,0.,1.));
#4186 = DIRECTION('',(1.,0.,-0.));
#4187 = PCURVE('',#1280,#4188);
#4188 = DEFINITIONAL_REPRESENTATION('',(#4189),#4193);
#4189 = CIRCLE('',#4190,5.5);
#4190 = AXIS2_PLACEMENT_2D('',#4191,#4192);
#4191 = CARTESIAN_POINT('',(168.,168.));
#4192 = DIRECTION('',(1.,0.));
#4193 = ( GEOMETRIC_REPRESENTATION_CONTEXT(2) 
PARAMETRIC_REPRESENTATION_CONTEXT() REPRESENTATION_CONTEXT('2D SPACE',''
  ) );
#4194 = PCURVE('',#4195,#4200);
#4195 = CYLINDRICAL_SURFACE('',#4196,5.5);
#4196 = AXIS2_PLACEMENT_3D('',#4197,#4198,#4199);
#4197 = CARTESIAN_POINT('',(-32.,-32.,379.));
#4198 = DIRECTION('',(0.,0.,1.));
#4199 = DIRECTION('',(1.,0.,-0.));
#4200 = DEFINITIONAL_REPRESENTATION('',(#4201),#4205);
#4201 = LINE('',#4202,#4203);
#4202 = CARTESIAN_POINT('',(0.,13.));
#4203 = VECTOR('',#4204,1.);
#4204 = DIRECTION('',(1.,0.));
#4205 = ( GEOMETRIC_REPRESENTATION_CONTEXT(2) 
PARAMETRIC_REPRESENTATION_CONTEXT() REPRESENTATION_CONTEXT('2D SPACE',''
  ) );
#4206 = FACE_BOUND('',#4207,.T.);
#4207 = EDGE_LOOP('',(#4208));
#4208 = ORIENTED_EDGE('',*,*,#4209,.F.);
#4209 = EDGE_CURVE('',#4210,#4210,#4212,.T.);
#4210 = VERTEX_POINT('',#4211);
#4211 = CARTESIAN_POINT('',(37.5,-32.,392.));
#4212 = SURFACE_CURVE('',#4213,(#4218,#4225),.PCURVE_S1.);
#4213 = CIRCLE('',#4214,5.5);
#4214 = AXIS2_PLACEMENT_3D('',#4215,#4216,#4217);
#4215 = CARTESIAN_POINT('',(32.,-32.,392.));
#4216 = DIRECTION('',(0.,0.,1.));
#4217 = DIRECTION('',(1.,0.,-0.));
#4218 = PCURVE('',#1280,#4219);
#4219 = DEFINITIONAL_REPRESENTATION('',(#4220),#4224);
#4220 = CIRCLE('',#4221,5.5);
#4221 = AXIS2_PLACEMENT_2D('',#4222,#4223);
#4222 = CARTESIAN_POINT('',(232.,168.));
#4223 = DIRECTION('',(1.,0.));
#4224 = ( GEOMETRIC_REPRESENTATION_CONTEXT(2) 
PARAMETRIC_REPRESENTATION_CONTEXT() REPRESENTATION_CONTEXT('2D SPACE',''
  ) );
#4225 = PCURVE('',#4226,#4231);
#4226 = CYLINDRICAL_SURFACE('',#4227,5.5);
#4227 = AXIS2_PLACEMENT_3D('',#4228,#4229,#4230);
#4228 = CARTESIAN_POINT('',(32.,-32.,379.));
#4229 = DIRECTION('',(0.,0.,1.));
#4230 = DIRECTION('',(1.,0.,-0.));
#4231 = DEFINITIONAL_REPRESENTATION('',(#4232),#4236);
#4232 = LINE('',#4233,#4234);
#4233 = CARTESIAN_POINT('',(0.,13.));
#4234 = VECTOR('',#4235,1.);
#4235 = DIRECTION('',(1.,0.));
#4236 = ( GEOMETRIC_REPRESENTATION_CONTEXT(2) 
PARAMETRIC_REPRESENTATION_CONTEXT() REPRESENTATION_CONTEXT('2D SPACE',''
  ) );
#4237 = FACE_BOUND('',#4238,.T.);
#4238 = EDGE_LOOP('',(#4239));
#4239 = ORIENTED_EDGE('',*,*,#4240,.F.);
#4240 = EDGE_CURVE('',#4241,#4241,#4243,.T.);
#4241 = VERTEX_POINT('',#4242);
#4242 = CARTESIAN_POINT('',(-26.5,32.,392.));
#4243 = SURFACE_CURVE('',#4244,(#4249,#4256),.PCURVE_S1.);
#4244 = CIRCLE('',#4245,5.5);
#4245 = AXIS2_PLACEMENT_3D('',#4246,#4247,#4248);
#4246 = CARTESIAN_POINT('',(-32.,32.,392.));
#4247 = DIRECTION('',(0.,0.,1.));
#4248 = DIRECTION('',(1.,0.,-0.));
#4249 = PCURVE('',#1280,#4250);
#4250 = DEFINITIONAL_REPRESENTATION('',(#4251),#4255);
#4251 = CIRCLE('',#4252,5.5);
#4252 = AXIS2_PLACEMENT_2D('',#4253,#4254);
#4253 = CARTESIAN_POINT('',(168.,232.));
#4254 = DIRECTION('',(1.,0.));
#4255 = ( GEOMETRIC_REPRESENTATION_CONTEXT(2) 
PARAMETRIC_REPRESENTATION_CONTEXT() REPRESENTATION_CONTEXT('2D SPACE',''
  ) );
#4256 = PCURVE('',#4257,#4262);
#4257 = CYLINDRICAL_SURFACE('',#4258,5.5);
#4258 = AXIS2_PLACEMENT_3D('',#4259,#4260,#4261);
#4259 = CARTESIAN_POINT('',(-32.,32.,379.));
#4260 = DIRECTION('',(0.,0.,1.));
#4261 = DIRECTION('',(1.,0.,-0.));
#4262 = DEFINITIONAL_REPRESENTATION('',(#4263),#4267);
#4263 = LINE('',#4264,#4265);
#4264 = CARTESIAN_POINT('',(0.,13.));
#4265 = VECTOR('',#4266,1.);
#4266 = DIRECTION('',(1.,0.));
#4267 = ( GEOMETRIC_REPRESENTATION_CONTEXT(2) 
PARAMETRIC_REPRESENTATION_CONTEXT() REPRESENTATION_CONTEXT('2D SPACE',''
  ) );
#4268 = FACE_BOUND('',#4269,.T.);
#4269 = EDGE_LOOP('',(#4270));
#4270 = ORIENTED_EDGE('',*,*,#4271,.F.);
#4271 = EDGE_CURVE('',#4272,#4272,#4274,.T.);
#4272 = VERTEX_POINT('',#4273);
#4273 = CARTESIAN_POINT('',(14.,-3.429011037613E-15,392.));
#4274 = SURFACE_CURVE('',#4275,(#4280,#4287),.PCURVE_S1.);
#4275 = CIRCLE('',#4276,14.);
#4276 = AXIS2_PLACEMENT_3D('',#4277,#4278,#4279);
#4277 = CARTESIAN_POINT('',(0.,0.,392.));
#4278 = DIRECTION('',(0.,0.,1.));
#4279 = DIRECTION('',(1.,0.,-0.));
#4280 = PCURVE('',#1280,#4281);
#4281 = DEFINITIONAL_REPRESENTATION('',(#4282),#4286);
#4282 = CIRCLE('',#4283,14.);
#4283 = AXIS2_PLACEMENT_2D('',#4284,#4285);
#4284 = CARTESIAN_POINT('',(200.,200.));
#4285 = DIRECTION('',(1.,0.));
#4286 = ( GEOMETRIC_REPRESENTATION_CONTEXT(2) 
PARAMETRIC_REPRESENTATION_CONTEXT() REPRESENTATION_CONTEXT('2D SPACE',''
  ) );
#4287 = PCURVE('',#4288,#4293);
#4288 = CYLINDRICAL_SURFACE('',#4289,14.);
#4289 = AXIS2_PLACEMENT_3D('',#4290,#4291,#4292);
#4290 = CARTESIAN_POINT('',(0.,0.,379.));
#4291 = DIRECTION('',(0.,0.,1.));
#4292 = DIRECTION('',(1.,0.,-0.));
#4293 = DEFINITIONAL_REPRESENTATION('',(#4294),#4298);
#4294 = LINE('',#4295,#4296);
#4295 = CARTESIAN_POINT('',(0.,13.));
#4296 = VECTOR('',#4297,1.);
#4297 = DIRECTION('',(1.,0.));
#4298 = ( GEOMETRIC_REPRESENTATION_CONTEXT(2) 
PARAMETRIC_REPRESENTATION_CONTEXT() REPRESENTATION_CONTEXT('2D SPACE',''
  ) );
#4299 = FACE_BOUND('',#4300,.T.);
#4300 = EDGE_LOOP('',(#4301));
#4301 = ORIENTED_EDGE('',*,*,#4302,.F.);
#4302 = EDGE_CURVE('',#4303,#4303,#4305,.T.);
#4303 = VERTEX_POINT('',#4304);
#4304 = CARTESIAN_POINT('',(37.5,32.,392.));
#4305 = SURFACE_CURVE('',#4306,(#4311,#4318),.PCURVE_S1.);
#4306 = CIRCLE('',#4307,5.5);
#4307 = AXIS2_PLACEMENT_3D('',#4308,#4309,#4310);
#4308 = CARTESIAN_POINT('',(32.,32.,392.));
#4309 = DIRECTION('',(0.,0.,1.));
#4310 = DIRECTION('',(1.,0.,-0.));
#4311 = PCURVE('',#1280,#4312);
#4312 = DEFINITIONAL_REPRESENTATION('',(#4313),#4317);
#4313 = CIRCLE('',#4314,5.5);
#4314 = AXIS2_PLACEMENT_2D('',#4315,#4316);
#4315 = CARTESIAN_POINT('',(232.,232.));
#4316 = DIRECTION('',(1.,0.));
#4317 = ( GEOMETRIC_REPRESENTATION_CONTEXT(2) 
PARAMETRIC_REPRESENTATION_CONTEXT() REPRESENTATION_CONTEXT('2D SPACE',''
  ) );
#4318 = PCURVE('',#4319,#4324);
#4319 = CYLINDRICAL_SURFACE('',#4320,5.5);
#4320 = AXIS2_PLACEMENT_3D('',#4321,#4322,#4323);
#4321 = CARTESIAN_POINT('',(32.,32.,379.));
#4322 = DIRECTION('',(0.,0.,1.));
#4323 = DIRECTION('',(1.,0.,-0.));
#4324 = DEFINITIONAL_REPRESENTATION('',(#4325),#4329);
#4325 = LINE('',#4326,#4327);
#4326 = CARTESIAN_POINT('',(0.,13.));
#4327 = VECTOR('',#4328,1.);
#4328 = DIRECTION('',(1.,0.));
#4329 = ( GEOMETRIC_REPRESENTATION_CONTEXT(2) 
PARAMETRIC_REPRESENTATION_CONTEXT() REPRESENTATION_CONTEXT('2D SPACE',''
  ) );
#4330 = ADVANCED_FACE('',(#4331,#4334),#1357,.F.);
#4331 = FACE_BOUND('',#4332,.F.);
#4332 = EDGE_LOOP('',(#4333));
#4333 = ORIENTED_EDGE('',*,*,#1342,.T.);
#4334 = FACE_BOUND('',#4335,.F.);
#4335 = EDGE_LOOP('',(#4336));
#4336 = ORIENTED_EDGE('',*,*,#4337,.F.);
#4337 = EDGE_CURVE('',#4338,#4338,#4340,.T.);
#4338 = VERTEX_POINT('',#4339);
#4339 = CARTESIAN_POINT('',(149.8,-3.669041810245E-14,80.));
#4340 = SURFACE_CURVE('',#4341,(#4346,#4353),.PCURVE_S1.);
#4341 = CIRCLE('',#4342,149.8);
#4342 = AXIS2_PLACEMENT_3D('',#4343,#4344,#4345);
#4343 = CARTESIAN_POINT('',(0.,0.,80.));
#4344 = DIRECTION('',(0.,0.,1.));
#4345 = DIRECTION('',(1.,0.,-0.));
#4346 = PCURVE('',#1357,#4347);
#4347 = DEFINITIONAL_REPRESENTATION('',(#4348),#4352);
#4348 = CIRCLE('',#4349,149.8);
#4349 = AXIS2_PLACEMENT_2D('',#4350,#4351);
#4350 = CARTESIAN_POINT('',(0.,0.));
#4351 = DIRECTION('',(1.,0.));
#4352 = ( GEOMETRIC_REPRESENTATION_CONTEXT(2) 
PARAMETRIC_REPRESENTATION_CONTEXT() REPRESENTATION_CONTEXT('2D SPACE',''
  ) );
#4353 = PCURVE('',#4354,#4359);
#4354 = CYLINDRICAL_SURFACE('',#4355,149.8);
#4355 = AXIS2_PLACEMENT_3D('',#4356,#4357,#4358);
#4356 = CARTESIAN_POINT('',(0.,0.,79.));
#4357 = DIRECTION('',(0.,0.,1.));
#4358 = DIRECTION('',(1.,0.,-0.));
#4359 = DEFINITIONAL_REPRESENTATION('',(#4360),#4364);
#4360 = LINE('',#4361,#4362);
#4361 = CARTESIAN_POINT('',(0.,1.));
#4362 = VECTOR('',#4363,1.);
#4363 = DIRECTION('',(1.,0.));
#4364 = ( GEOMETRIC_REPRESENTATION_CONTEXT(2) 
PARAMETRIC_REPRESENTATION_CONTEXT() REPRESENTATION_CONTEXT('2D SPACE',''
  ) );
#4365 = ADVANCED_FACE('',(#4366),#1506,.F.);
#4366 = FACE_BOUND('',#4367,.F.);
#4367 = EDGE_LOOP('',(#4368,#4369,#4392,#4590));
#4368 = ORIENTED_EDGE('',*,*,#1372,.F.);
#4369 = ORIENTED_EDGE('',*,*,#4370,.F.);
#4370 = EDGE_CURVE('',#4371,#1373,#4373,.T.);
#4371 = VERTEX_POINT('',#4372);
#4372 = CARTESIAN_POINT('',(146.39608875156,31.752562073695,
    240.55198651616));
#4373 = SEAM_CURVE('',#4374,(#4378,#4385),.PCURVE_S1.);
#4374 = LINE('',#4375,#4376);
#4375 = CARTESIAN_POINT('',(138.57810242451,30.236394104158,
    240.55198651616));
#4376 = VECTOR('',#4377,1.);
#4377 = DIRECTION('',(0.981709285323,0.190386131612,0.));
#4378 = PCURVE('',#1506,#4379);
#4379 = DEFINITIONAL_REPRESENTATION('',(#4380),#4384);
#4380 = LINE('',#4381,#4382);
#4381 = CARTESIAN_POINT('',(6.28318530718,-0.));
#4382 = VECTOR('',#4383,1.);
#4383 = DIRECTION('',(0.,1.));
#4384 = ( GEOMETRIC_REPRESENTATION_CONTEXT(2) 
PARAMETRIC_REPRESENTATION_CONTEXT() REPRESENTATION_CONTEXT('2D SPACE',''
  ) );
#4385 = PCURVE('',#1506,#4386);
#4386 = DEFINITIONAL_REPRESENTATION('',(#4387),#4391);
#4387 = LINE('',#4388,#4389);
#4388 = CARTESIAN_POINT('',(0.,-0.));
#4389 = VECTOR('',#4390,1.);
#4390 = DIRECTION('',(0.,1.));
#4391 = ( GEOMETRIC_REPRESENTATION_CONTEXT(2) 
PARAMETRIC_REPRESENTATION_CONTEXT() REPRESENTATION_CONTEXT('2D SPACE',''
  ) );
#4392 = ORIENTED_EDGE('',*,*,#4393,.T.);
#4393 = EDGE_CURVE('',#4371,#4371,#4394,.T.);
#4394 = SURFACE_CURVE('',#4395,(#4458,#4524),.PCURVE_S1.);
#4395 = B_SPLINE_CURVE_WITH_KNOTS('',7,(#4396,#4397,#4398,#4399,#4400,
    #4401,#4402,#4403,#4404,#4405,#4406,#4407,#4408,#4409,#4410,#4411,
    #4412,#4413,#4414,#4415,#4416,#4417,#4418,#4419,#4420,#4421,#4422,
    #4423,#4424,#4425,#4426,#4427,#4428,#4429,#4430,#4431,#4432,#4433,
    #4434,#4435,#4436,#4437,#4438,#4439,#4440,#4441,#4442,#4443,#4444,
    #4445,#4446,#4447,#4448,#4449,#4450,#4451,#4452,#4453,#4454,#4455,
    #4456,#4457),.UNSPECIFIED.,.T.,.F.,(8,6,6,6,6,6,6,6,6,6,8),(0.,
    0.121838419965,0.224255524765,0.30929647899,0.416502109126,
    0.531426399123,0.643352211746,0.737762089364,0.822920792663,
    0.905356603624,1.),.UNSPECIFIED.);
#4396 = CARTESIAN_POINT('',(146.39608875156,31.752562073695,
    240.55198651616));
#4397 = CARTESIAN_POINT('',(146.39608875156,31.752562073695,
    240.85579997781));
#4398 = CARTESIAN_POINT('',(146.40300724954,31.720664128056,
    241.15935380851));
#4399 = CARTESIAN_POINT('',(146.41682381652,31.656962527423,
    241.46074540056));
#4400 = CARTESIAN_POINT('',(146.43764122007,31.56077174041,
    241.75789363954));
#4401 = CARTESIAN_POINT('',(146.46565377382,31.430777325102,
    242.04816750143));
#4402 = CARTESIAN_POINT('',(146.50109146557,31.265209226353,
    242.32793276681));
#4403 = CARTESIAN_POINT('',(146.58033423788,30.891359235664,
    242.81381082978));
#4404 = CARTESIAN_POINT('',(146.62222378154,30.692589927537,
    243.02650892335));
#4405 = CARTESIAN_POINT('',(146.66982035391,30.465075043492,
    243.22481845632));
#4406 = CARTESIAN_POINT('',(146.72291807391,30.208922903031,
    243.40323893835));
#4407 = CARTESIAN_POINT('',(146.7811005342,29.925062199583,
    243.55596353363));
#4408 = CARTESIAN_POINT('',(146.84373333638,29.615413358172,
    243.67679418203));
#4409 = CARTESIAN_POINT('',(146.9649255053,29.007408921879,
    243.82719410076));
#4410 = CARTESIAN_POINT('',(147.02181841917,28.718833979316,
    243.86808029573));
#4411 = CARTESIAN_POINT('',(147.07927622658,28.423752468269,
    243.87776879401));
#4412 = CARTESIAN_POINT('',(147.13588680359,28.129125806371,
    243.85494593066));
#4413 = CARTESIAN_POINT('',(147.1903407831,27.841972743028,
    243.80079993465));
#4414 = CARTESIAN_POINT('',(147.24153705947,27.568758763961,
    243.71898676334));
#4415 = CARTESIAN_POINT('',(147.34799186524,26.994726998812,
    243.48526856641));
#4416 = CARTESIAN_POINT('',(147.4010349662,26.704177714992,
    243.32020605984));
#4417 = CARTESIAN_POINT('',(147.4477817951,26.444565412947,
    243.12823082869));
#4418 = CARTESIAN_POINT('',(147.48847342082,26.216002870052,
    242.91564432133));
#4419 = CARTESIAN_POINT('',(147.52341927642,26.017912336433,
    242.68765170005));
#4420 = CARTESIAN_POINT('',(147.55294869043,25.849325130501,
    242.44858070847));
#4421 = CARTESIAN_POINT('',(147.60358532017,25.558656117098,
    241.9376378767));
#4422 = CARTESIAN_POINT('',(147.62405136171,25.44011751012,
    241.66344990569));
#4423 = CARTESIAN_POINT('',(147.63917544998,25.351993363286,
    241.38280289034));
#4424 = CARTESIAN_POINT('',(147.64923691649,25.293167432724,
    241.09814387434));
#4425 = CARTESIAN_POINT('',(147.65440355099,25.262937806985,
    240.8113747807));
#4426 = CARTESIAN_POINT('',(147.65472421465,25.261099790861,
    240.52418116127));
#4427 = CARTESIAN_POINT('',(147.64562574489,25.314223384349,
    239.95988083904));
#4428 = CARTESIAN_POINT('',(147.63646583539,25.367673063755,
    239.6830387212));
#4429 = CARTESIAN_POINT('',(147.62257503511,25.448590622265,
    239.40927670297));
#4430 = CARTESIAN_POINT('',(147.60376788188,25.557744335154,
    239.14038607308));
#4431 = CARTESIAN_POINT('',(147.5797524546,25.696317979338,
    238.87869469699));
#4432 = CARTESIAN_POINT('',(147.55014301044,25.865755028477,
    238.62738498808));
#4433 = CARTESIAN_POINT('',(147.48441017487,26.237732906658,
    238.19150892663));
#4434 = CARTESIAN_POINT('',(147.44979859909,26.43226081281,
    238.00110869392));
#4435 = CARTESIAN_POINT('',(147.41047583737,26.651422039516,
    237.82417163904));
#4436 = CARTESIAN_POINT('',(147.36636085664,26.894825247843,
    237.66527386333));
#4437 = CARTESIAN_POINT('',(147.31747146565,27.161393692509,
    237.52913259138));
#4438 = CARTESIAN_POINT('',(147.26396114521,27.449279930368,
    237.42064981845));
#4439 = CARTESIAN_POINT('',(147.15407756628,28.032063012815,
    237.27677893161));
#4440 = CARTESIAN_POINT('',(147.09897457309,28.320985080983,
    237.23589273652));
#4441 = CARTESIAN_POINT('',(147.04196331706,28.616153193179,
    237.22620423837));
#4442 = CARTESIAN_POINT('',(146.9843362757,28.910582728493,
    237.24902710169));
#4443 = CARTESIAN_POINT('',(146.92750266509,29.197274302068,
    237.30317309756));
#4444 = CARTESIAN_POINT('',(146.87285805097,29.469819533927,
    237.38498626905));
#4445 = CARTESIAN_POINT('',(146.77201204173,29.967965892744,
    237.58845270528));
#4446 = CARTESIAN_POINT('',(146.72381877766,30.20357182124,
    237.71233701025));
#4447 = CARTESIAN_POINT('',(146.6776467084,30.427076212238,
    237.85892428129));
#4448 = CARTESIAN_POINT('',(146.63409346164,30.636006728897,
    238.02674405042));
#4449 = CARTESIAN_POINT('',(146.5937311561,30.828106368401,
    238.21396950601));
#4450 = CARTESIAN_POINT('',(146.55708381456,31.001380423364,
    238.41845511509));
#4451 = CARTESIAN_POINT('',(146.48729430637,31.329614971268,
    238.88962401946));
#4452 = CARTESIAN_POINT('',(146.45656156384,31.47295263345,
    239.15369815287));
#4453 = CARTESIAN_POINT('',(146.43223283338,31.585759244419,
    239.4261036388));
#4454 = CARTESIAN_POINT('',(146.41412956214,31.669383954907,
    239.70405070564));
#4455 = CARTESIAN_POINT('',(146.40210692222,31.724815309607,
    239.98546048307));
#4456 = CARTESIAN_POINT('',(146.39608875156,31.752562073695,
    240.26863107609));
#4457 = CARTESIAN_POINT('',(146.39608875156,31.752562073695,
    240.55198651616));
#4458 = PCURVE('',#1506,#4459);
#4459 = DEFINITIONAL_REPRESENTATION('',(#4460),#4523);
#4460 = B_SPLINE_CURVE_WITH_KNOTS('',7,(#4461,#4462,#4463,#4464,#4465,
    #4466,#4467,#4468,#4469,#4470,#4471,#4472,#4473,#4474,#4475,#4476,
    #4477,#4478,#4479,#4480,#4481,#4482,#4483,#4484,#4485,#4486,#4487,
    #4488,#4489,#4490,#4491,#4492,#4493,#4494,#4495,#4496,#4497,#4498,
    #4499,#4500,#4501,#4502,#4503,#4504,#4505,#4506,#4507,#4508,#4509,
    #4510,#4511,#4512,#4513,#4514,#4515,#4516,#4517,#4518,#4519,#4520,
    #4521,#4522),.UNSPECIFIED.,.F.,.F.,(8,6,6,6,6,6,6,6,6,6,8),(0.,
    0.121838419965,0.224255524765,0.30929647899,0.416502109126,
    0.531426399123,0.643352211746,0.737762089364,0.822920792663,
    0.905356603624,1.),.UNSPECIFIED.);
#4461 = CARTESIAN_POINT('',(0.,7.963647124394));
#4462 = CARTESIAN_POINT('',(9.206468534867E-02,7.963647124394));
#4463 = CARTESIAN_POINT('',(0.184050584338,7.964366151628));
#4464 = CARTESIAN_POINT('',(0.276656423174,7.965802102401));
#4465 = CARTESIAN_POINT('',(0.37051415172,7.967925348922));
#4466 = CARTESIAN_POINT('',(0.466281980427,7.970676399181));
#4467 = CARTESIAN_POINT('',(0.564632471592,7.973944040389));
#4468 = CARTESIAN_POINT('',(0.751942689745,7.980561552228));
#4469 = CARTESIAN_POINT('',(0.84065419951,7.983841986538));
#4470 = CARTESIAN_POINT('',(0.932447412611,7.98725230493));
#4471 = CARTESIAN_POINT('',(1.027356333354,7.990611014552));
#4472 = CARTESIAN_POINT('',(1.125514868677,7.993686134816));
#4473 = CARTESIAN_POINT('',(1.227179870908,7.996220493211));
#4474 = CARTESIAN_POINT('',(1.420494846853,7.999440358112));
#4475 = CARTESIAN_POINT('',(1.510032961264,8.000351992935));
#4476 = CARTESIAN_POINT('',(1.600357764779,8.000579428589));
#4477 = CARTESIAN_POINT('',(1.690590197528,8.000061727252));
#4478 = CARTESIAN_POINT('',(1.779889104964,7.998849743654));
#4479 = CARTESIAN_POINT('',(1.867300907493,7.997093450966));
#4480 = CARTESIAN_POINT('',(2.057860096241,7.992313435062));
#4481 = CARTESIAN_POINT('',(2.159534726242,7.989069785612));
#4482 = CARTESIAN_POINT('',(2.257317917552,7.9855349997));
#4483 = CARTESIAN_POINT('',(2.351684986744,7.981967208132));
#4484 = CARTESIAN_POINT('',(2.443040473793,7.978560188646));
#4485 = CARTESIAN_POINT('',(2.531708288105,7.9754528226));
#4486 = CARTESIAN_POINT('',(2.710491913236,7.969823923149));
#4487 = CARTESIAN_POINT('',(2.80067062425,7.967347519331));
#4488 = CARTESIAN_POINT('',(2.889155371996,7.965417361804));
#4489 = CARTESIAN_POINT('',(2.97648985457,7.964095155537));
#4490 = CARTESIAN_POINT('',(3.063186926477,7.963411987094));
#4491 = CARTESIAN_POINT('',(3.149768200332,7.963376852812));
#4492 = CARTESIAN_POINT('',(3.321546121705,7.964558796024));
#4493 = CARTESIAN_POINT('',(3.406619415713,7.965742505515));
#4494 = CARTESIAN_POINT('',(3.49256104951,7.967511358842));
#4495 = CARTESIAN_POINT('',(3.579880028101,7.969829555041));
#4496 = CARTESIAN_POINT('',(3.669105939065,7.972635887142));
#4497 = CARTESIAN_POINT('',(3.760786895255,7.975826485214));
#4498 = CARTESIAN_POINT('',(3.935558617884,7.982115379464));
#4499 = CARTESIAN_POINT('',(4.01836774961,7.985172289678));
#4500 = CARTESIAN_POINT('',(4.103904009165,7.988294027531));
#4501 = CARTESIAN_POINT('',(4.192153255256,7.991326536578));
#4502 = CARTESIAN_POINT('',(4.283185205328,7.994082302481));
#4503 = CARTESIAN_POINT('',(4.377164547864,7.996360271215));
#4504 = CARTESIAN_POINT('',(4.562087500388,7.999440358111));
#4505 = CARTESIAN_POINT('',(4.651625614908,8.000351992937));
#4506 = CARTESIAN_POINT('',(4.741950418413,8.000579428588));
#4507 = CARTESIAN_POINT('',(4.832182851074,8.000061727251));
#4508 = CARTESIAN_POINT('',(4.921481758498,7.998849743657));
#4509 = CARTESIAN_POINT('',(5.008893561138,7.997093450965));
#4510 = CARTESIAN_POINT('',(5.174787357746,7.992932145538));
#4511 = CARTESIAN_POINT('',(5.256390219493,7.990476472023));
#4512 = CARTESIAN_POINT('',(5.337987136775,7.987701059311));
#4513 = CARTESIAN_POINT('',(5.419584803218,7.984721905405));
#4514 = CARTESIAN_POINT('',(5.50118686387,7.981670962526));
#4515 = CARTESIAN_POINT('',(5.582788767845,7.978682904087));
#4516 = CARTESIAN_POINT('',(5.758068255916,7.972661201718));
#4517 = CARTESIAN_POINT('',(5.849016256699,7.96978008603));
#4518 = CARTESIAN_POINT('',(5.937876994754,7.967373159717));
#4519 = CARTESIAN_POINT('',(6.025202849262,7.965521995384));
#4520 = CARTESIAN_POINT('',(6.111510005249,7.964272619332));
#4521 = CARTESIAN_POINT('',(6.197320022309,7.963647124394));
#4522 = CARTESIAN_POINT('',(6.28318530718,7.963647124394));
#4523 = ( GEOMETRIC_REPRESENTATION_CONTEXT(2) 
PARAMETRIC_REPRESENTATION_CONTEXT() REPRESENTATION_CONTEXT('2D SPACE',''
  ) );
#4524 = PCURVE('',#4354,#4525);
#4525 = DEFINITIONAL_REPRESENTATION('',(#4526),#4589);
#4526 = B_SPLINE_CURVE_WITH_KNOTS('',7,(#4527,#4528,#4529,#4530,#4531,
    #4532,#4533,#4534,#4535,#4536,#4537,#4538,#4539,#4540,#4541,#4542,
    #4543,#4544,#4545,#4546,#4547,#4548,#4549,#4550,#4551,#4552,#4553,
    #4554,#4555,#4556,#4557,#4558,#4559,#4560,#4561,#4562,#4563,#4564,
    #4565,#4566,#4567,#4568,#4569,#4570,#4571,#4572,#4573,#4574,#4575,
    #4576,#4577,#4578,#4579,#4580,#4581,#4582,#4583,#4584,#4585,#4586,
    #4587,#4588),.UNSPECIFIED.,.T.,.F.,(8,6,6,6,6,6,6,6,6,6,8),(0.,
    0.121838419965,0.224255524765,0.30929647899,0.416502109126,
    0.531426399123,0.643352211746,0.737762089364,0.822920792663,
    0.905356603624,1.),.UNSPECIFIED.);
#4527 = CARTESIAN_POINT('',(0.213586612034,161.55198651616));
#4528 = CARTESIAN_POINT('',(0.213586612034,161.85579997781));
#4529 = CARTESIAN_POINT('',(0.213368724077,162.15935380851));
#4530 = CARTESIAN_POINT('',(0.212933592194,162.46074540056));
#4531 = CARTESIAN_POINT('',(0.212276598709,162.75789363954));
#4532 = CARTESIAN_POINT('',(0.211388893236,163.04816750143));
#4533 = CARTESIAN_POINT('',(0.210258600939,163.32793276681));
#4534 = CARTESIAN_POINT('',(0.207707492583,163.81381082978));
#4535 = CARTESIAN_POINT('',(0.206351449826,164.02650892335));
#4536 = CARTESIAN_POINT('',(0.204799782088,164.22481845632));
#4537 = CARTESIAN_POINT('',(0.203053476109,164.40323893835));
#4538 = CARTESIAN_POINT('',(0.201119158691,164.55596353363));
#4539 = CARTESIAN_POINT('',(0.199010223765,164.67679418203));
#4540 = CARTESIAN_POINT('',(0.194871603803,164.82719410076));
#4541 = CARTESIAN_POINT('',(0.192908125123,164.86808029573));
#4542 = CARTESIAN_POINT('',(0.190901301907,164.87776879401));
#4543 = CARTESIAN_POINT('',(0.188898535066,164.85494593066));
#4544 = CARTESIAN_POINT('',(0.186947470735,164.80079993465));
#4545 = CARTESIAN_POINT('',(0.185091871001,164.71898676334));
#4546 = CARTESIAN_POINT('',(0.181194545226,164.48526856641));
#4547 = CARTESIAN_POINT('',(0.179222914667,164.32020605984));
#4548 = CARTESIAN_POINT('',(0.177461990943,164.12823082869));
#4549 = CARTESIAN_POINT('',(0.175912218318,163.91564432133));
#4550 = CARTESIAN_POINT('',(0.174569433797,163.68765170005));
#4551 = CARTESIAN_POINT('',(0.173426885367,163.44858070847));
#4552 = CARTESIAN_POINT('',(0.171457281359,162.9376378767));
#4553 = CARTESIAN_POINT('',(0.170654262269,162.66344990569));
#4554 = CARTESIAN_POINT('',(0.170057382996,162.38280289034));
#4555 = CARTESIAN_POINT('',(0.169658983879,162.09814387434));
#4556 = CARTESIAN_POINT('',(0.169454257833,161.8113747807));
#4557 = CARTESIAN_POINT('',(0.169441802754,161.52418116127));
#4558 = CARTESIAN_POINT('',(0.169801596538,160.95988083904));
#4559 = CARTESIAN_POINT('',(0.170163605125,160.6830387212));
#4560 = CARTESIAN_POINT('',(0.170711677136,160.40927670297));
#4561 = CARTESIAN_POINT('',(0.17145107671,160.14038607308));
#4562 = CARTESIAN_POINT('',(0.17238992248,159.87869469699));
#4563 = CARTESIAN_POINT('',(0.173538149688,159.62738498808));
#4564 = CARTESIAN_POINT('',(0.176059785948,159.19150892663));
#4565 = CARTESIAN_POINT('',(0.177378764064,159.00110869392));
#4566 = CARTESIAN_POINT('',(0.178865150118,158.82417163904));
#4567 = CARTESIAN_POINT('',(0.180516470952,158.66527386333));
#4568 = CARTESIAN_POINT('',(0.182325639608,158.52913259138));
#4569 = CARTESIAN_POINT('',(0.18428035317,158.42064981845));
#4570 = CARTESIAN_POINT('',(0.188239310923,158.27677893161));
#4571 = CARTESIAN_POINT('',(0.190202789605,158.23589273652));
#4572 = CARTESIAN_POINT('',(0.192209612821,158.22620423837));
#4573 = CARTESIAN_POINT('',(0.19421237966,158.24902710169));
#4574 = CARTESIAN_POINT('',(0.196163443991,158.30317309756));
#4575 = CARTESIAN_POINT('',(0.198019043727,158.38498626905));
#4576 = CARTESIAN_POINT('',(0.201411911705,158.58845270528));
#4577 = CARTESIAN_POINT('',(0.203017278207,158.71233701025));
#4578 = CARTESIAN_POINT('',(0.204540796705,158.85892428129));
#4579 = CARTESIAN_POINT('',(0.205965504466,159.02674405042));
#4580 = CARTESIAN_POINT('',(0.207275877283,159.21396950601));
#4581 = CARTESIAN_POINT('',(0.208458167002,159.41845511509));
#4582 = CARTESIAN_POINT('',(0.210698299784,159.88962401946));
#4583 = CARTESIAN_POINT('',(0.211676905293,160.15369815287));
#4584 = CARTESIAN_POINT('',(0.212447266939,160.4261036388));
#4585 = CARTESIAN_POINT('',(0.213018440476,160.70405070564));
#4586 = CARTESIAN_POINT('',(0.213397079823,160.98546048307));
#4587 = CARTESIAN_POINT('',(0.213586612034,161.26863107609));
#4588 = CARTESIAN_POINT('',(0.213586612034,161.55198651616));
#4589 = ( GEOMETRIC_REPRESENTATION_CONTEXT(2) 
PARAMETRIC_REPRESENTATION_CONTEXT() REPRESENTATION_CONTEXT('2D SPACE',''
  ) );
#4590 = ORIENTED_EDGE('',*,*,#4370,.T.);
#4591 = ADVANCED_FACE('',(#4592),#1713,.F.);
#4592 = FACE_BOUND('',#4593,.F.);
#4593 = EDGE_LOOP('',(#4594,#4595,#4618,#4816));
#4594 = ORIENTED_EDGE('',*,*,#1579,.F.);
#4595 = ORIENTED_EDGE('',*,*,#4596,.F.);
#4596 = EDGE_CURVE('',#4597,#1580,#4599,.T.);
#4597 = VERTEX_POINT('',#4598);
#4598 = CARTESIAN_POINT('',(106.59508230656,105.24983813791,
    240.55198651616));
#4599 = SEAM_CURVE('',#4600,(#4604,#4611),.PCURVE_S1.);
#4600 = LINE('',#4601,#4602);
#4601 = CARTESIAN_POINT('',(101.05292475864,99.531082570841,
    240.55198651616));
#4602 = VECTOR('',#4603,1.);
#4603 = DIRECTION('',(0.695932085054,0.718107605441,0.));
#4604 = PCURVE('',#1713,#4605);
#4605 = DEFINITIONAL_REPRESENTATION('',(#4606),#4610);
#4606 = LINE('',#4607,#4608);
#4607 = CARTESIAN_POINT('',(6.28318530718,-0.));
#4608 = VECTOR('',#4609,1.);
#4609 = DIRECTION('',(0.,1.));
#4610 = ( GEOMETRIC_REPRESENTATION_CONTEXT(2) 
PARAMETRIC_REPRESENTATION_CONTEXT() REPRESENTATION_CONTEXT('2D SPACE',''
  ) );
#4611 = PCURVE('',#1713,#4612);
#4612 = DEFINITIONAL_REPRESENTATION('',(#4613),#4617);
#4613 = LINE('',#4614,#4615);
#4614 = CARTESIAN_POINT('',(0.,-0.));
#4615 = VECTOR('',#4616,1.);
#4616 = DIRECTION('',(0.,1.));
#4617 = ( GEOMETRIC_REPRESENTATION_CONTEXT(2) 
PARAMETRIC_REPRESENTATION_CONTEXT() REPRESENTATION_CONTEXT('2D SPACE',''
  ) );
#4618 = ORIENTED_EDGE('',*,*,#4619,.T.);
#4619 = EDGE_CURVE('',#4597,#4597,#4620,.T.);
#4620 = SURFACE_CURVE('',#4621,(#4684,#4750),.PCURVE_S1.);
#4621 = B_SPLINE_CURVE_WITH_KNOTS('',7,(#4622,#4623,#4624,#4625,#4626,
    #4627,#4628,#4629,#4630,#4631,#4632,#4633,#4634,#4635,#4636,#4637,
    #4638,#4639,#4640,#4641,#4642,#4643,#4644,#4645,#4646,#4647,#4648,
    #4649,#4650,#4651,#4652,#4653,#4654,#4655,#4656,#4657,#4658,#4659,
    #4660,#4661,#4662,#4663,#4664,#4665,#4666,#4667,#4668,#4669,#4670,
    #4671,#4672,#4673,#4674,#4675,#4676,#4677,#4678,#4679,#4680,#4681,
    #4682,#4683),.UNSPECIFIED.,.T.,.F.,(8,6,6,6,6,6,6,6,6,6,8),(0.,
    0.121838416167,0.224255520386,0.309296473418,0.416502101159,
    0.531426388591,0.6433522011,0.737762081376,0.822920787742,
    0.905356601673,1.),.UNSPECIFIED.);
#4622 = CARTESIAN_POINT('',(106.59508230656,105.24983813791,
    240.55198651616));
#4623 = CARTESIAN_POINT('',(106.59508230656,105.24983813791,
    240.24817304689));
#4624 = CARTESIAN_POINT('',(106.57214963071,105.27306392198,
    239.94461924206));
#4625 = CARTESIAN_POINT('',(106.52635209004,105.31944684331,
    239.64322761911));
#4626 = CARTESIAN_POINT('',(106.45717170189,105.38944763194,
    239.34607938539));
#4627 = CARTESIAN_POINT('',(106.36361391367,105.48394728055,
    239.05580554607));
#4628 = CARTESIAN_POINT('',(106.24432197231,105.60410577821,
    238.77604025877));
#4629 = CARTESIAN_POINT('',(105.97453930934,105.87477262733,
    238.29016220254));
#4630 = CARTESIAN_POINT('',(105.83096824915,106.01847830709,
    238.07746410898));
#4631 = CARTESIAN_POINT('',(105.66644247531,106.18267247845,
    237.879154576));
#4632 = CARTESIAN_POINT('',(105.48094019105,106.36712352742,
    237.70073409397));
#4633 = CARTESIAN_POINT('',(105.27501158758,106.57097520861,
    237.54800949869));
#4634 = CARTESIAN_POINT('',(105.04991827144,106.79264674923,
    237.42717885029));
#4635 = CARTESIAN_POINT('',(104.60696330912,107.22640686128,
    237.27677893214));
#4636 = CARTESIAN_POINT('',(104.39638195407,107.4317548554,
    237.23589273631));
#4637 = CARTESIAN_POINT('',(104.18066026945,107.64113166229,
    237.22620423757));
#4638 = CARTESIAN_POINT('',(103.96485650157,107.84955037788,
    237.24902710197));
#4639 = CARTESIAN_POINT('',(103.75413308356,108.05207880531,
    237.30317309867));
#4640 = CARTESIAN_POINT('',(103.55330293764,108.24426149282,
    237.38498626813));
#4641 = CARTESIAN_POINT('',(103.13074526983,108.64711396327,
    237.61870446591));
#4642 = CARTESIAN_POINT('',(102.91640660539,108.85031680236,
    237.78376697248));
#4643 = CARTESIAN_POINT('',(102.72453587565,109.03134010599,
    237.97574220364));
#4644 = CARTESIAN_POINT('',(102.55535926873,109.19032413062,
    238.18832871099));
#4645 = CARTESIAN_POINT('',(102.40856203777,109.32784374855,
    238.41632133227));
#4646 = CARTESIAN_POINT('',(102.28351291545,109.44470413235,
    238.65539232385));
#4647 = CARTESIAN_POINT('',(102.06775888017,109.64595705752,
    239.16633515562));
#4648 = CARTESIAN_POINT('',(101.97967089457,109.72787632871,
    239.44052312663));
#4649 = CARTESIAN_POINT('',(101.9141347693,109.78870082694,
    239.72117014199));
#4650 = CARTESIAN_POINT('',(101.87036833557,109.82927449444,
    240.00582915798));
#4651 = CARTESIAN_POINT('',(101.84787545915,109.85012143413,
    240.29259825163));
#4652 = CARTESIAN_POINT('',(101.84651141611,109.85139442864,
    240.57979187105));
#4653 = CARTESIAN_POINT('',(101.88602858483,109.81474348357,
    241.14409219922));
#4654 = CARTESIAN_POINT('',(101.92578526354,109.77786288428,
    241.42093429693));
#4655 = CARTESIAN_POINT('',(101.98596006641,109.72200952406,
    241.69469633933));
#4656 = CARTESIAN_POINT('',(102.0670950674,109.64660821438,
    241.96358696461));
#4657 = CARTESIAN_POINT('',(102.17002206589,109.55076760716,
    242.22527832392));
#4658 = CARTESIAN_POINT('',(102.29573918156,109.43337576302,
    242.47658804933));
#4659 = CARTESIAN_POINT('',(102.57133699165,109.1750461436,
    242.91246410722));
#4660 = CARTESIAN_POINT('',(102.71533330861,109.03975340165,
    243.10286433539));
#4661 = CARTESIAN_POINT('',(102.87738467655,108.88705343353,
    243.27980139453));
#4662 = CARTESIAN_POINT('',(103.05711906293,108.71709225182,
    243.43869917092));
#4663 = CARTESIAN_POINT('',(103.25364446054,108.53047319519,
    243.57484043876));
#4664 = CARTESIAN_POINT('',(103.46549758417,108.32833438456,
    243.68332321446));
#4665 = CARTESIAN_POINT('',(103.89351042918,107.91782796109,
    243.82719410071));
#4666 = CARTESIAN_POINT('',(104.10536065066,107.71378927606,
    243.86808029581));
#4667 = CARTESIAN_POINT('',(104.32139890114,107.50473910959,
    243.87776879395));
#4668 = CARTESIAN_POINT('',(104.53648209897,107.29557686354,
    243.85494593063));
#4669 = CARTESIAN_POINT('',(104.74551859409,107.09130777297,
    243.80079993476));
#4670 = CARTESIAN_POINT('',(104.94390422481,106.89660266573,
    243.71898676327));
#4671 = CARTESIAN_POINT('',(105.30597536147,106.53991764449,
    243.51552032704));
#4672 = CARTESIAN_POINT('',(105.47695104874,106.37080212596,
    243.39163602208));
#4673 = CARTESIAN_POINT('',(105.63889663005,106.20999260675,
    243.24504875104));
#4674 = CARTESIAN_POINT('',(105.79006819534,106.05934067698,
    243.0772289819));
#4675 = CARTESIAN_POINT('',(105.9288882298,105.92055888697,
    242.89000352631));
#4676 = CARTESIAN_POINT('',(106.0539725991,105.79517616758,
    242.68551791723));
#4677 = CARTESIAN_POINT('',(106.29071982681,105.55735429683,
    242.21434901674));
#4678 = CARTESIAN_POINT('',(106.3939656498,105.45328466142,
    241.95027487005));
#4679 = CARTESIAN_POINT('',(106.47514236168,105.37126296422,
    241.67786939941));
#4680 = CARTESIAN_POINT('',(106.53528226874,105.31040237051,
    241.39992233231));
#4681 = CARTESIAN_POINT('',(106.57513410248,105.27004136379,
    241.11851253955));
#4682 = CARTESIAN_POINT('',(106.59508230656,105.24983813791,
    240.83534196048));
#4683 = CARTESIAN_POINT('',(106.59508230656,105.24983813791,
    240.55198651616));
#4684 = PCURVE('',#1713,#4685);
#4685 = DEFINITIONAL_REPRESENTATION('',(#4686),#4749);
#4686 = B_SPLINE_CURVE_WITH_KNOTS('',7,(#4687,#4688,#4689,#4690,#4691,
    #4692,#4693,#4694,#4695,#4696,#4697,#4698,#4699,#4700,#4701,#4702,
    #4703,#4704,#4705,#4706,#4707,#4708,#4709,#4710,#4711,#4712,#4713,
    #4714,#4715,#4716,#4717,#4718,#4719,#4720,#4721,#4722,#4723,#4724,
    #4725,#4726,#4727,#4728,#4729,#4730,#4731,#4732,#4733,#4734,#4735,
    #4736,#4737,#4738,#4739,#4740,#4741,#4742,#4743,#4744,#4745,#4746,
    #4747,#4748),.UNSPECIFIED.,.F.,.F.,(8,6,6,6,6,6,6,6,6,6,8),(0.,
    0.121838416167,0.224255520386,0.309296473418,0.416502101159,
    0.531426388591,0.6433522011,0.737762081376,0.822920787742,
    0.905356601673,1.),.UNSPECIFIED.);
#4687 = CARTESIAN_POINT('',(0.,7.963647124394));
#4688 = CARTESIAN_POINT('',(9.206468765759E-02,7.963647124394));
#4689 = CARTESIAN_POINT('',(0.184050579048,7.964366151655));
#4690 = CARTESIAN_POINT('',(0.276656426072,7.965802102261));
#4691 = CARTESIAN_POINT('',(0.370514155573,7.967925349193));
#4692 = CARTESIAN_POINT('',(0.466281974407,7.970676398937));
#4693 = CARTESIAN_POINT('',(0.564632474188,7.973944040481));
#4694 = CARTESIAN_POINT('',(0.751942689745,7.980561552228));
#4695 = CARTESIAN_POINT('',(0.84065419951,7.983841986538));
#4696 = CARTESIAN_POINT('',(0.932447412611,7.98725230493));
#4697 = CARTESIAN_POINT('',(1.027356333354,7.990611014552));
#4698 = CARTESIAN_POINT('',(1.125514868677,7.993686134816));
#4699 = CARTESIAN_POINT('',(1.227179870908,7.996220493211));
#4700 = CARTESIAN_POINT('',(1.42049484612,7.9994403581));
#4701 = CARTESIAN_POINT('',(1.510032963009,8.000351992942));
#4702 = CARTESIAN_POINT('',(1.600357763739,8.000579428605));
#4703 = CARTESIAN_POINT('',(1.690590196462,8.000061727245));
#4704 = CARTESIAN_POINT('',(1.779889106678,7.998849743634));
#4705 = CARTESIAN_POINT('',(1.867300906793,7.997093450984));
#4706 = CARTESIAN_POINT('',(2.057860096241,7.992313435062));
#4707 = CARTESIAN_POINT('',(2.159534726242,7.989069785612));
#4708 = CARTESIAN_POINT('',(2.257317917552,7.985534999699));
#4709 = CARTESIAN_POINT('',(2.351684986745,7.981967208132));
#4710 = CARTESIAN_POINT('',(2.443040473792,7.978560188646));
#4711 = CARTESIAN_POINT('',(2.531708288105,7.9754528226));
#4712 = CARTESIAN_POINT('',(2.710491913236,7.969823923149));
#4713 = CARTESIAN_POINT('',(2.800670624249,7.967347519331));
#4714 = CARTESIAN_POINT('',(2.889155371996,7.965417361804));
#4715 = CARTESIAN_POINT('',(2.97648985457,7.964095155537));
#4716 = CARTESIAN_POINT('',(3.063186926477,7.963411987094));
#4717 = CARTESIAN_POINT('',(3.149768200332,7.963376852812));
#4718 = CARTESIAN_POINT('',(3.321546123511,7.964558796036));
#4719 = CARTESIAN_POINT('',(3.406619411594,7.965742505504));
#4720 = CARTESIAN_POINT('',(3.492561051729,7.967511358767));
#4721 = CARTESIAN_POINT('',(3.579880031164,7.969829555238));
#4722 = CARTESIAN_POINT('',(3.669105934328,7.972635886952));
#4723 = CARTESIAN_POINT('',(3.760786897294,7.975826485287));
#4724 = CARTESIAN_POINT('',(3.935558618497,7.982115379486));
#4725 = CARTESIAN_POINT('',(4.018367748024,7.98517228963));
#4726 = CARTESIAN_POINT('',(4.10390401023,7.988294027554));
#4727 = CARTESIAN_POINT('',(4.192153256207,7.991326536608));
#4728 = CARTESIAN_POINT('',(4.283185203601,7.994082302441));
#4729 = CARTESIAN_POINT('',(4.377164548627,7.996360271228));
#4730 = CARTESIAN_POINT('',(4.562087500388,7.999440358111));
#4731 = CARTESIAN_POINT('',(4.651625614908,8.000351992937));
#4732 = CARTESIAN_POINT('',(4.741950418413,8.000579428588));
#4733 = CARTESIAN_POINT('',(4.832182851074,8.000061727251));
#4734 = CARTESIAN_POINT('',(4.921481758498,7.998849743656));
#4735 = CARTESIAN_POINT('',(5.008893561138,7.997093450965));
#4736 = CARTESIAN_POINT('',(5.174787357746,7.992932145538));
#4737 = CARTESIAN_POINT('',(5.256390219493,7.990476472023));
#4738 = CARTESIAN_POINT('',(5.337987136775,7.987701059311));
#4739 = CARTESIAN_POINT('',(5.419584803218,7.984721905405));
#4740 = CARTESIAN_POINT('',(5.50118686387,7.981670962526));
#4741 = CARTESIAN_POINT('',(5.582788767845,7.978682904087));
#4742 = CARTESIAN_POINT('',(5.758068254473,7.972661201767));
#4743 = CARTESIAN_POINT('',(5.849016259954,7.969780085949));
#4744 = CARTESIAN_POINT('',(5.937876992904,7.967373159735));
#4745 = CARTESIAN_POINT('',(6.025202847295,7.965521995439));
#4746 = CARTESIAN_POINT('',(6.11151000836,7.964272619295));
#4747 = CARTESIAN_POINT('',(6.197320021022,7.963647124394));
#4748 = CARTESIAN_POINT('',(6.28318530718,7.963647124394));
#4749 = ( GEOMETRIC_REPRESENTATION_CONTEXT(2) 
PARAMETRIC_REPRESENTATION_CONTEXT() REPRESENTATION_CONTEXT('2D SPACE',''
  ) );
#4750 = PCURVE('',#4354,#4751);
#4751 = DEFINITIONAL_REPRESENTATION('',(#4752),#4815);
#4752 = B_SPLINE_CURVE_WITH_KNOTS('',7,(#4753,#4754,#4755,#4756,#4757,
    #4758,#4759,#4760,#4761,#4762,#4763,#4764,#4765,#4766,#4767,#4768,
    #4769,#4770,#4771,#4772,#4773,#4774,#4775,#4776,#4777,#4778,#4779,
    #4780,#4781,#4782,#4783,#4784,#4785,#4786,#4787,#4788,#4789,#4790,
    #4791,#4792,#4793,#4794,#4795,#4796,#4797,#4798,#4799,#4800,#4801,
    #4802,#4803,#4804,#4805,#4806,#4807,#4808,#4809,#4810,#4811,#4812,
    #4813,#4814),.UNSPECIFIED.,.T.,.F.,(8,6,6,6,6,6,6,6,6,6,8),(0.,
    0.121838416167,0.224255520386,0.309296473418,0.416502101159,
    0.531426388591,0.6433522011,0.737762081376,0.822920787742,
    0.905356601673,1.),.UNSPECIFIED.);
#4753 = CARTESIAN_POINT('',(0.779048112217,161.55198651616));
#4754 = CARTESIAN_POINT('',(0.779048112217,161.24817304689));
#4755 = CARTESIAN_POINT('',(0.779266000186,160.94461924206));
#4756 = CARTESIAN_POINT('',(0.779701132001,160.64322761911));
#4757 = CARTESIAN_POINT('',(0.780358125646,160.34607938539));
#4758 = CARTESIAN_POINT('',(0.781245830922,160.05580554607));
#4759 = CARTESIAN_POINT('',(0.782376123348,159.77604025877));
#4760 = CARTESIAN_POINT('',(0.784927231668,159.29016220254));
#4761 = CARTESIAN_POINT('',(0.786283274425,159.07746410898));
#4762 = CARTESIAN_POINT('',(0.787834942163,158.879154576));
#4763 = CARTESIAN_POINT('',(0.789581248142,158.70073409397));
#4764 = CARTESIAN_POINT('',(0.79151556556,158.54800949869));
#4765 = CARTESIAN_POINT('',(0.793624500486,158.42717885029));
#4766 = CARTESIAN_POINT('',(0.797763120432,158.27677893214));
#4767 = CARTESIAN_POINT('',(0.799726599165,158.23589273631));
#4768 = CARTESIAN_POINT('',(0.801733422322,158.22620423757));
#4769 = CARTESIAN_POINT('',(0.803736189162,158.24902710197));
#4770 = CARTESIAN_POINT('',(0.805687253552,158.30317309867));
#4771 = CARTESIAN_POINT('',(0.807542853235,158.38498626813));
#4772 = CARTESIAN_POINT('',(0.811440179025,158.61870446591));
#4773 = CARTESIAN_POINT('',(0.813411809584,158.78376697248));
#4774 = CARTESIAN_POINT('',(0.815172733308,158.97574220364));
#4775 = CARTESIAN_POINT('',(0.816722505933,159.18832871099));
#4776 = CARTESIAN_POINT('',(0.818065290454,159.41632133227));
#4777 = CARTESIAN_POINT('',(0.819207838884,159.65539232385));
#4778 = CARTESIAN_POINT('',(0.821177442892,160.16633515562));
#4779 = CARTESIAN_POINT('',(0.821980461982,160.44052312663));
#4780 = CARTESIAN_POINT('',(0.822577341255,160.72117014199));
#4781 = CARTESIAN_POINT('',(0.822975740372,161.00582915798));
#4782 = CARTESIAN_POINT('',(0.823180466418,161.29259825163));
#4783 = CARTESIAN_POINT('',(0.823192921497,161.57979187105));
#4784 = CARTESIAN_POINT('',(0.82283312771,162.14409219922));
#4785 = CARTESIAN_POINT('',(0.822471119126,162.42093429693));
#4786 = CARTESIAN_POINT('',(0.82192304715,162.69469633933));
#4787 = CARTESIAN_POINT('',(0.821183647461,162.96358696461));
#4788 = CARTESIAN_POINT('',(0.820244801847,163.22527832392));
#4789 = CARTESIAN_POINT('',(0.819096574534,163.47658804933));
#4790 = CARTESIAN_POINT('',(0.816574938294,163.91246410722));
#4791 = CARTESIAN_POINT('',(0.815255960214,164.10286433539));
#4792 = CARTESIAN_POINT('',(0.813769574112,164.27980139453));
#4793 = CARTESIAN_POINT('',(0.812118253283,164.43869917092));
#4794 = CARTESIAN_POINT('',(0.810309084677,164.57484043876));
#4795 = CARTESIAN_POINT('',(0.808354371064,164.68332321446));
#4796 = CARTESIAN_POINT('',(0.804395413328,164.82719410071));
#4797 = CARTESIAN_POINT('',(0.802431934646,164.86808029581));
#4798 = CARTESIAN_POINT('',(0.80042511143,164.87776879395));
#4799 = CARTESIAN_POINT('',(0.798422344591,164.85494593063));
#4800 = CARTESIAN_POINT('',(0.79647128026,164.80079993476));
#4801 = CARTESIAN_POINT('',(0.794615680524,164.71898676327));
#4802 = CARTESIAN_POINT('',(0.791222812546,164.51552032704));
#4803 = CARTESIAN_POINT('',(0.789617446044,164.39163602208));
#4804 = CARTESIAN_POINT('',(0.788093927546,164.24504875104));
#4805 = CARTESIAN_POINT('',(0.786669219785,164.0772289819));
#4806 = CARTESIAN_POINT('',(0.785358846968,163.89000352631));
#4807 = CARTESIAN_POINT('',(0.784176557249,163.68551791723));
#4808 = CARTESIAN_POINT('',(0.781936424485,163.21434901674));
#4809 = CARTESIAN_POINT('',(0.780957818929,162.95027487005));
#4810 = CARTESIAN_POINT('',(0.780187457318,162.67786939941));
#4811 = CARTESIAN_POINT('',(0.779616283795,162.39992233231));
#4812 = CARTESIAN_POINT('',(0.779237644415,162.11851253955));
#4813 = CARTESIAN_POINT('',(0.779048112217,161.83534196048));
#4814 = CARTESIAN_POINT('',(0.779048112217,161.55198651616));
#4815 = ( GEOMETRIC_REPRESENTATION_CONTEXT(2) 
PARAMETRIC_REPRESENTATION_CONTEXT() REPRESENTATION_CONTEXT('2D SPACE',''
  ) );
#4816 = ORIENTED_EDGE('',*,*,#4596,.T.);
#4817 = ADVANCED_FACE('',(#4818),#1920,.F.);
#4818 = FACE_BOUND('',#4819,.F.);
#4819 = EDGE_LOOP('',(#4820,#4821,#4844,#5042));
#4820 = ORIENTED_EDGE('',*,*,#1786,.F.);
#4821 = ORIENTED_EDGE('',*,*,#4822,.F.);
#4822 = EDGE_CURVE('',#4823,#1787,#4825,.T.);
#4823 = VERTEX_POINT('',#4824);
#4824 = CARTESIAN_POINT('',(-146.3960887515,-31.75256207369,
    240.55198651616));
#4825 = SEAM_CURVE('',#4826,(#4830,#4837),.PCURVE_S1.);
#4826 = LINE('',#4827,#4828);
#4827 = CARTESIAN_POINT('',(-138.5781024245,-30.23639410415,
    240.55198651616));
#4828 = VECTOR('',#4829,1.);
#4829 = DIRECTION('',(-0.981709285323,-0.190386131612,0.));
#4830 = PCURVE('',#1920,#4831);
#4831 = DEFINITIONAL_REPRESENTATION('',(#4832),#4836);
#4832 = LINE('',#4833,#4834);
#4833 = CARTESIAN_POINT('',(6.28318530718,-0.));
#4834 = VECTOR('',#4835,1.);
#4835 = DIRECTION('',(0.,1.));
#4836 = ( GEOMETRIC_REPRESENTATION_CONTEXT(2) 
PARAMETRIC_REPRESENTATION_CONTEXT() REPRESENTATION_CONTEXT('2D SPACE',''
  ) );
#4837 = PCURVE('',#1920,#4838);
#4838 = DEFINITIONAL_REPRESENTATION('',(#4839),#4843);
#4839 = LINE('',#4840,#4841);
#4840 = CARTESIAN_POINT('',(0.,-0.));
#4841 = VECTOR('',#4842,1.);
#4842 = DIRECTION('',(0.,1.));
#4843 = ( GEOMETRIC_REPRESENTATION_CONTEXT(2) 
PARAMETRIC_REPRESENTATION_CONTEXT() REPRESENTATION_CONTEXT('2D SPACE',''
  ) );
#4844 = ORIENTED_EDGE('',*,*,#4845,.T.);
#4845 = EDGE_CURVE('',#4823,#4823,#4846,.T.);
#4846 = SURFACE_CURVE('',#4847,(#4910,#4976),.PCURVE_S1.);
#4847 = B_SPLINE_CURVE_WITH_KNOTS('',7,(#4848,#4849,#4850,#4851,#4852,
    #4853,#4854,#4855,#4856,#4857,#4858,#4859,#4860,#4861,#4862,#4863,
    #4864,#4865,#4866,#4867,#4868,#4869,#4870,#4871,#4872,#4873,#4874,
    #4875,#4876,#4877,#4878,#4879,#4880,#4881,#4882,#4883,#4884,#4885,
    #4886,#4887,#4888,#4889,#4890,#4891,#4892,#4893,#4894,#4895,#4896,
    #4897,#4898,#4899,#4900,#4901,#4902,#4903,#4904,#4905,#4906,#4907,
    #4908,#4909),.UNSPECIFIED.,.T.,.F.,(8,6,6,6,6,6,6,6,6,6,8),(0.,
    0.121838423556,0.224255531373,0.309296487341,0.416502118851,
    0.53142640908,0.643352220753,0.737762096873,0.822920798237,
    0.905356607297,1.),.UNSPECIFIED.);
#4848 = CARTESIAN_POINT('',(-146.3960887515,-31.75256207369,
    240.55198651616));
#4849 = CARTESIAN_POINT('',(-146.3960887515,-31.75256207369,
    240.85579997781));
#4850 = CARTESIAN_POINT('',(-146.4030072495,-31.72066412805,
    241.15935380851));
#4851 = CARTESIAN_POINT('',(-146.4168238165,-31.65696252742,
    241.46074540056));
#4852 = CARTESIAN_POINT('',(-146.43764122,-31.56077174041,
    241.75789363954));
#4853 = CARTESIAN_POINT('',(-146.4656537738,-31.4307773251,
    242.04816750143));
#4854 = CARTESIAN_POINT('',(-146.5010914655,-31.26520922635,
    242.32793276681));
#4855 = CARTESIAN_POINT('',(-146.5803342378,-30.89135923566,
    242.81381082978));
#4856 = CARTESIAN_POINT('',(-146.6222237815,-30.69258992753,
    243.02650892335));
#4857 = CARTESIAN_POINT('',(-146.6698203539,-30.46507504349,
    243.22481845632));
#4858 = CARTESIAN_POINT('',(-146.7229180739,-30.20892290303,
    243.40323893835));
#4859 = CARTESIAN_POINT('',(-146.7811005342,-29.92506219958,
    243.55596353363));
#4860 = CARTESIAN_POINT('',(-146.8437333363,-29.61541335817,
    243.67679418203));
#4861 = CARTESIAN_POINT('',(-146.9649255048,-29.00740892435,
    243.82719410015));
#4862 = CARTESIAN_POINT('',(-147.0218184202,-28.71883397367,
    243.86808029609));
#4863 = CARTESIAN_POINT('',(-147.079276226,-28.42375247134,
    243.8777687947));
#4864 = CARTESIAN_POINT('',(-147.1358868029,-28.12912580986,
    243.85494593032));
#4865 = CARTESIAN_POINT('',(-147.190340784,-27.8419727379,
    243.80079993376));
#4866 = CARTESIAN_POINT('',(-147.2415370591,-27.5687587659,
    243.71898676413));
#4867 = CARTESIAN_POINT('',(-147.3479918652,-26.99472699881,
    243.48526856641));
#4868 = CARTESIAN_POINT('',(-147.4010349662,-26.70417771499,
    243.32020605984));
#4869 = CARTESIAN_POINT('',(-147.4477817951,-26.44456541294,
    243.12823082869));
#4870 = CARTESIAN_POINT('',(-147.4884734208,-26.21600287005,
    242.91564432133));
#4871 = CARTESIAN_POINT('',(-147.5234192764,-26.01791233643,
    242.68765170005));
#4872 = CARTESIAN_POINT('',(-147.5529486904,-25.8493251305,
    242.44858070847));
#4873 = CARTESIAN_POINT('',(-147.6035853198,-25.55865611872,
    241.93763787956));
#4874 = CARTESIAN_POINT('',(-147.6240513621,-25.4401175077,
    241.66344989886));
#4875 = CARTESIAN_POINT('',(-147.6391754499,-25.35199336352,
    241.38280289453));
#4876 = CARTESIAN_POINT('',(-147.6492369162,-25.29316743436,
    241.09814387844));
#4877 = CARTESIAN_POINT('',(-147.6544035511,-25.26293780626,
    240.81137477375));
#4878 = CARTESIAN_POINT('',(-147.6547242147,-25.26109979057,
    240.52418116427));
#4879 = CARTESIAN_POINT('',(-147.6456257448,-25.31422338434,
    239.95988083904));
#4880 = CARTESIAN_POINT('',(-147.6364658353,-25.36767306375,
    239.6830387212));
#4881 = CARTESIAN_POINT('',(-147.6225750351,-25.44859062226,
    239.40927670297));
#4882 = CARTESIAN_POINT('',(-147.6037678818,-25.55774433515,
    239.14038607308));
#4883 = CARTESIAN_POINT('',(-147.5797524546,-25.69631797933,
    238.87869469699));
#4884 = CARTESIAN_POINT('',(-147.5501430104,-25.86575502847,
    238.62738498808));
#4885 = CARTESIAN_POINT('',(-147.4844101751,-26.2377329054,
    238.1915089281));
#4886 = CARTESIAN_POINT('',(-147.4497985984,-26.43226081651,
    238.00110869112));
#4887 = CARTESIAN_POINT('',(-147.4104758379,-26.65142203663,
    237.82417164016));
#4888 = CARTESIAN_POINT('',(-147.366360857,-26.89482524572,
    237.66527386511));
#4889 = CARTESIAN_POINT('',(-147.3174714647,-27.16139369714,
    237.52913258937));
#4890 = CARTESIAN_POINT('',(-147.2639611456,-27.44927992807,
    237.42064981902));
#4891 = CARTESIAN_POINT('',(-147.1540775662,-28.03206301298,
    237.27677893156));
#4892 = CARTESIAN_POINT('',(-147.0989745731,-28.3209850808,
    237.2358927366));
#4893 = CARTESIAN_POINT('',(-147.041963317,-28.61615319304,
    237.22620423831));
#4894 = CARTESIAN_POINT('',(-146.9843362756,-28.91058272863,
    237.24902710166));
#4895 = CARTESIAN_POINT('',(-146.927502665,-29.19727430223,
    237.30317309767));
#4896 = CARTESIAN_POINT('',(-146.872858051,-29.46981953376,
    237.38498626898));
#4897 = CARTESIAN_POINT('',(-146.7720120417,-29.96796589282,
    237.58845270531));
#4898 = CARTESIAN_POINT('',(-146.7238187776,-30.20357182115,
    237.71233701023));
#4899 = CARTESIAN_POINT('',(-146.6776467084,-30.42707621219,
    237.85892428122));
#4900 = CARTESIAN_POINT('',(-146.6340934616,-30.63600672895,
    238.02674405045));
#4901 = CARTESIAN_POINT('',(-146.593731156,-30.82810636844,
    238.2139695061));
#4902 = CARTESIAN_POINT('',(-146.5570838145,-31.00138042331,
    238.41845511501));
#4903 = CARTESIAN_POINT('',(-146.4872943069,-31.32961496856,
    238.88962401558));
#4904 = CARTESIAN_POINT('',(-146.4565615629,-31.4729526378,
    239.15369816227));
#4905 = CARTESIAN_POINT('',(-146.4322328335,-31.58575924351,
    239.42610363292));
#4906 = CARTESIAN_POINT('',(-146.4141295627,-31.66938395202,
    239.70405070001));
#4907 = CARTESIAN_POINT('',(-146.4021069218,-31.72481531156,
    239.98546049278));
#4908 = CARTESIAN_POINT('',(-146.3960887515,-31.75256207369,
    240.26863107184));
#4909 = CARTESIAN_POINT('',(-146.3960887515,-31.75256207369,
    240.55198651616));
#4910 = PCURVE('',#1920,#4911);
#4911 = DEFINITIONAL_REPRESENTATION('',(#4912),#4975);
#4912 = B_SPLINE_CURVE_WITH_KNOTS('',7,(#4913,#4914,#4915,#4916,#4917,
    #4918,#4919,#4920,#4921,#4922,#4923,#4924,#4925,#4926,#4927,#4928,
    #4929,#4930,#4931,#4932,#4933,#4934,#4935,#4936,#4937,#4938,#4939,
    #4940,#4941,#4942,#4943,#4944,#4945,#4946,#4947,#4948,#4949,#4950,
    #4951,#4952,#4953,#4954,#4955,#4956,#4957,#4958,#4959,#4960,#4961,
    #4962,#4963,#4964,#4965,#4966,#4967,#4968,#4969,#4970,#4971,#4972,
    #4973,#4974),.UNSPECIFIED.,.F.,.F.,(8,6,6,6,6,6,6,6,6,6,8),(0.,
    0.121838423556,0.224255531373,0.309296487341,0.416502118851,
    0.53142640908,0.643352220753,0.737762096873,0.822920798237,
    0.905356607297,1.),.UNSPECIFIED.);
#4913 = CARTESIAN_POINT('',(0.,7.963647124394));
#4914 = CARTESIAN_POINT('',(9.206468534878E-02,7.963647124394));
#4915 = CARTESIAN_POINT('',(0.184050584338,7.964366151627));
#4916 = CARTESIAN_POINT('',(0.276656423174,7.965802102402));
#4917 = CARTESIAN_POINT('',(0.37051415172,7.967925348922));
#4918 = CARTESIAN_POINT('',(0.466281980426,7.970676399181));
#4919 = CARTESIAN_POINT('',(0.564632471592,7.973944040389));
#4920 = CARTESIAN_POINT('',(0.751942689745,7.980561552228));
#4921 = CARTESIAN_POINT('',(0.84065419951,7.983841986538));
#4922 = CARTESIAN_POINT('',(0.93244741261,7.98725230493));
#4923 = CARTESIAN_POINT('',(1.027356333354,7.990611014552));
#4924 = CARTESIAN_POINT('',(1.125514868677,7.993686134816));
#4925 = CARTESIAN_POINT('',(1.227179870908,7.996220493211));
#4926 = CARTESIAN_POINT('',(1.420494846066,7.999440358099));
#4927 = CARTESIAN_POINT('',(1.510032963062,8.000351992944));
#4928 = CARTESIAN_POINT('',(1.600357763783,8.000579428604));
#4929 = CARTESIAN_POINT('',(1.69059019642,8.000061727245));
#4930 = CARTESIAN_POINT('',(1.779889106624,7.998849743636));
#4931 = CARTESIAN_POINT('',(1.867300906847,7.997093450982));
#4932 = CARTESIAN_POINT('',(2.057860096241,7.992313435062));
#4933 = CARTESIAN_POINT('',(2.159534726242,7.989069785612));
#4934 = CARTESIAN_POINT('',(2.257317917551,7.9855349997));
#4935 = CARTESIAN_POINT('',(2.351684986745,7.981967208132));
#4936 = CARTESIAN_POINT('',(2.443040473792,7.978560188646));
#4937 = CARTESIAN_POINT('',(2.531708288105,7.9754528226));
#4938 = CARTESIAN_POINT('',(2.710491912236,7.96982392318));
#4939 = CARTESIAN_POINT('',(2.800670626521,7.967347519284));
#4940 = CARTESIAN_POINT('',(2.889155370691,7.965417361808));
#4941 = CARTESIAN_POINT('',(2.976489853199,7.96409515557));
#4942 = CARTESIAN_POINT('',(3.063186928667,7.963411987081));
#4943 = CARTESIAN_POINT('',(3.149768199418,7.963376852806));
#4944 = CARTESIAN_POINT('',(3.321546121705,7.964558796024));
#4945 = CARTESIAN_POINT('',(3.406619415713,7.965742505515));
#4946 = CARTESIAN_POINT('',(3.49256104951,7.967511358842));
#4947 = CARTESIAN_POINT('',(3.579880028101,7.969829555041));
#4948 = CARTESIAN_POINT('',(3.669105939064,7.972635887142));
#4949 = CARTESIAN_POINT('',(3.760786895255,7.975826485214));
#4950 = CARTESIAN_POINT('',(3.935558617295,7.982115379443));
#4951 = CARTESIAN_POINT('',(4.018367751084,7.985172289722));
#4952 = CARTESIAN_POINT('',(4.103904008194,7.988294027509));
#4953 = CARTESIAN_POINT('',(4.192153254388,7.99132653655));
#4954 = CARTESIAN_POINT('',(4.283185206928,7.994082302518));
#4955 = CARTESIAN_POINT('',(4.377164547134,7.996360271203));
#4956 = CARTESIAN_POINT('',(4.562087500443,7.999440358112));
#4957 = CARTESIAN_POINT('',(4.651625614854,8.000351992936));
#4958 = CARTESIAN_POINT('',(4.741950418369,8.000579428589));
#4959 = CARTESIAN_POINT('',(4.832182851117,8.000061727252));
#4960 = CARTESIAN_POINT('',(4.921481758554,7.998849743654));
#4961 = CARTESIAN_POINT('',(5.008893561083,7.997093450966));
#4962 = CARTESIAN_POINT('',(5.174787357772,7.992932145537));
#4963 = CARTESIAN_POINT('',(5.256390219469,7.990476472024));
#4964 = CARTESIAN_POINT('',(5.337987136752,7.987701059312));
#4965 = CARTESIAN_POINT('',(5.419584803238,7.984721905405));
#4966 = CARTESIAN_POINT('',(5.501186863899,7.981670962525));
#4967 = CARTESIAN_POINT('',(5.582788767817,7.978682904088));
#4968 = CARTESIAN_POINT('',(5.758068254473,7.972661201767));
#4969 = CARTESIAN_POINT('',(5.849016259954,7.969780085949));
#4970 = CARTESIAN_POINT('',(5.937876992904,7.967373159735));
#4971 = CARTESIAN_POINT('',(6.025202847295,7.965521995439));
#4972 = CARTESIAN_POINT('',(6.11151000836,7.964272619295));
#4973 = CARTESIAN_POINT('',(6.197320021022,7.963647124394));
#4974 = CARTESIAN_POINT('',(6.28318530718,7.963647124394));
#4975 = ( GEOMETRIC_REPRESENTATION_CONTEXT(2) 
PARAMETRIC_REPRESENTATION_CONTEXT() REPRESENTATION_CONTEXT('2D SPACE',''
  ) );
#4976 = PCURVE('',#4354,#4977);
#4977 = DEFINITIONAL_REPRESENTATION('',(#4978),#5041);
#4978 = B_SPLINE_CURVE_WITH_KNOTS('',7,(#4979,#4980,#4981,#4982,#4983,
    #4984,#4985,#4986,#4987,#4988,#4989,#4990,#4991,#4992,#4993,#4994,
    #4995,#4996,#4997,#4998,#4999,#5000,#5001,#5002,#5003,#5004,#5005,
    #5006,#5007,#5008,#5009,#5010,#5011,#5012,#5013,#5014,#5015,#5016,
    #5017,#5018,#5019,#5020,#5021,#5022,#5023,#5024,#5025,#5026,#5027,
    #5028,#5029,#5030,#5031,#5032,#5033,#5034,#5035,#5036,#5037,#5038,
    #5039,#5040),.UNSPECIFIED.,.T.,.F.,(8,6,6,6,6,6,6,6,6,6,8),(0.,
    0.121838423556,0.224255531373,0.309296487341,0.416502118851,
    0.53142640908,0.643352220753,0.737762096873,0.822920798237,
    0.905356607297,1.),.UNSPECIFIED.);
#4979 = CARTESIAN_POINT('',(3.355179265624,161.55198651616));
#4980 = CARTESIAN_POINT('',(3.355179265624,161.85579997781));
#4981 = CARTESIAN_POINT('',(3.354961377667,162.15935380851));
#4982 = CARTESIAN_POINT('',(3.354526245784,162.46074540056));
#4983 = CARTESIAN_POINT('',(3.353869252299,162.75789363954));
#4984 = CARTESIAN_POINT('',(3.352981546826,163.04816750143));
#4985 = CARTESIAN_POINT('',(3.351851254528,163.32793276681));
#4986 = CARTESIAN_POINT('',(3.349300146173,163.81381082978));
#4987 = CARTESIAN_POINT('',(3.347944103416,164.02650892335));
#4988 = CARTESIAN_POINT('',(3.346392435678,164.22481845632));
#4989 = CARTESIAN_POINT('',(3.344646129699,164.40323893835));
#4990 = CARTESIAN_POINT('',(3.342711812281,164.55596353363));
#4991 = CARTESIAN_POINT('',(3.340602877355,164.67679418203));
#4992 = CARTESIAN_POINT('',(3.33646425741,164.82719410015));
#4993 = CARTESIAN_POINT('',(3.334500778675,164.86808029609));
#4994 = CARTESIAN_POINT('',(3.332493955518,164.8777687947));
#4995 = CARTESIAN_POINT('',(3.330491188679,164.85494593032));
#4996 = CARTESIAN_POINT('',(3.32854012429,164.80079993376));
#4997 = CARTESIAN_POINT('',(3.326684524604,164.71898676413));
#4998 = CARTESIAN_POINT('',(3.322787198816,164.48526856641));
#4999 = CARTESIAN_POINT('',(3.320815568257,164.32020605984));
#5000 = CARTESIAN_POINT('',(3.319054644532,164.12823082869));
#5001 = CARTESIAN_POINT('',(3.317504871908,163.91564432133));
#5002 = CARTESIAN_POINT('',(3.316162087386,163.68765170005));
#5003 = CARTESIAN_POINT('',(3.315019538957,163.44858070847));
#5004 = CARTESIAN_POINT('',(3.31304993496,162.93763787956));
#5005 = CARTESIAN_POINT('',(3.312246915842,162.66344989886));
#5006 = CARTESIAN_POINT('',(3.311650036587,162.38280289453));
#5007 = CARTESIAN_POINT('',(3.31125163748,162.09814387844));
#5008 = CARTESIAN_POINT('',(3.311046911418,161.81137477375));
#5009 = CARTESIAN_POINT('',(3.311034456342,161.52418116427));
#5010 = CARTESIAN_POINT('',(3.311394250127,160.95988083904));
#5011 = CARTESIAN_POINT('',(3.311756258715,160.6830387212));
#5012 = CARTESIAN_POINT('',(3.312304330726,160.40927670297));
#5013 = CARTESIAN_POINT('',(3.313043730299,160.14038607308));
#5014 = CARTESIAN_POINT('',(3.31398257607,159.87869469699));
#5015 = CARTESIAN_POINT('',(3.315130803277,159.62738498808));
#5016 = CARTESIAN_POINT('',(3.317652439529,159.1915089281));
#5017 = CARTESIAN_POINT('',(3.318971417679,159.00110869112));
#5018 = CARTESIAN_POINT('',(3.320457803688,158.82417164016));
#5019 = CARTESIAN_POINT('',(3.322109124527,158.66527386511));
#5020 = CARTESIAN_POINT('',(3.323918293229,158.52913258937));
#5021 = CARTESIAN_POINT('',(3.325873006745,158.42064981902));
#5022 = CARTESIAN_POINT('',(3.329831964514,158.27677893156));
#5023 = CARTESIAN_POINT('',(3.331795443194,158.2358927366));
#5024 = CARTESIAN_POINT('',(3.33380226641,158.22620423831));
#5025 = CARTESIAN_POINT('',(3.335805033251,158.24902710166));
#5026 = CARTESIAN_POINT('',(3.337756097582,158.30317309767));
#5027 = CARTESIAN_POINT('',(3.339611697316,158.38498626898));
#5028 = CARTESIAN_POINT('',(3.343004565295,158.58845270531));
#5029 = CARTESIAN_POINT('',(3.344609931796,158.71233701023));
#5030 = CARTESIAN_POINT('',(3.346133450294,158.85892428122));
#5031 = CARTESIAN_POINT('',(3.347558158056,159.02674405045));
#5032 = CARTESIAN_POINT('',(3.348868530873,159.2139695061));
#5033 = CARTESIAN_POINT('',(3.350050820591,159.41845511501));
#5034 = CARTESIAN_POINT('',(3.352290953356,159.88962401558));
#5035 = CARTESIAN_POINT('',(3.353269558912,160.15369816227));
#5036 = CARTESIAN_POINT('',(3.354039920522,160.42610363292));
#5037 = CARTESIAN_POINT('',(3.354611094046,160.70405070001));
#5038 = CARTESIAN_POINT('',(3.354989733426,160.98546049278));
#5039 = CARTESIAN_POINT('',(3.355179265624,161.26863107184));
#5040 = CARTESIAN_POINT('',(3.355179265624,161.55198651616));
#5041 = ( GEOMETRIC_REPRESENTATION_CONTEXT(2) 
PARAMETRIC_REPRESENTATION_CONTEXT() REPRESENTATION_CONTEXT('2D SPACE',''
  ) );
#5042 = ORIENTED_EDGE('',*,*,#4822,.T.);
#5043 = ADVANCED_FACE('',(#5044),#2127,.F.);
#5044 = FACE_BOUND('',#5045,.F.);
#5045 = EDGE_LOOP('',(#5046,#5047,#5070,#5268));
#5046 = ORIENTED_EDGE('',*,*,#1993,.F.);
#5047 = ORIENTED_EDGE('',*,*,#5048,.F.);
#5048 = EDGE_CURVE('',#5049,#1994,#5051,.T.);
#5049 = VERTEX_POINT('',#5050);
#5050 = CARTESIAN_POINT('',(-106.5950823065,-105.2498381379,
    240.55198651616));
#5051 = SEAM_CURVE('',#5052,(#5056,#5063),.PCURVE_S1.);
#5052 = LINE('',#5053,#5054);
#5053 = CARTESIAN_POINT('',(-101.0529247586,-99.53108257084,
    240.55198651616));
#5054 = VECTOR('',#5055,1.);
#5055 = DIRECTION('',(-0.695932085054,-0.718107605441,0.));
#5056 = PCURVE('',#2127,#5057);
#5057 = DEFINITIONAL_REPRESENTATION('',(#5058),#5062);
#5058 = LINE('',#5059,#5060);
#5059 = CARTESIAN_POINT('',(6.28318530718,-0.));
#5060 = VECTOR('',#5061,1.);
#5061 = DIRECTION('',(0.,1.));
#5062 = ( GEOMETRIC_REPRESENTATION_CONTEXT(2) 
PARAMETRIC_REPRESENTATION_CONTEXT() REPRESENTATION_CONTEXT('2D SPACE',''
  ) );
#5063 = PCURVE('',#2127,#5064);
#5064 = DEFINITIONAL_REPRESENTATION('',(#5065),#5069);
#5065 = LINE('',#5066,#5067);
#5066 = CARTESIAN_POINT('',(0.,-0.));
#5067 = VECTOR('',#5068,1.);
#5068 = DIRECTION('',(0.,1.));
#5069 = ( GEOMETRIC_REPRESENTATION_CONTEXT(2) 
PARAMETRIC_REPRESENTATION_CONTEXT() REPRESENTATION_CONTEXT('2D SPACE',''
  ) );
#5070 = ORIENTED_EDGE('',*,*,#5071,.T.);
#5071 = EDGE_CURVE('',#5049,#5049,#5072,.T.);
#5072 = SURFACE_CURVE('',#5073,(#5136,#5202),.PCURVE_S1.);
#5073 = B_SPLINE_CURVE_WITH_KNOTS('',7,(#5074,#5075,#5076,#5077,#5078,
    #5079,#5080,#5081,#5082,#5083,#5084,#5085,#5086,#5087,#5088,#5089,
    #5090,#5091,#5092,#5093,#5094,#5095,#5096,#5097,#5098,#5099,#5100,
    #5101,#5102,#5103,#5104,#5105,#5106,#5107,#5108,#5109,#5110,#5111,
    #5112,#5113,#5114,#5115,#5116,#5117,#5118,#5119,#5120,#5121,#5122,
    #5123,#5124,#5125,#5126,#5127,#5128,#5129,#5130,#5131,#5132,#5133,
    #5134,#5135),.UNSPECIFIED.,.T.,.F.,(8,6,6,6,6,6,6,6,6,6,8),(0.,
    0.121838417106,0.22425552303,0.309296478263,0.416502108778,
    0.531426397939,0.643352210959,0.737762090256,0.82292079378,
    0.905356604221,1.),.UNSPECIFIED.);
#5074 = CARTESIAN_POINT('',(-106.5950823065,-105.2498381379,
    240.55198651616));
#5075 = CARTESIAN_POINT('',(-106.5950823065,-105.2498381379,
    240.24817304689));
#5076 = CARTESIAN_POINT('',(-106.5721496307,-105.2730639219,
    239.94461924206));
#5077 = CARTESIAN_POINT('',(-106.52635209,-105.3194468433,
    239.64322761911));
#5078 = CARTESIAN_POINT('',(-106.4571717018,-105.3894476319,
    239.34607938539));
#5079 = CARTESIAN_POINT('',(-106.3636139136,-105.4839472805,
    239.05580554607));
#5080 = CARTESIAN_POINT('',(-106.2443219723,-105.6041057782,
    238.77604025877));
#5081 = CARTESIAN_POINT('',(-105.9745393082,-105.8747726284,
    238.29016220056));
#5082 = CARTESIAN_POINT('',(-105.8309682526,-106.0184783036,
    238.07746411284));
#5083 = CARTESIAN_POINT('',(-105.6664424724,-106.1826724812,
    237.87915457442));
#5084 = CARTESIAN_POINT('',(-105.480940189,-106.3671235294,
    237.70073409149));
#5085 = CARTESIAN_POINT('',(-105.275011592,-106.5709752041,
    237.54800950148));
#5086 = CARTESIAN_POINT('',(-105.0499182692,-106.7926467514,
    237.42717884953));
#5087 = CARTESIAN_POINT('',(-104.6069633091,-107.2264068612,
    237.27677893213));
#5088 = CARTESIAN_POINT('',(-104.396381954,-107.4317548554,
    237.23589273631));
#5089 = CARTESIAN_POINT('',(-104.1806602694,-107.6411316622,
    237.22620423756));
#5090 = CARTESIAN_POINT('',(-103.9648565015,-107.8495503778,
    237.24902710197));
#5091 = CARTESIAN_POINT('',(-103.7541330835,-108.0520788053,
    237.30317309867));
#5092 = CARTESIAN_POINT('',(-103.5533029376,-108.2442614928,
    237.38498626813));
#5093 = CARTESIAN_POINT('',(-103.1307452698,-108.6471139632,
    237.61870446591));
#5094 = CARTESIAN_POINT('',(-102.9164066053,-108.8503168023,
    237.78376697248));
#5095 = CARTESIAN_POINT('',(-102.7245358756,-109.0313401059,
    237.97574220364));
#5096 = CARTESIAN_POINT('',(-102.5553592687,-109.1903241306,
    238.18832871099));
#5097 = CARTESIAN_POINT('',(-102.4085620377,-109.3278437485,
    238.41632133227));
#5098 = CARTESIAN_POINT('',(-102.2835129154,-109.4447041323,
    238.65539232385));
#5099 = CARTESIAN_POINT('',(-102.0677588813,-109.6459570563,
    239.16633515276));
#5100 = CARTESIAN_POINT('',(-101.9796708927,-109.7278763303,
    239.44052313346));
#5101 = CARTESIAN_POINT('',(-101.9141347694,-109.7887008267,
    239.72117013779));
#5102 = CARTESIAN_POINT('',(-101.8703683367,-109.8292744933,
    240.00582915388));
#5103 = CARTESIAN_POINT('',(-101.8478754586,-109.8501214346,
    240.29259825857));
#5104 = CARTESIAN_POINT('',(-101.8465114158,-109.8513944288,
    240.57979186805));
#5105 = CARTESIAN_POINT('',(-101.8860285848,-109.8147434835,
    241.14409219922));
#5106 = CARTESIAN_POINT('',(-101.9257852635,-109.7778628842,
    241.42093429693));
#5107 = CARTESIAN_POINT('',(-101.9859600664,-109.722009524,
    241.69469633933));
#5108 = CARTESIAN_POINT('',(-102.0670950674,-109.6466082143,
    241.96358696461));
#5109 = CARTESIAN_POINT('',(-102.1700220658,-109.5507676071,
    242.22527832392));
#5110 = CARTESIAN_POINT('',(-102.2957391815,-109.433375763,
    242.47658804933));
#5111 = CARTESIAN_POINT('',(-102.5713369897,-109.1750461453,
    242.91246410425));
#5112 = CARTESIAN_POINT('',(-102.7153333142,-109.0397533962,
    243.1028643412));
#5113 = CARTESIAN_POINT('',(-102.8773846721,-108.8870534377,
    243.27980139215));
#5114 = CARTESIAN_POINT('',(-103.0571190596,-108.7170922549,
    243.4386991672));
#5115 = CARTESIAN_POINT('',(-103.2536444676,-108.5304731884,
    243.57484044296));
#5116 = CARTESIAN_POINT('',(-103.4654975807,-108.3283343878,
    243.68332321331));
#5117 = CARTESIAN_POINT('',(-103.8935104276,-107.9178279626,
    243.82719410019));
#5118 = CARTESIAN_POINT('',(-104.1053606545,-107.7137892723,
    243.86808029601));
#5119 = CARTESIAN_POINT('',(-104.3213988987,-107.5047391119,
    243.87776879476));
#5120 = CARTESIAN_POINT('',(-104.5364820966,-107.2955768658,
    243.85494593036));
#5121 = CARTESIAN_POINT('',(-104.745518598,-107.091307769,
    243.80079993366));
#5122 = CARTESIAN_POINT('',(-104.9439042231,-106.8966026673,
    243.7189867642));
#5123 = CARTESIAN_POINT('',(-105.3059753614,-106.5399176444,
    243.51552032704));
#5124 = CARTESIAN_POINT('',(-105.4769510487,-106.3708021259,
    243.39163602208));
#5125 = CARTESIAN_POINT('',(-105.63889663,-106.2099926067,
    243.24504875104));
#5126 = CARTESIAN_POINT('',(-105.7900681953,-106.0593406769,
    243.0772289819));
#5127 = CARTESIAN_POINT('',(-105.9288882298,-105.9205588869,
    242.89000352631));
#5128 = CARTESIAN_POINT('',(-106.0539725991,-105.7951761675,
    242.68551791723));
#5129 = CARTESIAN_POINT('',(-106.2907198287,-105.5573542948,
    242.21434901286));
#5130 = CARTESIAN_POINT('',(-106.3939656466,-105.4532846645,
    241.95027487945));
#5131 = CARTESIAN_POINT('',(-106.4751423623,-105.3712629635,
    241.67786939352));
#5132 = CARTESIAN_POINT('',(-106.5352822708,-105.3104023684,
    241.39992232669));
#5133 = CARTESIAN_POINT('',(-106.575134101,-105.2700413652,
    241.11851254925));
#5134 = CARTESIAN_POINT('',(-106.5950823065,-105.2498381379,
    240.83534195623));
#5135 = CARTESIAN_POINT('',(-106.5950823065,-105.2498381379,
    240.55198651616));
#5136 = PCURVE('',#2127,#5137);
#5137 = DEFINITIONAL_REPRESENTATION('',(#5138),#5201);
#5138 = B_SPLINE_CURVE_WITH_KNOTS('',7,(#5139,#5140,#5141,#5142,#5143,
    #5144,#5145,#5146,#5147,#5148,#5149,#5150,#5151,#5152,#5153,#5154,
    #5155,#5156,#5157,#5158,#5159,#5160,#5161,#5162,#5163,#5164,#5165,
    #5166,#5167,#5168,#5169,#5170,#5171,#5172,#5173,#5174,#5175,#5176,
    #5177,#5178,#5179,#5180,#5181,#5182,#5183,#5184,#5185,#5186,#5187,
    #5188,#5189,#5190,#5191,#5192,#5193,#5194,#5195,#5196,#5197,#5198,
    #5199,#5200),.UNSPECIFIED.,.F.,.F.,(8,6,6,6,6,6,6,6,6,6,8),(0.,
    0.121838417106,0.22425552303,0.309296478263,0.416502108778,
    0.531426397939,0.643352210959,0.737762090256,0.82292079378,
    0.905356604221,1.),.UNSPECIFIED.);
#5139 = CARTESIAN_POINT('',(0.,7.963647124394));
#5140 = CARTESIAN_POINT('',(9.206468765754E-02,7.963647124394));
#5141 = CARTESIAN_POINT('',(0.184050579048,7.964366151655));
#5142 = CARTESIAN_POINT('',(0.276656426072,7.96580210226));
#5143 = CARTESIAN_POINT('',(0.370514155573,7.967925349194));
#5144 = CARTESIAN_POINT('',(0.466281974407,7.970676398937));
#5145 = CARTESIAN_POINT('',(0.564632474188,7.973944040481));
#5146 = CARTESIAN_POINT('',(0.75194269051,7.980561552255));
#5147 = CARTESIAN_POINT('',(0.840654197535,7.983841986479));
#5148 = CARTESIAN_POINT('',(0.932447413942,7.987252304959));
#5149 = CARTESIAN_POINT('',(1.027356334529,7.990611014589));
#5150 = CARTESIAN_POINT('',(1.12551486651,7.993686134766));
#5151 = CARTESIAN_POINT('',(1.227179871882,7.996220493227));
#5152 = CARTESIAN_POINT('',(1.42049484612,7.9994403581));
#5153 = CARTESIAN_POINT('',(1.510032963009,8.000351992942));
#5154 = CARTESIAN_POINT('',(1.600357763738,8.000579428605));
#5155 = CARTESIAN_POINT('',(1.690590196463,8.000061727245));
#5156 = CARTESIAN_POINT('',(1.779889106679,7.998849743634));
#5157 = CARTESIAN_POINT('',(1.867300906792,7.997093450984));
#5158 = CARTESIAN_POINT('',(2.057860096241,7.992313435062));
#5159 = CARTESIAN_POINT('',(2.159534726242,7.989069785611));
#5160 = CARTESIAN_POINT('',(2.257317917551,7.9855349997));
#5161 = CARTESIAN_POINT('',(2.351684986745,7.981967208131));
#5162 = CARTESIAN_POINT('',(2.443040473792,7.978560188646));
#5163 = CARTESIAN_POINT('',(2.531708288105,7.9754528226));
#5164 = CARTESIAN_POINT('',(2.710491912236,7.96982392318));
#5165 = CARTESIAN_POINT('',(2.800670626521,7.967347519285));
#5166 = CARTESIAN_POINT('',(2.889155370692,7.965417361808));
#5167 = CARTESIAN_POINT('',(2.976489853199,7.964095155569));
#5168 = CARTESIAN_POINT('',(3.063186928667,7.963411987081));
#5169 = CARTESIAN_POINT('',(3.149768199418,7.963376852806));
#5170 = CARTESIAN_POINT('',(3.321546123511,7.964558796036));
#5171 = CARTESIAN_POINT('',(3.406619411594,7.965742505504));
#5172 = CARTESIAN_POINT('',(3.49256105173,7.967511358766));
#5173 = CARTESIAN_POINT('',(3.579880031164,7.969829555239));
#5174 = CARTESIAN_POINT('',(3.669105934328,7.972635886951));
#5175 = CARTESIAN_POINT('',(3.760786897294,7.975826485287));
#5176 = CARTESIAN_POINT('',(3.935558617303,7.982115379443));
#5177 = CARTESIAN_POINT('',(4.018367751084,7.985172289722));
#5178 = CARTESIAN_POINT('',(4.103904008187,7.988294027509));
#5179 = CARTESIAN_POINT('',(4.192153254382,7.99132653655));
#5180 = CARTESIAN_POINT('',(4.283185206929,7.994082302518));
#5181 = CARTESIAN_POINT('',(4.377164547143,7.996360271203));
#5182 = CARTESIAN_POINT('',(4.562087499709,7.9994403581));
#5183 = CARTESIAN_POINT('',(4.6516256166,8.000351992942));
#5184 = CARTESIAN_POINT('',(4.741950417329,8.000579428604));
#5185 = CARTESIAN_POINT('',(4.832182850051,8.000061727245));
#5186 = CARTESIAN_POINT('',(4.921481760268,7.998849743634));
#5187 = CARTESIAN_POINT('',(5.008893560384,7.997093450983));
#5188 = CARTESIAN_POINT('',(5.174787357746,7.992932145538));
#5189 = CARTESIAN_POINT('',(5.256390219493,7.990476472023));
#5190 = CARTESIAN_POINT('',(5.337987136775,7.987701059311));
#5191 = CARTESIAN_POINT('',(5.419584803218,7.984721905405));
#5192 = CARTESIAN_POINT('',(5.50118686387,7.981670962526));
#5193 = CARTESIAN_POINT('',(5.582788767845,7.978682904087));
#5194 = CARTESIAN_POINT('',(5.758068255916,7.972661201717));
#5195 = CARTESIAN_POINT('',(5.8490162567,7.96978008603));
#5196 = CARTESIAN_POINT('',(5.937876994754,7.967373159717));
#5197 = CARTESIAN_POINT('',(6.025202849262,7.965521995384));
#5198 = CARTESIAN_POINT('',(6.111510005249,7.964272619332));
#5199 = CARTESIAN_POINT('',(6.197320022309,7.963647124394));
#5200 = CARTESIAN_POINT('',(6.28318530718,7.963647124394));
#5201 = ( GEOMETRIC_REPRESENTATION_CONTEXT(2) 
PARAMETRIC_REPRESENTATION_CONTEXT() REPRESENTATION_CONTEXT('2D SPACE',''
  ) );
#5202 = PCURVE('',#4354,#5203);
#5203 = DEFINITIONAL_REPRESENTATION('',(#5204),#5267);
#5204 = B_SPLINE_CURVE_WITH_KNOTS('',7,(#5205,#5206,#5207,#5208,#5209,
    #5210,#5211,#5212,#5213,#5214,#5215,#5216,#5217,#5218,#5219,#5220,
    #5221,#5222,#5223,#5224,#5225,#5226,#5227,#5228,#5229,#5230,#5231,
    #5232,#5233,#5234,#5235,#5236,#5237,#5238,#5239,#5240,#5241,#5242,
    #5243,#5244,#5245,#5246,#5247,#5248,#5249,#5250,#5251,#5252,#5253,
    #5254,#5255,#5256,#5257,#5258,#5259,#5260,#5261,#5262,#5263,#5264,
    #5265,#5266),.UNSPECIFIED.,.T.,.F.,(8,6,6,6,6,6,6,6,6,6,8),(0.,
    0.121838417106,0.22425552303,0.309296478263,0.416502108778,
    0.531426397939,0.643352210959,0.737762090256,0.82292079378,
    0.905356604221,1.),.UNSPECIFIED.);
#5205 = CARTESIAN_POINT('',(3.920640765807,161.55198651616));
#5206 = CARTESIAN_POINT('',(3.920640765807,161.24817304689));
#5207 = CARTESIAN_POINT('',(3.920858653776,160.94461924206));
#5208 = CARTESIAN_POINT('',(3.921293785591,160.64322761911));
#5209 = CARTESIAN_POINT('',(3.921950779236,160.34607938539));
#5210 = CARTESIAN_POINT('',(3.922838484512,160.05580554607));
#5211 = CARTESIAN_POINT('',(3.923968776937,159.77604025877));
#5212 = CARTESIAN_POINT('',(3.926519885268,159.29016220056));
#5213 = CARTESIAN_POINT('',(3.927875927982,159.07746411284));
#5214 = CARTESIAN_POINT('',(3.929427595779,158.87915457442));
#5215 = CARTESIAN_POINT('',(3.931173901751,158.70073409149));
#5216 = CARTESIAN_POINT('',(3.933108219108,158.54800950148));
#5217 = CARTESIAN_POINT('',(3.935217154097,158.42717884953));
#5218 = CARTESIAN_POINT('',(3.939355774022,158.27677893213));
#5219 = CARTESIAN_POINT('',(3.941319252755,158.23589273631));
#5220 = CARTESIAN_POINT('',(3.943326075912,158.22620423756));
#5221 = CARTESIAN_POINT('',(3.945328842752,158.24902710197));
#5222 = CARTESIAN_POINT('',(3.947279907141,158.30317309867));
#5223 = CARTESIAN_POINT('',(3.949135506825,158.38498626813));
#5224 = CARTESIAN_POINT('',(3.953032832614,158.61870446591));
#5225 = CARTESIAN_POINT('',(3.955004463173,158.78376697248));
#5226 = CARTESIAN_POINT('',(3.956765386898,158.97574220364));
#5227 = CARTESIAN_POINT('',(3.958315159522,159.18832871099));
#5228 = CARTESIAN_POINT('',(3.959657944044,159.41632133227));
#5229 = CARTESIAN_POINT('',(3.960800492473,159.65539232385));
#5230 = CARTESIAN_POINT('',(3.962770096471,160.16633515276));
#5231 = CARTESIAN_POINT('',(3.963573115588,160.44052313346));
#5232 = CARTESIAN_POINT('',(3.964169994843,160.72117013779));
#5233 = CARTESIAN_POINT('',(3.96456839395,161.00582915388));
#5234 = CARTESIAN_POINT('',(3.964773120013,161.29259825857));
#5235 = CARTESIAN_POINT('',(3.964785575089,161.57979186805));
#5236 = CARTESIAN_POINT('',(3.964425781299,162.14409219922));
#5237 = CARTESIAN_POINT('',(3.964063772715,162.42093429693));
#5238 = CARTESIAN_POINT('',(3.96351570074,162.69469633933));
#5239 = CARTESIAN_POINT('',(3.962776301051,162.96358696461));
#5240 = CARTESIAN_POINT('',(3.961837455437,163.22527832392));
#5241 = CARTESIAN_POINT('',(3.960689228124,163.47658804933));
#5242 = CARTESIAN_POINT('',(3.958167591901,163.91246410425));
#5243 = CARTESIAN_POINT('',(3.956848613751,164.1028643412));
#5244 = CARTESIAN_POINT('',(3.955362227743,164.27980139215));
#5245 = CARTESIAN_POINT('',(3.953710906903,164.4386991672));
#5246 = CARTESIAN_POINT('',(3.951901738201,164.57484044296));
#5247 = CARTESIAN_POINT('',(3.949947024686,164.68332321331));
#5248 = CARTESIAN_POINT('',(3.945988066932,164.82719410019));
#5249 = CARTESIAN_POINT('',(3.9440245882,164.86808029601));
#5250 = CARTESIAN_POINT('',(3.942017765043,164.87776879476));
#5251 = CARTESIAN_POINT('',(3.940014998202,164.85494593036));
#5252 = CARTESIAN_POINT('',(3.938063933813,164.80079993366));
#5253 = CARTESIAN_POINT('',(3.936208334129,164.7189867642));
#5254 = CARTESIAN_POINT('',(3.932815466136,164.51552032704));
#5255 = CARTESIAN_POINT('',(3.931210099634,164.39163602208));
#5256 = CARTESIAN_POINT('',(3.929686581136,164.24504875104));
#5257 = CARTESIAN_POINT('',(3.928261873375,164.0772289819));
#5258 = CARTESIAN_POINT('',(3.926951500558,163.89000352631));
#5259 = CARTESIAN_POINT('',(3.925769210839,163.68551791723));
#5260 = CARTESIAN_POINT('',(3.923529078056,163.21434901286));
#5261 = CARTESIAN_POINT('',(3.922550472548,162.95027487945));
#5262 = CARTESIAN_POINT('',(3.921780110902,162.67786939352));
#5263 = CARTESIAN_POINT('',(3.921208937365,162.39992232669));
#5264 = CARTESIAN_POINT('',(3.920830298018,162.11851254925));
#5265 = CARTESIAN_POINT('',(3.920640765807,161.83534195623));
#5266 = CARTESIAN_POINT('',(3.920640765807,161.55198651616));
#5267 = ( GEOMETRIC_REPRESENTATION_CONTEXT(2) 
PARAMETRIC_REPRESENTATION_CONTEXT() REPRESENTATION_CONTEXT('2D SPACE',''
  ) );
#5268 = ORIENTED_EDGE('',*,*,#5048,.T.);
#5269 = ADVANCED_FACE('',(#5270),#2578,.F.);
#5270 = FACE_BOUND('',#5271,.F.);
#5271 = EDGE_LOOP('',(#5272,#5273,#5296,#5631,#5660,#5783));
#5272 = ORIENTED_EDGE('',*,*,#2200,.F.);
#5273 = ORIENTED_EDGE('',*,*,#5274,.F.);
#5274 = EDGE_CURVE('',#5275,#2201,#5277,.T.);
#5275 = VERTEX_POINT('',#5276);
#5276 = CARTESIAN_POINT('',(129.67281904855,75.,325.0054621964));
#5277 = SEAM_CURVE('',#5278,(#5282,#5289),.PCURVE_S1.);
#5278 = LINE('',#5279,#5280);
#5279 = CARTESIAN_POINT('',(94.743071468191,75.,309.34121412718));
#5280 = VECTOR('',#5281,1.);
#5281 = DIRECTION('',(0.912449978688,1.774143879294E-17,0.409188265218)
  );
#5282 = PCURVE('',#2578,#5283);
#5283 = DEFINITIONAL_REPRESENTATION('',(#5284),#5288);
#5284 = LINE('',#5285,#5286);
#5285 = CARTESIAN_POINT('',(6.28318530718,-0.));
#5286 = VECTOR('',#5287,1.);
#5287 = DIRECTION('',(0.,1.));
#5288 = ( GEOMETRIC_REPRESENTATION_CONTEXT(2) 
PARAMETRIC_REPRESENTATION_CONTEXT() REPRESENTATION_CONTEXT('2D SPACE',''
  ) );
#5289 = PCURVE('',#2578,#5290);
#5290 = DEFINITIONAL_REPRESENTATION('',(#5291),#5295);
#5291 = LINE('',#5292,#5293);
#5292 = CARTESIAN_POINT('',(0.,-0.));
#5293 = VECTOR('',#5294,1.);
#5294 = DIRECTION('',(0.,1.));
#5295 = ( GEOMETRIC_REPRESENTATION_CONTEXT(2) 
PARAMETRIC_REPRESENTATION_CONTEXT() REPRESENTATION_CONTEXT('2D SPACE',''
  ) );
#5296 = ORIENTED_EDGE('',*,*,#5297,.T.);
#5297 = EDGE_CURVE('',#5275,#5298,#5300,.T.);
#5298 = VERTEX_POINT('',#5299);
#5299 = CARTESIAN_POINT('',(116.29507923408,94.421896538563,
    250.12755944649));
#5300 = SURFACE_CURVE('',#5301,(#5409,#5520),.PCURVE_S1.);
#5301 = B_SPLINE_CURVE_WITH_KNOTS('',8,(#5302,#5303,#5304,#5305,#5306,
    #5307,#5308,#5309,#5310,#5311,#5312,#5313,#5314,#5315,#5316,#5317,
    #5318,#5319,#5320,#5321,#5322,#5323,#5324,#5325,#5326,#5327,#5328,
    #5329,#5330,#5331,#5332,#5333,#5334,#5335,#5336,#5337,#5338,#5339,
    #5340,#5341,#5342,#5343,#5344,#5345,#5346,#5347,#5348,#5349,#5350,
    #5351,#5352,#5353,#5354,#5355,#5356,#5357,#5358,#5359,#5360,#5361,
    #5362,#5363,#5364,#5365,#5366,#5367,#5368,#5369,#5370,#5371,#5372,
    #5373,#5374,#5375,#5376,#5377,#5378,#5379,#5380,#5381,#5382,#5383,
    #5384,#5385,#5386,#5387,#5388,#5389,#5390,#5391,#5392,#5393,#5394,
    #5395,#5396,#5397,#5398,#5399,#5400,#5401,#5402,#5403,#5404,#5405,
    #5406,#5407,#5408),.UNSPECIFIED.,.F.,.F.,(9,7,7,7,7,7,7,7,7,7,7,7,7,
    7,7,9),(0.,4.311380996101E-02,6.412366071828E-02,0.104602585304,
    0.142347725506,0.161528226733,0.199511303106,0.252807275575,
    0.299516489212,0.339435973875,0.46695492572,0.598213367461,
    0.658001125904,0.752041124714,0.866092057208,1.),.UNSPECIFIED.);
#5302 = CARTESIAN_POINT('',(129.67281904855,75.,325.0054621964));
#5303 = CARTESIAN_POINT('',(130.1007270102,74.260159577597,
    325.19735755569));
#5304 = CARTESIAN_POINT('',(130.52935130462,73.50794971511,
    325.37122910531));
#5305 = CARTESIAN_POINT('',(130.95838602638,72.743394725276,
    325.52593216032));
#5306 = CARTESIAN_POINT('',(131.38743208144,71.966681736615,
    325.66021821436));
#5307 = CARTESIAN_POINT('',(131.81600091301,71.178174907647,
    325.77275471628));
#5308 = CARTESIAN_POINT('',(132.24351830694,70.378434717822,
    325.86215581864));
#5309 = CARTESIAN_POINT('',(132.66932827678,69.568242335177,
    325.92702409826));
#5310 = CARTESIAN_POINT('',(133.29900944406,68.349222174824,
    325.98499823278));
#5311 = CARTESIAN_POINT('',(133.50473586992,67.94759021963,
    325.99784466562));
#5312 = CARTESIAN_POINT('',(133.70978714661,67.543861159802,
    326.00438618646));
#5313 = CARTESIAN_POINT('',(133.91406856518,67.138179684211,
    326.00446916448));
#5314 = CARTESIAN_POINT('',(134.11748020912,66.730707849628,
    325.99794514128));
#5315 = CARTESIAN_POINT('',(134.31991729657,66.321625724439,
    325.98467327338));
#5316 = CARTESIAN_POINT('',(134.52127052243,65.911132032343,
    325.96452277475));
#5317 = CARTESIAN_POINT('',(135.10705953954,64.706261789542,
    325.88507140928));
#5318 = CARTESIAN_POINT('',(135.48831465749,63.908511342834,
    325.80678594815));
#5319 = CARTESIAN_POINT('',(135.86429808719,63.107913729155,
    325.70166963491));
#5320 = CARTESIAN_POINT('',(136.2341320729,62.306319294737,
    325.56907119834));
#5321 = CARTESIAN_POINT('',(136.596964592,61.505706289763,
    325.40857794239));
#5322 = CARTESIAN_POINT('',(136.95197768612,60.708175628899,
    325.22006345681));
#5323 = CARTESIAN_POINT('',(137.29839430212,59.915942581402,
    325.003742533));
#5324 = CARTESIAN_POINT('',(137.94980731955,58.399698101627,
    324.53316967637));
#5325 = CARTESIAN_POINT('',(138.25609044303,57.674531113766,
    324.2824159899));
#5326 = CARTESIAN_POINT('',(138.55374209736,56.957690458542,
    324.00844950303));
#5327 = CARTESIAN_POINT('',(138.84232449945,56.250843802302,
    323.7119631794));
#5328 = CARTESIAN_POINT('',(139.12152993309,55.555472861314,
    323.39383133172));
#5329 = CARTESIAN_POINT('',(139.39116032098,54.872884660772,
    323.05507886729));
#5330 = CARTESIAN_POINT('',(139.65110943443,54.20422163794,
    322.69685411656));
#5331 = CARTESIAN_POINT('',(140.02850837945,53.218261655465,
    322.12910967598));
#5332 = CARTESIAN_POINT('',(140.15317004676,52.889880852788,
    321.93309518113));
#5333 = CARTESIAN_POINT('',(140.27533349099,52.565445109883,
    321.73251679479));
#5334 = CARTESIAN_POINT('',(140.39500629677,52.245055665954,
    321.52753137392));
#5335 = CARTESIAN_POINT('',(140.51220208459,51.928799116286,
    321.31829643472));
#5336 = CARTESIAN_POINT('',(140.62693971054,51.616748457603,
    321.10496898977));
#5337 = CARTESIAN_POINT('',(140.73924246595,51.30896413344,
    320.88770438514));
#5338 = CARTESIAN_POINT('',(141.06676156926,50.404536422822,
    320.22891212166));
#5339 = CARTESIAN_POINT('',(141.27493606668,49.82051946603,
    319.77634127657));
#5340 = CARTESIAN_POINT('',(141.47388239485,49.253792399326,
    319.31010849733));
#5341 = CARTESIAN_POINT('',(141.66387332595,48.70453975589,
    318.83134035356));
#5342 = CARTESIAN_POINT('',(141.84521448375,48.172811994592,
    318.34110315389));
#5343 = CARTESIAN_POINT('',(142.01823031006,47.658550418465,
    317.84038570237));
#5344 = CARTESIAN_POINT('',(142.18325429282,47.161607428937,
    317.33008574705));
#5345 = CARTESIAN_POINT('',(142.56143607474,46.008466926547,
    316.08264486606));
#5346 = CARTESIAN_POINT('',(142.76714924139,45.368919624359,
    315.33708409107));
#5347 = CARTESIAN_POINT('',(142.95872080433,44.762435397171,
    314.57646120389));
#5348 = CARTESIAN_POINT('',(143.13705228043,44.188239017695,
    313.80270010342));
#5349 = CARTESIAN_POINT('',(143.30298777143,43.645488194203,
    313.0174968287));
#5350 = CARTESIAN_POINT('',(143.45731288067,43.133296921272,
    312.22231120835));
#5351 = CARTESIAN_POINT('',(143.60075362972,42.65075883053,
    311.41835851006));
#5352 = CARTESIAN_POINT('',(143.85073247093,41.79926517716,
    309.89516739273));
#5353 = CARTESIAN_POINT('',(143.95962871158,41.423682935997,
    309.17781140387));
#5354 = CARTESIAN_POINT('',(144.06110862099,41.069630503255,
    308.4552231136));
#5355 = CARTESIAN_POINT('',(144.1555706627,40.736555181406,
    307.72802649204));
#5356 = CARTESIAN_POINT('',(144.24337375018,40.423937723854,
    306.99678089577));
#5357 = CARTESIAN_POINT('',(144.32484219583,40.131288150639,
    306.26198185651));
#5358 = CARTESIAN_POINT('',(144.40026909862,39.858144546055,
    305.52406125204));
#5359 = CARTESIAN_POINT('',(144.52944293759,39.386937125554,
    304.15037812811));
#5360 = CARTESIAN_POINT('',(144.58474596709,39.183737034087,
    303.51537591308));
#5361 = CARTESIAN_POINT('',(144.63599112275,38.994207339667,
    302.87861981501));
#5362 = CARTESIAN_POINT('',(144.68332596234,38.818100312702,
    302.24033334515));
#5363 = CARTESIAN_POINT('',(144.72688304844,38.655186198428,
    301.60072403386));
#5364 = CARTESIAN_POINT('',(144.76678125931,38.505251697223,
    300.9599835392));
#5365 = CARTESIAN_POINT('',(144.80312709964,38.368098444923,
    300.31828775563));
#5366 = CARTESIAN_POINT('',(144.94107647483,37.845656298237,
    297.6234217906));
#5367 = CARTESIAN_POINT('',(145.01081567094,37.576479129032,
    295.56381515294));
#5368 = CARTESIAN_POINT('',(145.04843998685,37.429610508077,
    293.5011990837));
#5369 = CARTESIAN_POINT('',(145.05576880014,37.400817528562,
    291.43966391578));
#5370 = CARTESIAN_POINT('',(145.03376945161,37.486932949933,
    289.38314690223));
#5371 = CARTESIAN_POINT('',(144.98264231127,37.68569148473,
    287.33537147773));
#5372 = CARTESIAN_POINT('',(144.90192792915,37.995529235345,
    285.29988845206));
#5373 = CARTESIAN_POINT('',(144.67570703656,38.848165952734,
    281.20095726944));
#5374 = CARTESIAN_POINT('',(144.52845847236,39.397196759343,
    279.14003893679));
#5375 = CARTESIAN_POINT('',(144.3475257339,40.061589936517,
    277.10111444712));
#5376 = CARTESIAN_POINT('',(144.13101765186,40.840771692314,
    275.08871496427));
#5377 = CARTESIAN_POINT('',(143.87641928021,41.734414090141,
    273.10798496883));
#5378 = CARTESIAN_POINT('',(143.58062818938,42.74221411699,
    271.16463184423));
#5379 = CARTESIAN_POINT('',(143.23995853445,43.863776978366,
    269.26490359637));
#5380 = CARTESIAN_POINT('',(142.67256622414,45.660997730777,
    266.57322830256));
#5381 = CARTESIAN_POINT('',(142.48481693141,46.246879461001,
    265.74140067633));
#5382 = CARTESIAN_POINT('',(142.28648934746,46.856124075187,
    264.92077477173));
#5383 = CARTESIAN_POINT('',(142.07717114323,47.488621739807,
    264.11206940738));
#5384 = CARTESIAN_POINT('',(141.85643522265,48.144226736851,
    263.31604697697));
#5385 = CARTESIAN_POINT('',(141.62384330774,48.822751390896,
    262.53350988244));
#5386 = CARTESIAN_POINT('',(141.37894952381,49.52395999616,
    261.76529696711));
#5387 = CARTESIAN_POINT('',(140.71605403338,51.385715490519,
    259.82786157732));
#5388 = CARTESIAN_POINT('',(140.27926087605,52.579259963536,
    258.68104997313));
#5389 = CARTESIAN_POINT('',(139.80917977871,53.827058429081,
    257.57524673678));
#5390 = CARTESIAN_POINT('',(139.30408438419,55.127547877873,
    256.51414906965));
#5391 = CARTESIAN_POINT('',(138.7623265438,56.478665527752,
    255.50167448724));
#5392 = CARTESIAN_POINT('',(138.18241918659,57.877786976173,
    254.54187914343));
#5393 = CARTESIAN_POINT('',(137.56314222598,59.321677002311,
    253.63886976554));
#5394 = CARTESIAN_POINT('',(136.10387086864,62.607177086962,
    251.77534383488));
#5395 = CARTESIAN_POINT('',(135.24480209644,64.468373689619,
    250.84328887837));
#5396 = CARTESIAN_POINT('',(134.32523025186,66.38254207015,
    250.00819465951));
#5397 = CARTESIAN_POINT('',(133.3447415458,68.34098844959,
    249.27726894103));
#5398 = CARTESIAN_POINT('',(132.30399139736,70.333908554017,
    248.65706673405));
#5399 = CARTESIAN_POINT('',(131.20496288899,72.35053494472,
    248.15334873699));
#5400 = CARTESIAN_POINT('',(130.05123161201,74.379296484685,
    247.77094078644));
#5401 = CARTESIAN_POINT('',(127.4357842751,78.78977764177,
    247.21129516011));
#5402 = CARTESIAN_POINT('',(125.95530660797,81.171641434541,
    247.08134612726));
#5403 = CARTESIAN_POINT('',(124.41507867912,83.534535222259,
    247.12958179407));
#5404 = CARTESIAN_POINT('',(122.82592163326,85.859605876577,
    247.35987025511));
#5405 = CARTESIAN_POINT('',(121.20142354627,88.128402704168,
    247.7745071507));
#5406 = CARTESIAN_POINT('',(119.55805469364,90.323074339305,
    248.37440941689));
#5407 = CARTESIAN_POINT('',(117.91522866346,92.426433482131,
    249.15942552466));
#5408 = CARTESIAN_POINT('',(116.29507923408,94.421896538563,
    250.12755944649));
#5409 = PCURVE('',#2578,#5410);
#5410 = DEFINITIONAL_REPRESENTATION('',(#5411),#5519);
#5411 = B_SPLINE_CURVE_WITH_KNOTS('',8,(#5412,#5413,#5414,#5415,#5416,
    #5417,#5418,#5419,#5420,#5421,#5422,#5423,#5424,#5425,#5426,#5427,
    #5428,#5429,#5430,#5431,#5432,#5433,#5434,#5435,#5436,#5437,#5438,
    #5439,#5440,#5441,#5442,#5443,#5444,#5445,#5446,#5447,#5448,#5449,
    #5450,#5451,#5452,#5453,#5454,#5455,#5456,#5457,#5458,#5459,#5460,
    #5461,#5462,#5463,#5464,#5465,#5466,#5467,#5468,#5469,#5470,#5471,
    #5472,#5473,#5474,#5475,#5476,#5477,#5478,#5479,#5480,#5481,#5482,
    #5483,#5484,#5485,#5486,#5487,#5488,#5489,#5490,#5491,#5492,#5493,
    #5494,#5495,#5496,#5497,#5498,#5499,#5500,#5501,#5502,#5503,#5504,
    #5505,#5506,#5507,#5508,#5509,#5510,#5511,#5512,#5513,#5514,#5515,
    #5516,#5517,#5518),.UNSPECIFIED.,.F.,.F.,(9,7,7,7,7,7,7,7,7,7,7,7,7,
    7,7,9),(0.,4.311380996101E-02,6.412366071828E-02,0.104602585304,
    0.142347725506,0.161528226733,0.199511303106,0.252807275575,
    0.299516489212,0.339435973875,0.46695492572,0.598213367461,
    0.658001125904,0.752041124714,0.866092057208,1.),.UNSPECIFIED.);
#5412 = CARTESIAN_POINT('',(0.,38.180714416908));
#5413 = CARTESIAN_POINT('',(1.984928464435E-02,38.648448449134));
#5414 = CARTESIAN_POINT('',(3.998907918182E-02,39.110691108012));
#5415 = CARTESIAN_POINT('',(6.043045119237E-02,39.566763431156));
#5416 = CARTESIAN_POINT('',(8.118174097297E-02,40.015863378525));
#5417 = CARTESIAN_POINT('',(0.102248552931,40.457076097563));
#5418 = CARTESIAN_POINT('',(0.123633474698,40.889388015743));
#5419 = CARTESIAN_POINT('',(0.145335523973,41.311704760549));
#5420 = CARTESIAN_POINT('',(0.178076898169,41.923239828691));
#5421 = CARTESIAN_POINT('',(0.188878180042,42.120953171767));
#5422 = CARTESIAN_POINT('',(0.199752307083,42.315875675254));
#5423 = CARTESIAN_POINT('',(0.210698102552,42.507865796998));
#5424 = CARTESIAN_POINT('',(0.221714043277,42.696778870441));
#5425 = CARTESIAN_POINT('',(0.232798228341,42.882468261528));
#5426 = CARTESIAN_POINT('',(0.243948347774,43.064786525617));
#5427 = CARTESIAN_POINT('',(0.276765920138,43.58807417493));
#5428 = CARTESIAN_POINT('',(0.298608452674,43.919561591265));
#5429 = CARTESIAN_POINT('',(0.320665237861,44.236918549167));
#5430 = CARTESIAN_POINT('',(0.342909642454,44.539097480182));
#5431 = CARTESIAN_POINT('',(0.365311951307,44.825156594552));
#5432 = CARTESIAN_POINT('',(0.387838671912,45.094284028002));
#5433 = CARTESIAN_POINT('',(0.410451603145,45.345823052411));
#5434 = CARTESIAN_POINT('',(0.454231700927,45.797005662107));
#5435 = CARTESIAN_POINT('',(0.475398032064,45.999054841322));
#5436 = CARTESIAN_POINT('',(0.496570484732,46.185053847361));
#5437 = CARTESIAN_POINT('',(0.517717453242,46.35482830619));
#5438 = CARTESIAN_POINT('',(0.53881022406,46.508388091717));
#5439 = CARTESIAN_POINT('',(0.559822417774,46.645897611123));
#5440 = CARTESIAN_POINT('',(0.580729552068,46.767649794226));
#5441 = CARTESIAN_POINT('',(0.612067832466,46.928108763012));
#5442 = CARTESIAN_POINT('',(0.622594611737,46.978211506259));
#5443 = CARTESIAN_POINT('',(0.633086479317,47.024405744892));
#5444 = CARTESIAN_POINT('',(0.643541144409,47.066752254361));
#5445 = CARTESIAN_POINT('',(0.653956592384,47.105317707472));
#5446 = CARTESIAN_POINT('',(0.664331067528,47.140173524606));
#5447 = CARTESIAN_POINT('',(0.674663055808,47.171394723938));
#5448 = CARTESIAN_POINT('',(0.705324975843,47.253841784111));
#5449 = CARTESIAN_POINT('',(0.725526366752,47.294673477873));
#5450 = CARTESIAN_POINT('',(0.745546462796,47.322160872405));
#5451 = CARTESIAN_POINT('',(0.765379415505,47.336945599228));
#5452 = CARTESIAN_POINT('',(0.785022029317,47.33967954976));
#5453 = CARTESIAN_POINT('',(0.804473438576,47.331005790488));
#5454 = CARTESIAN_POINT('',(0.823734937691,47.311544745477));
#5455 = CARTESIAN_POINT('',(0.869575097743,47.24026946636));
#5456 = CARTESIAN_POINT('',(0.895969691735,47.178579807943));
#5457 = CARTESIAN_POINT('',(0.922005822941,47.098449843098));
#5458 = CARTESIAN_POINT('',(0.947696659608,47.001384732758));
#5459 = CARTESIAN_POINT('',(0.973056780551,46.888757752623));
#5460 = CARTESIAN_POINT('',(0.998102493982,46.761806419132));
#5461 = CARTESIAN_POINT('',(1.022852156335,46.621628615437));
#5462 = CARTESIAN_POINT('',(1.068776084334,46.335569843617));
#5463 = CARTESIAN_POINT('',(1.090012027573,46.192548639261));
#5464 = CARTESIAN_POINT('',(1.111047165493,46.040768810684));
#5465 = CARTESIAN_POINT('',(1.131893398441,45.880818201492));
#5466 = CARTESIAN_POINT('',(1.152562031929,45.713225391241));
#5467 = CARTESIAN_POINT('',(1.173064064802,45.538464615715));
#5468 = CARTESIAN_POINT('',(1.193410416062,45.356959008776));
#5469 = CARTESIAN_POINT('',(1.230877215683,45.008515413125));
#5470 = CARTESIAN_POINT('',(1.248036185212,44.84329971325));
#5471 = CARTESIAN_POINT('',(1.265095600641,44.673670995958));
#5472 = CARTESIAN_POINT('',(1.282061663436,44.499844365522));
#5473 = CARTESIAN_POINT('',(1.2989402562,44.322015369592));
#5474 = CARTESIAN_POINT('',(1.315737024038,44.140361268105));
#5475 = CARTESIAN_POINT('',(1.332457455929,43.955042302193));
#5476 = CARTESIAN_POINT('',(1.40229222392,43.162973868505));
#5477 = CARTESIAN_POINT('',(1.454730901934,42.524080319058));
#5478 = CARTESIAN_POINT('',(1.506626402823,41.853979367431));
#5479 = CARTESIAN_POINT('',(1.558129784431,41.155779645678));
#5480 = CARTESIAN_POINT('',(1.609370138053,40.431736776339));
#5481 = CARTESIAN_POINT('',(1.66046357238,39.68331253578));
#5482 = CARTESIAN_POINT('',(1.711522145614,38.911289630286));
#5483 = CARTESIAN_POINT('',(1.815302214899,37.296794496283));
#5484 = CARTESIAN_POINT('',(1.8679880772,36.453550523575));
#5485 = CARTESIAN_POINT('',(1.920840918903,35.5861761182));
#5486 = CARTESIAN_POINT('',(1.973961700779,34.694443911606));
#5487 = CARTESIAN_POINT('',(2.027440866081,33.777750143575));
#5488 = CARTESIAN_POINT('',(2.081363616443,32.835131524019));
#5489 = CARTESIAN_POINT('',(2.135814172822,31.86526143554));
#5490 = CARTESIAN_POINT('',(2.215965560278,30.41147989868));
#5491 = CARTESIAN_POINT('',(2.24117488396,29.950551469803));
#5492 = CARTESIAN_POINT('',(2.266517652168,29.483513913153));
#5493 = CARTESIAN_POINT('',(2.292000724097,29.010225616624));
#5494 = CARTESIAN_POINT('',(2.317630451348,28.530545995171));
#5495 = CARTESIAN_POINT('',(2.343412745797,28.044337639842));
#5496 = CARTESIAN_POINT('',(2.369353147465,27.551468466809));
#5497 = CARTESIAN_POINT('',(2.436515400103,26.265908536394));
#5498 = CARTESIAN_POINT('',(2.477977586195,25.463224560409));
#5499 = CARTESIAN_POINT('',(2.519863443241,24.643285840687));
#5500 = CARTESIAN_POINT('',(2.56218753177,23.805734649463));
#5501 = CARTESIAN_POINT('',(2.604959792514,22.950362102809));
#5502 = CARTESIAN_POINT('',(2.648185884976,22.07715809744));
#5503 = CARTESIAN_POINT('',(2.691867052291,21.186380710483));
#5504 = CARTESIAN_POINT('',(2.789522994874,19.177750778372));
#5505 = CARTESIAN_POINT('',(2.843720219329,18.051708622579));
#5506 = CARTESIAN_POINT('',(2.898566567387,16.901974701512));
#5507 = CARTESIAN_POINT('',(2.954035165786,15.73062538067));
#5508 = CARTESIAN_POINT('',(3.010096906601,14.540518498387));
#5509 = CARTESIAN_POINT('',(3.066720367437,13.335487817481));
#5510 = CARTESIAN_POINT('',(3.12386956232,12.120543828074));
#5511 = CARTESIAN_POINT('',(3.24915873701,9.4714171882));
#5512 = CARTESIAN_POINT('',(3.317485293893,8.035778062322));
#5513 = CARTESIAN_POINT('',(3.386425128,6.604934812921));
#5514 = CARTESIAN_POINT('',(3.455947250208,5.190378956127));
#5515 = CARTESIAN_POINT('',(3.526034268709,3.805664261738));
#5516 = CARTESIAN_POINT('',(3.596674311657,2.466581336763));
#5517 = CARTESIAN_POINT('',(3.667857287826,1.191321160658));
#5518 = CARTESIAN_POINT('',(3.739547702341,0.));
#5519 = ( GEOMETRIC_REPRESENTATION_CONTEXT(2) 
PARAMETRIC_REPRESENTATION_CONTEXT() REPRESENTATION_CONTEXT('2D SPACE',''
  ) );
#5520 = PCURVE('',#4354,#5521);
#5521 = DEFINITIONAL_REPRESENTATION('',(#5522),#5630);
#5522 = B_SPLINE_CURVE_WITH_KNOTS('',8,(#5523,#5524,#5525,#5526,#5527,
    #5528,#5529,#5530,#5531,#5532,#5533,#5534,#5535,#5536,#5537,#5538,
    #5539,#5540,#5541,#5542,#5543,#5544,#5545,#5546,#5547,#5548,#5549,
    #5550,#5551,#5552,#5553,#5554,#5555,#5556,#5557,#5558,#5559,#5560,
    #5561,#5562,#5563,#5564,#5565,#5566,#5567,#5568,#5569,#5570,#5571,
    #5572,#5573,#5574,#5575,#5576,#5577,#5578,#5579,#5580,#5581,#5582,
    #5583,#5584,#5585,#5586,#5587,#5588,#5589,#5590,#5591,#5592,#5593,
    #5594,#5595,#5596,#5597,#5598,#5599,#5600,#5601,#5602,#5603,#5604,
    #5605,#5606,#5607,#5608,#5609,#5610,#5611,#5612,#5613,#5614,#5615,
    #5616,#5617,#5618,#5619,#5620,#5621,#5622,#5623,#5624,#5625,#5626,
    #5627,#5628,#5629),.UNSPECIFIED.,.F.,.F.,(9,7,7,7,7,7,7,7,7,7,7,7,7,
    7,7,9),(0.,4.311380996101E-02,6.412366071828E-02,0.104602585304,
    0.142347725506,0.161528226733,0.199511303106,0.252807275575,
    0.299516489212,0.339435973875,0.46695492572,0.598213367461,
    0.658001125904,0.752041124714,0.866092057208,1.),.UNSPECIFIED.);
#5523 = CARTESIAN_POINT('',(0.524369775405,246.0054621964));
#5524 = CARTESIAN_POINT('',(0.518664335916,246.19735755569));
#5525 = CARTESIAN_POINT('',(0.512885023836,246.37122910531));
#5526 = CARTESIAN_POINT('',(0.507032718813,246.52593216032));
#5527 = CARTESIAN_POINT('',(0.501109522687,246.66021821436));
#5528 = CARTESIAN_POINT('',(0.495118827107,246.77275471628));
#5529 = CARTESIAN_POINT('',(0.489065415336,246.86215581864));
#5530 = CARTESIAN_POINT('',(0.482955598248,246.92702409826));
#5531 = CARTESIAN_POINT('',(0.473796416808,246.98499823278));
#5532 = CARTESIAN_POINT('',(0.470784047383,246.99784466562));
#5533 = CARTESIAN_POINT('',(0.467761267249,247.00438618646));
#5534 = CARTESIAN_POINT('',(0.464729182163,247.00446916448));
#5535 = CARTESIAN_POINT('',(0.461689015816,246.99794514127));
#5536 = CARTESIAN_POINT('',(0.458642113018,246.98467327338));
#5537 = CARTESIAN_POINT('',(0.455589942892,246.96452277475));
#5538 = CARTESIAN_POINT('',(0.446646523312,246.88507140928));
#5539 = CARTESIAN_POINT('',(0.440744302185,246.80678594815));
#5540 = CARTESIAN_POINT('',(0.434840064357,246.70166963491));
#5541 = CARTESIAN_POINT('',(0.428947162658,246.56907119834));
#5542 = CARTESIAN_POINT('',(0.423079650901,246.40857794239));
#5543 = CARTESIAN_POINT('',(0.417252243998,246.22006345681));
#5544 = CARTESIAN_POINT('',(0.411480264369,246.003742533));
#5545 = CARTESIAN_POINT('',(0.400463886618,245.53316967637));
#5546 = CARTESIAN_POINT('',(0.395209010278,245.2824159899));
#5547 = CARTESIAN_POINT('',(0.390027718916,245.00844950303));
#5548 = CARTESIAN_POINT('',(0.384931188125,244.7119631794));
#5549 = CARTESIAN_POINT('',(0.379929142286,244.39383133172));
#5550 = CARTESIAN_POINT('',(0.375029982795,244.05507886729));
#5551 = CARTESIAN_POINT('',(0.370240897993,243.69685411656));
#5552 = CARTESIAN_POINT('',(0.363193360579,243.12910967598));
#5553 = CARTESIAN_POINT('',(0.36084859615,242.93309518113));
#5554 = CARTESIAN_POINT('',(0.358534368289,242.73251679479));
#5555 = CARTESIAN_POINT('',(0.356251271846,242.52753137392));
#5556 = CARTESIAN_POINT('',(0.353999798118,242.31829643472));
#5557 = CARTESIAN_POINT('',(0.351780343198,242.10496898977));
#5558 = CARTESIAN_POINT('',(0.349593216329,241.88770438514));
#5559 = CARTESIAN_POINT('',(0.343171964995,241.22891212166));
#5560 = CARTESIAN_POINT('',(0.339033098615,240.77634127657));
#5561 = CARTESIAN_POINT('',(0.335023612343,240.31010849733));
#5562 = CARTESIAN_POINT('',(0.331143956134,239.83134035356));
#5563 = CARTESIAN_POINT('',(0.327393690049,239.34110315389));
#5564 = CARTESIAN_POINT('',(0.323771668477,238.84038570237));
#5565 = CARTESIAN_POINT('',(0.320276185204,238.33008574705));
#5566 = CARTESIAN_POINT('',(0.312174910428,237.08264486606));
#5567 = CARTESIAN_POINT('',(0.307690219838,236.33708409107));
#5568 = CARTESIAN_POINT('',(0.303444512916,235.57646120389));
#5569 = CARTESIAN_POINT('',(0.299430903379,234.80270010342));
#5570 = CARTESIAN_POINT('',(0.295642249746,234.0174968287));
#5571 = CARTESIAN_POINT('',(0.292071291786,233.22231120835));
#5572 = CARTESIAN_POINT('',(0.288710786973,232.41835851006));
#5573 = CARTESIAN_POINT('',(0.28278669247,230.89516739273));
#5574 = CARTESIAN_POINT('',(0.280176223846,230.17781140387));
#5575 = CARTESIAN_POINT('',(0.277717572614,229.4552231136));
#5576 = CARTESIAN_POINT('',(0.275406432274,228.72802649204));
#5577 = CARTESIAN_POINT('',(0.273238795539,227.99678089577));
#5578 = CARTESIAN_POINT('',(0.271210914682,227.26198185651));
#5579 = CARTESIAN_POINT('',(0.269319284934,226.52406125204));
#5580 = CARTESIAN_POINT('',(0.266057654925,225.15037812811));
#5581 = CARTESIAN_POINT('',(0.264651840725,224.51537591308));
#5582 = CARTESIAN_POINT('',(0.263341193719,223.87861981501));
#5583 = CARTESIAN_POINT('',(0.262123856104,223.24033334515));
#5584 = CARTESIAN_POINT('',(0.260998114202,222.60072403386));
#5585 = CARTESIAN_POINT('',(0.259962385764,221.9599835392));
#5586 = CARTESIAN_POINT('',(0.259015207271,221.31828775563));
#5587 = CARTESIAN_POINT('',(0.255408078595,218.6234217906));
#5588 = CARTESIAN_POINT('',(0.253551859853,216.56381515294));
#5589 = CARTESIAN_POINT('',(0.252539764499,214.5011990837));
#5590 = CARTESIAN_POINT('',(0.252341425088,212.43966391578));
#5591 = CARTESIAN_POINT('',(0.252934759925,210.38314690223));
#5592 = CARTESIAN_POINT('',(0.254304778082,208.33537147773));
#5593 = CARTESIAN_POINT('',(0.256442129266,206.29988845206));
#5594 = CARTESIAN_POINT('',(0.262330892687,202.20095726944));
#5595 = CARTESIAN_POINT('',(0.266125497025,200.14003893679));
#5596 = CARTESIAN_POINT('',(0.270722162456,198.10111444712));
#5597 = CARTESIAN_POINT('',(0.276120556899,196.08871496427));
#5598 = CARTESIAN_POINT('',(0.282323202634,194.10798496883));
#5599 = CARTESIAN_POINT('',(0.289334161734,192.16463184423));
#5600 = CARTESIAN_POINT('',(0.297158528904,190.26490359637));
#5601 = CARTESIAN_POINT('',(0.309739691674,187.57322830256));
#5602 = CARTESIAN_POINT('',(0.313846658651,186.74140067633));
#5603 = CARTESIAN_POINT('',(0.318123703181,185.92077477173));
#5604 = CARTESIAN_POINT('',(0.322571081224,185.11206940738));
#5605 = CARTESIAN_POINT('',(0.327188890362,184.31604697697));
#5606 = CARTESIAN_POINT('',(0.331977031067,183.53350988244));
#5607 = CARTESIAN_POINT('',(0.336935167959,182.76529696711));
#5608 = CARTESIAN_POINT('',(0.350127757893,180.82786157732));
#5609 = CARTESIAN_POINT('',(0.358611803348,179.68104997313));
#5610 = CARTESIAN_POINT('',(0.367512383542,178.57524673678));
#5611 = CARTESIAN_POINT('',(0.376824674868,177.51414906965));
#5612 = CARTESIAN_POINT('',(0.38654096992,176.50167448724));
#5613 = CARTESIAN_POINT('',(0.396650161228,175.54187914343));
#5614 = CARTESIAN_POINT('',(0.407137212832,174.63886976554));
#5615 = CARTESIAN_POINT('',(0.431135839374,172.77534383488));
#5616 = CARTESIAN_POINT('',(0.444818594258,171.84328887837));
#5617 = CARTESIAN_POINT('',(0.458991938868,171.00819465951));
#5618 = CARTESIAN_POINT('',(0.4736085905,170.27726894103));
#5619 = CARTESIAN_POINT('',(0.488612767462,169.65706673405));
#5620 = CARTESIAN_POINT('',(0.503940132012,169.15334873699));
#5621 = CARTESIAN_POINT('',(0.519517491648,168.77094078644));
#5622 = CARTESIAN_POINT('',(0.553747539339,168.21129516011));
#5623 = CARTESIAN_POINT('',(0.572464938511,168.08134612726));
#5624 = CARTESIAN_POINT('',(0.591286488097,168.12958179407));
#5625 = CARTESIAN_POINT('',(0.610077730126,168.35987025511));
#5626 = CARTESIAN_POINT('',(0.628696756023,168.7745071507));
#5627 = CARTESIAN_POINT('',(0.64699316984,169.37440941689));
#5628 = CARTESIAN_POINT('',(0.664806376403,170.15942552466));
#5629 = CARTESIAN_POINT('',(0.681964996265,171.12755944649));
#5630 = ( GEOMETRIC_REPRESENTATION_CONTEXT(2) 
PARAMETRIC_REPRESENTATION_CONTEXT() REPRESENTATION_CONTEXT('2D SPACE',''
  ) );
#5631 = ORIENTED_EDGE('',*,*,#5632,.T.);
#5632 = EDGE_CURVE('',#5298,#5633,#5635,.T.);
#5633 = VERTEX_POINT('',#5634);
#5634 = CARTESIAN_POINT('',(103.47797927082,108.31596284033,
    285.34225217844));
#5635 = SURFACE_CURVE('',#5636,(#5641,#5648),.PCURVE_S1.);
#5636 = CIRCLE('',#5637,34.5);
#5637 = AXIS2_PLACEMENT_3D('',#5638,#5639,#5640);
#5638 = CARTESIAN_POINT('',(106.54276641292,75.,276.92181871006));
#5639 = DIRECTION('',(0.939692620786,0.,0.342020143326));
#5640 = DIRECTION('',(-0.342020143326,0.,0.939692620786));
#5641 = PCURVE('',#2578,#5642);
#5642 = DEFINITIONAL_REPRESENTATION('',(#5643),#5647);
#5643 = LINE('',#5644,#5645);
#5644 = CARTESIAN_POINT('',(0.,0.));
#5645 = VECTOR('',#5646,1.);
#5646 = DIRECTION('',(1.,0.));
#5647 = ( GEOMETRIC_REPRESENTATION_CONTEXT(2) 
PARAMETRIC_REPRESENTATION_CONTEXT() REPRESENTATION_CONTEXT('2D SPACE',''
  ) );
#5648 = PCURVE('',#5649,#5654);
#5649 = PLANE('',#5650);
#5650 = AXIS2_PLACEMENT_3D('',#5651,#5652,#5653);
#5651 = CARTESIAN_POINT('',(106.54276641292,75.,276.92181871006));
#5652 = DIRECTION('',(0.939692620786,0.,0.342020143326));
#5653 = DIRECTION('',(-0.342020143326,0.,0.939692620786));
#5654 = DEFINITIONAL_REPRESENTATION('',(#5655),#5659);
#5655 = CIRCLE('',#5656,34.5);
#5656 = AXIS2_PLACEMENT_2D('',#5657,#5658);
#5657 = CARTESIAN_POINT('',(0.,0.));
#5658 = DIRECTION('',(1.,0.));
#5659 = ( GEOMETRIC_REPRESENTATION_CONTEXT(2) 
PARAMETRIC_REPRESENTATION_CONTEXT() REPRESENTATION_CONTEXT('2D SPACE',''
  ) );
#5660 = ORIENTED_EDGE('',*,*,#5661,.T.);
#5661 = EDGE_CURVE('',#5633,#5275,#5662,.T.);
#5662 = SURFACE_CURVE('',#5663,(#5701,#5742),.PCURVE_S1.);
#5663 = B_SPLINE_CURVE_WITH_KNOTS('',8,(#5664,#5665,#5666,#5667,#5668,
    #5669,#5670,#5671,#5672,#5673,#5674,#5675,#5676,#5677,#5678,#5679,
    #5680,#5681,#5682,#5683,#5684,#5685,#5686,#5687,#5688,#5689,#5690,
    #5691,#5692,#5693,#5694,#5695,#5696,#5697,#5698,#5699,#5700),
  .UNSPECIFIED.,.F.,.F.,(9,7,7,7,7,9),(0.,0.243050631278,0.407682302511,
    0.762020351576,0.873088333857,1.),.UNSPECIFIED.);
#5664 = CARTESIAN_POINT('',(103.47797927082,108.31596284033,
    285.34225217844));
#5665 = CARTESIAN_POINT('',(103.80999513008,107.99877662602,
    286.97730107512));
#5666 = CARTESIAN_POINT('',(104.2001707736,107.62380382305,
    288.58804478046));
#5667 = CARTESIAN_POINT('',(104.64259175039,107.19530422832,
    290.17404718368));
#5668 = CARTESIAN_POINT('',(105.13215292227,106.71661477814,
    291.73491514104));
#5669 = CARTESIAN_POINT('',(105.66443219353,106.1903648557,
    293.27037823006));
#5670 = CARTESIAN_POINT('',(106.23563809981,105.61856153469,
    294.78032144372));
#5671 = CARTESIAN_POINT('',(106.8425969541,105.00259085836,
    296.2647894882));
#5672 = CARTESIAN_POINT('',(107.91635318686,103.8965265594,
    298.71237291513));
#5673 = CARTESIAN_POINT('',(108.3651320856,103.42999999486,
    299.68903815407));
#5674 = CARTESIAN_POINT('',(108.82824462667,102.94387172577,
    300.65396634225));
#5675 = CARTESIAN_POINT('',(109.30493941984,102.43831930522,
    301.60709982291));
#5676 = CARTESIAN_POINT('',(109.79454180921,101.91343485274,
    302.54834074609));
#5677 = CARTESIAN_POINT('',(110.296447864,101.3692270853,303.4775548031)
  );
#5678 = CARTESIAN_POINT('',(110.81012155263,100.80561819983,
    304.39457195398));
#5679 = CARTESIAN_POINT('',(112.46499982164,98.967247097178,
    307.24618813292));
#5680 = CARTESIAN_POINT('',(113.64650628143,97.622210514915,
    309.13444383504));
#5681 = CARTESIAN_POINT('',(114.87558079912,96.184984169334,
    310.96331456162));
#5682 = CARTESIAN_POINT('',(116.14894020384,94.651870241013,
    312.72949789005));
#5683 = CARTESIAN_POINT('',(117.46359338928,93.018167071388,
    314.4274869053));
#5684 = CARTESIAN_POINT('',(118.81693229552,91.277610944046,
    316.04920451462));
#5685 = CARTESIAN_POINT('',(120.20669191684,89.422339122336,
    317.58401109809));
#5686 = CARTESIAN_POINT('',(122.07893074976,86.817973918999,
    319.46528262632));
#5687 = CARTESIAN_POINT('',(122.52915181232,86.184038685465,
    319.90408320151));
#5688 = CARTESIAN_POINT('',(122.98273371971,85.537347549447,
    320.33222072503));
#5689 = CARTESIAN_POINT('',(123.43960456335,84.877553160108,
    320.74911753385));
#5690 = CARTESIAN_POINT('',(123.89967618134,84.204305924196,
    321.15412015163));
#5691 = CARTESIAN_POINT('',(124.36284573817,83.517250844228,
    321.54649558824));
#5692 = CARTESIAN_POINT('',(124.82899834433,82.81602198018,
    321.92542498314));
#5693 = CARTESIAN_POINT('',(125.83392701043,81.28234106578,
    322.70656951966));
#5694 = CARTESIAN_POINT('',(126.37351014231,80.445541473307,
    323.10434343816));
#5695 = CARTESIAN_POINT('',(126.91661910013,79.589201839964,
    323.48199581828));
#5696 = CARTESIAN_POINT('',(127.4630062169,78.712791202879,
    323.83796182625));
#5697 = CARTESIAN_POINT('',(128.01231903086,77.81589199107,
    324.1704402046));
#5698 = CARTESIAN_POINT('',(128.5641044626,76.898210203534,
    324.47739779797));
#5699 = CARTESIAN_POINT('',(129.11781530818,75.959585327949,
    324.75657072507));
#5700 = CARTESIAN_POINT('',(129.67281904855,75.,325.0054621964));
#5701 = PCURVE('',#2578,#5702);
#5702 = DEFINITIONAL_REPRESENTATION('',(#5703),#5741);
#5703 = B_SPLINE_CURVE_WITH_KNOTS('',8,(#5704,#5705,#5706,#5707,#5708,
    #5709,#5710,#5711,#5712,#5713,#5714,#5715,#5716,#5717,#5718,#5719,
    #5720,#5721,#5722,#5723,#5724,#5725,#5726,#5727,#5728,#5729,#5730,
    #5731,#5732,#5733,#5734,#5735,#5736,#5737,#5738,#5739,#5740),
  .UNSPECIFIED.,.F.,.F.,(9,7,7,7,7,9),(0.,0.243050631278,0.407682302511,
    0.762020351576,0.873088333857,1.),.UNSPECIFIED.);
#5704 = CARTESIAN_POINT('',(4.975136173762,4.163493655535E-13));
#5705 = CARTESIAN_POINT('',(5.017351770295,0.87121251092));
#5706 = CARTESIAN_POINT('',(5.058629375599,1.788764476907));
#5707 = CARTESIAN_POINT('',(5.099087092341,2.746948973344));
#5708 = CARTESIAN_POINT('',(5.138826305057,3.740834276474));
#5709 = CARTESIAN_POINT('',(5.177940050328,4.766172485645));
#5710 = CARTESIAN_POINT('',(5.216517624632,5.819361455076));
#5711 = CARTESIAN_POINT('',(5.254647779074,6.897434184912));
#5712 = CARTESIAN_POINT('',(5.318010000855,8.74355782784));
#5713 = CARTESIAN_POINT('',(5.343430888103,9.499311232356));
#5714 = CARTESIAN_POINT('',(5.368712250815,10.264519547017));
#5715 = CARTESIAN_POINT('',(5.393879454008,11.038456976188));
#5716 = CARTESIAN_POINT('',(5.418957047434,11.820456084044));
#5717 = CARTESIAN_POINT('',(5.443969297245,12.609903425015));
#5718 = CARTESIAN_POINT('',(5.468940690793,13.406237137095));
#5719 = CARTESIAN_POINT('',(5.547608816432,15.936624209004));
#5720 = CARTESIAN_POINT('',(5.601213299575,17.692698596577));
#5721 = CARTESIAN_POINT('',(5.654996817995,19.473161479202));
#5722 = CARTESIAN_POINT('',(5.709217006477,21.273798190684));
#5723 = CARTESIAN_POINT('',(5.76412786554,23.08991453417));
#5724 = CARTESIAN_POINT('',(5.820011750272,24.916297207032));
#5725 = CARTESIAN_POINT('',(5.877193244691,26.747178835483));
#5726 = CARTESIAN_POINT('',(5.954637994037,29.149940608846));
#5727 = CARTESIAN_POINT('',(5.973291320511,29.723088654683));
#5728 = CARTESIAN_POINT('',(5.992129526611,30.295747883131));
#5729 = CARTESIAN_POINT('',(6.011166384045,30.867653149858));
#5730 = CARTESIAN_POINT('',(6.030416066884,31.438498107702));
#5731 = CARTESIAN_POINT('',(6.049893416775,32.00793542549));
#5732 = CARTESIAN_POINT('',(6.069614294332,32.575577075614));
#5733 = CARTESIAN_POINT('',(6.112428102331,33.787068293901));
#5734 = CARTESIAN_POINT('',(6.135597907817,34.430157273846));
#5735 = CARTESIAN_POINT('',(6.159133017781,35.06967747497));
#5736 = CARTESIAN_POINT('',(6.183059665155,35.704860961754));
#5737 = CARTESIAN_POINT('',(6.207403157902,36.334760462155));
#5738 = CARTESIAN_POINT('',(6.232188392617,36.958254840695));
#5739 = CARTESIAN_POINT('',(6.257440454995,37.574055600877));
#5740 = CARTESIAN_POINT('',(6.28318530718,38.180714416908));
#5741 = ( GEOMETRIC_REPRESENTATION_CONTEXT(2) 
PARAMETRIC_REPRESENTATION_CONTEXT() REPRESENTATION_CONTEXT('2D SPACE',''
  ) );
#5742 = PCURVE('',#4354,#5743);
#5743 = DEFINITIONAL_REPRESENTATION('',(#5744),#5782);
#5744 = B_SPLINE_CURVE_WITH_KNOTS('',8,(#5745,#5746,#5747,#5748,#5749,
    #5750,#5751,#5752,#5753,#5754,#5755,#5756,#5757,#5758,#5759,#5760,
    #5761,#5762,#5763,#5764,#5765,#5766,#5767,#5768,#5769,#5770,#5771,
    #5772,#5773,#5774,#5775,#5776,#5777,#5778,#5779,#5780,#5781),
  .UNSPECIFIED.,.F.,.F.,(9,7,7,7,7,9),(0.,0.243050631278,0.407682302511,
    0.762020351576,0.873088333857,1.),.UNSPECIFIED.);
#5745 = CARTESIAN_POINT('',(0.80823707136,206.34225217844));
#5746 = CARTESIAN_POINT('',(0.80517181809,207.97730107512));
#5747 = CARTESIAN_POINT('',(0.801559361181,209.58804478046));
#5748 = CARTESIAN_POINT('',(0.797447848242,211.17404718368));
#5749 = CARTESIAN_POINT('',(0.79287719993,212.73491514104));
#5750 = CARTESIAN_POINT('',(0.787880672609,214.27037823006));
#5751 = CARTESIAN_POINT('',(0.782485480538,215.78032144372));
#5752 = CARTESIAN_POINT('',(0.776712842096,217.2647894882));
#5753 = CARTESIAN_POINT('',(0.766422220133,219.71237291513));
#5754 = CARTESIAN_POINT('',(0.762100900988,220.68903815407));
#5755 = CARTESIAN_POINT('',(0.75761893531,221.65396634225));
#5756 = CARTESIAN_POINT('',(0.752980521221,222.60709982291));
#5757 = CARTESIAN_POINT('',(0.748189050902,223.54834074609));
#5758 = CARTESIAN_POINT('',(0.743247144215,224.4775548031));
#5759 = CARTESIAN_POINT('',(0.73815664181,225.39457195398));
#5760 = CARTESIAN_POINT('',(0.721644587807,228.24618813292));
#5761 = CARTESIAN_POINT('',(0.709694375387,230.13444383504));
#5762 = CARTESIAN_POINT('',(0.697072138766,231.96331456162));
#5763 = CARTESIAN_POINT('',(0.683770893899,233.72949789005));
#5764 = CARTESIAN_POINT('',(0.669776059247,235.4274869053));
#5765 = CARTESIAN_POINT('',(0.655061696122,237.04920451462));
#5766 = CARTESIAN_POINT('',(0.639590219698,238.58401109809));
#5767 = CARTESIAN_POINT('',(0.618178399511,240.46528262632));
#5768 = CARTESIAN_POINT('',(0.612987945554,240.90408320151));
#5769 = CARTESIAN_POINT('',(0.607715051472,241.33222072503));
#5770 = CARTESIAN_POINT('',(0.602357884404,241.74911753385));
#5771 = CARTESIAN_POINT('',(0.596914632423,242.15412015163));
#5772 = CARTESIAN_POINT('',(0.591383477467,242.54649558824));
#5773 = CARTESIAN_POINT('',(0.585762550758,242.92542498314));
#5774 = CARTESIAN_POINT('',(0.573522285285,243.70656951966));
#5775 = CARTESIAN_POINT('',(0.566875718488,244.10434343816));
#5776 = CARTESIAN_POINT('',(0.560106722572,244.48199581828));
#5777 = CARTESIAN_POINT('',(0.553212750621,244.83796182625));
#5778 = CARTESIAN_POINT('',(0.54619219696,245.1704402046));
#5779 = CARTESIAN_POINT('',(0.539044431108,245.47739779797));
#5780 = CARTESIAN_POINT('',(0.531769825276,245.75657072507));
#5781 = CARTESIAN_POINT('',(0.524369775405,246.0054621964));
#5782 = ( GEOMETRIC_REPRESENTATION_CONTEXT(2) 
PARAMETRIC_REPRESENTATION_CONTEXT() REPRESENTATION_CONTEXT('2D SPACE',''
  ) );
#5783 = ORIENTED_EDGE('',*,*,#5274,.T.);
#5784 = ADVANCED_FACE('',(#5785),#2907,.F.);
#5785 = FACE_BOUND('',#5786,.F.);
#5786 = EDGE_LOOP('',(#5787,#5788,#5811,#6009));
#5787 = ORIENTED_EDGE('',*,*,#2773,.F.);
#5788 = ORIENTED_EDGE('',*,*,#5789,.F.);
#5789 = EDGE_CURVE('',#5790,#2774,#5792,.T.);
#5790 = VERTEX_POINT('',#5791);
#5791 = CARTESIAN_POINT('',(146.39608875156,31.752562073695,
    336.55198651616));
#5792 = SEAM_CURVE('',#5793,(#5797,#5804),.PCURVE_S1.);
#5793 = LINE('',#5794,#5795);
#5794 = CARTESIAN_POINT('',(138.57810242451,30.236394104158,
    336.55198651616));
#5795 = VECTOR('',#5796,1.);
#5796 = DIRECTION('',(0.981709285323,0.190386131612,0.));
#5797 = PCURVE('',#2907,#5798);
#5798 = DEFINITIONAL_REPRESENTATION('',(#5799),#5803);
#5799 = LINE('',#5800,#5801);
#5800 = CARTESIAN_POINT('',(6.28318530718,-0.));
#5801 = VECTOR('',#5802,1.);
#5802 = DIRECTION('',(0.,1.));
#5803 = ( GEOMETRIC_REPRESENTATION_CONTEXT(2) 
PARAMETRIC_REPRESENTATION_CONTEXT() REPRESENTATION_CONTEXT('2D SPACE',''
  ) );
#5804 = PCURVE('',#2907,#5805);
#5805 = DEFINITIONAL_REPRESENTATION('',(#5806),#5810);
#5806 = LINE('',#5807,#5808);
#5807 = CARTESIAN_POINT('',(0.,-0.));
#5808 = VECTOR('',#5809,1.);
#5809 = DIRECTION('',(0.,1.));
#5810 = ( GEOMETRIC_REPRESENTATION_CONTEXT(2) 
PARAMETRIC_REPRESENTATION_CONTEXT() REPRESENTATION_CONTEXT('2D SPACE',''
  ) );
#5811 = ORIENTED_EDGE('',*,*,#5812,.T.);
#5812 = EDGE_CURVE('',#5790,#5790,#5813,.T.);
#5813 = SURFACE_CURVE('',#5814,(#5877,#5943),.PCURVE_S1.);
#5814 = B_SPLINE_CURVE_WITH_KNOTS('',7,(#5815,#5816,#5817,#5818,#5819,
    #5820,#5821,#5822,#5823,#5824,#5825,#5826,#5827,#5828,#5829,#5830,
    #5831,#5832,#5833,#5834,#5835,#5836,#5837,#5838,#5839,#5840,#5841,
    #5842,#5843,#5844,#5845,#5846,#5847,#5848,#5849,#5850,#5851,#5852,
    #5853,#5854,#5855,#5856,#5857,#5858,#5859,#5860,#5861,#5862,#5863,
    #5864,#5865,#5866,#5867,#5868,#5869,#5870,#5871,#5872,#5873,#5874,
    #5875,#5876),.UNSPECIFIED.,.T.,.F.,(8,6,6,6,6,6,6,6,6,6,8),(0.,
    0.121838418449,0.224255522889,0.309296476891,0.416502105854,
    0.531426394593,0.643352205991,0.737762084034,0.822920789064,
    0.905356601701,1.),.UNSPECIFIED.);
#5815 = CARTESIAN_POINT('',(146.39608875156,31.752562073695,
    336.55198651616));
#5816 = CARTESIAN_POINT('',(146.39608875156,31.752562073695,
    336.85579997781));
#5817 = CARTESIAN_POINT('',(146.40300724954,31.720664128056,
    337.15935380851));
#5818 = CARTESIAN_POINT('',(146.41682381652,31.656962527423,
    337.46074540056));
#5819 = CARTESIAN_POINT('',(146.43764122007,31.560771740409,
    337.75789363954));
#5820 = CARTESIAN_POINT('',(146.46565377382,31.430777325102,
    338.04816750143));
#5821 = CARTESIAN_POINT('',(146.50109146557,31.265209226353,
    338.32793276681));
#5822 = CARTESIAN_POINT('',(146.5803342382,30.891359234138,
    338.81381083176));
#5823 = CARTESIAN_POINT('',(146.62222378055,30.692589932348,
    339.02650891948));
#5824 = CARTESIAN_POINT('',(146.6698203547,30.465075039584,
    339.2248184579));
#5825 = CARTESIAN_POINT('',(146.72291807448,30.208922900263,
    339.40323894083));
#5826 = CARTESIAN_POINT('',(146.78110053295,29.925062205782,
    339.55596353084));
#5827 = CARTESIAN_POINT('',(146.84373333699,29.615413355107,
    339.67679418279));
#5828 = CARTESIAN_POINT('',(146.96492550484,29.00740892418,
    339.82719410019));
#5829 = CARTESIAN_POINT('',(147.02181842024,28.718833973852,
    339.86808029601));
#5830 = CARTESIAN_POINT('',(147.07927622597,28.423752471483,
    339.87776879476));
#5831 = CARTESIAN_POINT('',(147.13588680293,28.129125809727,
    339.85494593036));
#5832 = CARTESIAN_POINT('',(147.19034078411,27.841972737738,
    339.80079993365));
#5833 = CARTESIAN_POINT('',(147.24153705908,27.568758766073,
    339.7189867642));
#5834 = CARTESIAN_POINT('',(147.34799186524,26.994726998811,
    339.48526856641));
#5835 = CARTESIAN_POINT('',(147.4010349662,26.704177714993,
    339.32020605984));
#5836 = CARTESIAN_POINT('',(147.4477817951,26.444565412946,
    339.12823082868));
#5837 = CARTESIAN_POINT('',(147.48847342082,26.216002870053,
    338.91564432133));
#5838 = CARTESIAN_POINT('',(147.52341927642,26.017912336433,
    338.68765170005));
#5839 = CARTESIAN_POINT('',(147.55294869043,25.849325130501,
    338.44858070847));
#5840 = CARTESIAN_POINT('',(147.60358532017,25.558656117098,
    337.9376378767));
#5841 = CARTESIAN_POINT('',(147.62405136171,25.44011751012,
    337.66344990569));
#5842 = CARTESIAN_POINT('',(147.63917544998,25.351993363286,
    337.38280289034));
#5843 = CARTESIAN_POINT('',(147.64923691649,25.293167432724,
    337.09814387434));
#5844 = CARTESIAN_POINT('',(147.65440355099,25.262937806985,
    336.8113747807));
#5845 = CARTESIAN_POINT('',(147.65472421465,25.261099790861,
    336.52418116127));
#5846 = CARTESIAN_POINT('',(147.64562574489,25.314223384349,
    335.95988083904));
#5847 = CARTESIAN_POINT('',(147.63646583539,25.367673063755,
    335.6830387212));
#5848 = CARTESIAN_POINT('',(147.62257503511,25.448590622265,
    335.40927670297));
#5849 = CARTESIAN_POINT('',(147.60376788188,25.557744335154,
    335.14038607308));
#5850 = CARTESIAN_POINT('',(147.5797524546,25.696317979338,
    334.87869469699));
#5851 = CARTESIAN_POINT('',(147.55014301044,25.865755028477,
    334.62738498808));
#5852 = CARTESIAN_POINT('',(147.48441017441,26.237732909288,
    334.19150892355));
#5853 = CARTESIAN_POINT('',(147.44979860054,26.432260804827,
    334.00110869995));
#5854 = CARTESIAN_POINT('',(147.4104758362,26.651422045797,
    333.82417163656));
#5855 = CARTESIAN_POINT('',(147.3663608558,26.894825252478,
    333.66527385948));
#5856 = CARTESIAN_POINT('',(147.31747146751,27.161393682522,
    333.52913259573));
#5857 = CARTESIAN_POINT('',(147.2639611443,27.449279935214,
    333.42064981726));
#5858 = CARTESIAN_POINT('',(147.15407756628,28.032063012815,
    333.27677893161));
#5859 = CARTESIAN_POINT('',(147.09897457309,28.320985080983,
    333.23589273652));
#5860 = CARTESIAN_POINT('',(147.04196331706,28.616153193179,
    333.22620423837));
#5861 = CARTESIAN_POINT('',(146.9843362757,28.910582728493,
    333.24902710169));
#5862 = CARTESIAN_POINT('',(146.92750266509,29.197274302069,
    333.30317309756));
#5863 = CARTESIAN_POINT('',(146.87285805097,29.469819533927,
    333.38498626905));
#5864 = CARTESIAN_POINT('',(146.77201204173,29.967965892744,
    333.58845270528));
#5865 = CARTESIAN_POINT('',(146.72381877766,30.203571821239,
    333.71233701025));
#5866 = CARTESIAN_POINT('',(146.6776467084,30.427076212238,
    333.85892428129));
#5867 = CARTESIAN_POINT('',(146.63409346164,30.636006728897,
    334.02674405042));
#5868 = CARTESIAN_POINT('',(146.5937311561,30.828106368401,
    334.21396950601));
#5869 = CARTESIAN_POINT('',(146.55708381456,31.001380423364,
    334.41845511509));
#5870 = CARTESIAN_POINT('',(146.48729430637,31.329614971268,
    334.88962401946));
#5871 = CARTESIAN_POINT('',(146.45656156384,31.47295263345,
    335.15369815287));
#5872 = CARTESIAN_POINT('',(146.43223283338,31.585759244419,
    335.4261036388));
#5873 = CARTESIAN_POINT('',(146.41412956214,31.669383954907,
    335.70405070564));
#5874 = CARTESIAN_POINT('',(146.40210692222,31.724815309607,
    335.98546048307));
#5875 = CARTESIAN_POINT('',(146.39608875156,31.752562073695,
    336.26863107609));
#5876 = CARTESIAN_POINT('',(146.39608875156,31.752562073695,
    336.55198651616));
#5877 = PCURVE('',#2907,#5878);
#5878 = DEFINITIONAL_REPRESENTATION('',(#5879),#5942);
#5879 = B_SPLINE_CURVE_WITH_KNOTS('',7,(#5880,#5881,#5882,#5883,#5884,
    #5885,#5886,#5887,#5888,#5889,#5890,#5891,#5892,#5893,#5894,#5895,
    #5896,#5897,#5898,#5899,#5900,#5901,#5902,#5903,#5904,#5905,#5906,
    #5907,#5908,#5909,#5910,#5911,#5912,#5913,#5914,#5915,#5916,#5917,
    #5918,#5919,#5920,#5921,#5922,#5923,#5924,#5925,#5926,#5927,#5928,
    #5929,#5930,#5931,#5932,#5933,#5934,#5935,#5936,#5937,#5938,#5939,
    #5940,#5941),.UNSPECIFIED.,.F.,.F.,(8,6,6,6,6,6,6,6,6,6,8),(0.,
    0.121838418449,0.224255522889,0.309296476891,0.416502105854,
    0.531426394593,0.643352205991,0.737762084034,0.822920789064,
    0.905356601701,1.),.UNSPECIFIED.);
#5880 = CARTESIAN_POINT('',(0.,7.963647124394));
#5881 = CARTESIAN_POINT('',(9.206468534858E-02,7.963647124394));
#5882 = CARTESIAN_POINT('',(0.184050584339,7.964366151628));
#5883 = CARTESIAN_POINT('',(0.276656423174,7.965802102401));
#5884 = CARTESIAN_POINT('',(0.37051415172,7.967925348922));
#5885 = CARTESIAN_POINT('',(0.466281980426,7.970676399181));
#5886 = CARTESIAN_POINT('',(0.564632471592,7.973944040389));
#5887 = CARTESIAN_POINT('',(0.75194269051,7.980561552255));
#5888 = CARTESIAN_POINT('',(0.840654197534,7.983841986479));
#5889 = CARTESIAN_POINT('',(0.932447413942,7.987252304959));
#5890 = CARTESIAN_POINT('',(1.027356334529,7.990611014589));
#5891 = CARTESIAN_POINT('',(1.12551486651,7.993686134766));
#5892 = CARTESIAN_POINT('',(1.227179871882,7.996220493227));
#5893 = CARTESIAN_POINT('',(1.420494846121,7.9994403581));
#5894 = CARTESIAN_POINT('',(1.510032963008,8.000351992942));
#5895 = CARTESIAN_POINT('',(1.600357763738,8.000579428605));
#5896 = CARTESIAN_POINT('',(1.690590196464,8.000061727246));
#5897 = CARTESIAN_POINT('',(1.77988910668,7.998849743634));
#5898 = CARTESIAN_POINT('',(1.867300906792,7.997093450984));
#5899 = CARTESIAN_POINT('',(2.057860096241,7.992313435062));
#5900 = CARTESIAN_POINT('',(2.159534726242,7.989069785612));
#5901 = CARTESIAN_POINT('',(2.257317917552,7.9855349997));
#5902 = CARTESIAN_POINT('',(2.351684986744,7.981967208132));
#5903 = CARTESIAN_POINT('',(2.443040473793,7.978560188646));
#5904 = CARTESIAN_POINT('',(2.531708288105,7.9754528226));
#5905 = CARTESIAN_POINT('',(2.710491913236,7.969823923149));
#5906 = CARTESIAN_POINT('',(2.80067062425,7.967347519331));
#5907 = CARTESIAN_POINT('',(2.889155371996,7.965417361804));
#5908 = CARTESIAN_POINT('',(2.97648985457,7.964095155537));
#5909 = CARTESIAN_POINT('',(3.063186926477,7.963411987094));
#5910 = CARTESIAN_POINT('',(3.149768200332,7.963376852812));
#5911 = CARTESIAN_POINT('',(3.321546121705,7.964558796024));
#5912 = CARTESIAN_POINT('',(3.406619415713,7.965742505515));
#5913 = CARTESIAN_POINT('',(3.49256104951,7.967511358842));
#5914 = CARTESIAN_POINT('',(3.579880028101,7.969829555041));
#5915 = CARTESIAN_POINT('',(3.669105939064,7.972635887142));
#5916 = CARTESIAN_POINT('',(3.760786895255,7.975826485214));
#5917 = CARTESIAN_POINT('',(3.93555861912,7.982115379508));
#5918 = CARTESIAN_POINT('',(4.018367746437,7.985172289582));
#5919 = CARTESIAN_POINT('',(4.103904011286,7.988294027578));
#5920 = CARTESIAN_POINT('',(4.19215325715,7.991326536639));
#5921 = CARTESIAN_POINT('',(4.283185201877,7.994082302402));
#5922 = CARTESIAN_POINT('',(4.377164549401,7.996360271241));
#5923 = CARTESIAN_POINT('',(4.562087500388,7.999440358111));
#5924 = CARTESIAN_POINT('',(4.651625614908,8.000351992937));
#5925 = CARTESIAN_POINT('',(4.741950418413,8.000579428588));
#5926 = CARTESIAN_POINT('',(4.832182851074,8.000061727251));
#5927 = CARTESIAN_POINT('',(4.921481758498,7.998849743657));
#5928 = CARTESIAN_POINT('',(5.008893561138,7.997093450965));
#5929 = CARTESIAN_POINT('',(5.174787357746,7.992932145538));
#5930 = CARTESIAN_POINT('',(5.256390219493,7.990476472023));
#5931 = CARTESIAN_POINT('',(5.337987136775,7.987701059311));
#5932 = CARTESIAN_POINT('',(5.419584803218,7.984721905405));
#5933 = CARTESIAN_POINT('',(5.50118686387,7.981670962526));
#5934 = CARTESIAN_POINT('',(5.582788767845,7.978682904087));
#5935 = CARTESIAN_POINT('',(5.758068255916,7.972661201718));
#5936 = CARTESIAN_POINT('',(5.849016256699,7.96978008603));
#5937 = CARTESIAN_POINT('',(5.937876994754,7.967373159717));
#5938 = CARTESIAN_POINT('',(6.025202849262,7.965521995384));
#5939 = CARTESIAN_POINT('',(6.111510005249,7.964272619332));
#5940 = CARTESIAN_POINT('',(6.197320022309,7.963647124394));
#5941 = CARTESIAN_POINT('',(6.28318530718,7.963647124394));
#5942 = ( GEOMETRIC_REPRESENTATION_CONTEXT(2) 
PARAMETRIC_REPRESENTATION_CONTEXT() REPRESENTATION_CONTEXT('2D SPACE',''
  ) );
#5943 = PCURVE('',#4354,#5944);
#5944 = DEFINITIONAL_REPRESENTATION('',(#5945),#6008);
#5945 = B_SPLINE_CURVE_WITH_KNOTS('',7,(#5946,#5947,#5948,#5949,#5950,
    #5951,#5952,#5953,#5954,#5955,#5956,#5957,#5958,#5959,#5960,#5961,
    #5962,#5963,#5964,#5965,#5966,#5967,#5968,#5969,#5970,#5971,#5972,
    #5973,#5974,#5975,#5976,#5977,#5978,#5979,#5980,#5981,#5982,#5983,
    #5984,#5985,#5986,#5987,#5988,#5989,#5990,#5991,#5992,#5993,#5994,
    #5995,#5996,#5997,#5998,#5999,#6000,#6001,#6002,#6003,#6004,#6005,
    #6006,#6007),.UNSPECIFIED.,.T.,.F.,(8,6,6,6,6,6,6,6,6,6,8),(0.,
    0.121838418449,0.224255522889,0.309296476891,0.416502105854,
    0.531426394593,0.643352205991,0.737762084034,0.822920789064,
    0.905356601701,1.),.UNSPECIFIED.);
#5946 = CARTESIAN_POINT('',(0.213586612034,257.55198651616));
#5947 = CARTESIAN_POINT('',(0.213586612034,257.85579997781));
#5948 = CARTESIAN_POINT('',(0.213368724077,258.15935380851));
#5949 = CARTESIAN_POINT('',(0.212933592194,258.46074540056));
#5950 = CARTESIAN_POINT('',(0.212276598709,258.75789363954));
#5951 = CARTESIAN_POINT('',(0.211388893236,259.04816750143));
#5952 = CARTESIAN_POINT('',(0.210258600939,259.32793276681));
#5953 = CARTESIAN_POINT('',(0.207707492573,259.81381083176));
#5954 = CARTESIAN_POINT('',(0.206351449859,260.02650891948));
#5955 = CARTESIAN_POINT('',(0.204799782062,260.2248184579));
#5956 = CARTESIAN_POINT('',(0.20305347609,260.40323894083));
#5957 = CARTESIAN_POINT('',(0.201119158733,260.55596353084));
#5958 = CARTESIAN_POINT('',(0.199010223744,260.67679418279));
#5959 = CARTESIAN_POINT('',(0.194871603819,260.82719410019));
#5960 = CARTESIAN_POINT('',(0.192908125086,260.86808029601));
#5961 = CARTESIAN_POINT('',(0.190901301929,260.87776879476));
#5962 = CARTESIAN_POINT('',(0.188898535089,260.85494593036));
#5963 = CARTESIAN_POINT('',(0.186947470699,260.80079993365));
#5964 = CARTESIAN_POINT('',(0.185091871015,260.7189867642));
#5965 = CARTESIAN_POINT('',(0.181194545226,260.48526856641));
#5966 = CARTESIAN_POINT('',(0.179222914667,260.32020605984));
#5967 = CARTESIAN_POINT('',(0.177461990943,260.12823082868));
#5968 = CARTESIAN_POINT('',(0.175912218318,259.91564432133));
#5969 = CARTESIAN_POINT('',(0.174569433797,259.68765170005));
#5970 = CARTESIAN_POINT('',(0.173426885367,259.44858070847));
#5971 = CARTESIAN_POINT('',(0.171457281359,258.9376378767));
#5972 = CARTESIAN_POINT('',(0.170654262269,258.66344990569));
#5973 = CARTESIAN_POINT('',(0.170057382996,258.38280289034));
#5974 = CARTESIAN_POINT('',(0.169658983879,258.09814387434));
#5975 = CARTESIAN_POINT('',(0.169454257833,257.8113747807));
#5976 = CARTESIAN_POINT('',(0.169441802754,257.52418116127));
#5977 = CARTESIAN_POINT('',(0.169801596538,256.95988083904));
#5978 = CARTESIAN_POINT('',(0.170163605125,256.6830387212));
#5979 = CARTESIAN_POINT('',(0.170711677136,256.40927670297));
#5980 = CARTESIAN_POINT('',(0.17145107671,256.14038607308));
#5981 = CARTESIAN_POINT('',(0.17238992248,255.87869469699));
#5982 = CARTESIAN_POINT('',(0.173538149688,255.62738498808));
#5983 = CARTESIAN_POINT('',(0.176059785966,255.19150892355));
#5984 = CARTESIAN_POINT('',(0.17737876401,255.00110869995));
#5985 = CARTESIAN_POINT('',(0.17886515016,254.82417163656));
#5986 = CARTESIAN_POINT('',(0.180516470983,254.66527385948));
#5987 = CARTESIAN_POINT('',(0.18232563954,254.52913259573));
#5988 = CARTESIAN_POINT('',(0.184280353203,254.42064981726));
#5989 = CARTESIAN_POINT('',(0.188239310923,254.27677893161));
#5990 = CARTESIAN_POINT('',(0.190202789605,254.23589273652));
#5991 = CARTESIAN_POINT('',(0.192209612821,254.22620423837));
#5992 = CARTESIAN_POINT('',(0.19421237966,254.24902710169));
#5993 = CARTESIAN_POINT('',(0.196163443991,254.30317309756));
#5994 = CARTESIAN_POINT('',(0.198019043727,254.38498626905));
#5995 = CARTESIAN_POINT('',(0.201411911705,254.58845270528));
#5996 = CARTESIAN_POINT('',(0.203017278207,254.71233701025));
#5997 = CARTESIAN_POINT('',(0.204540796705,254.85892428129));
#5998 = CARTESIAN_POINT('',(0.205965504466,255.02674405042));
#5999 = CARTESIAN_POINT('',(0.207275877283,255.21396950601));
#6000 = CARTESIAN_POINT('',(0.208458167002,255.41845511509));
#6001 = CARTESIAN_POINT('',(0.210698299784,255.88962401946));
#6002 = CARTESIAN_POINT('',(0.211676905293,256.15369815287));
#6003 = CARTESIAN_POINT('',(0.212447266939,256.4261036388));
#6004 = CARTESIAN_POINT('',(0.213018440476,256.70405070564));
#6005 = CARTESIAN_POINT('',(0.213397079823,256.98546048307));
#6006 = CARTESIAN_POINT('',(0.213586612034,257.26863107609));
#6007 = CARTESIAN_POINT('',(0.213586612034,257.55198651616));
#6008 = ( GEOMETRIC_REPRESENTATION_CONTEXT(2) 
PARAMETRIC_REPRESENTATION_CONTEXT() REPRESENTATION_CONTEXT('2D SPACE',''
  ) );
#6009 = ORIENTED_EDGE('',*,*,#5789,.T.);
#6010 = ADVANCED_FACE('',(#6011),#3114,.F.);
#6011 = FACE_BOUND('',#6012,.F.);
#6012 = EDGE_LOOP('',(#6013,#6014,#6037,#6235));
#6013 = ORIENTED_EDGE('',*,*,#2980,.F.);
#6014 = ORIENTED_EDGE('',*,*,#6015,.F.);
#6015 = EDGE_CURVE('',#6016,#2981,#6018,.T.);
#6016 = VERTEX_POINT('',#6017);
#6017 = CARTESIAN_POINT('',(106.59508230656,105.24983813791,
    336.55198651616));
#6018 = SEAM_CURVE('',#6019,(#6023,#6030),.PCURVE_S1.);
#6019 = LINE('',#6020,#6021);
#6020 = CARTESIAN_POINT('',(101.05292475864,99.531082570841,
    336.55198651616));
#6021 = VECTOR('',#6022,1.);
#6022 = DIRECTION('',(0.695932085054,0.718107605441,0.));
#6023 = PCURVE('',#3114,#6024);
#6024 = DEFINITIONAL_REPRESENTATION('',(#6025),#6029);
#6025 = LINE('',#6026,#6027);
#6026 = CARTESIAN_POINT('',(6.28318530718,-0.));
#6027 = VECTOR('',#6028,1.);
#6028 = DIRECTION('',(0.,1.));
#6029 = ( GEOMETRIC_REPRESENTATION_CONTEXT(2) 
PARAMETRIC_REPRESENTATION_CONTEXT() REPRESENTATION_CONTEXT('2D SPACE',''
  ) );
#6030 = PCURVE('',#3114,#6031);
#6031 = DEFINITIONAL_REPRESENTATION('',(#6032),#6036);
#6032 = LINE('',#6033,#6034);
#6033 = CARTESIAN_POINT('',(0.,-0.));
#6034 = VECTOR('',#6035,1.);
#6035 = DIRECTION('',(0.,1.));
#6036 = ( GEOMETRIC_REPRESENTATION_CONTEXT(2) 
PARAMETRIC_REPRESENTATION_CONTEXT() REPRESENTATION_CONTEXT('2D SPACE',''
  ) );
#6037 = ORIENTED_EDGE('',*,*,#6038,.T.);
#6038 = EDGE_CURVE('',#6016,#6016,#6039,.T.);
#6039 = SURFACE_CURVE('',#6040,(#6103,#6169),.PCURVE_S1.);
#6040 = B_SPLINE_CURVE_WITH_KNOTS('',7,(#6041,#6042,#6043,#6044,#6045,
    #6046,#6047,#6048,#6049,#6050,#6051,#6052,#6053,#6054,#6055,#6056,
    #6057,#6058,#6059,#6060,#6061,#6062,#6063,#6064,#6065,#6066,#6067,
    #6068,#6069,#6070,#6071,#6072,#6073,#6074,#6075,#6076,#6077,#6078,
    #6079,#6080,#6081,#6082,#6083,#6084,#6085,#6086,#6087,#6088,#6089,
    #6090,#6091,#6092,#6093,#6094,#6095,#6096,#6097,#6098,#6099,#6100,
    #6101,#6102),.UNSPECIFIED.,.T.,.F.,(8,6,6,6,6,6,6,6,6,6,8),(0.,
    0.121838419144,0.224255525866,0.309296480923,0.416502111268,
    0.531426400219,0.643352213035,0.737762092165,0.822920795544,
    0.905356605842,1.),.UNSPECIFIED.);
#6041 = CARTESIAN_POINT('',(106.59508230656,105.24983813791,
    336.55198651616));
#6042 = CARTESIAN_POINT('',(106.59508230656,105.24983813791,
    336.24817304689));
#6043 = CARTESIAN_POINT('',(106.57214963071,105.27306392198,
    335.94461924206));
#6044 = CARTESIAN_POINT('',(106.52635209004,105.31944684331,
    335.64322761911));
#6045 = CARTESIAN_POINT('',(106.45717170189,105.38944763194,
    335.34607938538));
#6046 = CARTESIAN_POINT('',(106.36361391367,105.48394728055,
    335.05580554607));
#6047 = CARTESIAN_POINT('',(106.24432197231,105.60410577821,
    334.77604025877));
#6048 = CARTESIAN_POINT('',(105.97453930934,105.87477262733,
    334.29016220254));
#6049 = CARTESIAN_POINT('',(105.83096824915,106.01847830709,
    334.07746410898));
#6050 = CARTESIAN_POINT('',(105.66644247531,106.18267247845,
    333.879154576));
#6051 = CARTESIAN_POINT('',(105.48094019105,106.36712352742,
    333.70073409397));
#6052 = CARTESIAN_POINT('',(105.27501158758,106.57097520861,
    333.54800949869));
#6053 = CARTESIAN_POINT('',(105.04991827144,106.79264674923,
    333.42717885029));
#6054 = CARTESIAN_POINT('',(104.60696330925,107.22640686116,
    333.27677893218));
#6055 = CARTESIAN_POINT('',(104.39638195394,107.43175485552,
    333.23589273623));
#6056 = CARTESIAN_POINT('',(104.18066026935,107.64113166238,
    333.22620423762));
#6057 = CARTESIAN_POINT('',(103.96485650167,107.84955037778,
    333.249027102));
#6058 = CARTESIAN_POINT('',(103.75413308368,108.0520788052,
    333.30317309856));
#6059 = CARTESIAN_POINT('',(103.55330293752,108.24426149294,
    333.38498626819));
#6060 = CARTESIAN_POINT('',(103.13074526987,108.64711396323,
    333.61870446589));
#6061 = CARTESIAN_POINT('',(102.91640660539,108.85031680236,
    333.78376697246));
#6062 = CARTESIAN_POINT('',(102.72453587562,109.03134010602,
    333.97574220366));
#6063 = CARTESIAN_POINT('',(102.5553592687,109.19032413064,
    334.18832871104));
#6064 = CARTESIAN_POINT('',(102.40856203778,109.32784374854,
    334.41632133227));
#6065 = CARTESIAN_POINT('',(102.28351291547,109.44470413233,
    334.65539232379));
#6066 = CARTESIAN_POINT('',(102.06775888138,109.64595705639,
    335.16633515276));
#6067 = CARTESIAN_POINT('',(101.97967089278,109.72787633038,
    335.44052313346));
#6068 = CARTESIAN_POINT('',(101.91413476947,109.78870082678,
    335.72117013779));
#6069 = CARTESIAN_POINT('',(101.87036833679,109.8292744933,
    336.00582915388));
#6070 = CARTESIAN_POINT('',(101.84787545862,109.85012143463,
    336.29259825857));
#6071 = CARTESIAN_POINT('',(101.84651141589,109.85139442884,
    336.57979186805));
#6072 = CARTESIAN_POINT('',(101.88602858483,109.81474348357,
    337.14409219922));
#6073 = CARTESIAN_POINT('',(101.92578526354,109.77786288428,
    337.42093429693));
#6074 = CARTESIAN_POINT('',(101.98596006641,109.72200952406,
    337.69469633933));
#6075 = CARTESIAN_POINT('',(102.0670950674,109.64660821438,
    337.96358696461));
#6076 = CARTESIAN_POINT('',(102.17002206589,109.55076760716,
    338.22527832392));
#6077 = CARTESIAN_POINT('',(102.29573918156,109.43337576302,
    338.47658804932));
#6078 = CARTESIAN_POINT('',(102.57133698977,109.17504614536,
    338.91246410426));
#6079 = CARTESIAN_POINT('',(102.71533331429,109.03975339627,
    339.1028643412));
#6080 = CARTESIAN_POINT('',(102.87738467209,108.88705343779,
    339.27980139214));
#6081 = CARTESIAN_POINT('',(103.05711905962,108.71709225495,
    339.4386991672));
#6082 = CARTESIAN_POINT('',(103.25364446763,108.53047318842,
    339.57484044297));
#6083 = CARTESIAN_POINT('',(103.46549758074,108.32833438785,
    339.68332321331));
#6084 = CARTESIAN_POINT('',(103.89351042761,107.9178279626,
    339.82719410019));
#6085 = CARTESIAN_POINT('',(104.10536065453,107.71378927231,
    339.86808029601));
#6086 = CARTESIAN_POINT('',(104.3213988987,107.50473911198,
    339.87776879476));
#6087 = CARTESIAN_POINT('',(104.53648209661,107.29557686582,
    339.85494593036));
#6088 = CARTESIAN_POINT('',(104.74551859806,107.09130776908,
    339.80079993365));
#6089 = CARTESIAN_POINT('',(104.94390422316,106.89660266736,
    339.7189867642));
#6090 = CARTESIAN_POINT('',(105.30597536147,106.53991764449,
    339.51552032704));
#6091 = CARTESIAN_POINT('',(105.47695104874,106.37080212596,
    339.39163602208));
#6092 = CARTESIAN_POINT('',(105.63889663005,106.20999260675,
    339.24504875104));
#6093 = CARTESIAN_POINT('',(105.79006819534,106.05934067698,
    339.0772289819));
#6094 = CARTESIAN_POINT('',(105.9288882298,105.92055888697,
    338.89000352631));
#6095 = CARTESIAN_POINT('',(106.0539725991,105.79517616758,
    338.68551791723));
#6096 = CARTESIAN_POINT('',(106.29071982681,105.55735429683,
    338.21434901674));
#6097 = CARTESIAN_POINT('',(106.3939656498,105.45328466142,
    337.95027487005));
#6098 = CARTESIAN_POINT('',(106.47514236168,105.37126296422,
    337.67786939941));
#6099 = CARTESIAN_POINT('',(106.53528226874,105.31040237051,
    337.39992233231));
#6100 = CARTESIAN_POINT('',(106.57513410248,105.27004136379,
    337.11851253955));
#6101 = CARTESIAN_POINT('',(106.59508230656,105.24983813791,
    336.83534196048));
#6102 = CARTESIAN_POINT('',(106.59508230656,105.24983813791,
    336.55198651616));
#6103 = PCURVE('',#3114,#6104);
#6104 = DEFINITIONAL_REPRESENTATION('',(#6105),#6168);
#6105 = B_SPLINE_CURVE_WITH_KNOTS('',7,(#6106,#6107,#6108,#6109,#6110,
    #6111,#6112,#6113,#6114,#6115,#6116,#6117,#6118,#6119,#6120,#6121,
    #6122,#6123,#6124,#6125,#6126,#6127,#6128,#6129,#6130,#6131,#6132,
    #6133,#6134,#6135,#6136,#6137,#6138,#6139,#6140,#6141,#6142,#6143,
    #6144,#6145,#6146,#6147,#6148,#6149,#6150,#6151,#6152,#6153,#6154,
    #6155,#6156,#6157,#6158,#6159,#6160,#6161,#6162,#6163,#6164,#6165,
    #6166,#6167),.UNSPECIFIED.,.F.,.F.,(8,6,6,6,6,6,6,6,6,6,8),(0.,
    0.121838419144,0.224255525866,0.309296480923,0.416502111268,
    0.531426400219,0.643352213035,0.737762092165,0.822920795544,
    0.905356605842,1.),.UNSPECIFIED.);
#6106 = CARTESIAN_POINT('',(0.,7.963647124394));
#6107 = CARTESIAN_POINT('',(9.206468765754E-02,7.963647124394));
#6108 = CARTESIAN_POINT('',(0.184050579048,7.964366151655));
#6109 = CARTESIAN_POINT('',(0.276656426072,7.965802102261));
#6110 = CARTESIAN_POINT('',(0.370514155574,7.967925349193));
#6111 = CARTESIAN_POINT('',(0.466281974407,7.970676398937));
#6112 = CARTESIAN_POINT('',(0.564632474188,7.973944040481));
#6113 = CARTESIAN_POINT('',(0.751942689745,7.980561552228));
#6114 = CARTESIAN_POINT('',(0.84065419951,7.983841986538));
#6115 = CARTESIAN_POINT('',(0.93244741261,7.98725230493));
#6116 = CARTESIAN_POINT('',(1.027356333354,7.990611014552));
#6117 = CARTESIAN_POINT('',(1.125514868677,7.993686134816));
#6118 = CARTESIAN_POINT('',(1.227179870908,7.996220493211));
#6119 = CARTESIAN_POINT('',(1.420494846066,7.999440358099));
#6120 = CARTESIAN_POINT('',(1.510032963062,8.000351992944));
#6121 = CARTESIAN_POINT('',(1.600357763783,8.000579428603));
#6122 = CARTESIAN_POINT('',(1.69059019642,8.000061727245));
#6123 = CARTESIAN_POINT('',(1.779889106624,7.998849743636));
#6124 = CARTESIAN_POINT('',(1.867300906847,7.997093450982));
#6125 = CARTESIAN_POINT('',(2.057860096222,7.992313435062));
#6126 = CARTESIAN_POINT('',(2.159534726239,7.989069785612));
#6127 = CARTESIAN_POINT('',(2.257317917565,7.985534999699));
#6128 = CARTESIAN_POINT('',(2.351684986761,7.981967208132));
#6129 = CARTESIAN_POINT('',(2.443040473792,7.978560188646));
#6130 = CARTESIAN_POINT('',(2.531708288085,7.9754528226));
#6131 = CARTESIAN_POINT('',(2.710491912236,7.96982392318));
#6132 = CARTESIAN_POINT('',(2.800670626521,7.967347519284));
#6133 = CARTESIAN_POINT('',(2.889155370692,7.965417361808));
#6134 = CARTESIAN_POINT('',(2.976489853199,7.96409515557));
#6135 = CARTESIAN_POINT('',(3.063186928667,7.963411987081));
#6136 = CARTESIAN_POINT('',(3.149768199418,7.963376852806));
#6137 = CARTESIAN_POINT('',(3.321546123511,7.964558796036));
#6138 = CARTESIAN_POINT('',(3.406619411593,7.965742505504));
#6139 = CARTESIAN_POINT('',(3.49256105173,7.967511358767));
#6140 = CARTESIAN_POINT('',(3.579880031163,7.969829555238));
#6141 = CARTESIAN_POINT('',(3.669105934329,7.972635886952));
#6142 = CARTESIAN_POINT('',(3.760786897294,7.975826485287));
#6143 = CARTESIAN_POINT('',(3.935558617307,7.982115379443));
#6144 = CARTESIAN_POINT('',(4.018367751084,7.985172289722));
#6145 = CARTESIAN_POINT('',(4.103904008183,7.988294027509));
#6146 = CARTESIAN_POINT('',(4.192153254379,7.99132653655));
#6147 = CARTESIAN_POINT('',(4.28318520693,7.994082302518));
#6148 = CARTESIAN_POINT('',(4.377164547147,7.996360271203));
#6149 = CARTESIAN_POINT('',(4.562087499711,7.9994403581));
#6150 = CARTESIAN_POINT('',(4.651625616597,8.000351992942));
#6151 = CARTESIAN_POINT('',(4.741950417328,8.000579428605));
#6152 = CARTESIAN_POINT('',(4.832182850054,8.000061727245));
#6153 = CARTESIAN_POINT('',(4.92148176027,7.998849743634));
#6154 = CARTESIAN_POINT('',(5.008893560382,7.997093450984));
#6155 = CARTESIAN_POINT('',(5.174787357746,7.992932145538));
#6156 = CARTESIAN_POINT('',(5.256390219493,7.990476472023));
#6157 = CARTESIAN_POINT('',(5.337987136775,7.987701059311));
#6158 = CARTESIAN_POINT('',(5.419584803218,7.984721905405));
#6159 = CARTESIAN_POINT('',(5.501186863869,7.981670962526));
#6160 = CARTESIAN_POINT('',(5.582788767845,7.978682904087));
#6161 = CARTESIAN_POINT('',(5.758068254473,7.972661201767));
#6162 = CARTESIAN_POINT('',(5.849016259953,7.969780085949));
#6163 = CARTESIAN_POINT('',(5.937876992904,7.967373159735));
#6164 = CARTESIAN_POINT('',(6.025202847295,7.965521995439));
#6165 = CARTESIAN_POINT('',(6.11151000836,7.964272619295));
#6166 = CARTESIAN_POINT('',(6.197320021022,7.963647124394));
#6167 = CARTESIAN_POINT('',(6.28318530718,7.963647124394));
#6168 = ( GEOMETRIC_REPRESENTATION_CONTEXT(2) 
PARAMETRIC_REPRESENTATION_CONTEXT() REPRESENTATION_CONTEXT('2D SPACE',''
  ) );
#6169 = PCURVE('',#4354,#6170);
#6170 = DEFINITIONAL_REPRESENTATION('',(#6171),#6234);
#6171 = B_SPLINE_CURVE_WITH_KNOTS('',7,(#6172,#6173,#6174,#6175,#6176,
    #6177,#6178,#6179,#6180,#6181,#6182,#6183,#6184,#6185,#6186,#6187,
    #6188,#6189,#6190,#6191,#6192,#6193,#6194,#6195,#6196,#6197,#6198,
    #6199,#6200,#6201,#6202,#6203,#6204,#6205,#6206,#6207,#6208,#6209,
    #6210,#6211,#6212,#6213,#6214,#6215,#6216,#6217,#6218,#6219,#6220,
    #6221,#6222,#6223,#6224,#6225,#6226,#6227,#6228,#6229,#6230,#6231,
    #6232,#6233),.UNSPECIFIED.,.T.,.F.,(8,6,6,6,6,6,6,6,6,6,8),(0.,
    0.121838419144,0.224255525866,0.309296480923,0.416502111268,
    0.531426400219,0.643352213035,0.737762092165,0.822920795544,
    0.905356605842,1.),.UNSPECIFIED.);
#6172 = CARTESIAN_POINT('',(0.779048112217,257.55198651616));
#6173 = CARTESIAN_POINT('',(0.779048112217,257.24817304689));
#6174 = CARTESIAN_POINT('',(0.779266000186,256.94461924206));
#6175 = CARTESIAN_POINT('',(0.779701132001,256.64322761911));
#6176 = CARTESIAN_POINT('',(0.780358125646,256.34607938538));
#6177 = CARTESIAN_POINT('',(0.781245830922,256.05580554607));
#6178 = CARTESIAN_POINT('',(0.782376123348,255.77604025877));
#6179 = CARTESIAN_POINT('',(0.784927231668,255.29016220254));
#6180 = CARTESIAN_POINT('',(0.786283274425,255.07746410898));
#6181 = CARTESIAN_POINT('',(0.787834942163,254.879154576));
#6182 = CARTESIAN_POINT('',(0.789581248142,254.70073409397));
#6183 = CARTESIAN_POINT('',(0.79151556556,254.54800949869));
#6184 = CARTESIAN_POINT('',(0.793624500486,254.42717885029));
#6185 = CARTESIAN_POINT('',(0.797763120431,254.27677893218));
#6186 = CARTESIAN_POINT('',(0.799726599166,254.23589273623));
#6187 = CARTESIAN_POINT('',(0.801733422323,254.22620423762));
#6188 = CARTESIAN_POINT('',(0.803736189161,254.249027102));
#6189 = CARTESIAN_POINT('',(0.80568725355,254.30317309856));
#6190 = CARTESIAN_POINT('',(0.807542853237,254.38498626819));
#6191 = CARTESIAN_POINT('',(0.811440179024,254.61870446589));
#6192 = CARTESIAN_POINT('',(0.813411809584,254.78376697246));
#6193 = CARTESIAN_POINT('',(0.815172733309,254.97574220366));
#6194 = CARTESIAN_POINT('',(0.816722505933,255.18832871104));
#6195 = CARTESIAN_POINT('',(0.818065290454,255.41632133227));
#6196 = CARTESIAN_POINT('',(0.819207838883,255.65539232379));
#6197 = CARTESIAN_POINT('',(0.821177442881,256.16633515276));
#6198 = CARTESIAN_POINT('',(0.821980461999,256.44052313346));
#6199 = CARTESIAN_POINT('',(0.822577341254,256.72117013779));
#6200 = CARTESIAN_POINT('',(0.822975740361,257.00582915388));
#6201 = CARTESIAN_POINT('',(0.823180466423,257.29259825857));
#6202 = CARTESIAN_POINT('',(0.823192921499,257.57979186805));
#6203 = CARTESIAN_POINT('',(0.82283312771,258.14409219922));
#6204 = CARTESIAN_POINT('',(0.822471119126,258.42093429693));
#6205 = CARTESIAN_POINT('',(0.82192304715,258.69469633933));
#6206 = CARTESIAN_POINT('',(0.821183647461,258.96358696461));
#6207 = CARTESIAN_POINT('',(0.820244801847,259.22527832392));
#6208 = CARTESIAN_POINT('',(0.819096574534,259.47658804932));
#6209 = CARTESIAN_POINT('',(0.816574938311,259.91246410426));
#6210 = CARTESIAN_POINT('',(0.815255960161,260.1028643412));
#6211 = CARTESIAN_POINT('',(0.813769574153,260.27980139214));
#6212 = CARTESIAN_POINT('',(0.812118253314,260.4386991672));
#6213 = CARTESIAN_POINT('',(0.810309084612,260.57484044297));
#6214 = CARTESIAN_POINT('',(0.808354371096,260.68332321331));
#6215 = CARTESIAN_POINT('',(0.804395413342,260.82719410019));
#6216 = CARTESIAN_POINT('',(0.80243193461,260.86808029601));
#6217 = CARTESIAN_POINT('',(0.800425111453,260.87776879476));
#6218 = CARTESIAN_POINT('',(0.798422344612,260.85494593036));
#6219 = CARTESIAN_POINT('',(0.796471280223,260.80079993365));
#6220 = CARTESIAN_POINT('',(0.794615680539,260.7189867642));
#6221 = CARTESIAN_POINT('',(0.791222812546,260.51552032704));
#6222 = CARTESIAN_POINT('',(0.789617446044,260.39163602208));
#6223 = CARTESIAN_POINT('',(0.788093927546,260.24504875104));
#6224 = CARTESIAN_POINT('',(0.786669219785,260.0772289819));
#6225 = CARTESIAN_POINT('',(0.785358846968,259.89000352631));
#6226 = CARTESIAN_POINT('',(0.784176557249,259.68551791723));
#6227 = CARTESIAN_POINT('',(0.781936424485,259.21434901674));
#6228 = CARTESIAN_POINT('',(0.780957818929,258.95027487005));
#6229 = CARTESIAN_POINT('',(0.780187457318,258.67786939941));
#6230 = CARTESIAN_POINT('',(0.779616283795,258.39992233231));
#6231 = CARTESIAN_POINT('',(0.779237644415,258.11851253955));
#6232 = CARTESIAN_POINT('',(0.779048112217,257.83534196048));
#6233 = CARTESIAN_POINT('',(0.779048112217,257.55198651616));
#6234 = ( GEOMETRIC_REPRESENTATION_CONTEXT(2) 
PARAMETRIC_REPRESENTATION_CONTEXT() REPRESENTATION_CONTEXT('2D SPACE',''
  ) );
#6235 = ORIENTED_EDGE('',*,*,#6015,.T.);
#6236 = ADVANCED_FACE('',(#6237),#3565,.F.);
#6237 = FACE_BOUND('',#6238,.F.);
#6238 = EDGE_LOOP('',(#6239,#6240,#6263,#6598,#6627,#6750));
#6239 = ORIENTED_EDGE('',*,*,#3187,.F.);
#6240 = ORIENTED_EDGE('',*,*,#6241,.F.);
#6241 = EDGE_CURVE('',#6242,#3188,#6244,.T.);
#6242 = VERTEX_POINT('',#6243);
#6243 = CARTESIAN_POINT('',(-129.6728190485,-75.,325.0054621964));
#6244 = SEAM_CURVE('',#6245,(#6249,#6256),.PCURVE_S1.);
#6245 = LINE('',#6246,#6247);
#6246 = CARTESIAN_POINT('',(-94.74307146819,-75.,309.34121412718));
#6247 = VECTOR('',#6248,1.);
#6248 = DIRECTION('',(-0.912449978688,9.400145578529E-17,0.409188265218)
  );
#6249 = PCURVE('',#3565,#6250);
#6250 = DEFINITIONAL_REPRESENTATION('',(#6251),#6255);
#6251 = LINE('',#6252,#6253);
#6252 = CARTESIAN_POINT('',(6.28318530718,-0.));
#6253 = VECTOR('',#6254,1.);
#6254 = DIRECTION('',(0.,1.));
#6255 = ( GEOMETRIC_REPRESENTATION_CONTEXT(2) 
PARAMETRIC_REPRESENTATION_CONTEXT() REPRESENTATION_CONTEXT('2D SPACE',''
  ) );
#6256 = PCURVE('',#3565,#6257);
#6257 = DEFINITIONAL_REPRESENTATION('',(#6258),#6262);
#6258 = LINE('',#6259,#6260);
#6259 = CARTESIAN_POINT('',(0.,-0.));
#6260 = VECTOR('',#6261,1.);
#6261 = DIRECTION('',(0.,1.));
#6262 = ( GEOMETRIC_REPRESENTATION_CONTEXT(2) 
PARAMETRIC_REPRESENTATION_CONTEXT() REPRESENTATION_CONTEXT('2D SPACE',''
  ) );
#6263 = ORIENTED_EDGE('',*,*,#6264,.T.);
#6264 = EDGE_CURVE('',#6242,#6265,#6267,.T.);
#6265 = VERTEX_POINT('',#6266);
#6266 = CARTESIAN_POINT('',(-116.295079234,-94.42189653856,
    250.12755944649));
#6267 = SURFACE_CURVE('',#6268,(#6376,#6487),.PCURVE_S1.);
#6268 = B_SPLINE_CURVE_WITH_KNOTS('',8,(#6269,#6270,#6271,#6272,#6273,
    #6274,#6275,#6276,#6277,#6278,#6279,#6280,#6281,#6282,#6283,#6284,
    #6285,#6286,#6287,#6288,#6289,#6290,#6291,#6292,#6293,#6294,#6295,
    #6296,#6297,#6298,#6299,#6300,#6301,#6302,#6303,#6304,#6305,#6306,
    #6307,#6308,#6309,#6310,#6311,#6312,#6313,#6314,#6315,#6316,#6317,
    #6318,#6319,#6320,#6321,#6322,#6323,#6324,#6325,#6326,#6327,#6328,
    #6329,#6330,#6331,#6332,#6333,#6334,#6335,#6336,#6337,#6338,#6339,
    #6340,#6341,#6342,#6343,#6344,#6345,#6346,#6347,#6348,#6349,#6350,
    #6351,#6352,#6353,#6354,#6355,#6356,#6357,#6358,#6359,#6360,#6361,
    #6362,#6363,#6364,#6365,#6366,#6367,#6368,#6369,#6370,#6371,#6372,
    #6373,#6374,#6375),.UNSPECIFIED.,.F.,.F.,(9,7,7,7,7,7,7,7,7,7,7,7,7,
    7,7,9),(0.,4.310830751504E-02,6.411547686765E-02,0.104589235287,
    0.142329558225,0.161507611521,0.199485840262,0.252775010776,
    0.299478263099,0.339392652997,0.466896146313,0.598169062051,
    0.657963413349,0.752013782043,0.866077291047,1.),.UNSPECIFIED.);
#6269 = CARTESIAN_POINT('',(-129.6728190485,-75.,325.0054621964));
#6270 = CARTESIAN_POINT('',(-130.1007270102,-74.26015957759,
    325.19735755569));
#6271 = CARTESIAN_POINT('',(-130.5293513046,-73.5079497151,
    325.37122910531));
#6272 = CARTESIAN_POINT('',(-130.9583860263,-72.74339472527,
    325.52593216032));
#6273 = CARTESIAN_POINT('',(-131.3874320814,-71.96668173661,
    325.66021821436));
#6274 = CARTESIAN_POINT('',(-131.816000913,-71.17817490763,
    325.77275471628));
#6275 = CARTESIAN_POINT('',(-132.2435183069,-70.37843471781,
    325.86215581864));
#6276 = CARTESIAN_POINT('',(-132.6693282767,-69.56824233517,
    325.92702409826));
#6277 = CARTESIAN_POINT('',(-133.299009444,-68.34922217481,
    325.98499823278));
#6278 = CARTESIAN_POINT('',(-133.5047358699,-67.94759021961,
    325.99784466562));
#6279 = CARTESIAN_POINT('',(-133.7097871466,-67.54386115979,
    326.00438618646));
#6280 = CARTESIAN_POINT('',(-133.9140685651,-67.13817968419,
    326.00446916448));
#6281 = CARTESIAN_POINT('',(-134.1174802091,-66.73070784961,
    325.99794514127));
#6282 = CARTESIAN_POINT('',(-134.3199172965,-66.32162572442,
    325.98467327338));
#6283 = CARTESIAN_POINT('',(-134.5212705224,-65.91113203232,
    325.96452277474));
#6284 = CARTESIAN_POINT('',(-135.1070595395,-64.70626178952,
    325.88507140928));
#6285 = CARTESIAN_POINT('',(-135.4883146575,-63.90851134281,
    325.80678594815));
#6286 = CARTESIAN_POINT('',(-135.8642980872,-63.10791372913,
    325.70166963491));
#6287 = CARTESIAN_POINT('',(-136.2341320729,-62.30631929471,
    325.56907119834));
#6288 = CARTESIAN_POINT('',(-136.596964592,-61.50570628974,
    325.40857794239));
#6289 = CARTESIAN_POINT('',(-136.9519776861,-60.70817562887,
    325.2200634568));
#6290 = CARTESIAN_POINT('',(-137.2983943021,-59.91594258137,
    325.003742533));
#6291 = CARTESIAN_POINT('',(-137.9498073195,-58.39969810159,
    324.53316967636));
#6292 = CARTESIAN_POINT('',(-138.256090443,-57.67453111373,
    324.28241598989));
#6293 = CARTESIAN_POINT('',(-138.5537420973,-56.95769045851,
    324.00844950302));
#6294 = CARTESIAN_POINT('',(-138.8423244994,-56.25084380226,
    323.71196317939));
#6295 = CARTESIAN_POINT('',(-139.1215299331,-55.55547286128,
    323.3938313317));
#6296 = CARTESIAN_POINT('',(-139.3911603209,-54.87288466073,
    323.05507886727));
#6297 = CARTESIAN_POINT('',(-139.6511094344,-54.2042216379,
    322.69685411654));
#6298 = CARTESIAN_POINT('',(-140.0285083794,-53.21826165542,
    322.12910967596));
#6299 = CARTESIAN_POINT('',(-140.1531700467,-52.88988085275,
    321.93309518111));
#6300 = CARTESIAN_POINT('',(-140.275333491,-52.56544510984,
    321.73251679477));
#6301 = CARTESIAN_POINT('',(-140.3950062967,-52.24505566591,
    321.52753137389));
#6302 = CARTESIAN_POINT('',(-140.5122020846,-51.92879911624,
    321.3182964347));
#6303 = CARTESIAN_POINT('',(-140.6269397105,-51.61674845756,
    321.10496898974));
#6304 = CARTESIAN_POINT('',(-140.7392424659,-51.3089641334,
    320.88770438511));
#6305 = CARTESIAN_POINT('',(-141.0667615692,-50.40453642278,
    320.22891212163));
#6306 = CARTESIAN_POINT('',(-141.2749360667,-49.82051946598,
    319.77634127653));
#6307 = CARTESIAN_POINT('',(-141.4738823948,-49.25379239928,
    319.31010849729));
#6308 = CARTESIAN_POINT('',(-141.6638733259,-48.70453975584,
    318.83134035353));
#6309 = CARTESIAN_POINT('',(-141.8452144837,-48.17281199454,
    318.34110315385));
#6310 = CARTESIAN_POINT('',(-142.01823031,-47.65855041841,
    317.84038570232));
#6311 = CARTESIAN_POINT('',(-142.1832542928,-47.16160742889,
    317.330085747));
#6312 = CARTESIAN_POINT('',(-142.5614360747,-46.00846692649,
    316.082644866));
#6313 = CARTESIAN_POINT('',(-142.7671492414,-45.3689196243,
    315.33708409101));
#6314 = CARTESIAN_POINT('',(-142.9587208043,-44.76243539711,
    314.57646120382));
#6315 = CARTESIAN_POINT('',(-143.1370522804,-44.18823901764,
    313.80270010335));
#6316 = CARTESIAN_POINT('',(-143.3029877714,-43.64548819414,
    313.01749682862));
#6317 = CARTESIAN_POINT('',(-143.4573128806,-43.13329692121,
    312.22231120826));
#6318 = CARTESIAN_POINT('',(-143.6007536297,-42.65075883047,
    311.41835850997));
#6319 = CARTESIAN_POINT('',(-143.8507324709,-41.7992651771,
    309.89516739262));
#6320 = CARTESIAN_POINT('',(-143.9596287116,-41.42368293593,
    309.17781140375));
#6321 = CARTESIAN_POINT('',(-144.061108621,-41.06963050319,
    308.45522311347));
#6322 = CARTESIAN_POINT('',(-144.1555706627,-40.73655518134,
    307.7280264919));
#6323 = CARTESIAN_POINT('',(-144.2433737502,-40.42393772379,
    306.99678089562));
#6324 = CARTESIAN_POINT('',(-144.3248421958,-40.13128815057,
    306.26198185636));
#6325 = CARTESIAN_POINT('',(-144.4002690986,-39.85814454599,
    305.52406125187));
#6326 = CARTESIAN_POINT('',(-144.5294429376,-39.38693712549,
    304.15037812792));
#6327 = CARTESIAN_POINT('',(-144.5847459671,-39.18373703402,
    303.51537591287));
#6328 = CARTESIAN_POINT('',(-144.6359911227,-38.9942073396,
    302.87861981478));
#6329 = CARTESIAN_POINT('',(-144.6833259623,-38.81810031263,
    302.2403333449));
#6330 = CARTESIAN_POINT('',(-144.7268830484,-38.65518619836,
    301.60072403359));
#6331 = CARTESIAN_POINT('',(-144.7667812593,-38.50525169715,
    300.95998353891));
#6332 = CARTESIAN_POINT('',(-144.8031270996,-38.36809844485,
    300.31828775532));
#6333 = CARTESIAN_POINT('',(-144.9410771474,-37.8456537511,
    297.62340865189));
#6334 = CARTESIAN_POINT('',(-145.0108130442,-37.57648901461,
    295.56385756378));
#6335 = CARTESIAN_POINT('',(-145.0484410717,-37.42960688603,
    293.50123395568));
#6336 = CARTESIAN_POINT('',(-145.0557736028,-37.40079834709,
    291.43957787136));
#6337 = CARTESIAN_POINT('',(-145.0337710068,-37.48692689907,
    289.38285478245));
#6338 = CARTESIAN_POINT('',(-144.9826304743,-37.68573869407,
    287.33489182349));
#6339 = CARTESIAN_POINT('',(-144.9019021257,-37.99562648961,
    285.29942091585));
#6340 = CARTESIAN_POINT('',(-144.6757070365,-38.84816595273,
    281.20095726945));
#6341 = CARTESIAN_POINT('',(-144.5284584723,-39.39719675934,
    279.14003893677));
#6342 = CARTESIAN_POINT('',(-144.3475257339,-40.06158993651,
    277.10111444714));
#6343 = CARTESIAN_POINT('',(-144.1310176518,-40.84077169231,
    275.08871496428));
#6344 = CARTESIAN_POINT('',(-143.8764192802,-41.73441409014,
    273.10798496881));
#6345 = CARTESIAN_POINT('',(-143.5806281893,-42.74221411698,
    271.16463184425));
#6346 = CARTESIAN_POINT('',(-143.2399585344,-43.86377697836,
    269.26490359637));
#6347 = CARTESIAN_POINT('',(-142.6725662241,-45.66099773077,
    266.57322830257));
#6348 = CARTESIAN_POINT('',(-142.4848169314,-46.246879461,
    265.74140067633));
#6349 = CARTESIAN_POINT('',(-142.2864893474,-46.85612407518,
    264.92077477173));
#6350 = CARTESIAN_POINT('',(-142.0771711432,-47.4886217398,
    264.11206940739));
#6351 = CARTESIAN_POINT('',(-141.8564352226,-48.14422673684,
    263.31604697698));
#6352 = CARTESIAN_POINT('',(-141.6238433077,-48.82275139089,
    262.53350988244));
#6353 = CARTESIAN_POINT('',(-141.3789495238,-49.52395999615,
    261.76529696711));
#6354 = CARTESIAN_POINT('',(-140.7160540333,-51.38571549051,
    259.82786157733));
#6355 = CARTESIAN_POINT('',(-140.279260876,-52.57925996353,
    258.68104997313));
#6356 = CARTESIAN_POINT('',(-139.8091797787,-53.82705842907,
    257.57524673679));
#6357 = CARTESIAN_POINT('',(-139.3040843841,-55.12754787787,
    256.51414906965));
#6358 = CARTESIAN_POINT('',(-138.7623265438,-56.47866552774,
    255.50167448724));
#6359 = CARTESIAN_POINT('',(-138.1824191865,-57.87778697616,
    254.54187914343));
#6360 = CARTESIAN_POINT('',(-137.5631422259,-59.3216770023,
    253.63886976554));
#6361 = CARTESIAN_POINT('',(-136.1038708686,-62.60717708696,
    251.77534383488));
#6362 = CARTESIAN_POINT('',(-135.2448020964,-64.4683736896,
    250.84328887838));
#6363 = CARTESIAN_POINT('',(-134.3252302518,-66.38254207015,
    250.00819465951));
#6364 = CARTESIAN_POINT('',(-133.3447415458,-68.34098844958,
    249.27726894103));
#6365 = CARTESIAN_POINT('',(-132.3039913973,-70.333908554,
    248.65706673406));
#6366 = CARTESIAN_POINT('',(-131.2049628889,-72.35053494471,
    248.15334873699));
#6367 = CARTESIAN_POINT('',(-130.051231612,-74.37929648467,
    247.77094078644));
#6368 = CARTESIAN_POINT('',(-127.4357842751,-78.78977764175,
    247.21129516011));
#6369 = CARTESIAN_POINT('',(-125.9553066079,-81.17164143456,
    247.08134612725));
#6370 = CARTESIAN_POINT('',(-124.4150786791,-83.5345352222,
    247.12958179408));
#6371 = CARTESIAN_POINT('',(-122.8259216332,-85.85960587661,
    247.35987025511));
#6372 = CARTESIAN_POINT('',(-121.2014235463,-88.12840270415,
    247.77450715071));
#6373 = CARTESIAN_POINT('',(-119.5580546936,-90.3230743393,
    248.37440941688));
#6374 = CARTESIAN_POINT('',(-117.9152286634,-92.42643348213,
    249.15942552466));
#6375 = CARTESIAN_POINT('',(-116.295079234,-94.42189653856,
    250.12755944649));
#6376 = PCURVE('',#3565,#6377);
#6377 = DEFINITIONAL_REPRESENTATION('',(#6378),#6486);
#6378 = B_SPLINE_CURVE_WITH_KNOTS('',8,(#6379,#6380,#6381,#6382,#6383,
    #6384,#6385,#6386,#6387,#6388,#6389,#6390,#6391,#6392,#6393,#6394,
    #6395,#6396,#6397,#6398,#6399,#6400,#6401,#6402,#6403,#6404,#6405,
    #6406,#6407,#6408,#6409,#6410,#6411,#6412,#6413,#6414,#6415,#6416,
    #6417,#6418,#6419,#6420,#6421,#6422,#6423,#6424,#6425,#6426,#6427,
    #6428,#6429,#6430,#6431,#6432,#6433,#6434,#6435,#6436,#6437,#6438,
    #6439,#6440,#6441,#6442,#6443,#6444,#6445,#6446,#6447,#6448,#6449,
    #6450,#6451,#6452,#6453,#6454,#6455,#6456,#6457,#6458,#6459,#6460,
    #6461,#6462,#6463,#6464,#6465,#6466,#6467,#6468,#6469,#6470,#6471,
    #6472,#6473,#6474,#6475,#6476,#6477,#6478,#6479,#6480,#6481,#6482,
    #6483,#6484,#6485),.UNSPECIFIED.,.F.,.F.,(9,7,7,7,7,7,7,7,7,7,7,7,7,
    7,7,9),(0.,4.310830751504E-02,6.411547686765E-02,0.104589235287,
    0.142329558225,0.161507611521,0.199485840262,0.252775010776,
    0.299478263099,0.339392652997,0.466896146313,0.598169062051,
    0.657963413349,0.752013782043,0.866077291047,1.),.UNSPECIFIED.);
#6379 = CARTESIAN_POINT('',(0.,38.180714416908));
#6380 = CARTESIAN_POINT('',(1.984928464438E-02,38.648448449135));
#6381 = CARTESIAN_POINT('',(3.998907918192E-02,39.110691108014));
#6382 = CARTESIAN_POINT('',(6.043045119242E-02,39.566763431157));
#6383 = CARTESIAN_POINT('',(8.118174097304E-02,40.015863378527));
#6384 = CARTESIAN_POINT('',(0.102248552931,40.457076097567));
#6385 = CARTESIAN_POINT('',(0.123633474699,40.889388015749));
#6386 = CARTESIAN_POINT('',(0.145335523973,41.311704760551));
#6387 = CARTESIAN_POINT('',(0.178076898169,41.923239828697));
#6388 = CARTESIAN_POINT('',(0.188878180042,42.120953171773));
#6389 = CARTESIAN_POINT('',(0.199752307083,42.315875675259));
#6390 = CARTESIAN_POINT('',(0.210698102552,42.507865797004));
#6391 = CARTESIAN_POINT('',(0.221714043277,42.696778870447));
#6392 = CARTESIAN_POINT('',(0.232798228342,42.882468261535));
#6393 = CARTESIAN_POINT('',(0.243948347774,43.064786525624));
#6394 = CARTESIAN_POINT('',(0.276765920139,43.588074174937));
#6395 = CARTESIAN_POINT('',(0.298608452675,43.919561591273));
#6396 = CARTESIAN_POINT('',(0.320665237861,44.236918549174));
#6397 = CARTESIAN_POINT('',(0.342909642455,44.539097480189));
#6398 = CARTESIAN_POINT('',(0.365311951308,44.82515659456));
#6399 = CARTESIAN_POINT('',(0.387838671913,45.094284028011));
#6400 = CARTESIAN_POINT('',(0.410451603146,45.345823052418));
#6401 = CARTESIAN_POINT('',(0.454231700928,45.797005662115));
#6402 = CARTESIAN_POINT('',(0.475398032065,45.999054841331));
#6403 = CARTESIAN_POINT('',(0.496570484733,46.185053847368));
#6404 = CARTESIAN_POINT('',(0.517717453243,46.354828306197));
#6405 = CARTESIAN_POINT('',(0.538810224061,46.508388091724));
#6406 = CARTESIAN_POINT('',(0.559822417775,46.645897611131));
#6407 = CARTESIAN_POINT('',(0.580729552069,46.767649794232));
#6408 = CARTESIAN_POINT('',(0.612067832467,46.928108763018));
#6409 = CARTESIAN_POINT('',(0.622594611739,46.978211506265));
#6410 = CARTESIAN_POINT('',(0.633086479318,47.024405744897));
#6411 = CARTESIAN_POINT('',(0.643541144411,47.066752254366));
#6412 = CARTESIAN_POINT('',(0.653956592385,47.105317707477));
#6413 = CARTESIAN_POINT('',(0.664331067529,47.14017352461));
#6414 = CARTESIAN_POINT('',(0.67466305581,47.171394723942));
#6415 = CARTESIAN_POINT('',(0.705324975845,47.253841784114));
#6416 = CARTESIAN_POINT('',(0.725526366753,47.294673477876));
#6417 = CARTESIAN_POINT('',(0.745546462798,47.322160872407));
#6418 = CARTESIAN_POINT('',(0.765379415506,47.336945599229));
#6419 = CARTESIAN_POINT('',(0.785022029318,47.33967954976));
#6420 = CARTESIAN_POINT('',(0.804473438578,47.331005790487));
#6421 = CARTESIAN_POINT('',(0.823734937693,47.311544745475));
#6422 = CARTESIAN_POINT('',(0.869575097745,47.240269466356));
#6423 = CARTESIAN_POINT('',(0.895969691737,47.178579807937));
#6424 = CARTESIAN_POINT('',(0.922005822944,47.09844984309));
#6425 = CARTESIAN_POINT('',(0.94769665961,47.001384732748));
#6426 = CARTESIAN_POINT('',(0.973056780553,46.888757752611));
#6427 = CARTESIAN_POINT('',(0.998102493984,46.761806419118));
#6428 = CARTESIAN_POINT('',(1.022852156338,46.621628615421));
#6429 = CARTESIAN_POINT('',(1.068776084338,46.335569843595));
#6430 = CARTESIAN_POINT('',(1.090012027576,46.192548639237));
#6431 = CARTESIAN_POINT('',(1.111047165496,46.040768810656));
#6432 = CARTESIAN_POINT('',(1.131893398445,45.88081820146));
#6433 = CARTESIAN_POINT('',(1.152562031934,45.713225391207));
#6434 = CARTESIAN_POINT('',(1.173064064806,45.538464615678));
#6435 = CARTESIAN_POINT('',(1.193410416066,45.356959008734));
#6436 = CARTESIAN_POINT('',(1.230877215688,45.008515413074));
#6437 = CARTESIAN_POINT('',(1.248036185218,44.843299713194));
#6438 = CARTESIAN_POINT('',(1.265095600647,44.673670995896));
#6439 = CARTESIAN_POINT('',(1.282061663443,44.499844365453));
#6440 = CARTESIAN_POINT('',(1.298940256207,44.322015369516));
#6441 = CARTESIAN_POINT('',(1.315737024046,44.140361268023));
#6442 = CARTESIAN_POINT('',(1.332457455937,43.955042302105));
#6443 = CARTESIAN_POINT('',(1.402292564396,43.162970006802));
#6444 = CARTESIAN_POINT('',(1.454729790985,42.524092356156));
#6445 = CARTESIAN_POINT('',(1.506625578425,41.853992313847));
#6446 = CARTESIAN_POINT('',(1.558131979121,41.155754729737));
#6447 = CARTESIAN_POINT('',(1.609377395339,40.431638326984));
#6448 = CARTESIAN_POINT('',(1.660475495547,39.68313736126));
#6449 = CARTESIAN_POINT('',(1.711533983075,38.911105476197));
#6450 = CARTESIAN_POINT('',(1.815302214898,37.296794496287));
#6451 = CARTESIAN_POINT('',(1.8679880772,36.453550523568));
#6452 = CARTESIAN_POINT('',(1.920840918903,35.586176118205));
#6453 = CARTESIAN_POINT('',(1.973961700779,34.694443911607));
#6454 = CARTESIAN_POINT('',(2.027440866081,33.777750143571));
#6455 = CARTESIAN_POINT('',(2.081363616442,32.835131524025));
#6456 = CARTESIAN_POINT('',(2.135814172822,31.865261435539));
#6457 = CARTESIAN_POINT('',(2.215965560278,30.411479898682));
#6458 = CARTESIAN_POINT('',(2.24117488396,29.950551469804));
#6459 = CARTESIAN_POINT('',(2.266517652167,29.483513913154));
#6460 = CARTESIAN_POINT('',(2.292000724097,29.010225616626));
#6461 = CARTESIAN_POINT('',(2.317630451348,28.530545995173));
#6462 = CARTESIAN_POINT('',(2.343412745797,28.044337639844));
#6463 = CARTESIAN_POINT('',(2.369353147465,27.55146846681));
#6464 = CARTESIAN_POINT('',(2.436515400103,26.265908536395));
#6465 = CARTESIAN_POINT('',(2.477977586194,25.463224560412));
#6466 = CARTESIAN_POINT('',(2.519863443241,24.643285840688));
#6467 = CARTESIAN_POINT('',(2.56218753177,23.805734649464));
#6468 = CARTESIAN_POINT('',(2.604959792514,22.950362102812));
#6469 = CARTESIAN_POINT('',(2.648185884976,22.077158097443));
#6470 = CARTESIAN_POINT('',(2.691867052291,21.186380710484));
#6471 = CARTESIAN_POINT('',(2.789522994874,19.177750778372));
#6472 = CARTESIAN_POINT('',(2.843720219328,18.05170862259));
#6473 = CARTESIAN_POINT('',(2.898566567388,16.901974701508));
#6474 = CARTESIAN_POINT('',(2.954035165786,15.730625380672));
#6475 = CARTESIAN_POINT('',(3.0100969066,14.540518498397));
#6476 = CARTESIAN_POINT('',(3.066720367437,13.33548781748));
#6477 = CARTESIAN_POINT('',(3.12386956232,12.120543828079));
#6478 = CARTESIAN_POINT('',(3.24915873701,9.471417188209));
#6479 = CARTESIAN_POINT('',(3.317485293893,8.035778062302));
#6480 = CARTESIAN_POINT('',(3.386425128001,6.604934812967));
#6481 = CARTESIAN_POINT('',(3.455947250207,5.190378956084));
#6482 = CARTESIAN_POINT('',(3.52603426871,3.805664261765));
#6483 = CARTESIAN_POINT('',(3.596674311657,2.466581336758));
#6484 = CARTESIAN_POINT('',(3.667857287826,1.191321160658));
#6485 = CARTESIAN_POINT('',(3.739547702341,0.));
#6486 = ( GEOMETRIC_REPRESENTATION_CONTEXT(2) 
PARAMETRIC_REPRESENTATION_CONTEXT() REPRESENTATION_CONTEXT('2D SPACE',''
  ) );
#6487 = PCURVE('',#4354,#6488);
#6488 = DEFINITIONAL_REPRESENTATION('',(#6489),#6597);
#6489 = B_SPLINE_CURVE_WITH_KNOTS('',8,(#6490,#6491,#6492,#6493,#6494,
    #6495,#6496,#6497,#6498,#6499,#6500,#6501,#6502,#6503,#6504,#6505,
    #6506,#6507,#6508,#6509,#6510,#6511,#6512,#6513,#6514,#6515,#6516,
    #6517,#6518,#6519,#6520,#6521,#6522,#6523,#6524,#6525,#6526,#6527,
    #6528,#6529,#6530,#6531,#6532,#6533,#6534,#6535,#6536,#6537,#6538,
    #6539,#6540,#6541,#6542,#6543,#6544,#6545,#6546,#6547,#6548,#6549,
    #6550,#6551,#6552,#6553,#6554,#6555,#6556,#6557,#6558,#6559,#6560,
    #6561,#6562,#6563,#6564,#6565,#6566,#6567,#6568,#6569,#6570,#6571,
    #6572,#6573,#6574,#6575,#6576,#6577,#6578,#6579,#6580,#6581,#6582,
    #6583,#6584,#6585,#6586,#6587,#6588,#6589,#6590,#6591,#6592,#6593,
    #6594,#6595,#6596),.UNSPECIFIED.,.F.,.F.,(9,7,7,7,7,7,7,7,7,7,7,7,7,
    7,7,9),(0.,4.310830751504E-02,6.411547686765E-02,0.104589235287,
    0.142329558225,0.161507611521,0.199485840262,0.252775010776,
    0.299478263099,0.339392652997,0.466896146313,0.598169062051,
    0.657963413349,0.752013782043,0.866077291047,1.),.UNSPECIFIED.);
#6490 = CARTESIAN_POINT('',(3.665962428994,246.0054621964));
#6491 = CARTESIAN_POINT('',(3.660256989506,246.19735755569));
#6492 = CARTESIAN_POINT('',(3.654477677426,246.37122910531));
#6493 = CARTESIAN_POINT('',(3.648625372403,246.52593216032));
#6494 = CARTESIAN_POINT('',(3.642702176277,246.66021821436));
#6495 = CARTESIAN_POINT('',(3.636711480697,246.77275471628));
#6496 = CARTESIAN_POINT('',(3.630658068926,246.86215581864));
#6497 = CARTESIAN_POINT('',(3.624548251837,246.92702409826));
#6498 = CARTESIAN_POINT('',(3.615389070398,246.98499823278));
#6499 = CARTESIAN_POINT('',(3.612376700972,246.99784466562));
#6500 = CARTESIAN_POINT('',(3.609353920839,247.00438618646));
#6501 = CARTESIAN_POINT('',(3.606321835753,247.00446916448));
#6502 = CARTESIAN_POINT('',(3.603281669405,246.99794514127));
#6503 = CARTESIAN_POINT('',(3.600234766608,246.98467327338));
#6504 = CARTESIAN_POINT('',(3.597182596482,246.96452277474));
#6505 = CARTESIAN_POINT('',(3.588239176901,246.88507140928));
#6506 = CARTESIAN_POINT('',(3.582336955774,246.80678594815));
#6507 = CARTESIAN_POINT('',(3.576432717947,246.70166963491));
#6508 = CARTESIAN_POINT('',(3.570539816248,246.56907119834));
#6509 = CARTESIAN_POINT('',(3.56467230449,246.40857794239));
#6510 = CARTESIAN_POINT('',(3.558844897588,246.2200634568));
#6511 = CARTESIAN_POINT('',(3.553072917959,246.003742533));
#6512 = CARTESIAN_POINT('',(3.542056540208,245.53316967636));
#6513 = CARTESIAN_POINT('',(3.536801663868,245.28241598989));
#6514 = CARTESIAN_POINT('',(3.531620372506,245.00844950302));
#6515 = CARTESIAN_POINT('',(3.526523841714,244.71196317939));
#6516 = CARTESIAN_POINT('',(3.521521795876,244.3938313317));
#6517 = CARTESIAN_POINT('',(3.516622636385,244.05507886727));
#6518 = CARTESIAN_POINT('',(3.511833551583,243.69685411654));
#6519 = CARTESIAN_POINT('',(3.504786014169,243.12910967596));
#6520 = CARTESIAN_POINT('',(3.50244124974,242.93309518111));
#6521 = CARTESIAN_POINT('',(3.500127021878,242.73251679477));
#6522 = CARTESIAN_POINT('',(3.497843925436,242.5275313739));
#6523 = CARTESIAN_POINT('',(3.495592451708,242.3182964347));
#6524 = CARTESIAN_POINT('',(3.493372996788,242.10496898974));
#6525 = CARTESIAN_POINT('',(3.491185869919,241.88770438511));
#6526 = CARTESIAN_POINT('',(3.484764618585,241.22891212163));
#6527 = CARTESIAN_POINT('',(3.480625752205,240.77634127653));
#6528 = CARTESIAN_POINT('',(3.476616265933,240.31010849729));
#6529 = CARTESIAN_POINT('',(3.472736609723,239.83134035353));
#6530 = CARTESIAN_POINT('',(3.468986343638,239.34110315385));
#6531 = CARTESIAN_POINT('',(3.465364322067,238.84038570232));
#6532 = CARTESIAN_POINT('',(3.461868838793,238.330085747));
#6533 = CARTESIAN_POINT('',(3.453767564017,237.082644866));
#6534 = CARTESIAN_POINT('',(3.449282873427,236.33708409101));
#6535 = CARTESIAN_POINT('',(3.445037166505,235.57646120382));
#6536 = CARTESIAN_POINT('',(3.441023556968,234.80270010335));
#6537 = CARTESIAN_POINT('',(3.437234903335,234.01749682862));
#6538 = CARTESIAN_POINT('',(3.433663945376,233.22231120826));
#6539 = CARTESIAN_POINT('',(3.430303440562,232.41835850997));
#6540 = CARTESIAN_POINT('',(3.424379346059,230.89516739262));
#6541 = CARTESIAN_POINT('',(3.421768877435,230.17781140375));
#6542 = CARTESIAN_POINT('',(3.419310226204,229.45522311347));
#6543 = CARTESIAN_POINT('',(3.416999085863,228.7280264919));
#6544 = CARTESIAN_POINT('',(3.414831449128,227.99678089562));
#6545 = CARTESIAN_POINT('',(3.412803568272,227.26198185636));
#6546 = CARTESIAN_POINT('',(3.410911938523,226.52406125187));
#6547 = CARTESIAN_POINT('',(3.407650308514,225.15037812792));
#6548 = CARTESIAN_POINT('',(3.406244494314,224.51537591287));
#6549 = CARTESIAN_POINT('',(3.404933847309,223.87861981478));
#6550 = CARTESIAN_POINT('',(3.403716509693,223.2403333449));
#6551 = CARTESIAN_POINT('',(3.402590767791,222.60072403359));
#6552 = CARTESIAN_POINT('',(3.401555039354,221.95998353891));
#6553 = CARTESIAN_POINT('',(3.400607860861,221.31828775532));
#6554 = CARTESIAN_POINT('',(3.397000714599,218.62340865189));
#6555 = CARTESIAN_POINT('',(3.395144581724,216.56385756378));
#6556 = CARTESIAN_POINT('',(3.394132392865,214.50123395568));
#6557 = CARTESIAN_POINT('',(3.393933946681,212.43957787136));
#6558 = CARTESIAN_POINT('',(3.394527371818,210.38285478245));
#6559 = CARTESIAN_POINT('',(3.395897756547,208.33489182349));
#6560 = CARTESIAN_POINT('',(3.398035454546,206.29942091585));
#6561 = CARTESIAN_POINT('',(3.403923546277,202.20095726945));
#6562 = CARTESIAN_POINT('',(3.407718150615,200.14003893677));
#6563 = CARTESIAN_POINT('',(3.412314816045,198.10111444714));
#6564 = CARTESIAN_POINT('',(3.417713210489,196.08871496428));
#6565 = CARTESIAN_POINT('',(3.423915856224,194.10798496881));
#6566 = CARTESIAN_POINT('',(3.430926815323,192.16463184425));
#6567 = CARTESIAN_POINT('',(3.438751182494,190.26490359637));
#6568 = CARTESIAN_POINT('',(3.451332345264,187.57322830257));
#6569 = CARTESIAN_POINT('',(3.455439312241,186.74140067633));
#6570 = CARTESIAN_POINT('',(3.459716356771,185.92077477173));
#6571 = CARTESIAN_POINT('',(3.464163734813,185.11206940739));
#6572 = CARTESIAN_POINT('',(3.468781543952,184.31604697698));
#6573 = CARTESIAN_POINT('',(3.473569684657,183.53350988244));
#6574 = CARTESIAN_POINT('',(3.478527821549,182.76529696711));
#6575 = CARTESIAN_POINT('',(3.491720411483,180.82786157733));
#6576 = CARTESIAN_POINT('',(3.500204456938,179.68104997313));
#6577 = CARTESIAN_POINT('',(3.509105037132,178.57524673679));
#6578 = CARTESIAN_POINT('',(3.518417328458,177.51414906965));
#6579 = CARTESIAN_POINT('',(3.52813362351,176.50167448724));
#6580 = CARTESIAN_POINT('',(3.538242814817,175.54187914343));
#6581 = CARTESIAN_POINT('',(3.548729866422,174.63886976554));
#6582 = CARTESIAN_POINT('',(3.572728492964,172.77534383488));
#6583 = CARTESIAN_POINT('',(3.586411247848,171.84328887838));
#6584 = CARTESIAN_POINT('',(3.600584592458,171.00819465951));
#6585 = CARTESIAN_POINT('',(3.61520124409,170.27726894103));
#6586 = CARTESIAN_POINT('',(3.630205421051,169.65706673406));
#6587 = CARTESIAN_POINT('',(3.645532785602,169.15334873699));
#6588 = CARTESIAN_POINT('',(3.661110145237,168.77094078644));
#6589 = CARTESIAN_POINT('',(3.695340192928,168.21129516011));
#6590 = CARTESIAN_POINT('',(3.714057592101,168.08134612725));
#6591 = CARTESIAN_POINT('',(3.732879141687,168.12958179408));
#6592 = CARTESIAN_POINT('',(3.751670383716,168.35987025511));
#6593 = CARTESIAN_POINT('',(3.770289409613,168.77450715071));
#6594 = CARTESIAN_POINT('',(3.78858582343,169.37440941688));
#6595 = CARTESIAN_POINT('',(3.806399029992,170.15942552466));
#6596 = CARTESIAN_POINT('',(3.823557649855,171.12755944649));
#6597 = ( GEOMETRIC_REPRESENTATION_CONTEXT(2) 
PARAMETRIC_REPRESENTATION_CONTEXT() REPRESENTATION_CONTEXT('2D SPACE',''
  ) );
#6598 = ORIENTED_EDGE('',*,*,#6599,.T.);
#6599 = EDGE_CURVE('',#6265,#6600,#6602,.T.);
#6600 = VERTEX_POINT('',#6601);
#6601 = CARTESIAN_POINT('',(-103.4779792708,-108.3159628403,
    285.34225217844));
#6602 = SURFACE_CURVE('',#6603,(#6608,#6615),.PCURVE_S1.);
#6603 = CIRCLE('',#6604,34.5);
#6604 = AXIS2_PLACEMENT_3D('',#6605,#6606,#6607);
#6605 = CARTESIAN_POINT('',(-106.5427664129,-75.,276.92181871006));
#6606 = DIRECTION('',(-0.939692620786,1.150791560228E-16,0.342020143326)
  );
#6607 = DIRECTION('',(0.342020143326,-4.188538737677E-17,0.939692620786)
  );
#6608 = PCURVE('',#3565,#6609);
#6609 = DEFINITIONAL_REPRESENTATION('',(#6610),#6614);
#6610 = LINE('',#6611,#6612);
#6611 = CARTESIAN_POINT('',(0.,0.));
#6612 = VECTOR('',#6613,1.);
#6613 = DIRECTION('',(1.,0.));
#6614 = ( GEOMETRIC_REPRESENTATION_CONTEXT(2) 
PARAMETRIC_REPRESENTATION_CONTEXT() REPRESENTATION_CONTEXT('2D SPACE',''
  ) );
#6615 = PCURVE('',#6616,#6621);
#6616 = PLANE('',#6617);
#6617 = AXIS2_PLACEMENT_3D('',#6618,#6619,#6620);
#6618 = CARTESIAN_POINT('',(-106.5427664129,-75.,276.92181871006));
#6619 = DIRECTION('',(-0.939692620786,1.150791560228E-16,0.342020143326)
  );
#6620 = DIRECTION('',(0.342020143326,-4.188538737677E-17,0.939692620786)
  );
#6621 = DEFINITIONAL_REPRESENTATION('',(#6622),#6626);
#6622 = CIRCLE('',#6623,34.5);
#6623 = AXIS2_PLACEMENT_2D('',#6624,#6625);
#6624 = CARTESIAN_POINT('',(0.,0.));
#6625 = DIRECTION('',(1.,0.));
#6626 = ( GEOMETRIC_REPRESENTATION_CONTEXT(2) 
PARAMETRIC_REPRESENTATION_CONTEXT() REPRESENTATION_CONTEXT('2D SPACE',''
  ) );
#6627 = ORIENTED_EDGE('',*,*,#6628,.T.);
#6628 = EDGE_CURVE('',#6600,#6242,#6629,.T.);
#6629 = SURFACE_CURVE('',#6630,(#6668,#6709),.PCURVE_S1.);
#6630 = B_SPLINE_CURVE_WITH_KNOTS('',8,(#6631,#6632,#6633,#6634,#6635,
    #6636,#6637,#6638,#6639,#6640,#6641,#6642,#6643,#6644,#6645,#6646,
    #6647,#6648,#6649,#6650,#6651,#6652,#6653,#6654,#6655,#6656,#6657,
    #6658,#6659,#6660,#6661,#6662,#6663,#6664,#6665,#6666,#6667),
  .UNSPECIFIED.,.F.,.F.,(9,7,7,7,7,9),(0.,0.243050631276,0.407682302508,
    0.762020351575,0.873088333857,1.),.UNSPECIFIED.);
#6631 = CARTESIAN_POINT('',(-103.4779792708,-108.3159628403,
    285.34225217844));
#6632 = CARTESIAN_POINT('',(-103.80999513,-107.998776626,286.97730107512
    ));
#6633 = CARTESIAN_POINT('',(-104.2001707736,-107.623803823,
    288.58804478046));
#6634 = CARTESIAN_POINT('',(-104.6425917503,-107.1953042283,
    290.17404718368));
#6635 = CARTESIAN_POINT('',(-105.1321529222,-106.7166147781,
    291.73491514104));
#6636 = CARTESIAN_POINT('',(-105.6644321935,-106.1903648557,
    293.27037823006));
#6637 = CARTESIAN_POINT('',(-106.2356380998,-105.6185615346,
    294.78032144372));
#6638 = CARTESIAN_POINT('',(-106.8425969541,-105.0025908583,
    296.2647894882));
#6639 = CARTESIAN_POINT('',(-107.9163531868,-103.8965265594,
    298.71237291513));
#6640 = CARTESIAN_POINT('',(-108.3651320856,-103.4299999948,
    299.68903815408));
#6641 = CARTESIAN_POINT('',(-108.8282446266,-102.9438717257,
    300.65396634226));
#6642 = CARTESIAN_POINT('',(-109.3049394198,-102.4383193052,
    301.60709982292));
#6643 = CARTESIAN_POINT('',(-109.7945418092,-101.9134348527,
    302.5483407461));
#6644 = CARTESIAN_POINT('',(-110.296447864,-101.3692270852,
    303.47755480311));
#6645 = CARTESIAN_POINT('',(-110.8101215526,-100.8056181998,
    304.39457195399));
#6646 = CARTESIAN_POINT('',(-112.4649998216,-98.96724709715,
    307.24618813295));
#6647 = CARTESIAN_POINT('',(-113.6465062814,-97.62221051493,
    309.13444383499));
#6648 = CARTESIAN_POINT('',(-114.8755807991,-96.18498416926,
    310.96331456177));
#6649 = CARTESIAN_POINT('',(-116.1489402038,-94.65187024106,
    312.72949788991));
#6650 = CARTESIAN_POINT('',(-117.4635933893,-93.01816707131,
    314.42748690542));
#6651 = CARTESIAN_POINT('',(-118.8169322955,-91.27761094405,
    316.0492045146));
#6652 = CARTESIAN_POINT('',(-120.2066919168,-89.4223391223,
    317.58401109811));
#6653 = CARTESIAN_POINT('',(-122.0789307497,-86.81797391896,
    319.46528262634));
#6654 = CARTESIAN_POINT('',(-122.5291518123,-86.18403868543,
    319.90408320153));
#6655 = CARTESIAN_POINT('',(-122.9827337197,-85.53734754941,
    320.33222072505));
#6656 = CARTESIAN_POINT('',(-123.4396045633,-84.87755316007,
    320.74911753387));
#6657 = CARTESIAN_POINT('',(-123.8996761813,-84.20430592416,
    321.15412015165));
#6658 = CARTESIAN_POINT('',(-124.3628457381,-83.51725084419,
    321.54649558827));
#6659 = CARTESIAN_POINT('',(-124.8289983443,-82.81602198014,
    321.92542498316));
#6660 = CARTESIAN_POINT('',(-125.8339270104,-81.28234106574,
    322.70656951967));
#6661 = CARTESIAN_POINT('',(-126.3735101423,-80.44554147327,
    323.10434343818));
#6662 = CARTESIAN_POINT('',(-126.9166191001,-79.58920183993,
    323.48199581829));
#6663 = CARTESIAN_POINT('',(-127.4630062169,-78.71279120285,
    323.83796182626));
#6664 = CARTESIAN_POINT('',(-128.0123190308,-77.81589199105,
    324.1704402046));
#6665 = CARTESIAN_POINT('',(-128.5641044626,-76.89821020352,
    324.47739779798));
#6666 = CARTESIAN_POINT('',(-129.1178153081,-75.95958532794,
    324.75657072507));
#6667 = CARTESIAN_POINT('',(-129.6728190485,-75.,325.0054621964));
#6668 = PCURVE('',#3565,#6669);
#6669 = DEFINITIONAL_REPRESENTATION('',(#6670),#6708);
#6670 = B_SPLINE_CURVE_WITH_KNOTS('',8,(#6671,#6672,#6673,#6674,#6675,
    #6676,#6677,#6678,#6679,#6680,#6681,#6682,#6683,#6684,#6685,#6686,
    #6687,#6688,#6689,#6690,#6691,#6692,#6693,#6694,#6695,#6696,#6697,
    #6698,#6699,#6700,#6701,#6702,#6703,#6704,#6705,#6706,#6707),
  .UNSPECIFIED.,.F.,.F.,(9,7,7,7,7,9),(0.,0.243050631276,0.407682302508,
    0.762020351575,0.873088333857,1.),.UNSPECIFIED.);
#6671 = CARTESIAN_POINT('',(4.975136173762,5.314930254506E-13));
#6672 = CARTESIAN_POINT('',(5.017351770295,0.87121251092));
#6673 = CARTESIAN_POINT('',(5.058629375599,1.788764476908));
#6674 = CARTESIAN_POINT('',(5.099087092341,2.746948973343));
#6675 = CARTESIAN_POINT('',(5.138826305057,3.740834276475));
#6676 = CARTESIAN_POINT('',(5.177940050328,4.766172485647));
#6677 = CARTESIAN_POINT('',(5.216517624632,5.819361455076));
#6678 = CARTESIAN_POINT('',(5.254647779074,6.897434184913));
#6679 = CARTESIAN_POINT('',(5.318010000855,8.743557827843));
#6680 = CARTESIAN_POINT('',(5.343430888103,9.49931123236));
#6681 = CARTESIAN_POINT('',(5.368712250815,10.264519547021));
#6682 = CARTESIAN_POINT('',(5.393879454008,11.038456976193));
#6683 = CARTESIAN_POINT('',(5.418957047435,11.820456084051));
#6684 = CARTESIAN_POINT('',(5.443969297246,12.609903425024));
#6685 = CARTESIAN_POINT('',(5.468940690794,13.406237137104));
#6686 = CARTESIAN_POINT('',(5.547608816432,15.936624209031));
#6687 = CARTESIAN_POINT('',(5.601213299573,17.692698596511));
#6688 = CARTESIAN_POINT('',(5.654996817999,19.4731614794));
#6689 = CARTESIAN_POINT('',(5.709217006473,21.273798190482));
#6690 = CARTESIAN_POINT('',(5.764127865544,23.089914534346));
#6691 = CARTESIAN_POINT('',(5.820011750272,24.916297206997));
#6692 = CARTESIAN_POINT('',(5.877193244692,26.747178835517));
#6693 = CARTESIAN_POINT('',(5.954637994038,29.149940608873));
#6694 = CARTESIAN_POINT('',(5.973291320512,29.723088654713));
#6695 = CARTESIAN_POINT('',(5.992129526612,30.29574788316));
#6696 = CARTESIAN_POINT('',(6.011166384046,30.867653149886));
#6697 = CARTESIAN_POINT('',(6.030416066885,31.438498107731));
#6698 = CARTESIAN_POINT('',(6.049893416776,32.007935425522));
#6699 = CARTESIAN_POINT('',(6.069614294333,32.575577075644));
#6700 = CARTESIAN_POINT('',(6.112428102332,33.787068293929));
#6701 = CARTESIAN_POINT('',(6.135597907817,34.430157273868));
#6702 = CARTESIAN_POINT('',(6.159133017782,35.069677474988));
#6703 = CARTESIAN_POINT('',(6.183059665155,35.70486096177));
#6704 = CARTESIAN_POINT('',(6.207403157902,36.334760462167));
#6705 = CARTESIAN_POINT('',(6.232188392618,36.958254840702));
#6706 = CARTESIAN_POINT('',(6.257440454995,37.574055600881));
#6707 = CARTESIAN_POINT('',(6.28318530718,38.180714416908));
#6708 = ( GEOMETRIC_REPRESENTATION_CONTEXT(2) 
PARAMETRIC_REPRESENTATION_CONTEXT() REPRESENTATION_CONTEXT('2D SPACE',''
  ) );
#6709 = PCURVE('',#4354,#6710);
#6710 = DEFINITIONAL_REPRESENTATION('',(#6711),#6749);
#6711 = B_SPLINE_CURVE_WITH_KNOTS('',8,(#6712,#6713,#6714,#6715,#6716,
    #6717,#6718,#6719,#6720,#6721,#6722,#6723,#6724,#6725,#6726,#6727,
    #6728,#6729,#6730,#6731,#6732,#6733,#6734,#6735,#6736,#6737,#6738,
    #6739,#6740,#6741,#6742,#6743,#6744,#6745,#6746,#6747,#6748),
  .UNSPECIFIED.,.F.,.F.,(9,7,7,7,7,9),(0.,0.243050631276,0.407682302508,
    0.762020351575,0.873088333857,1.),.UNSPECIFIED.);
#6712 = CARTESIAN_POINT('',(3.949829724949,206.34225217844));
#6713 = CARTESIAN_POINT('',(3.94676447168,207.97730107512));
#6714 = CARTESIAN_POINT('',(3.943152014771,209.58804478046));
#6715 = CARTESIAN_POINT('',(3.939040501832,211.17404718368));
#6716 = CARTESIAN_POINT('',(3.93446985352,212.73491514104));
#6717 = CARTESIAN_POINT('',(3.929473326198,214.27037823006));
#6718 = CARTESIAN_POINT('',(3.924078134127,215.78032144372));
#6719 = CARTESIAN_POINT('',(3.918305495686,217.2647894882));
#6720 = CARTESIAN_POINT('',(3.908014873722,219.71237291513));
#6721 = CARTESIAN_POINT('',(3.903693554578,220.68903815408));
#6722 = CARTESIAN_POINT('',(3.899211588899,221.65396634226));
#6723 = CARTESIAN_POINT('',(3.894573174811,222.60709982292));
#6724 = CARTESIAN_POINT('',(3.889781704491,223.5483407461));
#6725 = CARTESIAN_POINT('',(3.884839797805,224.47755480311));
#6726 = CARTESIAN_POINT('',(3.879749295399,225.39457195399));
#6727 = CARTESIAN_POINT('',(3.863237241397,228.24618813295));
#6728 = CARTESIAN_POINT('',(3.851287028977,230.13444383499));
#6729 = CARTESIAN_POINT('',(3.838664792355,231.96331456177));
#6730 = CARTESIAN_POINT('',(3.825363547489,233.72949788991));
#6731 = CARTESIAN_POINT('',(3.811368712836,235.42748690542));
#6732 = CARTESIAN_POINT('',(3.796654349712,237.0492045146));
#6733 = CARTESIAN_POINT('',(3.781182873287,238.58401109811));
#6734 = CARTESIAN_POINT('',(3.7597710531,240.46528262634));
#6735 = CARTESIAN_POINT('',(3.754580599143,240.90408320153));
#6736 = CARTESIAN_POINT('',(3.749307705062,241.33222072505));
#6737 = CARTESIAN_POINT('',(3.743950537993,241.74911753387));
#6738 = CARTESIAN_POINT('',(3.738507286012,242.15412015165));
#6739 = CARTESIAN_POINT('',(3.732976131057,242.54649558827));
#6740 = CARTESIAN_POINT('',(3.727355204348,242.92542498316));
#6741 = CARTESIAN_POINT('',(3.715114938875,243.70656951967));
#6742 = CARTESIAN_POINT('',(3.708468372078,244.10434343818));
#6743 = CARTESIAN_POINT('',(3.701699376162,244.48199581829));
#6744 = CARTESIAN_POINT('',(3.694805404211,244.83796182626));
#6745 = CARTESIAN_POINT('',(3.687784850549,245.1704402046));
#6746 = CARTESIAN_POINT('',(3.680637084698,245.47739779798));
#6747 = CARTESIAN_POINT('',(3.673362478866,245.75657072507));
#6748 = CARTESIAN_POINT('',(3.665962428994,246.0054621964));
#6749 = ( GEOMETRIC_REPRESENTATION_CONTEXT(2) 
PARAMETRIC_REPRESENTATION_CONTEXT() REPRESENTATION_CONTEXT('2D SPACE',''
  ) );
#6750 = ORIENTED_EDGE('',*,*,#6241,.T.);
#6751 = ADVANCED_FACE('',(#6752),#3894,.F.);
#6752 = FACE_BOUND('',#6753,.F.);
#6753 = EDGE_LOOP('',(#6754,#6755,#6778,#6976));
#6754 = ORIENTED_EDGE('',*,*,#3760,.F.);
#6755 = ORIENTED_EDGE('',*,*,#6756,.F.);
#6756 = EDGE_CURVE('',#6757,#3761,#6759,.T.);
#6757 = VERTEX_POINT('',#6758);
#6758 = CARTESIAN_POINT('',(-146.3960887515,-31.75256207369,
    336.55198651616));
#6759 = SEAM_CURVE('',#6760,(#6764,#6771),.PCURVE_S1.);
#6760 = LINE('',#6761,#6762);
#6761 = CARTESIAN_POINT('',(-138.5781024245,-30.23639410415,
    336.55198651616));
#6762 = VECTOR('',#6763,1.);
#6763 = DIRECTION('',(-0.981709285323,-0.190386131612,0.));
#6764 = PCURVE('',#3894,#6765);
#6765 = DEFINITIONAL_REPRESENTATION('',(#6766),#6770);
#6766 = LINE('',#6767,#6768);
#6767 = CARTESIAN_POINT('',(6.28318530718,-0.));
#6768 = VECTOR('',#6769,1.);
#6769 = DIRECTION('',(0.,1.));
#6770 = ( GEOMETRIC_REPRESENTATION_CONTEXT(2) 
PARAMETRIC_REPRESENTATION_CONTEXT() REPRESENTATION_CONTEXT('2D SPACE',''
  ) );
#6771 = PCURVE('',#3894,#6772);
#6772 = DEFINITIONAL_REPRESENTATION('',(#6773),#6777);
#6773 = LINE('',#6774,#6775);
#6774 = CARTESIAN_POINT('',(0.,-0.));
#6775 = VECTOR('',#6776,1.);
#6776 = DIRECTION('',(0.,1.));
#6777 = ( GEOMETRIC_REPRESENTATION_CONTEXT(2) 
PARAMETRIC_REPRESENTATION_CONTEXT() REPRESENTATION_CONTEXT('2D SPACE',''
  ) );
#6778 = ORIENTED_EDGE('',*,*,#6779,.T.);
#6779 = EDGE_CURVE('',#6757,#6757,#6780,.T.);
#6780 = SURFACE_CURVE('',#6781,(#6844,#6910),.PCURVE_S1.);
#6781 = B_SPLINE_CURVE_WITH_KNOTS('',7,(#6782,#6783,#6784,#6785,#6786,
    #6787,#6788,#6789,#6790,#6791,#6792,#6793,#6794,#6795,#6796,#6797,
    #6798,#6799,#6800,#6801,#6802,#6803,#6804,#6805,#6806,#6807,#6808,
    #6809,#6810,#6811,#6812,#6813,#6814,#6815,#6816,#6817,#6818,#6819,
    #6820,#6821,#6822,#6823,#6824,#6825,#6826,#6827,#6828,#6829,#6830,
    #6831,#6832,#6833,#6834,#6835,#6836,#6837,#6838,#6839,#6840,#6841,
    #6842,#6843),.UNSPECIFIED.,.T.,.F.,(8,6,6,6,6,6,6,6,6,6,8),(0.,
    0.12183841598,0.224255520958,0.309296476062,0.416502107371,
    0.531426398619,0.64335221246,0.737762090409,0.822920793369,
    0.905356604002,1.),.UNSPECIFIED.);
#6782 = CARTESIAN_POINT('',(-146.3960887515,-31.75256207369,
    336.55198651616));
#6783 = CARTESIAN_POINT('',(-146.3960887515,-31.75256207369,
    336.85579998543));
#6784 = CARTESIAN_POINT('',(-146.4030072499,-31.7206641263,
    337.15935379026));
#6785 = CARTESIAN_POINT('',(-146.4168238147,-31.6569625356,
    337.46074541322));
#6786 = CARTESIAN_POINT('',(-146.4376412233,-31.56077172515,
    337.75789364694));
#6787 = CARTESIAN_POINT('',(-146.4656537709,-31.43077733873,
    338.04816748625));
#6788 = CARTESIAN_POINT('',(-146.5010914666,-31.26520922117,
    338.32793277355));
#6789 = CARTESIAN_POINT('',(-146.5803342382,-30.89135923413,
    338.81381083176));
#6790 = CARTESIAN_POINT('',(-146.6222237805,-30.69258993234,
    339.02650891948));
#6791 = CARTESIAN_POINT('',(-146.6698203547,-30.46507503958,
    339.2248184579));
#6792 = CARTESIAN_POINT('',(-146.7229180744,-30.20892290026,
    339.40323894083));
#6793 = CARTESIAN_POINT('',(-146.7811005329,-29.92506220578,
    339.55596353084));
#6794 = CARTESIAN_POINT('',(-146.8437333369,-29.6154133551,
    339.67679418279));
#6795 = CARTESIAN_POINT('',(-146.9649255052,-29.00740892205,
    339.82719410071));
#6796 = CARTESIAN_POINT('',(-147.0218184192,-28.71883397914,
    339.86808029581));
#6797 = CARTESIAN_POINT('',(-147.0792762266,-28.42375246813,
    339.87776879395));
#6798 = CARTESIAN_POINT('',(-147.1358868035,-28.1291258065,
    339.85494593063));
#6799 = CARTESIAN_POINT('',(-147.190340783,-27.84197274319,
    339.80079993476));
#6800 = CARTESIAN_POINT('',(-147.2415370595,-27.56875876379,
    339.71898676327));
#6801 = CARTESIAN_POINT('',(-147.3479918652,-26.99472699882,
    339.48526856642));
#6802 = CARTESIAN_POINT('',(-147.4010349662,-26.70417771499,
    339.32020605985));
#6803 = CARTESIAN_POINT('',(-147.4477817951,-26.44456541293,
    339.12823082868));
#6804 = CARTESIAN_POINT('',(-147.4884734208,-26.21600287004,
    338.91564432132));
#6805 = CARTESIAN_POINT('',(-147.5234192764,-26.01791233643,
    338.68765170005));
#6806 = CARTESIAN_POINT('',(-147.5529486904,-25.8493251305,
    338.44858070849));
#6807 = CARTESIAN_POINT('',(-147.6035853201,-25.55865611709,
    337.9376378767));
#6808 = CARTESIAN_POINT('',(-147.6240513617,-25.44011751012,
    337.66344990569));
#6809 = CARTESIAN_POINT('',(-147.6391754499,-25.35199336328,
    337.38280289034));
#6810 = CARTESIAN_POINT('',(-147.6492369164,-25.29316743272,
    337.09814387434));
#6811 = CARTESIAN_POINT('',(-147.6544035509,-25.26293780698,
    336.8113747807));
#6812 = CARTESIAN_POINT('',(-147.6547242146,-25.26109979086,
    336.52418116127));
#6813 = CARTESIAN_POINT('',(-147.6456257448,-25.31422338434,
    335.95988083904));
#6814 = CARTESIAN_POINT('',(-147.6364658353,-25.36767306375,
    335.6830387212));
#6815 = CARTESIAN_POINT('',(-147.6225750351,-25.44859062226,
    335.40927670297));
#6816 = CARTESIAN_POINT('',(-147.6037678818,-25.55774433515,
    335.14038607308));
#6817 = CARTESIAN_POINT('',(-147.5797524546,-25.69631797933,
    334.87869469699));
#6818 = CARTESIAN_POINT('',(-147.5501430104,-25.86575502847,
    334.62738498808));
#6819 = CARTESIAN_POINT('',(-147.4844101751,-26.2377329054,
    334.1915089281));
#6820 = CARTESIAN_POINT('',(-147.4497985984,-26.43226081651,
    334.00110869112));
#6821 = CARTESIAN_POINT('',(-147.4104758379,-26.65142203663,
    333.82417164016));
#6822 = CARTESIAN_POINT('',(-147.366360857,-26.89482524572,
    333.66527386511));
#6823 = CARTESIAN_POINT('',(-147.3174714647,-27.16139369714,
    333.52913258937));
#6824 = CARTESIAN_POINT('',(-147.2639611456,-27.44927992807,
    333.42064981902));
#6825 = CARTESIAN_POINT('',(-147.1540775662,-28.03206301281,
    333.27677893161));
#6826 = CARTESIAN_POINT('',(-147.098974573,-28.32098508098,
    333.23589273652));
#6827 = CARTESIAN_POINT('',(-147.041963317,-28.61615319317,
    333.22620423837));
#6828 = CARTESIAN_POINT('',(-146.9843362757,-28.91058272849,
    333.24902710169));
#6829 = CARTESIAN_POINT('',(-146.927502665,-29.19727430206,
    333.30317309756));
#6830 = CARTESIAN_POINT('',(-146.8728580509,-29.46981953392,
    333.38498626905));
#6831 = CARTESIAN_POINT('',(-146.7720120417,-29.96796589274,
    333.58845270528));
#6832 = CARTESIAN_POINT('',(-146.7238187776,-30.20357182123,
    333.71233701025));
#6833 = CARTESIAN_POINT('',(-146.6776467084,-30.42707621223,
    333.85892428129));
#6834 = CARTESIAN_POINT('',(-146.6340934616,-30.63600672889,
    334.02674405042));
#6835 = CARTESIAN_POINT('',(-146.5937311561,-30.8281063684,
    334.21396950601));
#6836 = CARTESIAN_POINT('',(-146.5570838145,-31.00138042336,
    334.41845511509));
#6837 = CARTESIAN_POINT('',(-146.4872943063,-31.32961497126,
    334.88962401946));
#6838 = CARTESIAN_POINT('',(-146.4565615638,-31.47295263345,
    335.15369815287));
#6839 = CARTESIAN_POINT('',(-146.4322328333,-31.58575924441,
    335.4261036388));
#6840 = CARTESIAN_POINT('',(-146.4141295621,-31.6693839549,
    335.70405070564));
#6841 = CARTESIAN_POINT('',(-146.4021069222,-31.7248153096,
    335.98546048307));
#6842 = CARTESIAN_POINT('',(-146.3960887515,-31.75256207369,
    336.26863107609));
#6843 = CARTESIAN_POINT('',(-146.3960887515,-31.75256207369,
    336.55198651616));
#6844 = PCURVE('',#3894,#6845);
#6845 = DEFINITIONAL_REPRESENTATION('',(#6846),#6909);
#6846 = B_SPLINE_CURVE_WITH_KNOTS('',7,(#6847,#6848,#6849,#6850,#6851,
    #6852,#6853,#6854,#6855,#6856,#6857,#6858,#6859,#6860,#6861,#6862,
    #6863,#6864,#6865,#6866,#6867,#6868,#6869,#6870,#6871,#6872,#6873,
    #6874,#6875,#6876,#6877,#6878,#6879,#6880,#6881,#6882,#6883,#6884,
    #6885,#6886,#6887,#6888,#6889,#6890,#6891,#6892,#6893,#6894,#6895,
    #6896,#6897,#6898,#6899,#6900,#6901,#6902,#6903,#6904,#6905,#6906,
    #6907,#6908),.UNSPECIFIED.,.F.,.F.,(8,6,6,6,6,6,6,6,6,6,8),(0.,
    0.12183841598,0.224255520958,0.309296476062,0.416502107371,
    0.531426398619,0.64335221246,0.737762090409,0.822920793369,
    0.905356604002,1.),.UNSPECIFIED.);
#6847 = CARTESIAN_POINT('',(0.,7.963647124394));
#6848 = CARTESIAN_POINT('',(9.206468765771E-02,7.963647124394));
#6849 = CARTESIAN_POINT('',(0.184050579047,7.964366151655));
#6850 = CARTESIAN_POINT('',(0.276656426073,7.965802102261));
#6851 = CARTESIAN_POINT('',(0.370514155573,7.967925349193));
#6852 = CARTESIAN_POINT('',(0.466281974407,7.970676398937));
#6853 = CARTESIAN_POINT('',(0.564632474188,7.973944040481));
#6854 = CARTESIAN_POINT('',(0.75194269051,7.980561552255));
#6855 = CARTESIAN_POINT('',(0.840654197535,7.983841986479));
#6856 = CARTESIAN_POINT('',(0.932447413942,7.98725230496));
#6857 = CARTESIAN_POINT('',(1.027356334529,7.990611014589));
#6858 = CARTESIAN_POINT('',(1.12551486651,7.993686134766));
#6859 = CARTESIAN_POINT('',(1.227179871882,7.996220493227));
#6860 = CARTESIAN_POINT('',(1.420494846798,7.999440358111));
#6861 = CARTESIAN_POINT('',(1.510032961318,8.000351992937));
#6862 = CARTESIAN_POINT('',(1.600357764824,8.000579428588));
#6863 = CARTESIAN_POINT('',(1.690590197484,8.000061727252));
#6864 = CARTESIAN_POINT('',(1.779889104908,7.998849743656));
#6865 = CARTESIAN_POINT('',(1.867300907548,7.997093450965));
#6866 = CARTESIAN_POINT('',(2.057860096236,7.992313435062));
#6867 = CARTESIAN_POINT('',(2.159534726241,7.989069785612));
#6868 = CARTESIAN_POINT('',(2.257317917555,7.9855349997));
#6869 = CARTESIAN_POINT('',(2.35168498675,7.981967208132));
#6870 = CARTESIAN_POINT('',(2.443040473792,7.978560188646));
#6871 = CARTESIAN_POINT('',(2.5317082881,7.9754528226));
#6872 = CARTESIAN_POINT('',(2.710491913236,7.969823923149));
#6873 = CARTESIAN_POINT('',(2.800670624249,7.967347519331));
#6874 = CARTESIAN_POINT('',(2.889155371996,7.965417361804));
#6875 = CARTESIAN_POINT('',(2.97648985457,7.964095155537));
#6876 = CARTESIAN_POINT('',(3.063186926477,7.963411987094));
#6877 = CARTESIAN_POINT('',(3.149768200332,7.963376852812));
#6878 = CARTESIAN_POINT('',(3.321546121705,7.964558796024));
#6879 = CARTESIAN_POINT('',(3.406619415712,7.965742505515));
#6880 = CARTESIAN_POINT('',(3.49256104951,7.967511358842));
#6881 = CARTESIAN_POINT('',(3.579880028101,7.969829555041));
#6882 = CARTESIAN_POINT('',(3.669105939064,7.972635887142));
#6883 = CARTESIAN_POINT('',(3.760786895255,7.975826485214));
#6884 = CARTESIAN_POINT('',(3.935558617295,7.982115379443));
#6885 = CARTESIAN_POINT('',(4.018367751084,7.985172289722));
#6886 = CARTESIAN_POINT('',(4.103904008194,7.988294027509));
#6887 = CARTESIAN_POINT('',(4.192153254388,7.99132653655));
#6888 = CARTESIAN_POINT('',(4.283185206927,7.994082302518));
#6889 = CARTESIAN_POINT('',(4.377164547134,7.996360271203));
#6890 = CARTESIAN_POINT('',(4.562087500388,7.999440358111));
#6891 = CARTESIAN_POINT('',(4.651625614908,8.000351992937));
#6892 = CARTESIAN_POINT('',(4.741950418413,8.000579428588));
#6893 = CARTESIAN_POINT('',(4.832182851074,8.000061727251));
#6894 = CARTESIAN_POINT('',(4.921481758498,7.998849743657));
#6895 = CARTESIAN_POINT('',(5.008893561138,7.997093450965));
#6896 = CARTESIAN_POINT('',(5.174787357746,7.992932145538));
#6897 = CARTESIAN_POINT('',(5.256390219493,7.990476472023));
#6898 = CARTESIAN_POINT('',(5.337987136775,7.987701059311));
#6899 = CARTESIAN_POINT('',(5.419584803218,7.984721905405));
#6900 = CARTESIAN_POINT('',(5.50118686387,7.981670962526));
#6901 = CARTESIAN_POINT('',(5.582788767845,7.978682904087));
#6902 = CARTESIAN_POINT('',(5.758068255915,7.972661201718));
#6903 = CARTESIAN_POINT('',(5.8490162567,7.96978008603));
#6904 = CARTESIAN_POINT('',(5.937876994754,7.967373159717));
#6905 = CARTESIAN_POINT('',(6.025202849262,7.965521995384));
#6906 = CARTESIAN_POINT('',(6.111510005249,7.964272619332));
#6907 = CARTESIAN_POINT('',(6.197320022309,7.963647124394));
#6908 = CARTESIAN_POINT('',(6.28318530718,7.963647124394));
#6909 = ( GEOMETRIC_REPRESENTATION_CONTEXT(2) 
PARAMETRIC_REPRESENTATION_CONTEXT() REPRESENTATION_CONTEXT('2D SPACE',''
  ) );
#6910 = PCURVE('',#4354,#6911);
#6911 = DEFINITIONAL_REPRESENTATION('',(#6912),#6975);
#6912 = B_SPLINE_CURVE_WITH_KNOTS('',7,(#6913,#6914,#6915,#6916,#6917,
    #6918,#6919,#6920,#6921,#6922,#6923,#6924,#6925,#6926,#6927,#6928,
    #6929,#6930,#6931,#6932,#6933,#6934,#6935,#6936,#6937,#6938,#6939,
    #6940,#6941,#6942,#6943,#6944,#6945,#6946,#6947,#6948,#6949,#6950,
    #6951,#6952,#6953,#6954,#6955,#6956,#6957,#6958,#6959,#6960,#6961,
    #6962,#6963,#6964,#6965,#6966,#6967,#6968,#6969,#6970,#6971,#6972,
    #6973,#6974),.UNSPECIFIED.,.T.,.F.,(8,6,6,6,6,6,6,6,6,6,8),(0.,
    0.12183841598,0.224255520958,0.309296476062,0.416502107371,
    0.531426398619,0.64335221246,0.737762090409,0.822920793369,
    0.905356604002,1.),.UNSPECIFIED.);
#6913 = CARTESIAN_POINT('',(3.355179265624,257.55198651616));
#6914 = CARTESIAN_POINT('',(3.355179265624,257.85579998543));
#6915 = CARTESIAN_POINT('',(3.354961377655,258.15935379026));
#6916 = CARTESIAN_POINT('',(3.35452624584,258.46074541322));
#6917 = CARTESIAN_POINT('',(3.353869252195,258.75789364694));
#6918 = CARTESIAN_POINT('',(3.352981546919,259.04816748625));
#6919 = CARTESIAN_POINT('',(3.351851254493,259.32793277355));
#6920 = CARTESIAN_POINT('',(3.349300146163,259.81381083176));
#6921 = CARTESIAN_POINT('',(3.347944103449,260.02650891948));
#6922 = CARTESIAN_POINT('',(3.346392435651,260.2248184579));
#6923 = CARTESIAN_POINT('',(3.34464612968,260.40323894083));
#6924 = CARTESIAN_POINT('',(3.342711812323,260.55596353084));
#6925 = CARTESIAN_POINT('',(3.340602877334,260.67679418279));
#6926 = CARTESIAN_POINT('',(3.336464257394,260.82719410071));
#6927 = CARTESIAN_POINT('',(3.334500778712,260.86808029581));
#6928 = CARTESIAN_POINT('',(3.332493955496,260.87776879395));
#6929 = CARTESIAN_POINT('',(3.330491188657,260.85494593063));
#6930 = CARTESIAN_POINT('',(3.328540124326,260.80079993476));
#6931 = CARTESIAN_POINT('',(3.32668452459,260.71898676327));
#6932 = CARTESIAN_POINT('',(3.322787198816,260.48526856642));
#6933 = CARTESIAN_POINT('',(3.320815568257,260.32020605985));
#6934 = CARTESIAN_POINT('',(3.319054644532,260.12823082868));
#6935 = CARTESIAN_POINT('',(3.317504871908,259.91564432132));
#6936 = CARTESIAN_POINT('',(3.316162087386,259.68765170005));
#6937 = CARTESIAN_POINT('',(3.315019538957,259.44858070849));
#6938 = CARTESIAN_POINT('',(3.313049934949,258.9376378767));
#6939 = CARTESIAN_POINT('',(3.312246915858,258.66344990569));
#6940 = CARTESIAN_POINT('',(3.311650036586,258.38280289034));
#6941 = CARTESIAN_POINT('',(3.311251637469,258.09814387434));
#6942 = CARTESIAN_POINT('',(3.311046911423,257.8113747807));
#6943 = CARTESIAN_POINT('',(3.311034456344,257.52418116127));
#6944 = CARTESIAN_POINT('',(3.311394250127,256.95988083904));
#6945 = CARTESIAN_POINT('',(3.311756258715,256.6830387212));
#6946 = CARTESIAN_POINT('',(3.312304330726,256.40927670297));
#6947 = CARTESIAN_POINT('',(3.313043730299,256.14038607308));
#6948 = CARTESIAN_POINT('',(3.31398257607,255.87869469699));
#6949 = CARTESIAN_POINT('',(3.315130803277,255.62738498808));
#6950 = CARTESIAN_POINT('',(3.317652439529,255.1915089281));
#6951 = CARTESIAN_POINT('',(3.318971417679,255.00110869112));
#6952 = CARTESIAN_POINT('',(3.320457803688,254.82417164016));
#6953 = CARTESIAN_POINT('',(3.322109124527,254.66527386511));
#6954 = CARTESIAN_POINT('',(3.323918293229,254.52913258937));
#6955 = CARTESIAN_POINT('',(3.325873006745,254.42064981902));
#6956 = CARTESIAN_POINT('',(3.329831964513,254.27677893161));
#6957 = CARTESIAN_POINT('',(3.331795443195,254.23589273652));
#6958 = CARTESIAN_POINT('',(3.333802266411,254.22620423837));
#6959 = CARTESIAN_POINT('',(3.33580503325,254.24902710169));
#6960 = CARTESIAN_POINT('',(3.33775609758,254.30317309756));
#6961 = CARTESIAN_POINT('',(3.339611697317,254.38498626905));
#6962 = CARTESIAN_POINT('',(3.343004565295,254.58845270528));
#6963 = CARTESIAN_POINT('',(3.344609931796,254.71233701025));
#6964 = CARTESIAN_POINT('',(3.346133450295,254.85892428129));
#6965 = CARTESIAN_POINT('',(3.347558158056,255.02674405042));
#6966 = CARTESIAN_POINT('',(3.348868530873,255.21396950601));
#6967 = CARTESIAN_POINT('',(3.350050820592,255.41845511509));
#6968 = CARTESIAN_POINT('',(3.352290953374,255.88962401946));
#6969 = CARTESIAN_POINT('',(3.353269558882,256.15369815287));
#6970 = CARTESIAN_POINT('',(3.354039920528,256.4261036388));
#6971 = CARTESIAN_POINT('',(3.354611094066,256.70405070564));
#6972 = CARTESIAN_POINT('',(3.354989733413,256.98546048307));
#6973 = CARTESIAN_POINT('',(3.355179265624,257.26863107609));
#6974 = CARTESIAN_POINT('',(3.355179265624,257.55198651616));
#6975 = ( GEOMETRIC_REPRESENTATION_CONTEXT(2) 
PARAMETRIC_REPRESENTATION_CONTEXT() REPRESENTATION_CONTEXT('2D SPACE',''
  ) );
#6976 = ORIENTED_EDGE('',*,*,#6756,.T.);
#6977 = ADVANCED_FACE('',(#6978),#4101,.F.);
#6978 = FACE_BOUND('',#6979,.F.);
#6979 = EDGE_LOOP('',(#6980,#6981,#7004,#7202));
#6980 = ORIENTED_EDGE('',*,*,#3967,.F.);
#6981 = ORIENTED_EDGE('',*,*,#6982,.F.);
#6982 = EDGE_CURVE('',#6983,#3968,#6985,.T.);
#6983 = VERTEX_POINT('',#6984);
#6984 = CARTESIAN_POINT('',(-106.5950823065,-105.2498381379,
    336.55198651616));
#6985 = SEAM_CURVE('',#6986,(#6990,#6997),.PCURVE_S1.);
#6986 = LINE('',#6987,#6988);
#6987 = CARTESIAN_POINT('',(-101.0529247586,-99.53108257084,
    336.55198651616));
#6988 = VECTOR('',#6989,1.);
#6989 = DIRECTION('',(-0.695932085054,-0.718107605441,0.));
#6990 = PCURVE('',#4101,#6991);
#6991 = DEFINITIONAL_REPRESENTATION('',(#6992),#6996);
#6992 = LINE('',#6993,#6994);
#6993 = CARTESIAN_POINT('',(6.28318530718,-0.));
#6994 = VECTOR('',#6995,1.);
#6995 = DIRECTION('',(0.,1.));
#6996 = ( GEOMETRIC_REPRESENTATION_CONTEXT(2) 
PARAMETRIC_REPRESENTATION_CONTEXT() REPRESENTATION_CONTEXT('2D SPACE',''
  ) );
#6997 = PCURVE('',#4101,#6998);
#6998 = DEFINITIONAL_REPRESENTATION('',(#6999),#7003);
#6999 = LINE('',#7000,#7001);
#7000 = CARTESIAN_POINT('',(0.,-0.));
#7001 = VECTOR('',#7002,1.);
#7002 = DIRECTION('',(0.,1.));
#7003 = ( GEOMETRIC_REPRESENTATION_CONTEXT(2) 
PARAMETRIC_REPRESENTATION_CONTEXT() REPRESENTATION_CONTEXT('2D SPACE',''
  ) );
#7004 = ORIENTED_EDGE('',*,*,#7005,.T.);
#7005 = EDGE_CURVE('',#6983,#6983,#7006,.T.);
#7006 = SURFACE_CURVE('',#7007,(#7070,#7136),.PCURVE_S1.);
#7007 = B_SPLINE_CURVE_WITH_KNOTS('',7,(#7008,#7009,#7010,#7011,#7012,
    #7013,#7014,#7015,#7016,#7017,#7018,#7019,#7020,#7021,#7022,#7023,
    #7024,#7025,#7026,#7027,#7028,#7029,#7030,#7031,#7032,#7033,#7034,
    #7035,#7036,#7037,#7038,#7039,#7040,#7041,#7042,#7043,#7044,#7045,
    #7046,#7047,#7048,#7049,#7050,#7051,#7052,#7053,#7054,#7055,#7056,
    #7057,#7058,#7059,#7060,#7061,#7062,#7063,#7064,#7065,#7066,#7067,
    #7068,#7069),.UNSPECIFIED.,.T.,.F.,(8,6,6,6,6,6,6,6,6,6,8),(0.,
    0.12183841766,0.224255524027,0.309296479613,0.416502110573,
    0.531426401455,0.643352214938,0.737762092596,0.822920795352,
    0.905356605747,1.),.UNSPECIFIED.);
#7008 = CARTESIAN_POINT('',(-106.5950823065,-105.2498381379,
    336.55198651616));
#7009 = CARTESIAN_POINT('',(-106.5950823065,-105.2498381379,
    336.24817304689));
#7010 = CARTESIAN_POINT('',(-106.5721496307,-105.2730639219,
    335.94461924206));
#7011 = CARTESIAN_POINT('',(-106.52635209,-105.3194468433,
    335.64322761911));
#7012 = CARTESIAN_POINT('',(-106.4571717018,-105.3894476319,
    335.34607938539));
#7013 = CARTESIAN_POINT('',(-106.3636139136,-105.4839472805,
    335.05580554607));
#7014 = CARTESIAN_POINT('',(-106.2443219723,-105.6041057782,
    334.77604025877));
#7015 = CARTESIAN_POINT('',(-105.9745393082,-105.8747726284,
    334.29016220061));
#7016 = CARTESIAN_POINT('',(-105.8309682526,-106.0184783036,
    334.07746411284));
#7017 = CARTESIAN_POINT('',(-105.6664424724,-106.1826724812,
    333.87915457438));
#7018 = CARTESIAN_POINT('',(-105.480940189,-106.3671235294,
    333.70073409148));
#7019 = CARTESIAN_POINT('',(-105.275011592,-106.5709752041,
    333.5480095015));
#7020 = CARTESIAN_POINT('',(-105.0499182692,-106.7926467513,
    333.42717884955));
#7021 = CARTESIAN_POINT('',(-104.6069633091,-107.2264068612,
    333.27677893213));
#7022 = CARTESIAN_POINT('',(-104.396381954,-107.4317548553,
    333.23589273631));
#7023 = CARTESIAN_POINT('',(-104.1806602694,-107.6411316622,
    333.22620423756));
#7024 = CARTESIAN_POINT('',(-103.9648565015,-107.8495503778,
    333.24902710197));
#7025 = CARTESIAN_POINT('',(-103.7541330835,-108.0520788053,
    333.30317309867));
#7026 = CARTESIAN_POINT('',(-103.5533029376,-108.2442614928,
    333.38498626812));
#7027 = CARTESIAN_POINT('',(-103.1307452698,-108.6471139632,
    333.61870446591));
#7028 = CARTESIAN_POINT('',(-102.9164066053,-108.8503168023,
    333.78376697248));
#7029 = CARTESIAN_POINT('',(-102.7245358756,-109.0313401059,
    333.97574220364));
#7030 = CARTESIAN_POINT('',(-102.5553592687,-109.1903241306,
    334.18832871099));
#7031 = CARTESIAN_POINT('',(-102.4085620377,-109.3278437485,
    334.41632133227));
#7032 = CARTESIAN_POINT('',(-102.2835129154,-109.4447041323,
    334.65539232385));
#7033 = CARTESIAN_POINT('',(-102.0677588801,-109.6459570575,
    335.16633515562));
#7034 = CARTESIAN_POINT('',(-101.9796708945,-109.7278763287,
    335.44052312663));
#7035 = CARTESIAN_POINT('',(-101.9141347693,-109.7887008269,
    335.72117014199));
#7036 = CARTESIAN_POINT('',(-101.8703683355,-109.8292744944,
    336.00582915798));
#7037 = CARTESIAN_POINT('',(-101.8478754591,-109.8501214341,
    336.29259825163));
#7038 = CARTESIAN_POINT('',(-101.8465114161,-109.8513944286,
    336.57979187105));
#7039 = CARTESIAN_POINT('',(-101.8860285844,-109.8147434839,
    337.14409219328));
#7040 = CARTESIAN_POINT('',(-101.9257852635,-109.7778628842,
    337.42093431112));
#7041 = CARTESIAN_POINT('',(-101.9859600702,-109.7220095204,
    337.69469632935));
#7042 = CARTESIAN_POINT('',(-102.0670950586,-109.6466082226,
    337.96358695925));
#7043 = CARTESIAN_POINT('',(-102.1700220742,-109.5507675993,
    338.22527833533));
#7044 = CARTESIAN_POINT('',(-102.2957391783,-109.433375766,
    338.47658804424));
#7045 = CARTESIAN_POINT('',(-102.5713369897,-109.1750461453,
    338.91246410424));
#7046 = CARTESIAN_POINT('',(-102.7153333142,-109.0397533962,
    339.1028643412));
#7047 = CARTESIAN_POINT('',(-102.8773846721,-108.8870534377,
    339.27980139215));
#7048 = CARTESIAN_POINT('',(-103.0571190596,-108.7170922549,
    339.43869916721));
#7049 = CARTESIAN_POINT('',(-103.2536444676,-108.5304731884,
    339.57484044296));
#7050 = CARTESIAN_POINT('',(-103.4654975807,-108.3283343878,
    339.68332321331));
#7051 = CARTESIAN_POINT('',(-103.8935104293,-107.9178279609,
    339.82719410076));
#7052 = CARTESIAN_POINT('',(-104.1053606505,-107.7137892761,
    339.86808029573));
#7053 = CARTESIAN_POINT('',(-104.321398901,-107.5047391096,
    339.87776879401));
#7054 = CARTESIAN_POINT('',(-104.536482099,-107.2955768634,
    339.85494593066));
#7055 = CARTESIAN_POINT('',(-104.7455185942,-107.0913077728,
    339.80079993465));
#7056 = CARTESIAN_POINT('',(-104.9439042246,-106.8966026658,
    339.71898676334));
#7057 = CARTESIAN_POINT('',(-105.3059753615,-106.5399176444,
    339.51552032703));
#7058 = CARTESIAN_POINT('',(-105.4769510487,-106.3708021259,
    339.39163602208));
#7059 = CARTESIAN_POINT('',(-105.63889663,-106.2099926067,
    339.24504875107));
#7060 = CARTESIAN_POINT('',(-105.7900681953,-106.0593406769,
    339.07722898189));
#7061 = CARTESIAN_POINT('',(-105.9288882298,-105.9205588869,
    338.89000352627));
#7062 = CARTESIAN_POINT('',(-106.053972599,-105.7951761676,
    338.68551791727));
#7063 = CARTESIAN_POINT('',(-106.2907198268,-105.5573542968,
    338.21434901674));
#7064 = CARTESIAN_POINT('',(-106.3939656498,-105.4532846614,
    337.95027487005));
#7065 = CARTESIAN_POINT('',(-106.4751423616,-105.3712629642,
    337.67786939941));
#7066 = CARTESIAN_POINT('',(-106.5352822687,-105.3104023705,
    337.39992233231));
#7067 = CARTESIAN_POINT('',(-106.5751341024,-105.2700413637,
    337.11851253955));
#7068 = CARTESIAN_POINT('',(-106.5950823065,-105.2498381379,
    336.83534196048));
#7069 = CARTESIAN_POINT('',(-106.5950823065,-105.2498381379,
    336.55198651616));
#7070 = PCURVE('',#4101,#7071);
#7071 = DEFINITIONAL_REPRESENTATION('',(#7072),#7135);
#7072 = B_SPLINE_CURVE_WITH_KNOTS('',7,(#7073,#7074,#7075,#7076,#7077,
    #7078,#7079,#7080,#7081,#7082,#7083,#7084,#7085,#7086,#7087,#7088,
    #7089,#7090,#7091,#7092,#7093,#7094,#7095,#7096,#7097,#7098,#7099,
    #7100,#7101,#7102,#7103,#7104,#7105,#7106,#7107,#7108,#7109,#7110,
    #7111,#7112,#7113,#7114,#7115,#7116,#7117,#7118,#7119,#7120,#7121,
    #7122,#7123,#7124,#7125,#7126,#7127,#7128,#7129,#7130,#7131,#7132,
    #7133,#7134),.UNSPECIFIED.,.F.,.F.,(8,6,6,6,6,6,6,6,6,6,8),(0.,
    0.12183841766,0.224255524027,0.309296479613,0.416502110573,
    0.531426401455,0.643352214938,0.737762092596,0.822920795352,
    0.905356605747,1.),.UNSPECIFIED.);
#7073 = CARTESIAN_POINT('',(0.,7.963647124394));
#7074 = CARTESIAN_POINT('',(9.206468765755E-02,7.963647124394));
#7075 = CARTESIAN_POINT('',(0.184050579048,7.964366151655));
#7076 = CARTESIAN_POINT('',(0.276656426072,7.96580210226));
#7077 = CARTESIAN_POINT('',(0.370514155573,7.967925349194));
#7078 = CARTESIAN_POINT('',(0.466281974407,7.970676398937));
#7079 = CARTESIAN_POINT('',(0.564632474188,7.973944040481));
#7080 = CARTESIAN_POINT('',(0.751942690491,7.980561552254));
#7081 = CARTESIAN_POINT('',(0.840654197535,7.983841986479));
#7082 = CARTESIAN_POINT('',(0.932447413957,7.98725230496));
#7083 = CARTESIAN_POINT('',(1.027356334542,7.990611014589));
#7084 = CARTESIAN_POINT('',(1.125514866507,7.993686134766));
#7085 = CARTESIAN_POINT('',(1.227179871864,7.996220493227));
#7086 = CARTESIAN_POINT('',(1.42049484612,7.9994403581));
#7087 = CARTESIAN_POINT('',(1.510032963009,8.000351992942));
#7088 = CARTESIAN_POINT('',(1.600357763738,8.000579428605));
#7089 = CARTESIAN_POINT('',(1.690590196463,8.000061727245));
#7090 = CARTESIAN_POINT('',(1.77988910668,7.998849743634));
#7091 = CARTESIAN_POINT('',(1.867300906792,7.997093450984));
#7092 = CARTESIAN_POINT('',(2.057860096241,7.992313435062));
#7093 = CARTESIAN_POINT('',(2.159534726242,7.989069785611));
#7094 = CARTESIAN_POINT('',(2.257317917552,7.9855349997));
#7095 = CARTESIAN_POINT('',(2.351684986744,7.981967208131));
#7096 = CARTESIAN_POINT('',(2.443040473793,7.978560188646));
#7097 = CARTESIAN_POINT('',(2.531708288105,7.9754528226));
#7098 = CARTESIAN_POINT('',(2.710491913236,7.969823923149));
#7099 = CARTESIAN_POINT('',(2.800670624249,7.967347519332));
#7100 = CARTESIAN_POINT('',(2.889155371996,7.965417361804));
#7101 = CARTESIAN_POINT('',(2.97648985457,7.964095155537));
#7102 = CARTESIAN_POINT('',(3.063186926477,7.963411987094));
#7103 = CARTESIAN_POINT('',(3.149768200332,7.963376852812));
#7104 = CARTESIAN_POINT('',(3.321546121705,7.964558796024));
#7105 = CARTESIAN_POINT('',(3.406619415713,7.965742505515));
#7106 = CARTESIAN_POINT('',(3.49256104951,7.967511358842));
#7107 = CARTESIAN_POINT('',(3.579880028101,7.969829555042));
#7108 = CARTESIAN_POINT('',(3.669105939065,7.972635887142));
#7109 = CARTESIAN_POINT('',(3.760786895255,7.975826485214));
#7110 = CARTESIAN_POINT('',(3.935558617303,7.982115379443));
#7111 = CARTESIAN_POINT('',(4.018367751084,7.985172289722));
#7112 = CARTESIAN_POINT('',(4.103904008187,7.988294027509));
#7113 = CARTESIAN_POINT('',(4.192153254383,7.99132653655));
#7114 = CARTESIAN_POINT('',(4.283185206929,7.994082302518));
#7115 = CARTESIAN_POINT('',(4.377164547142,7.996360271203));
#7116 = CARTESIAN_POINT('',(4.562087500442,7.999440358112));
#7117 = CARTESIAN_POINT('',(4.651625614854,8.000351992935));
#7118 = CARTESIAN_POINT('',(4.741950418369,8.000579428589));
#7119 = CARTESIAN_POINT('',(4.832182851117,8.000061727252));
#7120 = CARTESIAN_POINT('',(4.921481758553,7.998849743654));
#7121 = CARTESIAN_POINT('',(5.008893561084,7.997093450966));
#7122 = CARTESIAN_POINT('',(5.174787357758,7.992932145538));
#7123 = CARTESIAN_POINT('',(5.256390219481,7.990476472023));
#7124 = CARTESIAN_POINT('',(5.337987136764,7.987701059312));
#7125 = CARTESIAN_POINT('',(5.419584803228,7.984721905405));
#7126 = CARTESIAN_POINT('',(5.501186863884,7.981670962526));
#7127 = CARTESIAN_POINT('',(5.582788767832,7.978682904088));
#7128 = CARTESIAN_POINT('',(5.758068254473,7.972661201767));
#7129 = CARTESIAN_POINT('',(5.849016259953,7.969780085949));
#7130 = CARTESIAN_POINT('',(5.937876992904,7.967373159735));
#7131 = CARTESIAN_POINT('',(6.025202847295,7.965521995439));
#7132 = CARTESIAN_POINT('',(6.11151000836,7.964272619295));
#7133 = CARTESIAN_POINT('',(6.197320021022,7.963647124394));
#7134 = CARTESIAN_POINT('',(6.28318530718,7.963647124394));
#7135 = ( GEOMETRIC_REPRESENTATION_CONTEXT(2) 
PARAMETRIC_REPRESENTATION_CONTEXT() REPRESENTATION_CONTEXT('2D SPACE',''
  ) );
#7136 = PCURVE('',#4354,#7137);
#7137 = DEFINITIONAL_REPRESENTATION('',(#7138),#7201);
#7138 = B_SPLINE_CURVE_WITH_KNOTS('',7,(#7139,#7140,#7141,#7142,#7143,
    #7144,#7145,#7146,#7147,#7148,#7149,#7150,#7151,#7152,#7153,#7154,
    #7155,#7156,#7157,#7158,#7159,#7160,#7161,#7162,#7163,#7164,#7165,
    #7166,#7167,#7168,#7169,#7170,#7171,#7172,#7173,#7174,#7175,#7176,
    #7177,#7178,#7179,#7180,#7181,#7182,#7183,#7184,#7185,#7186,#7187,
    #7188,#7189,#7190,#7191,#7192,#7193,#7194,#7195,#7196,#7197,#7198,
    #7199,#7200),.UNSPECIFIED.,.T.,.F.,(8,6,6,6,6,6,6,6,6,6,8),(0.,
    0.12183841766,0.224255524027,0.309296479613,0.416502110573,
    0.531426401455,0.643352214938,0.737762092596,0.822920795352,
    0.905356605747,1.),.UNSPECIFIED.);
#7139 = CARTESIAN_POINT('',(3.920640765807,257.55198651616));
#7140 = CARTESIAN_POINT('',(3.920640765807,257.24817304689));
#7141 = CARTESIAN_POINT('',(3.920858653776,256.94461924206));
#7142 = CARTESIAN_POINT('',(3.921293785591,256.64322761911));
#7143 = CARTESIAN_POINT('',(3.921950779236,256.34607938539));
#7144 = CARTESIAN_POINT('',(3.922838484512,256.05580554607));
#7145 = CARTESIAN_POINT('',(3.923968776937,255.77604025877));
#7146 = CARTESIAN_POINT('',(3.926519885267,255.29016220061));
#7147 = CARTESIAN_POINT('',(3.927875927982,255.07746411284));
#7148 = CARTESIAN_POINT('',(3.929427595779,254.87915457438));
#7149 = CARTESIAN_POINT('',(3.931173901751,254.70073409148));
#7150 = CARTESIAN_POINT('',(3.933108219108,254.54800950149));
#7151 = CARTESIAN_POINT('',(3.935217154096,254.42717884955));
#7152 = CARTESIAN_POINT('',(3.939355774022,254.27677893213));
#7153 = CARTESIAN_POINT('',(3.941319252755,254.23589273631));
#7154 = CARTESIAN_POINT('',(3.943326075912,254.22620423756));
#7155 = CARTESIAN_POINT('',(3.945328842752,254.24902710197));
#7156 = CARTESIAN_POINT('',(3.947279907141,254.30317309867));
#7157 = CARTESIAN_POINT('',(3.949135506825,254.38498626812));
#7158 = CARTESIAN_POINT('',(3.953032832614,254.61870446591));
#7159 = CARTESIAN_POINT('',(3.955004463173,254.78376697248));
#7160 = CARTESIAN_POINT('',(3.956765386898,254.97574220364));
#7161 = CARTESIAN_POINT('',(3.958315159522,255.18832871099));
#7162 = CARTESIAN_POINT('',(3.959657944044,255.41632133227));
#7163 = CARTESIAN_POINT('',(3.960800492473,255.65539232385));
#7164 = CARTESIAN_POINT('',(3.962770096482,256.16633515562));
#7165 = CARTESIAN_POINT('',(3.963573115572,256.44052312663));
#7166 = CARTESIAN_POINT('',(3.964169994845,256.72117014199));
#7167 = CARTESIAN_POINT('',(3.964568393961,257.00582915798));
#7168 = CARTESIAN_POINT('',(3.964773120008,257.29259825163));
#7169 = CARTESIAN_POINT('',(3.964785575087,257.57979187105));
#7170 = CARTESIAN_POINT('',(3.964425781303,258.14409219328));
#7171 = CARTESIAN_POINT('',(3.964063772715,258.42093431112));
#7172 = CARTESIAN_POINT('',(3.963515700705,258.69469632935));
#7173 = CARTESIAN_POINT('',(3.962776301131,258.96358695925));
#7174 = CARTESIAN_POINT('',(3.961837455361,259.22527833533));
#7175 = CARTESIAN_POINT('',(3.960689228153,259.47658804424));
#7176 = CARTESIAN_POINT('',(3.958167591901,259.91246410424));
#7177 = CARTESIAN_POINT('',(3.956848613751,260.1028643412));
#7178 = CARTESIAN_POINT('',(3.955362227743,260.27980139215));
#7179 = CARTESIAN_POINT('',(3.953710906903,260.43869916721));
#7180 = CARTESIAN_POINT('',(3.951901738201,260.57484044296));
#7181 = CARTESIAN_POINT('',(3.949947024686,260.68332321331));
#7182 = CARTESIAN_POINT('',(3.945988066917,260.82719410076));
#7183 = CARTESIAN_POINT('',(3.944024588237,260.86808029573));
#7184 = CARTESIAN_POINT('',(3.942017765021,260.87776879401));
#7185 = CARTESIAN_POINT('',(3.940014998179,260.85494593066));
#7186 = CARTESIAN_POINT('',(3.938063933849,260.80079993465));
#7187 = CARTESIAN_POINT('',(3.936208334115,260.71898676334));
#7188 = CARTESIAN_POINT('',(3.932815466135,260.51552032703));
#7189 = CARTESIAN_POINT('',(3.931210099634,260.39163602208));
#7190 = CARTESIAN_POINT('',(3.929686581136,260.24504875107));
#7191 = CARTESIAN_POINT('',(3.928261873375,260.07722898189));
#7192 = CARTESIAN_POINT('',(3.926951500557,259.89000352627));
#7193 = CARTESIAN_POINT('',(3.925769210839,259.68551791727));
#7194 = CARTESIAN_POINT('',(3.923529078075,259.21434901674));
#7195 = CARTESIAN_POINT('',(3.922550472518,258.95027487005));
#7196 = CARTESIAN_POINT('',(3.921780110908,258.67786939941));
#7197 = CARTESIAN_POINT('',(3.921208937385,258.39992233231));
#7198 = CARTESIAN_POINT('',(3.920830298004,258.11851253955));
#7199 = CARTESIAN_POINT('',(3.920640765807,257.83534196048));
#7200 = CARTESIAN_POINT('',(3.920640765807,257.55198651616));
#7201 = ( GEOMETRIC_REPRESENTATION_CONTEXT(2) 
PARAMETRIC_REPRESENTATION_CONTEXT() REPRESENTATION_CONTEXT('2D SPACE',''
  ) );
#7202 = ORIENTED_EDGE('',*,*,#6982,.T.);
#7203 = ADVANCED_FACE('',(#7204),#4195,.F.);
#7204 = FACE_BOUND('',#7205,.F.);
#7205 = EDGE_LOOP('',(#7206,#7207,#7230,#7257));
#7206 = ORIENTED_EDGE('',*,*,#4178,.F.);
#7207 = ORIENTED_EDGE('',*,*,#7208,.F.);
#7208 = EDGE_CURVE('',#7209,#4179,#7211,.T.);
#7209 = VERTEX_POINT('',#7210);
#7210 = CARTESIAN_POINT('',(-26.5,-32.,380.));
#7211 = SEAM_CURVE('',#7212,(#7216,#7223),.PCURVE_S1.);
#7212 = LINE('',#7213,#7214);
#7213 = CARTESIAN_POINT('',(-26.5,-32.,379.));
#7214 = VECTOR('',#7215,1.);
#7215 = DIRECTION('',(0.,0.,1.));
#7216 = PCURVE('',#4195,#7217);
#7217 = DEFINITIONAL_REPRESENTATION('',(#7218),#7222);
#7218 = LINE('',#7219,#7220);
#7219 = CARTESIAN_POINT('',(6.28318530718,-0.));
#7220 = VECTOR('',#7221,1.);
#7221 = DIRECTION('',(0.,1.));
#7222 = ( GEOMETRIC_REPRESENTATION_CONTEXT(2) 
PARAMETRIC_REPRESENTATION_CONTEXT() REPRESENTATION_CONTEXT('2D SPACE',''
  ) );
#7223 = PCURVE('',#4195,#7224);
#7224 = DEFINITIONAL_REPRESENTATION('',(#7225),#7229);
#7225 = LINE('',#7226,#7227);
#7226 = CARTESIAN_POINT('',(0.,-0.));
#7227 = VECTOR('',#7228,1.);
#7228 = DIRECTION('',(0.,1.));
#7229 = ( GEOMETRIC_REPRESENTATION_CONTEXT(2) 
PARAMETRIC_REPRESENTATION_CONTEXT() REPRESENTATION_CONTEXT('2D SPACE',''
  ) );
#7230 = ORIENTED_EDGE('',*,*,#7231,.T.);
#7231 = EDGE_CURVE('',#7209,#7209,#7232,.T.);
#7232 = SURFACE_CURVE('',#7233,(#7238,#7245),.PCURVE_S1.);
#7233 = CIRCLE('',#7234,5.5);
#7234 = AXIS2_PLACEMENT_3D('',#7235,#7236,#7237);
#7235 = CARTESIAN_POINT('',(-32.,-32.,380.));
#7236 = DIRECTION('',(0.,0.,1.));
#7237 = DIRECTION('',(1.,0.,-0.));
#7238 = PCURVE('',#4195,#7239);
#7239 = DEFINITIONAL_REPRESENTATION('',(#7240),#7244);
#7240 = LINE('',#7241,#7242);
#7241 = CARTESIAN_POINT('',(0.,1.));
#7242 = VECTOR('',#7243,1.);
#7243 = DIRECTION('',(1.,0.));
#7244 = ( GEOMETRIC_REPRESENTATION_CONTEXT(2) 
PARAMETRIC_REPRESENTATION_CONTEXT() REPRESENTATION_CONTEXT('2D SPACE',''
  ) );
#7245 = PCURVE('',#7246,#7251);
#7246 = PLANE('',#7247);
#7247 = AXIS2_PLACEMENT_3D('',#7248,#7249,#7250);
#7248 = CARTESIAN_POINT('',(-200.,-200.,380.));
#7249 = DIRECTION('',(0.,0.,1.));
#7250 = DIRECTION('',(1.,0.,-0.));
#7251 = DEFINITIONAL_REPRESENTATION('',(#7252),#7256);
#7252 = CIRCLE('',#7253,5.5);
#7253 = AXIS2_PLACEMENT_2D('',#7254,#7255);
#7254 = CARTESIAN_POINT('',(168.,168.));
#7255 = DIRECTION('',(1.,0.));
#7256 = ( GEOMETRIC_REPRESENTATION_CONTEXT(2) 
PARAMETRIC_REPRESENTATION_CONTEXT() REPRESENTATION_CONTEXT('2D SPACE',''
  ) );
#7257 = ORIENTED_EDGE('',*,*,#7208,.T.);
#7258 = ADVANCED_FACE('',(#7259),#4226,.F.);
#7259 = FACE_BOUND('',#7260,.F.);
#7260 = EDGE_LOOP('',(#7261,#7262,#7285,#7307));
#7261 = ORIENTED_EDGE('',*,*,#4209,.F.);
#7262 = ORIENTED_EDGE('',*,*,#7263,.F.);
#7263 = EDGE_CURVE('',#7264,#4210,#7266,.T.);
#7264 = VERTEX_POINT('',#7265);
#7265 = CARTESIAN_POINT('',(37.5,-32.,380.));
#7266 = SEAM_CURVE('',#7267,(#7271,#7278),.PCURVE_S1.);
#7267 = LINE('',#7268,#7269);
#7268 = CARTESIAN_POINT('',(37.5,-32.,379.));
#7269 = VECTOR('',#7270,1.);
#7270 = DIRECTION('',(0.,0.,1.));
#7271 = PCURVE('',#4226,#7272);
#7272 = DEFINITIONAL_REPRESENTATION('',(#7273),#7277);
#7273 = LINE('',#7274,#7275);
#7274 = CARTESIAN_POINT('',(6.28318530718,-0.));
#7275 = VECTOR('',#7276,1.);
#7276 = DIRECTION('',(0.,1.));
#7277 = ( GEOMETRIC_REPRESENTATION_CONTEXT(2) 
PARAMETRIC_REPRESENTATION_CONTEXT() REPRESENTATION_CONTEXT('2D SPACE',''
  ) );
#7278 = PCURVE('',#4226,#7279);
#7279 = DEFINITIONAL_REPRESENTATION('',(#7280),#7284);
#7280 = LINE('',#7281,#7282);
#7281 = CARTESIAN_POINT('',(0.,-0.));
#7282 = VECTOR('',#7283,1.);
#7283 = DIRECTION('',(0.,1.));
#7284 = ( GEOMETRIC_REPRESENTATION_CONTEXT(2) 
PARAMETRIC_REPRESENTATION_CONTEXT() REPRESENTATION_CONTEXT('2D SPACE',''
  ) );
#7285 = ORIENTED_EDGE('',*,*,#7286,.T.);
#7286 = EDGE_CURVE('',#7264,#7264,#7287,.T.);
#7287 = SURFACE_CURVE('',#7288,(#7293,#7300),.PCURVE_S1.);
#7288 = CIRCLE('',#7289,5.5);
#7289 = AXIS2_PLACEMENT_3D('',#7290,#7291,#7292);
#7290 = CARTESIAN_POINT('',(32.,-32.,380.));
#7291 = DIRECTION('',(0.,0.,1.));
#7292 = DIRECTION('',(1.,0.,-0.));
#7293 = PCURVE('',#4226,#7294);
#7294 = DEFINITIONAL_REPRESENTATION('',(#7295),#7299);
#7295 = LINE('',#7296,#7297);
#7296 = CARTESIAN_POINT('',(0.,1.));
#7297 = VECTOR('',#7298,1.);
#7298 = DIRECTION('',(1.,0.));
#7299 = ( GEOMETRIC_REPRESENTATION_CONTEXT(2) 
PARAMETRIC_REPRESENTATION_CONTEXT() REPRESENTATION_CONTEXT('2D SPACE',''
  ) );
#7300 = PCURVE('',#7246,#7301);
#7301 = DEFINITIONAL_REPRESENTATION('',(#7302),#7306);
#7302 = CIRCLE('',#7303,5.5);
#7303 = AXIS2_PLACEMENT_2D('',#7304,#7305);
#7304 = CARTESIAN_POINT('',(232.,168.));
#7305 = DIRECTION('',(1.,0.));
#7306 = ( GEOMETRIC_REPRESENTATION_CONTEXT(2) 
PARAMETRIC_REPRESENTATION_CONTEXT() REPRESENTATION_CONTEXT('2D SPACE',''
  ) );
#7307 = ORIENTED_EDGE('',*,*,#7263,.T.);
#7308 = ADVANCED_FACE('',(#7309),#4257,.F.);
#7309 = FACE_BOUND('',#7310,.F.);
#7310 = EDGE_LOOP('',(#7311,#7312,#7335,#7357));
#7311 = ORIENTED_EDGE('',*,*,#4240,.F.);
#7312 = ORIENTED_EDGE('',*,*,#7313,.F.);
#7313 = EDGE_CURVE('',#7314,#4241,#7316,.T.);
#7314 = VERTEX_POINT('',#7315);
#7315 = CARTESIAN_POINT('',(-26.5,32.,380.));
#7316 = SEAM_CURVE('',#7317,(#7321,#7328),.PCURVE_S1.);
#7317 = LINE('',#7318,#7319);
#7318 = CARTESIAN_POINT('',(-26.5,32.,379.));
#7319 = VECTOR('',#7320,1.);
#7320 = DIRECTION('',(0.,0.,1.));
#7321 = PCURVE('',#4257,#7322);
#7322 = DEFINITIONAL_REPRESENTATION('',(#7323),#7327);
#7323 = LINE('',#7324,#7325);
#7324 = CARTESIAN_POINT('',(6.28318530718,-0.));
#7325 = VECTOR('',#7326,1.);
#7326 = DIRECTION('',(0.,1.));
#7327 = ( GEOMETRIC_REPRESENTATION_CONTEXT(2) 
PARAMETRIC_REPRESENTATION_CONTEXT() REPRESENTATION_CONTEXT('2D SPACE',''
  ) );
#7328 = PCURVE('',#4257,#7329);
#7329 = DEFINITIONAL_REPRESENTATION('',(#7330),#7334);
#7330 = LINE('',#7331,#7332);
#7331 = CARTESIAN_POINT('',(0.,-0.));
#7332 = VECTOR('',#7333,1.);
#7333 = DIRECTION('',(0.,1.));
#7334 = ( GEOMETRIC_REPRESENTATION_CONTEXT(2) 
PARAMETRIC_REPRESENTATION_CONTEXT() REPRESENTATION_CONTEXT('2D SPACE',''
  ) );
#7335 = ORIENTED_EDGE('',*,*,#7336,.T.);
#7336 = EDGE_CURVE('',#7314,#7314,#7337,.T.);
#7337 = SURFACE_CURVE('',#7338,(#7343,#7350),.PCURVE_S1.);
#7338 = CIRCLE('',#7339,5.5);
#7339 = AXIS2_PLACEMENT_3D('',#7340,#7341,#7342);
#7340 = CARTESIAN_POINT('',(-32.,32.,380.));
#7341 = DIRECTION('',(0.,0.,1.));
#7342 = DIRECTION('',(1.,0.,-0.));
#7343 = PCURVE('',#4257,#7344);
#7344 = DEFINITIONAL_REPRESENTATION('',(#7345),#7349);
#7345 = LINE('',#7346,#7347);
#7346 = CARTESIAN_POINT('',(0.,1.));
#7347 = VECTOR('',#7348,1.);
#7348 = DIRECTION('',(1.,0.));
#7349 = ( GEOMETRIC_REPRESENTATION_CONTEXT(2) 
PARAMETRIC_REPRESENTATION_CONTEXT() REPRESENTATION_CONTEXT('2D SPACE',''
  ) );
#7350 = PCURVE('',#7246,#7351);
#7351 = DEFINITIONAL_REPRESENTATION('',(#7352),#7356);
#7352 = CIRCLE('',#7353,5.5);
#7353 = AXIS2_PLACEMENT_2D('',#7354,#7355);
#7354 = CARTESIAN_POINT('',(168.,232.));
#7355 = DIRECTION('',(1.,0.));
#7356 = ( GEOMETRIC_REPRESENTATION_CONTEXT(2) 
PARAMETRIC_REPRESENTATION_CONTEXT() REPRESENTATION_CONTEXT('2D SPACE',''
  ) );
#7357 = ORIENTED_EDGE('',*,*,#7313,.T.);
#7358 = ADVANCED_FACE('',(#7359),#4288,.F.);
#7359 = FACE_BOUND('',#7360,.F.);
#7360 = EDGE_LOOP('',(#7361,#7362,#7385,#7407));
#7361 = ORIENTED_EDGE('',*,*,#4271,.F.);
#7362 = ORIENTED_EDGE('',*,*,#7363,.F.);
#7363 = EDGE_CURVE('',#7364,#4272,#7366,.T.);
#7364 = VERTEX_POINT('',#7365);
#7365 = CARTESIAN_POINT('',(14.,-3.429011037613E-15,380.));
#7366 = SEAM_CURVE('',#7367,(#7371,#7378),.PCURVE_S1.);
#7367 = LINE('',#7368,#7369);
#7368 = CARTESIAN_POINT('',(14.,-3.429011037613E-15,379.));
#7369 = VECTOR('',#7370,1.);
#7370 = DIRECTION('',(0.,0.,1.));
#7371 = PCURVE('',#4288,#7372);
#7372 = DEFINITIONAL_REPRESENTATION('',(#7373),#7377);
#7373 = LINE('',#7374,#7375);
#7374 = CARTESIAN_POINT('',(6.28318530718,-0.));
#7375 = VECTOR('',#7376,1.);
#7376 = DIRECTION('',(0.,1.));
#7377 = ( GEOMETRIC_REPRESENTATION_CONTEXT(2) 
PARAMETRIC_REPRESENTATION_CONTEXT() REPRESENTATION_CONTEXT('2D SPACE',''
  ) );
#7378 = PCURVE('',#4288,#7379);
#7379 = DEFINITIONAL_REPRESENTATION('',(#7380),#7384);
#7380 = LINE('',#7381,#7382);
#7381 = CARTESIAN_POINT('',(0.,-0.));
#7382 = VECTOR('',#7383,1.);
#7383 = DIRECTION('',(0.,1.));
#7384 = ( GEOMETRIC_REPRESENTATION_CONTEXT(2) 
PARAMETRIC_REPRESENTATION_CONTEXT() REPRESENTATION_CONTEXT('2D SPACE',''
  ) );
#7385 = ORIENTED_EDGE('',*,*,#7386,.T.);
#7386 = EDGE_CURVE('',#7364,#7364,#7387,.T.);
#7387 = SURFACE_CURVE('',#7388,(#7393,#7400),.PCURVE_S1.);
#7388 = CIRCLE('',#7389,14.);
#7389 = AXIS2_PLACEMENT_3D('',#7390,#7391,#7392);
#7390 = CARTESIAN_POINT('',(0.,0.,380.));
#7391 = DIRECTION('',(0.,0.,1.));
#7392 = DIRECTION('',(1.,0.,-0.));
#7393 = PCURVE('',#4288,#7394);
#7394 = DEFINITIONAL_REPRESENTATION('',(#7395),#7399);
#7395 = LINE('',#7396,#7397);
#7396 = CARTESIAN_POINT('',(0.,1.));
#7397 = VECTOR('',#7398,1.);
#7398 = DIRECTION('',(1.,0.));
#7399 = ( GEOMETRIC_REPRESENTATION_CONTEXT(2) 
PARAMETRIC_REPRESENTATION_CONTEXT() REPRESENTATION_CONTEXT('2D SPACE',''
  ) );
#7400 = PCURVE('',#7246,#7401);
#7401 = DEFINITIONAL_REPRESENTATION('',(#7402),#7406);
#7402 = CIRCLE('',#7403,14.);
#7403 = AXIS2_PLACEMENT_2D('',#7404,#7405);
#7404 = CARTESIAN_POINT('',(200.,200.));
#7405 = DIRECTION('',(1.,0.));
#7406 = ( GEOMETRIC_REPRESENTATION_CONTEXT(2) 
PARAMETRIC_REPRESENTATION_CONTEXT() REPRESENTATION_CONTEXT('2D SPACE',''
  ) );
#7407 = ORIENTED_EDGE('',*,*,#7363,.T.);
#7408 = ADVANCED_FACE('',(#7409),#4319,.F.);
#7409 = FACE_BOUND('',#7410,.F.);
#7410 = EDGE_LOOP('',(#7411,#7412,#7435,#7457));
#7411 = ORIENTED_EDGE('',*,*,#4302,.F.);
#7412 = ORIENTED_EDGE('',*,*,#7413,.F.);
#7413 = EDGE_CURVE('',#7414,#4303,#7416,.T.);
#7414 = VERTEX_POINT('',#7415);
#7415 = CARTESIAN_POINT('',(37.5,32.,380.));
#7416 = SEAM_CURVE('',#7417,(#7421,#7428),.PCURVE_S1.);
#7417 = LINE('',#7418,#7419);
#7418 = CARTESIAN_POINT('',(37.5,32.,379.));
#7419 = VECTOR('',#7420,1.);
#7420 = DIRECTION('',(0.,0.,1.));
#7421 = PCURVE('',#4319,#7422);
#7422 = DEFINITIONAL_REPRESENTATION('',(#7423),#7427);
#7423 = LINE('',#7424,#7425);
#7424 = CARTESIAN_POINT('',(6.28318530718,-0.));
#7425 = VECTOR('',#7426,1.);
#7426 = DIRECTION('',(0.,1.));
#7427 = ( GEOMETRIC_REPRESENTATION_CONTEXT(2) 
PARAMETRIC_REPRESENTATION_CONTEXT() REPRESENTATION_CONTEXT('2D SPACE',''
  ) );
#7428 = PCURVE('',#4319,#7429);
#7429 = DEFINITIONAL_REPRESENTATION('',(#7430),#7434);
#7430 = LINE('',#7431,#7432);
#7431 = CARTESIAN_POINT('',(0.,-0.));
#7432 = VECTOR('',#7433,1.);
#7433 = DIRECTION('',(0.,1.));
#7434 = ( GEOMETRIC_REPRESENTATION_CONTEXT(2) 
PARAMETRIC_REPRESENTATION_CONTEXT() REPRESENTATION_CONTEXT('2D SPACE',''
  ) );
#7435 = ORIENTED_EDGE('',*,*,#7436,.T.);
#7436 = EDGE_CURVE('',#7414,#7414,#7437,.T.);
#7437 = SURFACE_CURVE('',#7438,(#7443,#7450),.PCURVE_S1.);
#7438 = CIRCLE('',#7439,5.5);
#7439 = AXIS2_PLACEMENT_3D('',#7440,#7441,#7442);
#7440 = CARTESIAN_POINT('',(32.,32.,380.));
#7441 = DIRECTION('',(0.,0.,1.));
#7442 = DIRECTION('',(1.,0.,-0.));
#7443 = PCURVE('',#4319,#7444);
#7444 = DEFINITIONAL_REPRESENTATION('',(#7445),#7449);
#7445 = LINE('',#7446,#7447);
#7446 = CARTESIAN_POINT('',(0.,1.));
#7447 = VECTOR('',#7448,1.);
#7448 = DIRECTION('',(1.,0.));
#7449 = ( GEOMETRIC_REPRESENTATION_CONTEXT(2) 
PARAMETRIC_REPRESENTATION_CONTEXT() REPRESENTATION_CONTEXT('2D SPACE',''
  ) );
#7450 = PCURVE('',#7246,#7451);
#7451 = DEFINITIONAL_REPRESENTATION('',(#7452),#7456);
#7452 = CIRCLE('',#7453,5.5);
#7453 = AXIS2_PLACEMENT_2D('',#7454,#7455);
#7454 = CARTESIAN_POINT('',(232.,232.));
#7455 = DIRECTION('',(1.,0.));
#7456 = ( GEOMETRIC_REPRESENTATION_CONTEXT(2) 
PARAMETRIC_REPRESENTATION_CONTEXT() REPRESENTATION_CONTEXT('2D SPACE',''
  ) );
#7457 = ORIENTED_EDGE('',*,*,#7413,.T.);
#7458 = ADVANCED_FACE('',(#7459,#7513,#7516,#7519,#7549,#7552,#7555,
    #7585,#7588,#7591,#7594),#4354,.F.);
#7459 = FACE_BOUND('',#7460,.F.);
#7460 = EDGE_LOOP('',(#7461,#7462,#7485,#7512));
#7461 = ORIENTED_EDGE('',*,*,#4337,.T.);
#7462 = ORIENTED_EDGE('',*,*,#7463,.T.);
#7463 = EDGE_CURVE('',#4338,#7464,#7466,.T.);
#7464 = VERTEX_POINT('',#7465);
#7465 = CARTESIAN_POINT('',(149.8,-3.669041810245E-14,383.));
#7466 = SEAM_CURVE('',#7467,(#7471,#7478),.PCURVE_S1.);
#7467 = LINE('',#7468,#7469);
#7468 = CARTESIAN_POINT('',(149.8,-3.669041810245E-14,79.));
#7469 = VECTOR('',#7470,1.);
#7470 = DIRECTION('',(0.,0.,1.));
#7471 = PCURVE('',#4354,#7472);
#7472 = DEFINITIONAL_REPRESENTATION('',(#7473),#7477);
#7473 = LINE('',#7474,#7475);
#7474 = CARTESIAN_POINT('',(0.,-0.));
#7475 = VECTOR('',#7476,1.);
#7476 = DIRECTION('',(0.,1.));
#7477 = ( GEOMETRIC_REPRESENTATION_CONTEXT(2) 
PARAMETRIC_REPRESENTATION_CONTEXT() REPRESENTATION_CONTEXT('2D SPACE',''
  ) );
#7478 = PCURVE('',#4354,#7479);
#7479 = DEFINITIONAL_REPRESENTATION('',(#7480),#7484);
#7480 = LINE('',#7481,#7482);
#7481 = CARTESIAN_POINT('',(6.28318530718,-0.));
#7482 = VECTOR('',#7483,1.);
#7483 = DIRECTION('',(0.,1.));
#7484 = ( GEOMETRIC_REPRESENTATION_CONTEXT(2) 
PARAMETRIC_REPRESENTATION_CONTEXT() REPRESENTATION_CONTEXT('2D SPACE',''
  ) );
#7485 = ORIENTED_EDGE('',*,*,#7486,.F.);
#7486 = EDGE_CURVE('',#7464,#7464,#7487,.T.);
#7487 = SURFACE_CURVE('',#7488,(#7493,#7500),.PCURVE_S1.);
#7488 = CIRCLE('',#7489,149.8);
#7489 = AXIS2_PLACEMENT_3D('',#7490,#7491,#7492);
#7490 = CARTESIAN_POINT('',(0.,0.,383.));
#7491 = DIRECTION('',(0.,0.,1.));
#7492 = DIRECTION('',(1.,0.,-0.));
#7493 = PCURVE('',#4354,#7494);
#7494 = DEFINITIONAL_REPRESENTATION('',(#7495),#7499);
#7495 = LINE('',#7496,#7497);
#7496 = CARTESIAN_POINT('',(0.,304.));
#7497 = VECTOR('',#7498,1.);
#7498 = DIRECTION('',(1.,0.));
#7499 = ( GEOMETRIC_REPRESENTATION_CONTEXT(2) 
PARAMETRIC_REPRESENTATION_CONTEXT() REPRESENTATION_CONTEXT('2D SPACE',''
  ) );
#7500 = PCURVE('',#7501,#7506);
#7501 = PLANE('',#7502);
#7502 = AXIS2_PLACEMENT_3D('',#7503,#7504,#7505);
#7503 = CARTESIAN_POINT('',(0.,0.,383.));
#7504 = DIRECTION('',(0.,0.,1.));
#7505 = DIRECTION('',(1.,0.,-0.));
#7506 = DEFINITIONAL_REPRESENTATION('',(#7507),#7511);
#7507 = CIRCLE('',#7508,149.8);
#7508 = AXIS2_PLACEMENT_2D('',#7509,#7510);
#7509 = CARTESIAN_POINT('',(0.,0.));
#7510 = DIRECTION('',(1.,0.));
#7511 = ( GEOMETRIC_REPRESENTATION_CONTEXT(2) 
PARAMETRIC_REPRESENTATION_CONTEXT() REPRESENTATION_CONTEXT('2D SPACE',''
  ) );
#7512 = ORIENTED_EDGE('',*,*,#7463,.F.);
#7513 = FACE_BOUND('',#7514,.F.);
#7514 = EDGE_LOOP('',(#7515));
#7515 = ORIENTED_EDGE('',*,*,#4393,.F.);
#7516 = FACE_BOUND('',#7517,.F.);
#7517 = EDGE_LOOP('',(#7518));
#7518 = ORIENTED_EDGE('',*,*,#4619,.F.);
#7519 = FACE_BOUND('',#7520,.F.);
#7520 = EDGE_LOOP('',(#7521,#7522,#7523));
#7521 = ORIENTED_EDGE('',*,*,#5297,.F.);
#7522 = ORIENTED_EDGE('',*,*,#5661,.F.);
#7523 = ORIENTED_EDGE('',*,*,#7524,.F.);
#7524 = EDGE_CURVE('',#5298,#5633,#7525,.T.);
#7525 = SURFACE_CURVE('',#7526,(#7531,#7542),.PCURVE_S1.);
#7526 = ELLIPSE('',#7527,437.98589914443,149.8);
#7527 = AXIS2_PLACEMENT_3D('',#7528,#7529,#7530);
#7528 = CARTESIAN_POINT('',(0.,0.,569.64566363581));
#7529 = DIRECTION('',(0.939692620786,0.,0.342020143326));
#7530 = DIRECTION('',(-0.342020143326,0.,0.939692620786));
#7531 = PCURVE('',#4354,#7532);
#7532 = DEFINITIONAL_REPRESENTATION('',(#7533),#7541);
#7533 = B_SPLINE_CURVE_WITH_KNOTS('',6,(#7534,#7535,#7536,#7537,#7538,
    #7539,#7540),.UNSPECIFIED.,.F.,.F.,(7,7),(3.775436417108,
    4.031535936827),.PIECEWISE_BEZIER_KNOTS.);
#7534 = CARTESIAN_POINT('',(0.633843763518,159.01854420953));
#7535 = CARTESIAN_POINT('',(0.676527016805,169.42267466646));
#7536 = CARTESIAN_POINT('',(0.719210270091,180.55181896486));
#7537 = CARTESIAN_POINT('',(0.761893523378,192.3718585078));
#7538 = CARTESIAN_POINT('',(0.804576776664,204.84471130025));
#7539 = CARTESIAN_POINT('',(0.84726002995,217.92870795866));
#7540 = CARTESIAN_POINT('',(0.889943283237,231.57908432131));
#7541 = ( GEOMETRIC_REPRESENTATION_CONTEXT(2) 
PARAMETRIC_REPRESENTATION_CONTEXT() REPRESENTATION_CONTEXT('2D SPACE',''
  ) );
#7542 = PCURVE('',#5649,#7543);
#7543 = DEFINITIONAL_REPRESENTATION('',(#7544),#7548);
#7544 = ELLIPSE('',#7545,437.98589914443,149.8);
#7545 = AXIS2_PLACEMENT_2D('',#7546,#7547);
#7546 = CARTESIAN_POINT('',(311.51020924366,75.));
#7547 = DIRECTION('',(1.,0.));
#7548 = ( GEOMETRIC_REPRESENTATION_CONTEXT(2) 
PARAMETRIC_REPRESENTATION_CONTEXT() REPRESENTATION_CONTEXT('2D SPACE',''
  ) );
#7549 = FACE_BOUND('',#7550,.F.);
#7550 = EDGE_LOOP('',(#7551));
#7551 = ORIENTED_EDGE('',*,*,#4845,.F.);
#7552 = FACE_BOUND('',#7553,.F.);
#7553 = EDGE_LOOP('',(#7554));
#7554 = ORIENTED_EDGE('',*,*,#5071,.F.);
#7555 = FACE_BOUND('',#7556,.F.);
#7556 = EDGE_LOOP('',(#7557,#7558,#7559));
#7557 = ORIENTED_EDGE('',*,*,#6264,.F.);
#7558 = ORIENTED_EDGE('',*,*,#6628,.F.);
#7559 = ORIENTED_EDGE('',*,*,#7560,.F.);
#7560 = EDGE_CURVE('',#6265,#6600,#7561,.T.);
#7561 = SURFACE_CURVE('',#7562,(#7567,#7578),.PCURVE_S1.);
#7562 = ELLIPSE('',#7563,437.98589914443,149.8);
#7563 = AXIS2_PLACEMENT_3D('',#7564,#7565,#7566);
#7564 = CARTESIAN_POINT('',(0.,0.,569.64566363581));
#7565 = DIRECTION('',(-0.939692620786,1.150791560228E-16,0.342020143326)
  );
#7566 = DIRECTION('',(0.342020143326,-4.188538737677E-17,0.939692620786)
  );
#7567 = PCURVE('',#4354,#7568);
#7568 = DEFINITIONAL_REPRESENTATION('',(#7569),#7577);
#7569 = B_SPLINE_CURVE_WITH_KNOTS('',6,(#7570,#7571,#7572,#7573,#7574,
    #7575,#7576),.UNSPECIFIED.,.F.,.F.,(7,7),(3.775436417108,
    4.031535936827),.PIECEWISE_BEZIER_KNOTS.);
#7570 = CARTESIAN_POINT('',(3.775436417108,159.01854420953));
#7571 = CARTESIAN_POINT('',(3.818119670395,169.42267466646));
#7572 = CARTESIAN_POINT('',(3.860802923681,180.55181896486));
#7573 = CARTESIAN_POINT('',(3.903486176967,192.3718585078));
#7574 = CARTESIAN_POINT('',(3.946169430254,204.84471130025));
#7575 = CARTESIAN_POINT('',(3.98885268354,217.92870795866));
#7576 = CARTESIAN_POINT('',(4.031535936827,231.57908432131));
#7577 = ( GEOMETRIC_REPRESENTATION_CONTEXT(2) 
PARAMETRIC_REPRESENTATION_CONTEXT() REPRESENTATION_CONTEXT('2D SPACE',''
  ) );
#7578 = PCURVE('',#6616,#7579);
#7579 = DEFINITIONAL_REPRESENTATION('',(#7580),#7584);
#7580 = ELLIPSE('',#7581,437.98589914443,149.8);
#7581 = AXIS2_PLACEMENT_2D('',#7582,#7583);
#7582 = CARTESIAN_POINT('',(311.51020924366,75.));
#7583 = DIRECTION('',(1.,0.));
#7584 = ( GEOMETRIC_REPRESENTATION_CONTEXT(2) 
PARAMETRIC_REPRESENTATION_CONTEXT() REPRESENTATION_CONTEXT('2D SPACE',''
  ) );
#7585 = FACE_BOUND('',#7586,.F.);
#7586 = EDGE_LOOP('',(#7587));
#7587 = ORIENTED_EDGE('',*,*,#5812,.F.);
#7588 = FACE_BOUND('',#7589,.F.);
#7589 = EDGE_LOOP('',(#7590));
#7590 = ORIENTED_EDGE('',*,*,#6038,.F.);
#7591 = FACE_BOUND('',#7592,.F.);
#7592 = EDGE_LOOP('',(#7593));
#7593 = ORIENTED_EDGE('',*,*,#6779,.F.);
#7594 = FACE_BOUND('',#7595,.F.);
#7595 = EDGE_LOOP('',(#7596));
#7596 = ORIENTED_EDGE('',*,*,#7005,.F.);
#7597 = ADVANCED_FACE('',(#7598),#5649,.T.);
#7598 = FACE_BOUND('',#7599,.T.);
#7599 = EDGE_LOOP('',(#7600,#7601));
#7600 = ORIENTED_EDGE('',*,*,#7524,.F.);
#7601 = ORIENTED_EDGE('',*,*,#5632,.T.);
#7602 = ADVANCED_FACE('',(#7603),#6616,.T.);
#7603 = FACE_BOUND('',#7604,.T.);
#7604 = EDGE_LOOP('',(#7605,#7606));
#7605 = ORIENTED_EDGE('',*,*,#7560,.F.);
#7606 = ORIENTED_EDGE('',*,*,#6599,.T.);
#7607 = ADVANCED_FACE('',(#7608,#7639,#7642,#7645,#7648,#7651),#7246,.F.
  );
#7608 = FACE_BOUND('',#7609,.F.);
#7609 = EDGE_LOOP('',(#7610));
#7610 = ORIENTED_EDGE('',*,*,#7611,.T.);
#7611 = EDGE_CURVE('',#7612,#7612,#7614,.T.);
#7612 = VERTEX_POINT('',#7613);
#7613 = CARTESIAN_POINT('',(149.3,-3.656795342254E-14,380.));
#7614 = SURFACE_CURVE('',#7615,(#7620,#7627),.PCURVE_S1.);
#7615 = CIRCLE('',#7616,149.3);
#7616 = AXIS2_PLACEMENT_3D('',#7617,#7618,#7619);
#7617 = CARTESIAN_POINT('',(0.,0.,380.));
#7618 = DIRECTION('',(0.,0.,1.));
#7619 = DIRECTION('',(1.,0.,-0.));
#7620 = PCURVE('',#7246,#7621);
#7621 = DEFINITIONAL_REPRESENTATION('',(#7622),#7626);
#7622 = CIRCLE('',#7623,149.3);
#7623 = AXIS2_PLACEMENT_2D('',#7624,#7625);
#7624 = CARTESIAN_POINT('',(200.,200.));
#7625 = DIRECTION('',(1.,0.));
#7626 = ( GEOMETRIC_REPRESENTATION_CONTEXT(2) 
PARAMETRIC_REPRESENTATION_CONTEXT() REPRESENTATION_CONTEXT('2D SPACE',''
  ) );
#7627 = PCURVE('',#7628,#7633);
#7628 = CYLINDRICAL_SURFACE('',#7629,149.3);
#7629 = AXIS2_PLACEMENT_3D('',#7630,#7631,#7632);
#7630 = CARTESIAN_POINT('',(0.,0.,378.));
#7631 = DIRECTION('',(0.,0.,1.));
#7632 = DIRECTION('',(1.,0.,-0.));
#7633 = DEFINITIONAL_REPRESENTATION('',(#7634),#7638);
#7634 = LINE('',#7635,#7636);
#7635 = CARTESIAN_POINT('',(0.,2.));
#7636 = VECTOR('',#7637,1.);
#7637 = DIRECTION('',(1.,0.));
#7638 = ( GEOMETRIC_REPRESENTATION_CONTEXT(2) 
PARAMETRIC_REPRESENTATION_CONTEXT() REPRESENTATION_CONTEXT('2D SPACE',''
  ) );
#7639 = FACE_BOUND('',#7640,.F.);
#7640 = EDGE_LOOP('',(#7641));
#7641 = ORIENTED_EDGE('',*,*,#7231,.F.);
#7642 = FACE_BOUND('',#7643,.F.);
#7643 = EDGE_LOOP('',(#7644));
#7644 = ORIENTED_EDGE('',*,*,#7286,.F.);
#7645 = FACE_BOUND('',#7646,.F.);
#7646 = EDGE_LOOP('',(#7647));
#7647 = ORIENTED_EDGE('',*,*,#7336,.F.);
#7648 = FACE_BOUND('',#7649,.F.);
#7649 = EDGE_LOOP('',(#7650));
#7650 = ORIENTED_EDGE('',*,*,#7386,.F.);
#7651 = FACE_BOUND('',#7652,.F.);
#7652 = EDGE_LOOP('',(#7653));
#7653 = ORIENTED_EDGE('',*,*,#7436,.F.);
#7654 = ADVANCED_FACE('',(#7655,#7658),#7501,.F.);
#7655 = FACE_BOUND('',#7656,.F.);
#7656 = EDGE_LOOP('',(#7657));
#7657 = ORIENTED_EDGE('',*,*,#7486,.T.);
#7658 = FACE_BOUND('',#7659,.F.);
#7659 = EDGE_LOOP('',(#7660));
#7660 = ORIENTED_EDGE('',*,*,#7661,.F.);
#7661 = EDGE_CURVE('',#7662,#7662,#7664,.T.);
#7662 = VERTEX_POINT('',#7663);
#7663 = CARTESIAN_POINT('',(149.3,-3.656795342254E-14,383.));
#7664 = SURFACE_CURVE('',#7665,(#7670,#7677),.PCURVE_S1.);
#7665 = CIRCLE('',#7666,149.3);
#7666 = AXIS2_PLACEMENT_3D('',#7667,#7668,#7669);
#7667 = CARTESIAN_POINT('',(0.,0.,383.));
#7668 = DIRECTION('',(0.,0.,1.));
#7669 = DIRECTION('',(1.,0.,-0.));
#7670 = PCURVE('',#7501,#7671);
#7671 = DEFINITIONAL_REPRESENTATION('',(#7672),#7676);
#7672 = CIRCLE('',#7673,149.3);
#7673 = AXIS2_PLACEMENT_2D('',#7674,#7675);
#7674 = CARTESIAN_POINT('',(0.,0.));
#7675 = DIRECTION('',(1.,0.));
#7676 = ( GEOMETRIC_REPRESENTATION_CONTEXT(2) 
PARAMETRIC_REPRESENTATION_CONTEXT() REPRESENTATION_CONTEXT('2D SPACE',''
  ) );
#7677 = PCURVE('',#7628,#7678);
#7678 = DEFINITIONAL_REPRESENTATION('',(#7679),#7683);
#7679 = LINE('',#7680,#7681);
#7680 = CARTESIAN_POINT('',(0.,5.));
#7681 = VECTOR('',#7682,1.);
#7682 = DIRECTION('',(1.,0.));
#7683 = ( GEOMETRIC_REPRESENTATION_CONTEXT(2) 
PARAMETRIC_REPRESENTATION_CONTEXT() REPRESENTATION_CONTEXT('2D SPACE',''
  ) );
#7684 = ADVANCED_FACE('',(#7685),#7628,.T.);
#7685 = FACE_BOUND('',#7686,.T.);
#7686 = EDGE_LOOP('',(#7687,#7708,#7709,#7710));
#7687 = ORIENTED_EDGE('',*,*,#7688,.T.);
#7688 = EDGE_CURVE('',#7612,#7662,#7689,.T.);
#7689 = SEAM_CURVE('',#7690,(#7694,#7701),.PCURVE_S1.);
#7690 = LINE('',#7691,#7692);
#7691 = CARTESIAN_POINT('',(149.3,-3.656795342254E-14,378.));
#7692 = VECTOR('',#7693,1.);
#7693 = DIRECTION('',(0.,0.,1.));
#7694 = PCURVE('',#7628,#7695);
#7695 = DEFINITIONAL_REPRESENTATION('',(#7696),#7700);
#7696 = LINE('',#7697,#7698);
#7697 = CARTESIAN_POINT('',(6.28318530718,-0.));
#7698 = VECTOR('',#7699,1.);
#7699 = DIRECTION('',(0.,1.));
#7700 = ( GEOMETRIC_REPRESENTATION_CONTEXT(2) 
PARAMETRIC_REPRESENTATION_CONTEXT() REPRESENTATION_CONTEXT('2D SPACE',''
  ) );
#7701 = PCURVE('',#7628,#7702);
#7702 = DEFINITIONAL_REPRESENTATION('',(#7703),#7707);
#7703 = LINE('',#7704,#7705);
#7704 = CARTESIAN_POINT('',(0.,-0.));
#7705 = VECTOR('',#7706,1.);
#7706 = DIRECTION('',(0.,1.));
#7707 = ( GEOMETRIC_REPRESENTATION_CONTEXT(2) 
PARAMETRIC_REPRESENTATION_CONTEXT() REPRESENTATION_CONTEXT('2D SPACE',''
  ) );
#7708 = ORIENTED_EDGE('',*,*,#7661,.F.);
#7709 = ORIENTED_EDGE('',*,*,#7688,.F.);
#7710 = ORIENTED_EDGE('',*,*,#7611,.T.);
#7711 = ( GEOMETRIC_REPRESENTATION_CONTEXT(3) 
GLOBAL_UNCERTAINTY_ASSIGNED_CONTEXT((#7715)) 
GLOBAL_UNIT_ASSIGNED_CONTEXT((#7712,#7713,#7714)) REPRESENTATION_CONTEXT
('Context #1','3D Context with UNIT and UNCERTAINTY') );
#7712 = ( LENGTH_UNIT() NAMED_UNIT(*) SI_UNIT(.MILLI.,.METRE.) );
#7713 = ( NAMED_UNIT(*) PLANE_ANGLE_UNIT() SI_UNIT($,.RADIAN.) );
#7714 = ( NAMED_UNIT(*) SI_UNIT($,.STERADIAN.) SOLID_ANGLE_UNIT() );
#7715 = UNCERTAINTY_MEASURE_WITH_UNIT(LENGTH_MEASURE(1.E-07),#7712,
  'distance_accuracy_value','confusion accuracy');
#7716 = PRODUCT_RELATED_PRODUCT_CATEGORY('part',$,(#7));
ENDSEC;
END-ISO-10303-21;
