ISO-10303-21;
HEADER;
FILE_DESCRIPTION(('Open CASCADE Model'),'2;1');
FILE_NAME('Open CASCADE Shape Model','2026-09-25T12:24:43',('Author'),(
    'Open CASCADE'),'Open CASCADE STEP processor 8.0','build123d',
  'Unknown');
FILE_SCHEMA(('AUTOMOTIVE_DESIGN { 1 0 10303 214 1 1 1 1 }'));
ENDSEC;
DATA;
#1 = APPLICATION_PROTOCOL_DEFINITION('international standard',
  'automotive_design',2000,#2);
#2 = APPLICATION_CONTEXT(
  'core data for automotive mechanical design processes');
#3 = SHAPE_DEFINITION_REPRESENTATION(#4,#10);
#4 = PRODUCT_DEFINITION_SHAPE('','',#5);
#5 = PRODUCT_DEFINITION('design','',#6,#9);
#6 = PRODUCT_DEFINITION_FORMATION('','',#7);
#7 = PRODUCT('COMPOUND','COMPOUND','',(#8));
#8 = PRODUCT_CONTEXT('',#2,'mechanical');
#9 = PRODUCT_DEFINITION_CONTEXT('part definition',#2,'design');
#10 = ADVANCED_BREP_SHAPE_REPRESENTATION('',(#11,#15),#11553);
#11 = AXIS2_PLACEMENT_3D('',#12,#13,#14);
#12 = CARTESIAN_POINT('',(0.,0.,0.));
#13 = DIRECTION('',(0.,0.,1.));
#14 = DIRECTION('',(1.,0.,-0.));
#15 = MANIFOLD_SOLID_BREP('',#16);
#16 = CLOSED_SHELL('',(#17,#1422,#1457,#2857,#5197,#7895,#9525,#9557,
    #9585,#9611,#9643,#9702,#9706,#9795,#9799,#9803,#9892,#9896,#9900,
    #10010,#10014,#10018,#11196,#11235,#11377,#11381,#11405,#11410,
    #11416,#11439,#11467,#11490,#11523,#11548));
#17 = ADVANCED_FACE('',(#18),#33,.T.);
#18 = FACE_BOUND('',#19,.T.);
#19 = EDGE_LOOP('',(#20,#56,#82,#212,#363,#386,#413,#414,#665,#790,#816,
    #845,#866,#1120,#1149,#1403));
#20 = ORIENTED_EDGE('',*,*,#21,.F.);
#21 = EDGE_CURVE('',#22,#24,#26,.T.);
#22 = VERTEX_POINT('',#23);
#23 = CARTESIAN_POINT('',(-382.4216041687,-90.,388.));
#24 = VERTEX_POINT('',#25);
#25 = CARTESIAN_POINT('',(-417.5783958312,-90.,388.));
#26 = SURFACE_CURVE('',#27,(#32,#44),.PCURVE_S1.);
#27 = CIRCLE('',#28,53.);
#28 = AXIS2_PLACEMENT_3D('',#29,#30,#31);
#29 = CARTESIAN_POINT('',(-400.,-90.,338.));
#30 = DIRECTION('',(0.,-1.,2.22044604925E-16));
#31 = DIRECTION('',(1.,0.,0.));
#32 = PCURVE('',#33,#38);
#33 = CYLINDRICAL_SURFACE('',#34,53.);
#34 = AXIS2_PLACEMENT_3D('',#35,#36,#37);
#35 = CARTESIAN_POINT('',(-400.,90.,338.));
#36 = DIRECTION('',(0.,-1.,2.22044604925E-16));
#37 = DIRECTION('',(1.,0.,0.));
#38 = DEFINITIONAL_REPRESENTATION('',(#39),#43);
#39 = LINE('',#40,#41);
#40 = CARTESIAN_POINT('',(0.,180.));
#41 = VECTOR('',#42,1.);
#42 = DIRECTION('',(1.,0.));
#43 = ( GEOMETRIC_REPRESENTATION_CONTEXT(2) 
PARAMETRIC_REPRESENTATION_CONTEXT() REPRESENTATION_CONTEXT('2D SPACE',''
  ) );
#44 = PCURVE('',#45,#50);
#45 = PLANE('',#46);
#46 = AXIS2_PLACEMENT_3D('',#47,#48,#49);
#47 = CARTESIAN_POINT('',(-400.,-90.,338.));
#48 = DIRECTION('',(0.,-1.,2.22044604925E-16));
#49 = DIRECTION('',(1.,0.,0.));
#50 = DEFINITIONAL_REPRESENTATION('',(#51),#55);
#51 = CIRCLE('',#52,53.);
#52 = AXIS2_PLACEMENT_2D('',#53,#54);
#53 = CARTESIAN_POINT('',(0.,0.));
#54 = DIRECTION('',(1.,0.));
#55 = ( GEOMETRIC_REPRESENTATION_CONTEXT(2) 
PARAMETRIC_REPRESENTATION_CONTEXT() REPRESENTATION_CONTEXT('2D SPACE',''
  ) );
#56 = ORIENTED_EDGE('',*,*,#57,.F.);
#57 = EDGE_CURVE('',#58,#22,#60,.T.);
#58 = VERTEX_POINT('',#59);
#59 = CARTESIAN_POINT('',(-382.4216041687,-28.19188104612,388.));
#60 = SURFACE_CURVE('',#61,(#65,#71),.PCURVE_S1.);
#61 = LINE('',#62,#63);
#62 = CARTESIAN_POINT('',(-382.4216041687,90.,388.));
#63 = VECTOR('',#64,1.);
#64 = DIRECTION('',(0.,-1.,2.22044604925E-16));
#65 = PCURVE('',#33,#66);
#66 = DEFINITIONAL_REPRESENTATION('',(#67),#70);
#67 = B_SPLINE_CURVE_WITH_KNOTS('',1,(#68,#69),.UNSPECIFIED.,.F.,.F.,(2,
    2),(105.,180.00000240521),.PIECEWISE_BEZIER_KNOTS.);
#68 = CARTESIAN_POINT('',(1.232725383173,105.));
#69 = CARTESIAN_POINT('',(1.232725383173,180.00000240521));
#70 = ( GEOMETRIC_REPRESENTATION_CONTEXT(2) 
PARAMETRIC_REPRESENTATION_CONTEXT() REPRESENTATION_CONTEXT('2D SPACE',''
  ) );
#71 = PCURVE('',#72,#77);
#72 = PLANE('',#73);
#73 = AXIS2_PLACEMENT_3D('',#74,#75,#76);
#74 = CARTESIAN_POINT('',(-400.,-75.,388.));
#75 = DIRECTION('',(0.,0.,1.));
#76 = DIRECTION('',(1.,0.,-0.));
#77 = DEFINITIONAL_REPRESENTATION('',(#78),#81);
#78 = B_SPLINE_CURVE_WITH_KNOTS('',1,(#79,#80),.UNSPECIFIED.,.F.,.F.,(2,
    2),(105.,180.00000240521),.PIECEWISE_BEZIER_KNOTS.);
#79 = CARTESIAN_POINT('',(17.578395831247,60.));
#80 = CARTESIAN_POINT('',(17.578395831247,-15.00000240521));
#81 = ( GEOMETRIC_REPRESENTATION_CONTEXT(2) 
PARAMETRIC_REPRESENTATION_CONTEXT() REPRESENTATION_CONTEXT('2D SPACE',''
  ) );
#82 = ORIENTED_EDGE('',*,*,#83,.F.);
#83 = EDGE_CURVE('',#84,#58,#86,.T.);
#84 = VERTEX_POINT('',#85);
#85 = CARTESIAN_POINT('',(-359.4941832864,-45.68654212879,
    372.18009380238));
#86 = SURFACE_CURVE('',#87,(#132,#180),.PCURVE_S1.);
#87 = B_SPLINE_CURVE_WITH_KNOTS('',8,(#88,#89,#90,#91,#92,#93,#94,#95,
    #96,#97,#98,#99,#100,#101,#102,#103,#104,#105,#106,#107,#108,#109,
    #110,#111,#112,#113,#114,#115,#116,#117,#118,#119,#120,#121,#122,
    #123,#124,#125,#126,#127,#128,#129,#130,#131),.UNSPECIFIED.,.F.,.F.,
  (9,7,7,7,7,7,9),(0.,0.130618970004,0.383893969005,0.450399949177,
    0.645914040395,0.866379310566,1.),.UNSPECIFIED.);
#88 = CARTESIAN_POINT('',(-350.,-75.,355.57839583124));
#89 = CARTESIAN_POINT('',(-350.,-73.94987654545,355.57839583124));
#90 = CARTESIAN_POINT('',(-350.0252057467,-72.90807701644,
    355.65009182236));
#91 = CARTESIAN_POINT('',(-350.074919011,-71.87485781905,355.79149313284
    ));
#92 = CARTESIAN_POINT('',(-350.1484822894,-70.85096831019,
    355.99890222201));
#93 = CARTESIAN_POINT('',(-350.2451762861,-69.83817510086,
    356.26682895873));
#94 = CARTESIAN_POINT('',(-350.3639298009,-68.83970177513,
    356.58795948308));
#95 = CARTESIAN_POINT('',(-350.5029225217,-67.86058250782,356.9531639934
    ));
#96 = CARTESIAN_POINT('',(-350.9621138088,-65.0606959711,358.12396991123
    ));
#97 = CARTESIAN_POINT('',(-351.3371115534,-63.2690632576,359.03944438902
    ));
#98 = CARTESIAN_POINT('',(-351.778230557,-61.52911460708,360.05553069214
    ));
#99 = CARTESIAN_POINT('',(-352.2805381536,-59.84119922975,
    361.13617796185));
#100 = CARTESIAN_POINT('',(-352.8389920634,-58.20398179806,
    362.25627936101));
#101 = CARTESIAN_POINT('',(-353.4516741313,-56.6097615336,
    363.40323398348));
#102 = CARTESIAN_POINT('',(-354.1225360877,-55.04431492012,
    364.57555234577));
#103 = CARTESIAN_POINT('',(-355.0588478094,-53.07974234449,
    366.09681220777));
#104 = CARTESIAN_POINT('',(-355.2578363794,-52.67310718131,
    366.41443837358));
#105 = CARTESIAN_POINT('',(-355.4611059739,-52.26837974727,
    366.7331660499));
#106 = CARTESIAN_POINT('',(-355.6686824165,-51.86552354758,
    367.05286660921));
#107 = CARTESIAN_POINT('',(-355.8805975707,-51.46450133629,
    367.37342483926));
#108 = CARTESIAN_POINT('',(-356.0968900664,-51.06527465196,
    367.6947381193));
#109 = CARTESIAN_POINT('',(-356.3176060278,-50.66780335333,
    368.01671559636));
#110 = CARTESIAN_POINT('',(-357.2048238121,-49.10859632986,
    369.28754352053));
#111 = CARTESIAN_POINT('',(-357.9053962888,-47.96021797111,
    370.24064349592));
#112 = CARTESIAN_POINT('',(-358.6456303554,-46.82624645954,
    371.19620278128));
#113 = CARTESIAN_POINT('',(-359.4269049661,-45.70632675545,
    372.15226847854));
#114 = CARTESIAN_POINT('',(-360.250839108,-44.60042897501,
    373.10705372482));
#115 = CARTESIAN_POINT('',(-361.1192552132,-43.50888681138,
    374.05876267778));
#116 = CARTESIAN_POINT('',(-362.0341429124,-42.43243956173,
    375.00546953938));
#117 = CARTESIAN_POINT('',(-364.0840847517,-40.1767810903,
    377.00448515446));
#118 = CARTESIAN_POINT('',(-365.2314138865,-39.00300128522,
    378.05395307772));
#119 = CARTESIAN_POINT('',(-366.4438289089,-37.85107362847,
    379.09167512796));
#120 = CARTESIAN_POINT('',(-367.7258288126,-36.72235732929,
    380.11516293147));
#121 = CARTESIAN_POINT('',(-369.0820968437,-35.61942847725,
    381.12100815096));
#122 = CARTESIAN_POINT('',(-370.5173793192,-34.5461379591,
    382.10473823111));
#123 = CARTESIAN_POINT('',(-372.0363524009,-33.50769816077,
    383.06069091953));
#124 = CARTESIAN_POINT('',(-374.6175334305,-31.9065637029,
    384.54020732071));
#125 = CARTESIAN_POINT('',(-375.6246332876,-31.31718839865,
    385.08614101093));
#126 = CARTESIAN_POINT('',(-376.6659276871,-30.74412758056,385.61814773)
  );
#127 = CARTESIAN_POINT('',(-377.7425257662,-30.18908689857,
    386.13447615031));
#128 = CARTESIAN_POINT('',(-378.8554763491,-29.65401353977,
    386.63315271045));
#129 = CARTESIAN_POINT('',(-380.0057481536,-29.14110509278,
    387.11197210527));
#130 = CARTESIAN_POINT('',(-381.1942099955,-28.6528184121,
    387.56848777593));
#131 = CARTESIAN_POINT('',(-382.4216109953,-28.19187848245,388.0000024)
  );
#132 = PCURVE('',#33,#133);
#133 = DEFINITIONAL_REPRESENTATION('',(#134),#179);
#134 = B_SPLINE_CURVE_WITH_KNOTS('',8,(#135,#136,#137,#138,#139,#140,
    #141,#142,#143,#144,#145,#146,#147,#148,#149,#150,#151,#152,#153,
    #154,#155,#156,#157,#158,#159,#160,#161,#162,#163,#164,#165,#166,
    #167,#168,#169,#170,#171,#172,#173,#174,#175,#176,#177,#178),
  .UNSPECIFIED.,.F.,.F.,(9,7,7,7,7,7,9),(0.,0.130618970004,
    0.383893969005,0.450399949177,0.645914040395,0.866379310566,1.),
  .UNSPECIFIED.);
#135 = CARTESIAN_POINT('',(0.338070943622,165.));
#136 = CARTESIAN_POINT('',(0.338070943622,163.94987654545));
#137 = CARTESIAN_POINT('',(0.339504862131,162.90807701644));
#138 = CARTESIAN_POINT('',(0.342332893352,161.87485781905));
#139 = CARTESIAN_POINT('',(0.346485116127,160.85096831019));
#140 = CARTESIAN_POINT('',(0.351859282004,159.83817510086));
#141 = CARTESIAN_POINT('',(0.358318933768,158.83970177513));
#142 = CARTESIAN_POINT('',(0.365691386075,157.86058250782));
#143 = CARTESIAN_POINT('',(0.389420328402,155.0606959711));
#144 = CARTESIAN_POINT('',(0.408084286863,153.2690632576));
#145 = CARTESIAN_POINT('',(0.428976884491,151.52911460708));
#146 = CARTESIAN_POINT('',(0.45144614098,149.84119922975));
#147 = CARTESIAN_POINT('',(0.475043139868,148.20398179805));
#148 = CARTESIAN_POINT('',(0.499561035235,146.6097615336));
#149 = CARTESIAN_POINT('',(0.525032896494,145.04431492012));
#150 = CARTESIAN_POINT('',(0.558736899909,143.07974234449));
#151 = CARTESIAN_POINT('',(0.565808570962,142.67310718131));
#152 = CARTESIAN_POINT('',(0.572940805238,142.26837974727));
#153 = CARTESIAN_POINT('',(0.580132354575,141.86552354758));
#154 = CARTESIAN_POINT('',(0.587382284321,141.46450133629));
#155 = CARTESIAN_POINT('',(0.594689967859,141.06527465196));
#156 = CARTESIAN_POINT('',(0.602055081131,140.66780335333));
#157 = CARTESIAN_POINT('',(0.631298288662,139.10859632986));
#158 = CARTESIAN_POINT('',(0.653610114219,137.9602179711));
#159 = CARTESIAN_POINT('',(0.676404195621,136.82624645954));
#160 = CARTESIAN_POINT('',(0.699684032489,135.70632675545));
#161 = CARTESIAN_POINT('',(0.72346143105,134.60042897501));
#162 = CARTESIAN_POINT('',(0.747753927636,133.50888681138));
#163 = CARTESIAN_POINT('',(0.772583344346,132.43243956173));
#164 = CARTESIAN_POINT('',(0.826607339168,130.1767810903));
#165 = CARTESIAN_POINT('',(0.855930310401,129.00300128522));
#166 = CARTESIAN_POINT('',(0.886013533042,127.85107362847));
#167 = CARTESIAN_POINT('',(0.916928003951,126.72235732929));
#168 = CARTESIAN_POINT('',(0.948744870371,125.61942847726));
#169 = CARTESIAN_POINT('',(0.981534988221,124.5461379591));
#170 = CARTESIAN_POINT('',(1.015369390658,123.50769816077));
#171 = CARTESIAN_POINT('',(1.071504127518,121.9065637029));
#172 = CARTESIAN_POINT('',(1.09311224907,121.31718839865));
#173 = CARTESIAN_POINT('',(1.11516396607,120.74412758056));
#174 = CARTESIAN_POINT('',(1.137677884906,120.18908689857));
#175 = CARTESIAN_POINT('',(1.160672453835,119.65401353977));
#176 = CARTESIAN_POINT('',(1.184166122405,119.14110509278));
#177 = CARTESIAN_POINT('',(1.208177500887,118.6528184121));
#178 = CARTESIAN_POINT('',(1.232725519705,118.19187848245));
#179 = ( GEOMETRIC_REPRESENTATION_CONTEXT(2) 
PARAMETRIC_REPRESENTATION_CONTEXT() REPRESENTATION_CONTEXT('2D SPACE',''
  ) );
#180 = PCURVE('',#181,#186);
#181 = CYLINDRICAL_SURFACE('',#182,50.);
#182 = AXIS2_PLACEMENT_3D('',#183,#184,#185);
#183 = CARTESIAN_POINT('',(-400.,-75.,288.));
#184 = DIRECTION('',(0.,0.,1.));
#185 = DIRECTION('',(1.,0.,-0.));
#186 = DEFINITIONAL_REPRESENTATION('',(#187),#211);
#187 = B_SPLINE_CURVE_WITH_KNOTS('',8,(#188,#189,#190,#191,#192,#193,
    #194,#195,#196,#197,#198,#199,#200,#201,#202,#203,#204,#205,#206,
    #207,#208,#209,#210),.UNSPECIFIED.,.F.,.F.,(9,7,7,9),(0.548902588175
    ,0.645914040395,0.866379310566,0.999999907103),.UNSPECIFIED.);
#188 = CARTESIAN_POINT('',(6.909631114534,84.180093800699));
#189 = CARTESIAN_POINT('',(6.923257818839,84.653465213433));
#190 = CARTESIAN_POINT('',(6.936951185817,85.126511697755));
#191 = CARTESIAN_POINT('',(6.950717164351,85.599005216219));
#192 = CARTESIAN_POINT('',(6.964561646748,86.07071868217));
#193 = CARTESIAN_POINT('',(6.978490475912,86.541421327745));
#194 = CARTESIAN_POINT('',(6.992509452993,87.010874875287));
#195 = CARTESIAN_POINT('',(7.006624349458,87.478830315806));
#196 = CARTESIAN_POINT('',(7.05314908965,89.004485154461));
#197 = CARTESIAN_POINT('',(7.085954975676,90.053953077721));
#198 = CARTESIAN_POINT('',(7.119364296135,91.091675127959));
#199 = CARTESIAN_POINT('',(7.153475484491,92.115162931474));
#200 = CARTESIAN_POINT('',(7.188381903479,93.121008150964));
#201 = CARTESIAN_POINT('',(7.224173257465,94.104738231109));
#202 = CARTESIAN_POINT('',(7.26093711422,95.060690919534));
#203 = CARTESIAN_POINT('',(7.32168617913,96.54020693255));
#204 = CARTESIAN_POINT('',(7.34501605008,97.086140251839));
#205 = CARTESIAN_POINT('',(7.368773485811,97.618146620408));
#206 = CARTESIAN_POINT('',(7.392980392622,98.134474714455));
#207 = CARTESIAN_POINT('',(7.417658396373,98.63315097699));
#208 = CARTESIAN_POINT('',(7.442829089178,99.111970107941));
#209 = CARTESIAN_POINT('',(7.468514276107,99.568485554253));
#210 = CARTESIAN_POINT('',(7.49473622188,99.999999999991));
#211 = ( GEOMETRIC_REPRESENTATION_CONTEXT(2) 
PARAMETRIC_REPRESENTATION_CONTEXT() REPRESENTATION_CONTEXT('2D SPACE',''
  ) );
#212 = ORIENTED_EDGE('',*,*,#213,.F.);
#213 = EDGE_CURVE('',#214,#84,#216,.T.);
#214 = VERTEX_POINT('',#215);
#215 = CARTESIAN_POINT('',(-347.,-30.00002663661,338.));
#216 = SURFACE_CURVE('',#217,(#262,#310),.PCURVE_S1.);
#217 = B_SPLINE_CURVE_WITH_KNOTS('',8,(#218,#219,#220,#221,#222,#223,
    #224,#225,#226,#227,#228,#229,#230,#231,#232,#233,#234,#235,#236,
    #237,#238,#239,#240,#241,#242,#243,#244,#245,#246,#247,#248,#249,
    #250,#251,#252,#253,#254,#255,#256,#257,#258,#259,#260,#261),
  .UNSPECIFIED.,.F.,.F.,(9,7,7,7,7,7,9),(0.,0.11745072938,0.194064577288
    ,0.295203505991,0.579516742264,0.835731683802,1.),.UNSPECIFIED.);
#218 = CARTESIAN_POINT('',(-347.,-30.00002663661,338.));
#219 = CARTESIAN_POINT('',(-347.,-29.99851983849,339.38486297731));
#220 = CARTESIAN_POINT('',(-347.0413553802,-30.04572290416,
    340.76747845236));
#221 = CARTESIAN_POINT('',(-347.1238302518,-30.14136214051,
    342.14251155783));
#222 = CARTESIAN_POINT('',(-347.2464803187,-30.28441152651,
    343.50465117426));
#223 = CARTESIAN_POINT('',(-347.4076559035,-30.4730946292,
    344.84863314518));
#224 = CARTESIAN_POINT('',(-347.6050108557,-30.70488131092,
    346.16926206616));
#225 = CARTESIAN_POINT('',(-347.8355173412,-30.97647922756,
    347.46143164767));
#226 = CARTESIAN_POINT('',(-348.2650660391,-31.48430050969,
    349.54120939186));
#227 = CARTESIAN_POINT('',(-348.4473799199,-31.70022358617,
    350.34899660852));
#228 = CARTESIAN_POINT('',(-348.6416942719,-31.93080453493,
    351.14321338842));
#229 = CARTESIAN_POINT('',(-348.8472710828,-32.17525844118,
    351.9235899786));
#230 = CARTESIAN_POINT('',(-349.0633690048,-32.43279964871,
    352.68987877791));
#231 = CARTESIAN_POINT('',(-349.2892441449,-32.70264112076,
    353.44185432856));
#232 = CARTESIAN_POINT('',(-349.5241508555,-32.98399380092,
    354.17931330761));
#233 = CARTESIAN_POINT('',(-350.0883829848,-33.66163421651,
    355.85620091429));
#234 = CARTESIAN_POINT('',(-350.423948227,-34.06598702974,
    356.78497025524));
#235 = CARTESIAN_POINT('',(-350.7726124709,-34.48765558663,
    357.68876836825));
#236 = CARTESIAN_POINT('',(-351.1330520364,-34.92529453375,
    358.56803370504));
#237 = CARTESIAN_POINT('',(-351.5040416794,-35.37767847002,
    359.42324958394));
#238 = CARTESIAN_POINT('',(-351.8844509283,-35.84369842549,
    360.25493643181));
#239 = CARTESIAN_POINT('',(-352.2732404196,-36.32235834009,
    361.06364402584));
#240 = CARTESIAN_POINT('',(-353.7832723774,-38.19137982351,
    364.06032323979));
#241 = CARTESIAN_POINT('',(-354.9581881041,-39.66583981844,
    366.09839276845));
#242 = CARTESIAN_POINT('',(-356.1733841788,-41.21702715099,
    367.97529624831));
#243 = CARTESIAN_POINT('',(-357.4125700511,-42.83169667882,
    369.70293341059));
#244 = CARTESIAN_POINT('',(-358.6630158707,-44.50166758742,
    371.29296768018));
#245 = CARTESIAN_POINT('',(-359.9145027526,-46.2233430338,
    372.75613326482));
#246 = CARTESIAN_POINT('',(-361.1579605043,-47.99726366645,
    374.10151811096));
#247 = CARTESIAN_POINT('',(-363.4867741204,-51.4773623137,
    376.44788505533));
#248 = CARTESIAN_POINT('',(-364.5720311083,-53.16756175049,
    377.46615895068));
#249 = CARTESIAN_POINT('',(-365.6311904605,-54.90105833472,378.396360272
    ));
#250 = CARTESIAN_POINT('',(-366.6544810343,-56.68066040097,
    379.24098824983));
#251 = CARTESIAN_POINT('',(-367.6287011669,-58.5085570319,
    379.99992217911));
#252 = CARTESIAN_POINT('',(-368.5365505241,-60.38633839863,
    380.67128979279));
#253 = CARTESIAN_POINT('',(-369.3567751639,-62.31569533174,
    381.25193973447));
#254 = CARTESIAN_POINT('',(-370.5198398989,-65.57175287414,
    382.04796613344));
#255 = CARTESIAN_POINT('',(-370.930605806,-66.87252997645,
    382.32118171707));
#256 = CARTESIAN_POINT('',(-371.2878901846,-68.19545526679,
    382.55275646261));
#257 = CARTESIAN_POINT('',(-371.5833588682,-69.53536123238,
    382.74028364945));
#258 = CARTESIAN_POINT('',(-371.810377309,-70.88834860327,
    382.88228131653));
#259 = CARTESIAN_POINT('',(-371.9641153622,-72.25153647244,
    382.97774458415));
#260 = CARTESIAN_POINT('',(-372.0415836064,-73.62272881707,
    383.0258476074));
#261 = CARTESIAN_POINT('',(-372.0415836064,-75.,383.0258476074));
#262 = PCURVE('',#33,#263);
#263 = DEFINITIONAL_REPRESENTATION('',(#264),#309);
#264 = B_SPLINE_CURVE_WITH_KNOTS('',8,(#265,#266,#267,#268,#269,#270,
    #271,#272,#273,#274,#275,#276,#277,#278,#279,#280,#281,#282,#283,
    #284,#285,#286,#287,#288,#289,#290,#291,#292,#293,#294,#295,#296,
    #297,#298,#299,#300,#301,#302,#303,#304,#305,#306,#307,#308),
  .UNSPECIFIED.,.F.,.F.,(9,7,7,7,7,7,9),(0.,0.11745072938,0.194064577288
    ,0.295203505991,0.579516742264,0.835731683802,1.),.UNSPECIFIED.);
#265 = CARTESIAN_POINT('',(0.,120.00002663661));
#266 = CARTESIAN_POINT('',(2.612949013802E-02,119.99851983849));
#267 = CARTESIAN_POINT('',(5.221657807775E-02,120.04572290416));
#268 = CARTESIAN_POINT('',(7.818777484949E-02,120.14136214051));
#269 = CARTESIAN_POINT('',(0.103969709796,120.28441152651));
#270 = CARTESIAN_POINT('',(0.129487831072,120.4730946292));
#271 = CARTESIAN_POINT('',(0.154665223572,120.70488131092));
#272 = CARTESIAN_POINT('',(0.179421544288,120.97647922756));
#273 = CARTESIAN_POINT('',(0.219490848566,121.48430050969));
#274 = CARTESIAN_POINT('',(0.235112861006,121.70022358617));
#275 = CARTESIAN_POINT('',(0.250535950067,121.93080453493));
#276 = CARTESIAN_POINT('',(0.265757716145,122.17525844118));
#277 = CARTESIAN_POINT('',(0.280775537831,122.43279964871));
#278 = CARTESIAN_POINT('',(0.295586587337,122.70264112076));
#279 = CARTESIAN_POINT('',(0.31018784593,122.98399380092));
#280 = CARTESIAN_POINT('',(0.343570264678,123.66163421651));
#281 = CARTESIAN_POINT('',(0.362198359088,124.06598702974));
#282 = CARTESIAN_POINT('',(0.380469146804,124.48765558663));
#283 = CARTESIAN_POINT('',(0.398391270112,124.92529453375));
#284 = CARTESIAN_POINT('',(0.415973300669,125.37767847002));
#285 = CARTESIAN_POINT('',(0.433223770802,125.84369842549));
#286 = CARTESIAN_POINT('',(0.450151204815,126.32235834009));
#287 = CARTESIAN_POINT('',(0.513465063101,128.19137982351));
#288 = CARTESIAN_POINT('',(0.557781406748,129.66583981845));
#289 = CARTESIAN_POINT('',(0.599879372713,131.21702715096));
#290 = CARTESIAN_POINT('',(0.639909791367,132.83169667886));
#291 = CARTESIAN_POINT('',(0.678008548532,134.50166758739));
#292 = CARTESIAN_POINT('',(0.714290619245,136.22334303381));
#293 = CARTESIAN_POINT('',(0.748834880779,137.99726366645));
#294 = CARTESIAN_POINT('',(0.811209884149,141.4773623137));
#295 = CARTESIAN_POINT('',(0.839270871594,143.16756175049));
#296 = CARTESIAN_POINT('',(0.865844962783,144.90105833472));
#297 = CARTESIAN_POINT('',(0.890858191084,146.68066040097));
#298 = CARTESIAN_POINT('',(0.914143485431,148.5085570319));
#299 = CARTESIAN_POINT('',(0.935439987557,150.38633839863));
#300 = CARTESIAN_POINT('',(0.954398919281,152.31569533174));
#301 = CARTESIAN_POINT('',(0.980991166253,155.57175287414));
#302 = CARTESIAN_POINT('',(0.990298478321,156.87252997645));
#303 = CARTESIAN_POINT('',(0.998331028418,158.19545526679));
#304 = CARTESIAN_POINT('',(1.004933604423,159.53536123238));
#305 = CARTESIAN_POINT('',(1.009985853498,160.88834860327));
#306 = CARTESIAN_POINT('',(1.013400295987,162.25153647244));
#307 = CARTESIAN_POINT('',(1.015120823547,163.62272881707));
#308 = CARTESIAN_POINT('',(1.015120823547,165.));
#309 = ( GEOMETRIC_REPRESENTATION_CONTEXT(2) 
PARAMETRIC_REPRESENTATION_CONTEXT() REPRESENTATION_CONTEXT('2D SPACE',''
  ) );
#310 = PCURVE('',#311,#316);
#311 = CYLINDRICAL_SURFACE('',#312,45.);
#312 = AXIS2_PLACEMENT_3D('',#313,#314,#315);
#313 = CARTESIAN_POINT('',(-400.,-75.,338.));
#314 = DIRECTION('',(0.999999573283,0.,9.238146309375E-04));
#315 = DIRECTION('',(-9.238146309375E-04,0.,0.999999573283));
#316 = DEFINITIONAL_REPRESENTATION('',(#317),#362);
#317 = B_SPLINE_CURVE_WITH_KNOTS('',8,(#318,#319,#320,#321,#322,#323,
    #324,#325,#326,#327,#328,#329,#330,#331,#332,#333,#334,#335,#336,
    #337,#338,#339,#340,#341,#342,#343,#344,#345,#346,#347,#348,#349,
    #350,#351,#352,#353,#354,#355,#356,#357,#358,#359,#360,#361),
  .UNSPECIFIED.,.F.,.F.,(9,7,7,7,7,7,9),(0.,0.11745072938,0.194064577288
    ,0.295203505991,0.579516742264,0.835731683802,1.),.UNSPECIFIED.);
#318 = CARTESIAN_POINT('',(4.711300931827,52.999977384008));
#319 = CARTESIAN_POINT('',(4.74207566974,53.001256740688));
#320 = CARTESIAN_POINT('',(4.772800135747,52.961178658448));
#321 = CARTESIAN_POINT('',(4.8034001873,52.87997409777));
#322 = CARTESIAN_POINT('',(4.833801614959,52.75858244776));
#323 = CARTESIAN_POINT('',(4.863928267887,52.598648521905));
#324 = CARTESIAN_POINT('',(4.893700198735,52.40251367029));
#325 = CARTESIAN_POINT('',(4.923031827896,52.173201008293));
#326 = CARTESIAN_POINT('',(4.970615438488,51.745573822818));
#327 = CARTESIAN_POINT('',(4.989195731657,51.564006265439));
#328 = CARTESIAN_POINT('',(5.007570651126,51.370425705465));
#329 = CARTESIAN_POINT('',(5.025739401125,51.165569905552));
#330 = CARTESIAN_POINT('',(5.043700760736,50.950179984545));
#331 = CARTESIAN_POINT('',(5.061453098991,50.72499962686));
#332 = CARTESIAN_POINT('',(5.078994389969,50.490774291878));
#333 = CARTESIAN_POINT('',(5.119196930218,49.928091536654));
#334 = CARTESIAN_POINT('',(5.141705809576,49.593384448406));
#335 = CARTESIAN_POINT('',(5.1638627726,49.24555529513));
#336 = CARTESIAN_POINT('',(5.185681442113,48.885928161646));
#337 = CARTESIAN_POINT('',(5.207175276418,48.515728737911));
#338 = CARTESIAN_POINT('',(5.228357688585,48.13608797587));
#339 = CARTESIAN_POINT('',(5.24924216573,47.74804574632));
#340 = CARTESIAN_POINT('',(5.327751998622,46.240782808982));
#341 = CARTESIAN_POINT('',(5.383540122036,45.067750382089));
#342 = CARTESIAN_POINT('',(5.437487623034,43.854288736836));
#343 = CARTESIAN_POINT('',(5.489867849381,42.616699409798));
#344 = CARTESIAN_POINT('',(5.540959494518,41.367723020667));
#345 = CARTESIAN_POINT('',(5.591055773851,40.117588366609));
#346 = CARTESIAN_POINT('',(5.64047015362,38.875374031756));
#347 = CARTESIAN_POINT('',(5.733768084124,36.548729017492));
#348 = CARTESIAN_POINT('',(5.777572239207,35.46441318898));
#349 = CARTESIAN_POINT('',(5.821210713858,34.40611362237));
#350 = CARTESIAN_POINT('',(5.864887218935,33.383603764923));
#351 = CARTESIAN_POINT('',(5.908767035565,32.410085162236));
#352 = CARTESIAN_POINT('',(5.952993085741,31.502856411747));
#353 = CARTESIAN_POINT('',(5.997710183338,30.683168534795));
#354 = CARTESIAN_POINT('',(6.07220363305,29.520839676904));
#355 = CARTESIAN_POINT('',(6.101726408499,29.110326345648));
#356 = CARTESIAN_POINT('',(6.131544499745,28.753256051706));
#357 = CARTESIAN_POINT('',(6.161575770915,28.457960734534));
#358 = CARTESIAN_POINT('',(6.191771582198,28.2310735701));
#359 = CARTESIAN_POINT('',(6.222108342191,28.077423772879));
#360 = CARTESIAN_POINT('',(6.252579280892,28.));
#361 = CARTESIAN_POINT('',(6.28318530718,28.));
#362 = ( GEOMETRIC_REPRESENTATION_CONTEXT(2) 
PARAMETRIC_REPRESENTATION_CONTEXT() REPRESENTATION_CONTEXT('2D SPACE',''
  ) );
#363 = ORIENTED_EDGE('',*,*,#364,.F.);
#364 = EDGE_CURVE('',#365,#214,#367,.T.);
#365 = VERTEX_POINT('',#366);
#366 = CARTESIAN_POINT('',(-347.,90.,338.));
#367 = SEAM_CURVE('',#368,(#372,#379),.PCURVE_S1.);
#368 = LINE('',#369,#370);
#369 = CARTESIAN_POINT('',(-347.,90.,338.));
#370 = VECTOR('',#371,1.);
#371 = DIRECTION('',(0.,-1.,2.22044604925E-16));
#372 = PCURVE('',#33,#373);
#373 = DEFINITIONAL_REPRESENTATION('',(#374),#378);
#374 = LINE('',#375,#376);
#375 = CARTESIAN_POINT('',(6.28318530718,-0.));
#376 = VECTOR('',#377,1.);
#377 = DIRECTION('',(0.,1.));
#378 = ( GEOMETRIC_REPRESENTATION_CONTEXT(2) 
PARAMETRIC_REPRESENTATION_CONTEXT() REPRESENTATION_CONTEXT('2D SPACE',''
  ) );
#379 = PCURVE('',#33,#380);
#380 = DEFINITIONAL_REPRESENTATION('',(#381),#385);
#381 = LINE('',#382,#383);
#382 = CARTESIAN_POINT('',(0.,-0.));
#383 = VECTOR('',#384,1.);
#384 = DIRECTION('',(0.,1.));
#385 = ( GEOMETRIC_REPRESENTATION_CONTEXT(2) 
PARAMETRIC_REPRESENTATION_CONTEXT() REPRESENTATION_CONTEXT('2D SPACE',''
  ) );
#386 = ORIENTED_EDGE('',*,*,#387,.T.);
#387 = EDGE_CURVE('',#365,#365,#388,.T.);
#388 = SURFACE_CURVE('',#389,(#394,#401),.PCURVE_S1.);
#389 = CIRCLE('',#390,53.);
#390 = AXIS2_PLACEMENT_3D('',#391,#392,#393);
#391 = CARTESIAN_POINT('',(-400.,90.,338.));
#392 = DIRECTION('',(0.,-1.,2.22044604925E-16));
#393 = DIRECTION('',(1.,0.,0.));
#394 = PCURVE('',#33,#395);
#395 = DEFINITIONAL_REPRESENTATION('',(#396),#400);
#396 = LINE('',#397,#398);
#397 = CARTESIAN_POINT('',(0.,0.));
#398 = VECTOR('',#399,1.);
#399 = DIRECTION('',(1.,0.));
#400 = ( GEOMETRIC_REPRESENTATION_CONTEXT(2) 
PARAMETRIC_REPRESENTATION_CONTEXT() REPRESENTATION_CONTEXT('2D SPACE',''
  ) );
#401 = PCURVE('',#402,#407);
#402 = PLANE('',#403);
#403 = AXIS2_PLACEMENT_3D('',#404,#405,#406);
#404 = CARTESIAN_POINT('',(-400.,90.,338.));
#405 = DIRECTION('',(0.,-1.,2.22044604925E-16));
#406 = DIRECTION('',(1.,0.,0.));
#407 = DEFINITIONAL_REPRESENTATION('',(#408),#412);
#408 = CIRCLE('',#409,53.);
#409 = AXIS2_PLACEMENT_2D('',#410,#411);
#410 = CARTESIAN_POINT('',(0.,0.));
#411 = DIRECTION('',(1.,0.));
#412 = ( GEOMETRIC_REPRESENTATION_CONTEXT(2) 
PARAMETRIC_REPRESENTATION_CONTEXT() REPRESENTATION_CONTEXT('2D SPACE',''
  ) );
#413 = ORIENTED_EDGE('',*,*,#364,.T.);
#414 = ORIENTED_EDGE('',*,*,#415,.F.);
#415 = EDGE_CURVE('',#416,#214,#418,.T.);
#416 = VERTEX_POINT('',#417);
#417 = CARTESIAN_POINT('',(-359.4626245001,-45.73020007608,
    303.85734064906));
#418 = SURFACE_CURVE('',#419,(#499,#582),.PCURVE_S1.);
#419 = B_SPLINE_CURVE_WITH_KNOTS('',8,(#420,#421,#422,#423,#424,#425,
    #426,#427,#428,#429,#430,#431,#432,#433,#434,#435,#436,#437,#438,
    #439,#440,#441,#442,#443,#444,#445,#446,#447,#448,#449,#450,#451,
    #452,#453,#454,#455,#456,#457,#458,#459,#460,#461,#462,#463,#464,
    #465,#466,#467,#468,#469,#470,#471,#472,#473,#474,#475,#476,#477,
    #478,#479,#480,#481,#482,#483,#484,#485,#486,#487,#488,#489,#490,
    #491,#492,#493,#494,#495,#496,#497,#498),.UNSPECIFIED.,.F.,.F.,(9,7,
    7,7,7,7,7,7,7,7,7,9),(0.,4.270322850879E-02,8.225995229212E-02,
    0.137059543268,0.190794338956,0.275180249926,0.323799623284,
    0.532018132371,0.761677853456,0.843525997419,0.904995945802,1.),
  .UNSPECIFIED.);
#420 = CARTESIAN_POINT('',(-368.1960579419,-90.00000239585,
    295.60295682986));
#421 = CARTESIAN_POINT('',(-368.3790874097,-89.61214153082,
    295.46565813747));
#422 = CARTESIAN_POINT('',(-368.5589487915,-89.22209102373,
    295.33214711856));
#423 = CARTESIAN_POINT('',(-368.7354645435,-88.8298456986,
    295.20245324991));
#424 = CARTESIAN_POINT('',(-368.9084518313,-88.43539852763,
    295.07660756933));
#425 = CARTESIAN_POINT('',(-369.0777226362,-88.03874063695,
    294.95464288851));
#426 = CARTESIAN_POINT('',(-369.2430838615,-87.63986131245,
    294.83659400571));
#427 = CARTESIAN_POINT('',(-369.4043374386,-87.23874800549,
    294.72249791864));
#428 = CARTESIAN_POINT('',(-369.7066593887,-86.46174559559,
    294.51040294696));
#429 = CARTESIAN_POINT('',(-369.8483459217,-86.08615937842,
    294.41183299192));
#430 = CARTESIAN_POINT('',(-369.9861618888,-85.70865806204,
    294.31672751213));
#431 = CARTESIAN_POINT('',(-370.1199295925,-85.32926750938,
    294.22512829818));
#432 = CARTESIAN_POINT('',(-370.2494719773,-84.94800907954,
    294.1370760648));
#433 = CARTESIAN_POINT('',(-370.3746128254,-84.56489963579,
    294.0526109246));
#434 = CARTESIAN_POINT('',(-370.4951769514,-84.17995155366,
    293.97177286177));
#435 = CARTESIAN_POINT('',(-370.7714316291,-83.25735177701,
    293.7876944545));
#436 = CARTESIAN_POINT('',(-370.922796965,-82.71787939666,
    293.68779759048));
#437 = CARTESIAN_POINT('',(-371.0645385211,-82.17502974406,
    293.59507625053));
#438 = CARTESIAN_POINT('',(-371.1961440276,-81.62904783868,
    293.50967342485));
#439 = CARTESIAN_POINT('',(-371.3171382276,-81.08014962714,
    293.43171447337));
#440 = CARTESIAN_POINT('',(-371.4270842758,-80.5285220471,
    293.36131114233));
#441 = CARTESIAN_POINT('',(-371.5255851376,-79.97432309102,
    293.29856558067));
#442 = CARTESIAN_POINT('',(-371.6973001974,-78.87185658664,
    293.18965165129));
#443 = CARTESIAN_POINT('',(-371.7709581979,-78.32374830838,
    293.14319129885));
#444 = CARTESIAN_POINT('',(-371.8328820477,-77.77377292788,
    293.10431013993));
#445 = CARTESIAN_POINT('',(-371.8827677827,-77.2223170661,
    293.07309631447));
#446 = CARTESIAN_POINT('',(-371.9203852476,-76.66974455259,
    293.04961376939));
#447 = CARTESIAN_POINT('',(-371.9455784935,-76.11640291014,
    293.03390540249));
#448 = CARTESIAN_POINT('',(-371.9582657429,-75.56262984393,
    293.02599484259));
#449 = CARTESIAN_POINT('',(-371.9587108804,-74.13895399606,
    293.02571729739));
#450 = CARTESIAN_POINT('',(-371.9281203823,-73.26992311748,
    293.04479067198));
#451 = CARTESIAN_POINT('',(-371.8667617044,-72.40267665988,
    293.08304691115));
#452 = CARTESIAN_POINT('',(-371.7751214342,-71.53825768222,
    293.1403466804));
#453 = CARTESIAN_POINT('',(-371.654083392,-70.67779345673,
    293.21646475813));
#454 = CARTESIAN_POINT('',(-371.5049280675,-69.82254597459,
    293.31106660812));
#455 = CARTESIAN_POINT('',(-371.3293265676,-68.9739622426,
    293.42366815565));
#456 = CARTESIAN_POINT('',(-371.0140995007,-67.64961703188,
    293.62842742899));
#457 = CARTESIAN_POINT('',(-370.890709447,-67.16801900496,
    293.70906229619));
#458 = CARTESIAN_POINT('',(-370.7594672828,-66.68896922206,
    293.79540664531));
#459 = CARTESIAN_POINT('',(-370.6206927781,-66.21252070961,
    293.88738305277));
#460 = CARTESIAN_POINT('',(-370.4747164244,-65.73874060965,
    293.98491161166));
#461 = CARTESIAN_POINT('',(-370.3218787547,-65.26771020098,
    294.08790814868));
#462 = CARTESIAN_POINT('',(-370.1625296624,-64.79952492038,
    294.19628244112));
#463 = CARTESIAN_POINT('',(-369.2882450871,-62.3418867895,
    294.79667378266));
#464 = CARTESIAN_POINT('',(-368.4669441256,-60.40459954281,
    295.38001759564));
#465 = CARTESIAN_POINT('',(-367.5573214881,-58.51928731107,
    296.05496327368));
#466 = CARTESIAN_POINT('',(-366.5808992429,-56.68424441812,
    296.81827578864));
#467 = CARTESIAN_POINT('',(-365.5551887753,-54.89787096533,
    297.66802086357));
#468 = CARTESIAN_POINT('',(-364.4935411165,-53.15795696234,
    298.60404622852));
#469 = CARTESIAN_POINT('',(-363.4058295041,-51.46166091122,
    299.62886770904));
#470 = CARTESIAN_POINT('',(-361.0794779663,-47.98039338926,
    301.98324699479));
#471 = CARTESIAN_POINT('',(-359.8412136961,-46.21083662148,
    303.32888318871));
#472 = CARTESIAN_POINT('',(-358.5952391042,-44.4933024584,
    304.79184394514));
#473 = CARTESIAN_POINT('',(-357.350585225,-42.82727012131,
    306.38114875982));
#474 = CARTESIAN_POINT('',(-356.1174288143,-41.21632233065,
    308.10744488445));
#475 = CARTESIAN_POINT('',(-354.9084384554,-39.66858683455,
    309.98229547168));
#476 = CARTESIAN_POINT('',(-353.7398120035,-38.19721183738,
    312.01749188631));
#477 = CARTESIAN_POINT('',(-352.237506167,-36.33076585125,
    315.01047154876));
#478 = CARTESIAN_POINT('',(-351.8502306166,-35.85209453195,
    315.8192401666));
#479 = CARTESIAN_POINT('',(-351.4713583155,-35.38604129282,
    316.65094698502));
#480 = CARTESIAN_POINT('',(-351.101927155,-34.93359943575,
    317.50614006817));
#481 = CARTESIAN_POINT('',(-350.7430659806,-34.49587507297,
    318.3853380658));
#482 = CARTESIAN_POINT('',(-350.3959982363,-34.07409063312,
    319.28902246258));
#483 = CARTESIAN_POINT('',(-350.0620456098,-33.66958836722,
    320.21762982749));
#484 = CARTESIAN_POINT('',(-349.5027440381,-32.99412282613,
    321.8879568733));
#485 = CARTESIAN_POINT('',(-349.2710108461,-32.71493092788,
    322.61878048786));
#486 = CARTESIAN_POINT('',(-349.0481559774,-32.44702571454,
    323.36384259964));
#487 = CARTESIAN_POINT('',(-348.8349028551,-32.19117282053,
    324.12294957355));
#488 = CARTESIAN_POINT('',(-348.6319736999,-31.94813656353,
    324.89588644338));
#489 = CARTESIAN_POINT('',(-348.440088781,-31.71868054788,
    325.68241690857));
#490 = CARTESIAN_POINT('',(-348.2599656671,-31.50356826798,326.482283331
    ));
#491 = CARTESIAN_POINT('',(-347.8332136112,-30.99444935239,
    328.55160958987));
#492 = CARTESIAN_POINT('',(-347.6034393219,-30.72086133931,
    329.84148195855));
#493 = CARTESIAN_POINT('',(-347.4066724582,-30.48686468199,
    331.15987451555));
#494 = CARTESIAN_POINT('',(-347.2459377241,-30.29575839664,
    332.50173082168));
#495 = CARTESIAN_POINT('',(-347.1235871227,-30.15008912684,
    333.86190598016));
#496 = CARTESIAN_POINT('',(-347.0412851871,-30.05165963368,
    335.23518670363));
#497 = CARTESIAN_POINT('',(-347.,-30.00153215544,336.61631278898));
#498 = CARTESIAN_POINT('',(-347.,-30.00002663661,338.));
#499 = PCURVE('',#33,#500);
#500 = DEFINITIONAL_REPRESENTATION('',(#501),#581);
#501 = B_SPLINE_CURVE_WITH_KNOTS('',8,(#502,#503,#504,#505,#506,#507,
    #508,#509,#510,#511,#512,#513,#514,#515,#516,#517,#518,#519,#520,
    #521,#522,#523,#524,#525,#526,#527,#528,#529,#530,#531,#532,#533,
    #534,#535,#536,#537,#538,#539,#540,#541,#542,#543,#544,#545,#546,
    #547,#548,#549,#550,#551,#552,#553,#554,#555,#556,#557,#558,#559,
    #560,#561,#562,#563,#564,#565,#566,#567,#568,#569,#570,#571,#572,
    #573,#574,#575,#576,#577,#578,#579,#580),.UNSPECIFIED.,.F.,.F.,(9,7,
    7,7,7,7,7,7,7,7,7,9),(0.,4.270322850879E-02,8.225995229212E-02,
    0.137059543268,0.190794338956,0.275180249926,0.323799623284,
    0.532018132371,0.761677853456,0.843525997419,0.904995945802,1.),
  .UNSPECIFIED.);
#502 = CARTESIAN_POINT('',(5.355983065486,180.0000024));
#503 = CARTESIAN_POINT('',(5.3516660317,179.61214153496));
#504 = CARTESIAN_POINT('',(5.347439699453,179.2220910227));
#505 = CARTESIAN_POINT('',(5.343306959386,178.82984569528));
#506 = CARTESIAN_POINT('',(5.339270821686,178.43539852598));
#507 = CARTESIAN_POINT('',(5.335334416209,178.03874063822));
#508 = CARTESIAN_POINT('',(5.33150099261,177.63986131452));
#509 = CARTESIAN_POINT('',(5.32777392047,177.23874800549));
#510 = CARTESIAN_POINT('',(5.320805987039,176.46174559559));
#511 = CARTESIAN_POINT('',(5.317549389501,176.08615937842));
#512 = CARTESIAN_POINT('',(5.314390060498,175.70865806204));
#513 = CARTESIAN_POINT('',(5.311331153962,175.32926750938));
#514 = CARTESIAN_POINT('',(5.30837581517,174.94800907954));
#515 = CARTESIAN_POINT('',(5.305527181854,174.56489963579));
#516 = CARTESIAN_POINT('',(5.3027883853,174.17995155366));
#517 = CARTESIAN_POINT('',(5.29652487354,173.25735177701));
#518 = CARTESIAN_POINT('',(5.293103051749,172.71787939666));
#519 = CARTESIAN_POINT('',(5.289907336785,172.17502974406));
#520 = CARTESIAN_POINT('',(5.286947232309,171.62904783867));
#521 = CARTESIAN_POINT('',(5.284231506885,171.08014962714));
#522 = CARTESIAN_POINT('',(5.28176820593,170.5285220471));
#523 = CARTESIAN_POINT('',(5.279564663649,169.97432309102));
#524 = CARTESIAN_POINT('',(5.275728006513,168.87185658664));
#525 = CARTESIAN_POINT('',(5.274084869473,168.32374830838));
#526 = CARTESIAN_POINT('',(5.272705279902,167.77377292788));
#527 = CARTESIAN_POINT('',(5.271594973433,167.2223170661));
#528 = CARTESIAN_POINT('',(5.270758270249,166.66974455259));
#529 = CARTESIAN_POINT('',(5.270198095359,166.11640291014));
#530 = CARTESIAN_POINT('',(5.269915994206,165.56262984393));
#531 = CARTESIAN_POINT('',(5.269906096569,164.13895399606));
#532 = CARTESIAN_POINT('',(5.270586276215,163.26992311748));
#533 = CARTESIAN_POINT('',(5.271950578239,162.40267665988));
#534 = CARTESIAN_POINT('',(5.273989813438,161.53825768222));
#535 = CARTESIAN_POINT('',(5.276687584889,160.67779345673));
#536 = CARTESIAN_POINT('',(5.280020101513,159.82254597459));
#537 = CARTESIAN_POINT('',(5.283955928058,158.9739622426));
#538 = CARTESIAN_POINT('',(5.291048221614,157.64961703188));
#539 = CARTESIAN_POINT('',(5.293829364232,157.16801900496));
#540 = CARTESIAN_POINT('',(5.296793457407,156.68896922206));
#541 = CARTESIAN_POINT('',(5.299934688938,156.21252070961));
#542 = CARTESIAN_POINT('',(5.303247071597,155.73874060965));
#543 = CARTESIAN_POINT('',(5.306724438375,155.26771020098));
#544 = CARTESIAN_POINT('',(5.310360437732,154.79952492038));
#545 = CARTESIAN_POINT('',(5.330371499834,152.3418867895));
#546 = CARTESIAN_POINT('',(5.349376392027,150.40459954281));
#547 = CARTESIAN_POINT('',(5.370739909214,148.51928731107));
#548 = CARTESIAN_POINT('',(5.394108620835,146.68424441812));
#549 = CARTESIAN_POINT('',(5.41921830609,144.89787096532));
#550 = CARTESIAN_POINT('',(5.445899952068,143.15795696234));
#551 = CARTESIAN_POINT('',(5.474079067295,141.46166091122));
#552 = CARTESIAN_POINT('',(5.536528800157,137.98039338926));
#553 = CARTESIAN_POINT('',(5.571010222872,136.21083662148));
#554 = CARTESIAN_POINT('',(5.607222086566,134.49330245838));
#555 = CARTESIAN_POINT('',(5.645242951298,132.82727012134));
#556 = CARTESIAN_POINT('',(5.685187122011,131.21632233062));
#557 = CARTESIAN_POINT('',(5.727189633636,129.66858683456));
#558 = CARTESIAN_POINT('',(5.771400344279,128.19721183738));
#559 = CARTESIAN_POINT('',(5.834586344792,126.33076585125));
#560 = CARTESIAN_POINT('',(5.851502465901,125.85209453195));
#561 = CARTESIAN_POINT('',(5.868741247671,125.38604129282));
#562 = CARTESIAN_POINT('',(5.886311216094,124.93359943575));
#563 = CARTESIAN_POINT('',(5.904220904248,124.49587507297));
#564 = CARTESIAN_POINT('',(5.922478883493,124.07409063312));
#565 = CARTESIAN_POINT('',(5.941093794685,123.66958836722));
#566 = CARTESIAN_POINT('',(5.974329260479,122.99412282613));
#567 = CARTESIAN_POINT('',(5.988793120814,122.71493092788));
#568 = CARTESIAN_POINT('',(6.003462954356,122.44702571454));
#569 = CARTESIAN_POINT('',(6.018335920617,122.19117282053));
#570 = CARTESIAN_POINT('',(6.033409360162,121.94813656353));
#571 = CARTESIAN_POINT('',(6.048680810124,121.71868054788));
#572 = CARTESIAN_POINT('',(6.064148019724,121.50356826798));
#573 = CARTESIAN_POINT('',(6.10401353092,120.99444935239));
#574 = CARTESIAN_POINT('',(6.128724808596,120.72086133931));
#575 = CARTESIAN_POINT('',(6.153858921829,120.48686468199));
#576 = CARTESIAN_POINT('',(6.179336340112,120.29575839664));
#577 = CARTESIAN_POINT('',(6.205080951166,120.15008912684));
#578 = CARTESIAN_POINT('',(6.231019015145,120.05165963368));
#579 = CARTESIAN_POINT('',(6.257078001311,120.00153215544));
#580 = CARTESIAN_POINT('',(6.28318530718,120.00002663661));
#581 = ( GEOMETRIC_REPRESENTATION_CONTEXT(2) 
PARAMETRIC_REPRESENTATION_CONTEXT() REPRESENTATION_CONTEXT('2D SPACE',''
  ) );
#582 = PCURVE('',#311,#583);
#583 = DEFINITIONAL_REPRESENTATION('',(#584),#664);
#584 = B_SPLINE_CURVE_WITH_KNOTS('',8,(#585,#586,#587,#588,#589,#590,
    #591,#592,#593,#594,#595,#596,#597,#598,#599,#600,#601,#602,#603,
    #604,#605,#606,#607,#608,#609,#610,#611,#612,#613,#614,#615,#616,
    #617,#618,#619,#620,#621,#622,#623,#624,#625,#626,#627,#628,#629,
    #630,#631,#632,#633,#634,#635,#636,#637,#638,#639,#640,#641,#642,
    #643,#644,#645,#646,#647,#648,#649,#650,#651,#652,#653,#654,#655,
    #656,#657,#658,#659,#660,#661,#662,#663),.UNSPECIFIED.,.F.,.F.,(9,7,
    7,7,7,7,7,7,7,7,7,9),(0.,4.270322850879E-02,8.225995229212E-02,
    0.137059543268,0.190794338956,0.275180249926,0.323799623284,
    0.532018132371,0.761677853456,0.843525997419,0.904995945802,1.),
  .UNSPECIFIED.);
#585 = CARTESIAN_POINT('',(2.801755687762,31.764761477957));
#586 = CARTESIAN_POINT('',(2.810897656205,31.581605249719));
#587 = CARTESIAN_POINT('',(2.820057465165,31.401620605267));
#588 = CARTESIAN_POINT('',(2.829236170681,31.224985115487));
#589 = CARTESIAN_POINT('',(2.838434874479,31.05188164339));
#590 = CARTESIAN_POINT('',(2.847654725609,30.882498237965));
#591 = CARTESIAN_POINT('',(2.856896922079,30.71702802802));
#592 = CARTESIAN_POINT('',(2.866162712487,30.555669116027));
#593 = CARTESIAN_POINT('',(2.884059516669,30.253151358493));
#594 = CARTESIAN_POINT('',(2.892687370855,30.111373825581));
#595 = CARTESIAN_POINT('',(2.901337028475,29.973470057494));
#596 = CARTESIAN_POINT('',(2.910008683226,29.839617790224));
#597 = CARTESIAN_POINT('',(2.91870265257,29.709994116675));
#598 = CARTESIAN_POINT('',(2.927419376053,29.584775291843));
#599 = CARTESIAN_POINT('',(2.936159413636,29.46413653799));
#600 = CARTESIAN_POINT('',(2.957064623425,29.187711923765));
#601 = CARTESIAN_POINT('',(2.969254972536,29.0362543663));
#602 = CARTESIAN_POINT('',(2.981490537107,28.894427213334));
#603 = CARTESIAN_POINT('',(2.993768173535,28.762742866616));
#604 = CARTESIAN_POINT('',(3.006085524447,28.641676698672));
#605 = CARTESIAN_POINT('',(3.018440994284,28.531665657739));
#606 = CARTESIAN_POINT('',(3.03083372488,28.433106872697));
#607 = CARTESIAN_POINT('',(3.055451896405,28.261291269857));
#608 = CARTESIAN_POINT('',(3.067674453022,28.187590380053));
#609 = CARTESIAN_POINT('',(3.079924549047,28.125630637692));
#610 = CARTESIAN_POINT('',(3.092196265836,28.075716088178));
#611 = CARTESIAN_POINT('',(3.104484275779,28.038076945883));
#612 = CARTESIAN_POINT('',(3.116783665999,28.012869199092));
#613 = CARTESIAN_POINT('',(3.129089767935,28.000174647205));
#614 = CARTESIAN_POINT('',(3.160727009598,27.999729253531));
#615 = CARTESIAN_POINT('',(3.180038721528,28.030337358807));
#616 = CARTESIAN_POINT('',(3.199321710522,28.091731352136));
#617 = CARTESIAN_POINT('',(3.218563698899,28.18342451763));
#618 = CARTESIAN_POINT('',(3.237750337898,28.304532827155));
#619 = CARTESIAN_POINT('',(3.256863880325,28.45377548258));
#620 = CARTESIAN_POINT('',(3.27588173734,28.629480930569));
#621 = CARTESIAN_POINT('',(3.305660322651,28.944897022556));
#622 = CARTESIAN_POINT('',(3.316510211191,29.068361515244));
#623 = CARTESIAN_POINT('',(3.327325433744,29.199683389599));
#624 = CARTESIAN_POINT('',(3.338106477766,29.338542804295));
#625 = CARTESIAN_POINT('',(3.348853460958,29.484609193972));
#626 = CARTESIAN_POINT('',(3.359566122797,29.637541948167));
#627 = CARTESIAN_POINT('',(3.370243816068,29.79699109024));
#628 = CARTESIAN_POINT('',(3.426459825589,30.671829942775));
#629 = CARTESIAN_POINT('',(3.471352456541,31.493669455306));
#630 = CARTESIAN_POINT('',(3.515749178984,32.403915229379));
#631 = CARTESIAN_POINT('',(3.559796356243,33.381042217244));
#632 = CARTESIAN_POINT('',(3.603638306761,34.407537254091));
#633 = CARTESIAN_POINT('',(3.647442041143,35.470049173731));
#634 = CARTESIAN_POINT('',(3.6914136422,36.558707067047));
#635 = CARTESIAN_POINT('',(3.784779259889,38.88723262227));
#636 = CARTESIAN_POINT('',(3.834089470037,40.126739482444));
#637 = CARTESIAN_POINT('',(3.884080291658,41.374065047241));
#638 = CARTESIAN_POINT('',(3.93506310467,42.620186618292));
#639 = CARTESIAN_POINT('',(3.98732922212,43.854937280474));
#640 = CARTESIAN_POINT('',(4.041155570292,45.065659137807));
#641 = CARTESIAN_POINT('',(4.096813766608,46.236165235337));
#642 = CARTESIAN_POINT('',(4.175171082203,47.741235389164));
#643 = CARTESIAN_POINT('',(4.196043154622,48.129257926558));
#644 = CARTESIAN_POINT('',(4.217212735157,48.508898408904));
#645 = CARTESIAN_POINT('',(4.238693311079,48.879119451631));
#646 = CARTESIAN_POINT('',(4.260498293446,49.238792688945));
#647 = CARTESIAN_POINT('',(4.282641136236,49.586695122005));
#648 = CARTESIAN_POINT('',(4.305135455487,49.921505467095));
#649 = CARTESIAN_POINT('',(4.345163334278,50.482349872653));
#650 = CARTESIAN_POINT('',(4.362540886067,50.714758111302));
#651 = CARTESIAN_POINT('',(4.380125586381,50.938301184217));
#652 = CARTESIAN_POINT('',(4.397915577833,51.152255489642));
#653 = CARTESIAN_POINT('',(4.415909378734,51.355898608607));
#654 = CARTESIAN_POINT('',(4.434105898755,51.548510053957));
#655 = CARTESIAN_POINT('',(4.452504454587,51.729372019374));
#656 = CARTESIAN_POINT('',(4.4998522777,52.158035567019));
#657 = CARTESIAN_POINT('',(4.529133931727,52.389001361209));
#658 = CARTESIAN_POINT('',(4.558857633847,52.586986091279));
#659 = CARTESIAN_POINT('',(4.588938680533,52.748960383246));
#660 = CARTESIAN_POINT('',(4.619297990359,52.872567482227));
#661 = CARTESIAN_POINT('',(4.649860296803,52.956138039542));
#662 = CARTESIAN_POINT('',(4.680552322058,52.998699113518));
#663 = CARTESIAN_POINT('',(4.711300931827,52.999977384008));
#664 = ( GEOMETRIC_REPRESENTATION_CONTEXT(2) 
PARAMETRIC_REPRESENTATION_CONTEXT() REPRESENTATION_CONTEXT('2D SPACE',''
  ) );
#665 = ORIENTED_EDGE('',*,*,#666,.T.);
#666 = EDGE_CURVE('',#416,#667,#669,.T.);
#667 = VERTEX_POINT('',#668);
#668 = CARTESIAN_POINT('',(-382.4216041687,-28.19188104612,288.));
#669 = SURFACE_CURVE('',#670,(#715,#763),.PCURVE_S1.);
#670 = B_SPLINE_CURVE_WITH_KNOTS('',8,(#671,#672,#673,#674,#675,#676,
    #677,#678,#679,#680,#681,#682,#683,#684,#685,#686,#687,#688,#689,
    #690,#691,#692,#693,#694,#695,#696,#697,#698,#699,#700,#701,#702,
    #703,#704,#705,#706,#707,#708,#709,#710,#711,#712,#713,#714),
  .UNSPECIFIED.,.F.,.F.,(9,7,7,7,7,7,9),(0.,0.130618970012,
    0.383893969027,0.450399949197,0.645914040406,0.866379310571,1.),
  .UNSPECIFIED.);
#671 = CARTESIAN_POINT('',(-350.,-75.,320.42160416875));
#672 = CARTESIAN_POINT('',(-350.,-73.94987654545,320.42160416875));
#673 = CARTESIAN_POINT('',(-350.0252057467,-72.90807701643,
    320.34990817762));
#674 = CARTESIAN_POINT('',(-350.074919011,-71.87485781906,
    320.20850686715));
#675 = CARTESIAN_POINT('',(-350.1484822894,-70.8509683102,
    320.00109777798));
#676 = CARTESIAN_POINT('',(-350.2451762861,-69.83817510085,
    319.73317104126));
#677 = CARTESIAN_POINT('',(-350.3639298009,-68.83970177514,
    319.41204051692));
#678 = CARTESIAN_POINT('',(-350.5029225217,-67.86058250782,
    319.04683600659));
#679 = CARTESIAN_POINT('',(-350.9621138088,-65.06069597114,
    317.87603008878));
#680 = CARTESIAN_POINT('',(-351.3371115533,-63.26906325759,
    316.96055561098));
#681 = CARTESIAN_POINT('',(-351.778230557,-61.52911460697,
    315.94446930777));
#682 = CARTESIAN_POINT('',(-352.2805381536,-59.84119922981,
    314.86382203817));
#683 = CARTESIAN_POINT('',(-352.8389920633,-58.20398179826,
    313.74372063916));
#684 = CARTESIAN_POINT('',(-353.4516741315,-56.60976153328,
    312.59676601627));
#685 = CARTESIAN_POINT('',(-354.1225360876,-55.04431492027,
    311.42444765434));
#686 = CARTESIAN_POINT('',(-355.0588478094,-53.07974234448,
    309.90318779222));
#687 = CARTESIAN_POINT('',(-355.2578363794,-52.6731071813,309.5855616264
    ));
#688 = CARTESIAN_POINT('',(-355.4611059739,-52.26837974726,
    309.26683395009));
#689 = CARTESIAN_POINT('',(-355.6686824165,-51.86552354758,
    308.94713339078));
#690 = CARTESIAN_POINT('',(-355.8805975707,-51.46450133629,
    308.62657516074));
#691 = CARTESIAN_POINT('',(-356.0968900664,-51.06527465197,
    308.3052618807));
#692 = CARTESIAN_POINT('',(-356.3176060278,-50.66780335333,
    307.98328440364));
#693 = CARTESIAN_POINT('',(-357.2048238121,-49.10859632987,
    306.71245647947));
#694 = CARTESIAN_POINT('',(-357.9053962888,-47.9602179711,
    305.75935650406));
#695 = CARTESIAN_POINT('',(-358.6456303554,-46.82624645954,
    304.80379721872));
#696 = CARTESIAN_POINT('',(-359.4269049661,-45.70632675545,
    303.84773152145));
#697 = CARTESIAN_POINT('',(-360.250839108,-44.60042897501,
    302.89294627516));
#698 = CARTESIAN_POINT('',(-361.1192552132,-43.50888681139,
    301.94123732223));
#699 = CARTESIAN_POINT('',(-362.0341429124,-42.43243956172,
    300.99453046061));
#700 = CARTESIAN_POINT('',(-364.0840847518,-40.17678109028,
    298.99551484552));
#701 = CARTESIAN_POINT('',(-365.2314138865,-39.00300128523,
    297.94604692229));
#702 = CARTESIAN_POINT('',(-366.4438289089,-37.85107362847,
    296.90832487203));
#703 = CARTESIAN_POINT('',(-367.7258288126,-36.72235732929,
    295.88483706852));
#704 = CARTESIAN_POINT('',(-369.0820968437,-35.61942847726,
    294.87899184903));
#705 = CARTESIAN_POINT('',(-370.5173793192,-34.54613795909,
    293.89526176888));
#706 = CARTESIAN_POINT('',(-372.0363524009,-33.50769816078,
    292.93930908047));
#707 = CARTESIAN_POINT('',(-374.6175334305,-31.9065637029,
    291.45979267928));
#708 = CARTESIAN_POINT('',(-375.6246332876,-31.31718839865,
    290.91385898906));
#709 = CARTESIAN_POINT('',(-376.6659276871,-30.74412758056,
    290.38185226999));
#710 = CARTESIAN_POINT('',(-377.7425257662,-30.18908689857,
    289.86552384968));
#711 = CARTESIAN_POINT('',(-378.8554763491,-29.65401353977,
    289.36684728954));
#712 = CARTESIAN_POINT('',(-380.0057481536,-29.14110509278,
    288.88802789472));
#713 = CARTESIAN_POINT('',(-381.1942099955,-28.6528184121,
    288.43151222406));
#714 = CARTESIAN_POINT('',(-382.4216109953,-28.19187848245,
    287.99999759999));
#715 = PCURVE('',#33,#716);
#716 = DEFINITIONAL_REPRESENTATION('',(#717),#762);
#717 = B_SPLINE_CURVE_WITH_KNOTS('',8,(#718,#719,#720,#721,#722,#723,
    #724,#725,#726,#727,#728,#729,#730,#731,#732,#733,#734,#735,#736,
    #737,#738,#739,#740,#741,#742,#743,#744,#745,#746,#747,#748,#749,
    #750,#751,#752,#753,#754,#755,#756,#757,#758,#759,#760,#761),
  .UNSPECIFIED.,.F.,.F.,(9,7,7,7,7,7,9),(0.,0.130618970012,
    0.383893969027,0.450399949197,0.645914040406,0.866379310571,1.),
  .UNSPECIFIED.);
#718 = CARTESIAN_POINT('',(5.945114363558,165.));
#719 = CARTESIAN_POINT('',(5.945114363558,163.94987654545));
#720 = CARTESIAN_POINT('',(5.943680445048,162.90807701643));
#721 = CARTESIAN_POINT('',(5.940852413828,161.87485781906));
#722 = CARTESIAN_POINT('',(5.936700191052,160.8509683102));
#723 = CARTESIAN_POINT('',(5.931326025175,159.83817510085));
#724 = CARTESIAN_POINT('',(5.924866373412,158.83970177514));
#725 = CARTESIAN_POINT('',(5.917493921105,157.86058250782));
#726 = CARTESIAN_POINT('',(5.893764978778,155.06069597114));
#727 = CARTESIAN_POINT('',(5.875101020316,153.26906325757));
#728 = CARTESIAN_POINT('',(5.854208422688,151.52911460702));
#729 = CARTESIAN_POINT('',(5.831739166198,149.84119922973));
#730 = CARTESIAN_POINT('',(5.808142167317,148.20398179832));
#731 = CARTESIAN_POINT('',(5.783624271939,146.60976153326));
#732 = CARTESIAN_POINT('',(5.758152410688,145.04431492027));
#733 = CARTESIAN_POINT('',(5.724448407271,143.07974234448));
#734 = CARTESIAN_POINT('',(5.717376736218,142.6731071813));
#735 = CARTESIAN_POINT('',(5.710244501942,142.26837974726));
#736 = CARTESIAN_POINT('',(5.703052952605,141.86552354758));
#737 = CARTESIAN_POINT('',(5.695803022859,141.46450133629));
#738 = CARTESIAN_POINT('',(5.688495339321,141.06527465197));
#739 = CARTESIAN_POINT('',(5.681130226049,140.66780335333));
#740 = CARTESIAN_POINT('',(5.651887018517,139.10859632987));
#741 = CARTESIAN_POINT('',(5.62957519296,137.96021797109));
#742 = CARTESIAN_POINT('',(5.606781111559,136.82624645955));
#743 = CARTESIAN_POINT('',(5.58350127469,135.70632675545));
#744 = CARTESIAN_POINT('',(5.559723876129,134.600428975));
#745 = CARTESIAN_POINT('',(5.535431379544,133.50888681139));
#746 = CARTESIAN_POINT('',(5.510601962833,132.43243956172));
#747 = CARTESIAN_POINT('',(5.456577968011,130.17678109028));
#748 = CARTESIAN_POINT('',(5.427254996779,129.00300128523));
#749 = CARTESIAN_POINT('',(5.397171774138,127.85107362847));
#750 = CARTESIAN_POINT('',(5.366257303229,126.72235732929));
#751 = CARTESIAN_POINT('',(5.334440436808,125.61942847725));
#752 = CARTESIAN_POINT('',(5.301650318958,124.54613795909));
#753 = CARTESIAN_POINT('',(5.267815916522,123.50769816078));
#754 = CARTESIAN_POINT('',(5.211681179661,121.9065637029));
#755 = CARTESIAN_POINT('',(5.190073058109,121.31718839865));
#756 = CARTESIAN_POINT('',(5.16802134111,120.74412758056));
#757 = CARTESIAN_POINT('',(5.145507422273,120.18908689857));
#758 = CARTESIAN_POINT('',(5.122512853345,119.65401353977));
#759 = CARTESIAN_POINT('',(5.099019184775,119.14110509278));
#760 = CARTESIAN_POINT('',(5.075007806292,118.6528184121));
#761 = CARTESIAN_POINT('',(5.050459787475,118.19187848245));
#762 = ( GEOMETRIC_REPRESENTATION_CONTEXT(2) 
PARAMETRIC_REPRESENTATION_CONTEXT() REPRESENTATION_CONTEXT('2D SPACE',''
  ) );
#763 = PCURVE('',#181,#764);
#764 = DEFINITIONAL_REPRESENTATION('',(#765),#789);
#765 = B_SPLINE_CURVE_WITH_KNOTS('',8,(#766,#767,#768,#769,#770,#771,
    #772,#773,#774,#775,#776,#777,#778,#779,#780,#781,#782,#783,#784,
    #785,#786,#787,#788),.UNSPECIFIED.,.F.,.F.,(9,7,7,9),(0.547943646292
    ,0.645914040406,0.866379310571,0.999999907103),.UNSPECIFIED.);
#766 = CARTESIAN_POINT('',(6.90855371514,15.857340650716));
#767 = CARTESIAN_POINT('',(6.922310471216,15.379267808424));
#768 = CARTESIAN_POINT('',(6.936134854459,14.901512555135));
#769 = CARTESIAN_POINT('',(6.950032994803,14.424309810766));
#770 = CARTESIAN_POINT('',(6.964010963035,13.947893315298));
#771 = CARTESIAN_POINT('',(6.978074778327,13.47250051937));
#772 = CARTESIAN_POINT('',(6.992230416171,12.998376618494));
#773 = CARTESIAN_POINT('',(7.006483820973,12.525777941254));
#774 = CARTESIAN_POINT('',(7.05314908965,10.995514845527));
#775 = CARTESIAN_POINT('',(7.085954975676,9.946046922289));
#776 = CARTESIAN_POINT('',(7.119364296135,8.908324872041));
#777 = CARTESIAN_POINT('',(7.153475484491,7.884837068525));
#778 = CARTESIAN_POINT('',(7.188381903479,6.878991849038));
#779 = CARTESIAN_POINT('',(7.224173257465,5.895261768883));
#780 = CARTESIAN_POINT('',(7.260937114219,4.939309080472));
#781 = CARTESIAN_POINT('',(7.32168617913,3.459793067449));
#782 = CARTESIAN_POINT('',(7.34501605008,2.913859748161));
#783 = CARTESIAN_POINT('',(7.368773485811,2.381853379592));
#784 = CARTESIAN_POINT('',(7.392980392622,1.865525285546));
#785 = CARTESIAN_POINT('',(7.417658396373,1.36684902301));
#786 = CARTESIAN_POINT('',(7.442829089178,0.888029892059));
#787 = CARTESIAN_POINT('',(7.468514276107,0.431514445747));
#788 = CARTESIAN_POINT('',(7.49473622188,9.416129738671E-12));
#789 = ( GEOMETRIC_REPRESENTATION_CONTEXT(2) 
PARAMETRIC_REPRESENTATION_CONTEXT() REPRESENTATION_CONTEXT('2D SPACE',''
  ) );
#790 = ORIENTED_EDGE('',*,*,#791,.T.);
#791 = EDGE_CURVE('',#667,#792,#794,.T.);
#792 = VERTEX_POINT('',#793);
#793 = CARTESIAN_POINT('',(-382.4216041687,-90.,288.));
#794 = SURFACE_CURVE('',#795,(#799,#805),.PCURVE_S1.);
#795 = LINE('',#796,#797);
#796 = CARTESIAN_POINT('',(-382.4216041687,90.,288.));
#797 = VECTOR('',#798,1.);
#798 = DIRECTION('',(0.,-1.,2.22044604925E-16));
#799 = PCURVE('',#33,#800);
#800 = DEFINITIONAL_REPRESENTATION('',(#801),#804);
#801 = B_SPLINE_CURVE_WITH_KNOTS('',1,(#802,#803),.UNSPECIFIED.,.F.,.F.,
  (2,2),(105.,180.00000240521),.PIECEWISE_BEZIER_KNOTS.);
#802 = CARTESIAN_POINT('',(5.050459924007,105.));
#803 = CARTESIAN_POINT('',(5.050459924007,180.00000240521));
#804 = ( GEOMETRIC_REPRESENTATION_CONTEXT(2) 
PARAMETRIC_REPRESENTATION_CONTEXT() REPRESENTATION_CONTEXT('2D SPACE',''
  ) );
#805 = PCURVE('',#806,#811);
#806 = PLANE('',#807);
#807 = AXIS2_PLACEMENT_3D('',#808,#809,#810);
#808 = CARTESIAN_POINT('',(-400.,-75.,288.));
#809 = DIRECTION('',(0.,0.,1.));
#810 = DIRECTION('',(1.,0.,-0.));
#811 = DEFINITIONAL_REPRESENTATION('',(#812),#815);
#812 = B_SPLINE_CURVE_WITH_KNOTS('',1,(#813,#814),.UNSPECIFIED.,.F.,.F.,
  (2,2),(105.,180.00000240521),.PIECEWISE_BEZIER_KNOTS.);
#813 = CARTESIAN_POINT('',(17.578395831247,60.));
#814 = CARTESIAN_POINT('',(17.578395831247,-15.00000240521));
#815 = ( GEOMETRIC_REPRESENTATION_CONTEXT(2) 
PARAMETRIC_REPRESENTATION_CONTEXT() REPRESENTATION_CONTEXT('2D SPACE',''
  ) );
#816 = ORIENTED_EDGE('',*,*,#817,.F.);
#817 = EDGE_CURVE('',#818,#792,#820,.T.);
#818 = VERTEX_POINT('',#819);
#819 = CARTESIAN_POINT('',(-417.5783958312,-90.,288.));
#820 = SURFACE_CURVE('',#821,(#826,#833),.PCURVE_S1.);
#821 = CIRCLE('',#822,53.);
#822 = AXIS2_PLACEMENT_3D('',#823,#824,#825);
#823 = CARTESIAN_POINT('',(-400.,-90.,338.));
#824 = DIRECTION('',(0.,-1.,2.22044604925E-16));
#825 = DIRECTION('',(1.,0.,0.));
#826 = PCURVE('',#33,#827);
#827 = DEFINITIONAL_REPRESENTATION('',(#828),#832);
#828 = LINE('',#829,#830);
#829 = CARTESIAN_POINT('',(0.,180.));
#830 = VECTOR('',#831,1.);
#831 = DIRECTION('',(1.,0.));
#832 = ( GEOMETRIC_REPRESENTATION_CONTEXT(2) 
PARAMETRIC_REPRESENTATION_CONTEXT() REPRESENTATION_CONTEXT('2D SPACE',''
  ) );
#833 = PCURVE('',#834,#839);
#834 = PLANE('',#835);
#835 = AXIS2_PLACEMENT_3D('',#836,#837,#838);
#836 = CARTESIAN_POINT('',(-400.,-90.,338.));
#837 = DIRECTION('',(0.,-1.,2.22044604925E-16));
#838 = DIRECTION('',(1.,0.,0.));
#839 = DEFINITIONAL_REPRESENTATION('',(#840),#844);
#840 = CIRCLE('',#841,53.);
#841 = AXIS2_PLACEMENT_2D('',#842,#843);
#842 = CARTESIAN_POINT('',(0.,0.));
#843 = DIRECTION('',(1.,0.));
#844 = ( GEOMETRIC_REPRESENTATION_CONTEXT(2) 
PARAMETRIC_REPRESENTATION_CONTEXT() REPRESENTATION_CONTEXT('2D SPACE',''
  ) );
#845 = ORIENTED_EDGE('',*,*,#846,.F.);
#846 = EDGE_CURVE('',#847,#818,#849,.T.);
#847 = VERTEX_POINT('',#848);
#848 = CARTESIAN_POINT('',(-417.5783958312,-28.19188104612,288.));
#849 = SURFACE_CURVE('',#850,(#854,#860),.PCURVE_S1.);
#850 = LINE('',#851,#852);
#851 = CARTESIAN_POINT('',(-417.5783958312,90.,288.));
#852 = VECTOR('',#853,1.);
#853 = DIRECTION('',(0.,-1.,2.22044604925E-16));
#854 = PCURVE('',#33,#855);
#855 = DEFINITIONAL_REPRESENTATION('',(#856),#859);
#856 = B_SPLINE_CURVE_WITH_KNOTS('',1,(#857,#858),.UNSPECIFIED.,.F.,.F.,
  (2,2),(105.,180.00000240521),.PIECEWISE_BEZIER_KNOTS.);
#857 = CARTESIAN_POINT('',(4.374318036763,105.));
#858 = CARTESIAN_POINT('',(4.374318036763,180.00000240521));
#859 = ( GEOMETRIC_REPRESENTATION_CONTEXT(2) 
PARAMETRIC_REPRESENTATION_CONTEXT() REPRESENTATION_CONTEXT('2D SPACE',''
  ) );
#860 = PCURVE('',#806,#861);
#861 = DEFINITIONAL_REPRESENTATION('',(#862),#865);
#862 = B_SPLINE_CURVE_WITH_KNOTS('',1,(#863,#864),.UNSPECIFIED.,.F.,.F.,
  (2,2),(105.,180.00000240521),.PIECEWISE_BEZIER_KNOTS.);
#863 = CARTESIAN_POINT('',(-17.57839583124,60.));
#864 = CARTESIAN_POINT('',(-17.57839583124,-15.00000240521));
#865 = ( GEOMETRIC_REPRESENTATION_CONTEXT(2) 
PARAMETRIC_REPRESENTATION_CONTEXT() REPRESENTATION_CONTEXT('2D SPACE',''
  ) );
#866 = ORIENTED_EDGE('',*,*,#867,.T.);
#867 = EDGE_CURVE('',#847,#868,#870,.T.);
#868 = VERTEX_POINT('',#869);
#869 = CARTESIAN_POINT('',(-447.6969600708,-90.,314.89155998341));
#870 = SURFACE_CURVE('',#871,(#952,#1036),.PCURVE_S1.);
#871 = B_SPLINE_CURVE_WITH_KNOTS('',7,(#872,#873,#874,#875,#876,#877,
    #878,#879,#880,#881,#882,#883,#884,#885,#886,#887,#888,#889,#890,
    #891,#892,#893,#894,#895,#896,#897,#898,#899,#900,#901,#902,#903,
    #904,#905,#906,#907,#908,#909,#910,#911,#912,#913,#914,#915,#916,
    #917,#918,#919,#920,#921,#922,#923,#924,#925,#926,#927,#928,#929,
    #930,#931,#932,#933,#934,#935,#936,#937,#938,#939,#940,#941,#942,
    #943,#944,#945,#946,#947,#948,#949,#950,#951),.UNSPECIFIED.,.F.,.F.,
  (8,6,6,6,6,6,6,6,6,6,6,6,6,8),(0.,0.10700199723,0.283388867789,
    0.43906953271,0.569948880623,0.688264358566,0.731520684413,
    0.797237732898,0.825165946612,0.853553214749,0.886108335479,
    0.930741774616,0.977780812106,1.),.UNSPECIFIED.);
#872 = CARTESIAN_POINT('',(-417.5783890044,-28.19187848238,
    287.99999759996));
#873 = CARTESIAN_POINT('',(-418.985225957,-28.72020404677,
    288.49459612059));
#874 = CARTESIAN_POINT('',(-420.3398382359,-29.28520413599,
    289.02272334468));
#875 = CARTESIAN_POINT('',(-421.6434362798,-29.88248068781,
    289.58002583575));
#876 = CARTESIAN_POINT('',(-422.8974725075,-30.50817834694,
    290.16265773707));
#877 = CARTESIAN_POINT('',(-424.1035878744,-31.15896054041,
    290.76725507251));
#878 = CARTESIAN_POINT('',(-425.2635584307,-31.83198555302,
    291.39091004735));
#879 = CARTESIAN_POINT('',(-428.2183842962,-33.66708504166,
    293.08653781114));
#880 = CARTESIAN_POINT('',(-429.9396022285,-34.86479016124,
    294.18837305838));
#881 = CARTESIAN_POINT('',(-431.5500719227,-36.10727947721,
    295.32543220971));
#882 = CARTESIAN_POINT('',(-433.0573979135,-37.38677049098,
    296.48914938825));
#883 = CARTESIAN_POINT('',(-434.4692274775,-38.69815461229,
    297.67326455218));
#884 = CARTESIAN_POINT('',(-435.7929066374,-40.03877849435,
    298.8734905476));
#885 = CARTESIAN_POINT('',(-438.1316432074,-42.61726818727,
    301.15807856641));
#886 = CARTESIAN_POINT('',(-439.1637203519,-43.84765447916,
    302.23855603418));
#887 = CARTESIAN_POINT('',(-440.134801074,-45.09772849804,
    303.32504258671));
#888 = CARTESIAN_POINT('',(-441.0479804747,-46.36649994955,
    304.41457383817));
#889 = CARTESIAN_POINT('',(-441.9060051353,-47.65376088148,
    305.50437663664));
#890 = CARTESIAN_POINT('',(-442.7111628939,-48.95995556885,
    306.59151297358));
#891 = CARTESIAN_POINT('',(-444.0991402495,-51.40104429306,
    308.58073563642));
#892 = CARTESIAN_POINT('',(-444.6958691792,-52.52818418025,
    309.48316792757));
#893 = CARTESIAN_POINT('',(-445.2576178646,-53.66976258175,
    310.37864763785));
#894 = CARTESIAN_POINT('',(-445.7856878747,-54.82786719106,
    311.26544314737));
#895 = CARTESIAN_POINT('',(-446.280488639,-56.00407743882,
    312.14038080979));
#896 = CARTESIAN_POINT('',(-446.7417660752,-57.1993071617,
    312.99831257908));
#897 = CARTESIAN_POINT('',(-447.5548839211,-59.51169957679,
    314.58526580775));
#898 = CARTESIAN_POINT('',(-447.9126006002,-60.62426526014,
    315.31801740871));
#899 = CARTESIAN_POINT('',(-448.2433966776,-61.75685126453,
    316.02821546186));
#900 = CARTESIAN_POINT('',(-448.5469718259,-62.91299783906,
    316.71073182527));
#901 = CARTESIAN_POINT('',(-448.8219958379,-64.09467277878,
    317.35701674206));
#902 = CARTESIAN_POINT('',(-449.0667499471,-65.30311475814,
    317.95537581979));
#903 = CARTESIAN_POINT('',(-449.3567692513,-66.99250838124,
    318.68798749036));
#904 = CARTESIAN_POINT('',(-449.4301414087,-67.44895132071,
    318.87599233517));
#905 = CARTESIAN_POINT('',(-449.499086044,-67.90941441762,
    319.05505982385));
#906 = CARTESIAN_POINT('',(-449.5634625736,-68.37381259794,
    319.22438537915));
#907 = CARTESIAN_POINT('',(-449.6231390711,-68.84211069861,
    319.38316714144));
#908 = CARTESIAN_POINT('',(-449.6779863768,-69.31432350371,
    319.53060732151));
#909 = CARTESIAN_POINT('',(-449.803661109,-70.51396952622,
    319.87147715657));
#910 = CARTESIAN_POINT('',(-449.8681597306,-71.24814808505,
    320.04947190735));
#911 = CARTESIAN_POINT('',(-449.9204809785,-71.99015477194,
    320.1960001185));
#912 = CARTESIAN_POINT('',(-449.9600909602,-72.73783099956,
    320.30808603603));
#913 = CARTESIAN_POINT('',(-449.9866641973,-73.48954903949,
    320.38367217323));
#914 = CARTESIAN_POINT('',(-450.,-74.2440032828,320.42160416875));
#915 = CARTESIAN_POINT('',(-450.,-75.3212809822,320.42160416875));
#916 = CARTESIAN_POINT('',(-449.9975914999,-75.64253260899,
    320.41475355258));
#917 = CARTESIAN_POINT('',(-449.9927752887,-75.96359440355,
    320.40105409096));
#918 = CARTESIAN_POINT('',(-449.9855586492,-76.28429834602,
    320.38054597909));
#919 = CARTESIAN_POINT('',(-449.9759559129,-76.60446879898,
    320.35330774264));
#920 = CARTESIAN_POINT('',(-449.9639890157,-76.92392243289,
    320.31945614372));
#921 = CARTESIAN_POINT('',(-449.9351520261,-77.56624978775,
    320.23817345592));
#922 = CARTESIAN_POINT('',(-449.9182061577,-77.8890581405,320.1905327158
    ));
#923 = CARTESIAN_POINT('',(-449.8988778849,-78.21080651612,
    320.13637399987));
#924 = CARTESIAN_POINT('',(-449.8771985625,-78.53139119046,
    320.07587435328));
#925 = CARTESIAN_POINT('',(-449.853204731,-78.8506913724,320.00923750176
    ));
#926 = CARTESIAN_POINT('',(-449.826939385,-79.16856916743,
    319.93669362049));
#927 = CARTESIAN_POINT('',(-449.7657847273,-79.84760951324,
    319.7688239728));
#928 = CARTESIAN_POINT('',(-449.7301961472,-80.20826683163,
    319.67171903821));
#929 = CARTESIAN_POINT('',(-449.6917443062,-80.56682869921,
    319.56751656774));
#930 = CARTESIAN_POINT('',(-449.6504874123,-80.92325924595,
    319.45656260016));
#931 = CARTESIAN_POINT('',(-449.6064870839,-81.277499519,319.33921652334
    ));
#932 = CARTESIAN_POINT('',(-449.55981036,-81.62946747291,319.2158506532)
  );
#933 = CARTESIAN_POINT('',(-449.4429701177,-82.45835047567,
    318.90998819978));
#934 = CARTESIAN_POINT('',(-449.3705098025,-82.93323060841,
    318.72251350262));
#935 = CARTESIAN_POINT('',(-449.2932852875,-83.40381711339,
    318.52526966481));
#936 = CARTESIAN_POINT('',(-449.2114216477,-83.87020955099,
    318.31905949001));
#937 = CARTESIAN_POINT('',(-449.1250371208,-84.33248837831,
    318.10464391497));
#938 = CARTESIAN_POINT('',(-449.0342457208,-84.79071504096,
    317.88274128246));
#939 = CARTESIAN_POINT('',(-448.8389491609,-85.72362992054,
    317.41298496349));
#940 = CARTESIAN_POINT('',(-448.7339362885,-86.19802869328,
    317.16429946015));
#941 = CARTESIAN_POINT('',(-448.6242309848,-86.66825018047,
    316.90871518999));
#942 = CARTESIAN_POINT('',(-448.5099259966,-87.13444023766,
    316.64689276173));
#943 = CARTESIAN_POINT('',(-448.3910943983,-87.59676904836,316.379409151
    ));
#944 = CARTESIAN_POINT('',(-448.2677869216,-88.05543139389,
    316.10675854431));
#945 = CARTESIAN_POINT('',(-448.0796821568,-88.72567086772,
    315.69831899991));
#946 = CARTESIAN_POINT('',(-448.0183454719,-88.93991379578,
    315.56623137197));
#947 = CARTESIAN_POINT('',(-447.9560237824,-89.15339301543,
    315.4331375034));
#948 = CARTESIAN_POINT('',(-447.8927211054,-89.36612536135,
    315.29908216175));
#949 = CARTESIAN_POINT('',(-447.8284409241,-89.578127195,315.16410767777
    ));
#950 = CARTESIAN_POINT('',(-447.7631861884,-89.78941440463,
    315.02825394547));
#951 = CARTESIAN_POINT('',(-447.6969593144,-90.00000240526,
    314.89155842209));
#952 = PCURVE('',#33,#953);
#953 = DEFINITIONAL_REPRESENTATION('',(#954),#1035);
#954 = B_SPLINE_CURVE_WITH_KNOTS('',7,(#955,#956,#957,#958,#959,#960,
    #961,#962,#963,#964,#965,#966,#967,#968,#969,#970,#971,#972,#973,
    #974,#975,#976,#977,#978,#979,#980,#981,#982,#983,#984,#985,#986,
    #987,#988,#989,#990,#991,#992,#993,#994,#995,#996,#997,#998,#999,
    #1000,#1001,#1002,#1003,#1004,#1005,#1006,#1007,#1008,#1009,#1010,
    #1011,#1012,#1013,#1014,#1015,#1016,#1017,#1018,#1019,#1020,#1021,
    #1022,#1023,#1024,#1025,#1026,#1027,#1028,#1029,#1030,#1031,#1032,
    #1033,#1034),.UNSPECIFIED.,.F.,.F.,(8,6,6,6,6,6,6,6,6,6,6,6,6,8),(0.
    ,0.10700199723,0.283388867789,0.43906953271,0.569948880623,
    0.688264358566,0.731520684413,0.797237732898,0.825165946612,
    0.853553214749,0.886108335479,0.930741774616,0.977780812106,1.),
  .UNSPECIFIED.);
#955 = CARTESIAN_POINT('',(4.374318173299,118.19187848238));
#956 = CARTESIAN_POINT('',(4.346181435597,118.72020404677));
#957 = CARTESIAN_POINT('',(4.318764447149,119.28520413599));
#958 = CARTESIAN_POINT('',(4.292036629695,119.88248068781));
#959 = CARTESIAN_POINT('',(4.265968054703,120.50817834694));
#960 = CARTESIAN_POINT('',(4.240529010077,121.15896054041));
#961 = CARTESIAN_POINT('',(4.21568956688,121.83198555302));
#962 = CARTESIAN_POINT('',(4.151410700504,123.66708504166));
#963 = CARTESIAN_POINT('',(4.112895926804,124.86479016124));
#964 = CARTESIAN_POINT('',(4.075758153787,126.10727947721));
#965 = CARTESIAN_POINT('',(4.039883883265,127.38677049098));
#966 = CARTESIAN_POINT('',(4.005159057815,128.69815461229));
#967 = CARTESIAN_POINT('',(3.971469051743,130.03877849435));
#968 = CARTESIAN_POINT('',(3.909782101164,132.61726818727));
#969 = CARTESIAN_POINT('',(3.881606658278,133.84765447916));
#970 = CARTESIAN_POINT('',(3.854135752,135.09772849804));
#971 = CARTESIAN_POINT('',(3.827336324331,136.36649994955));
#972 = CARTESIAN_POINT('',(3.801184300358,137.65376088148));
#973 = CARTESIAN_POINT('',(3.775669429687,138.95995556885));
#974 = CARTESIAN_POINT('',(3.729903576376,141.40104429306));
#975 = CARTESIAN_POINT('',(3.709497067666,142.52818418025));
#976 = CARTESIAN_POINT('',(3.689560887314,143.66976258174));
#977 = CARTESIAN_POINT('',(3.670096069533,144.82786719107));
#978 = CARTESIAN_POINT('',(3.651137889833,146.00407743882));
#979 = CARTESIAN_POINT('',(3.632762709446,147.1993071617));
#980 = CARTESIAN_POINT('',(3.599118595952,149.51169957679));
#981 = CARTESIAN_POINT('',(3.583736467731,150.62426526013));
#982 = CARTESIAN_POINT('',(3.56895801702,151.75685126454));
#983 = CARTESIAN_POINT('',(3.554867526473,152.91299783905));
#984 = CARTESIAN_POINT('',(3.541617445954,154.09467277878));
#985 = CARTESIAN_POINT('',(3.529420467416,155.30311475814));
#986 = CARTESIAN_POINT('',(3.51455389511,156.99250838124));
#987 = CARTESIAN_POINT('',(3.510746110195,157.44895132071));
#988 = CARTESIAN_POINT('',(3.50712576023,157.90941441762));
#989 = CARTESIAN_POINT('',(3.503707875897,158.37381259794));
#990 = CARTESIAN_POINT('',(3.500507418952,158.84211069861));
#991 = CARTESIAN_POINT('',(3.497539294049,159.31432350371));
#992 = CARTESIAN_POINT('',(3.49068459024,160.51396952622));
#993 = CARTESIAN_POINT('',(3.487112564677,161.24814808505));
#994 = CARTESIAN_POINT('',(3.484176952036,161.99015477194));
#995 = CARTESIAN_POINT('',(3.481933960685,162.73783099956));
#996 = CARTESIAN_POINT('',(3.480422236815,163.48954903949));
#997 = CARTESIAN_POINT('',(3.479663597212,164.2440032828));
#998 = CARTESIAN_POINT('',(3.479663597212,165.3212809822));
#999 = CARTESIAN_POINT('',(3.47980060977,165.64253260899));
#1000 = CARTESIAN_POINT('',(3.48007459857,165.96359440355));
#1001 = CARTESIAN_POINT('',(3.480484802387,166.28429834602));
#1002 = CARTESIAN_POINT('',(3.481029733802,166.60446879898));
#1003 = CARTESIAN_POINT('',(3.481707177924,166.92392243289));
#1004 = CARTESIAN_POINT('',(3.483334469124,167.56624978775));
#1005 = CARTESIAN_POINT('',(3.484288522302,167.8890581405));
#1006 = CARTESIAN_POINT('',(3.485373508771,168.21080651612));
#1007 = CARTESIAN_POINT('',(3.486586084722,168.53139119046));
#1008 = CARTESIAN_POINT('',(3.487922401586,168.8506913724));
#1009 = CARTESIAN_POINT('',(3.489378103207,169.16856916743));
#1010 = CARTESIAN_POINT('',(3.492749084367,169.84760951324));
#1011 = CARTESIAN_POINT('',(3.494700421506,170.20826683163));
#1012 = CARTESIAN_POINT('',(3.496796086286,170.56682869921));
#1013 = CARTESIAN_POINT('',(3.499029585189,170.92325924595));
#1014 = CARTESIAN_POINT('',(3.501394175114,171.277499519));
#1015 = CARTESIAN_POINT('',(3.503882859155,171.62946747291));
#1016 = CARTESIAN_POINT('',(3.510060584234,172.45835047567));
#1017 = CARTESIAN_POINT('',(3.513852832619,172.93323060841));
#1018 = CARTESIAN_POINT('',(3.517849419825,173.40381711339));
#1019 = CARTESIAN_POINT('',(3.522035471174,173.87020955099));
#1020 = CARTESIAN_POINT('',(3.526396939888,174.33248837831));
#1021 = CARTESIAN_POINT('',(3.530920601948,174.79071504096));
#1022 = CARTESIAN_POINT('',(3.54051938379,175.72362992054));
#1023 = CARTESIAN_POINT('',(3.545612672684,176.19802869328));
#1024 = CARTESIAN_POINT('',(3.550860336999,176.66825018047));
#1025 = CARTESIAN_POINT('',(3.556250450635,177.13444023766));
#1026 = CARTESIAN_POINT('',(3.561772743188,177.59676904836));
#1027 = CARTESIAN_POINT('',(3.567418601084,178.05543139389));
#1028 = CARTESIAN_POINT('',(3.575903006899,178.72567086772));
#1029 = CARTESIAN_POINT('',(3.578650809003,178.9399137958));
#1030 = CARTESIAN_POINT('',(3.581423663216,179.15339301546));
#1031 = CARTESIAN_POINT('',(3.584220806338,179.36612536136));
#1032 = CARTESIAN_POINT('',(3.587041523798,179.57812719499));
#1033 = CARTESIAN_POINT('',(3.589885149652,179.78941440458));
#1034 = CARTESIAN_POINT('',(3.592751066585,180.00000240521));
#1035 = ( GEOMETRIC_REPRESENTATION_CONTEXT(2) 
PARAMETRIC_REPRESENTATION_CONTEXT() REPRESENTATION_CONTEXT('2D SPACE',''
  ) );
#1036 = PCURVE('',#181,#1037);
#1037 = DEFINITIONAL_REPRESENTATION('',(#1038),#1119);
#1038 = B_SPLINE_CURVE_WITH_KNOTS('',7,(#1039,#1040,#1041,#1042,#1043,
    #1044,#1045,#1046,#1047,#1048,#1049,#1050,#1051,#1052,#1053,#1054,
    #1055,#1056,#1057,#1058,#1059,#1060,#1061,#1062,#1063,#1064,#1065,
    #1066,#1067,#1068,#1069,#1070,#1071,#1072,#1073,#1074,#1075,#1076,
    #1077,#1078,#1079,#1080,#1081,#1082,#1083,#1084,#1085,#1086,#1087,
    #1088,#1089,#1090,#1091,#1092,#1093,#1094,#1095,#1096,#1097,#1098,
    #1099,#1100,#1101,#1102,#1103,#1104,#1105,#1106,#1107,#1108,#1109,
    #1110,#1111,#1112,#1113,#1114,#1115,#1116,#1117,#1118),
  .UNSPECIFIED.,.F.,.F.,(8,6,6,6,6,6,6,6,6,6,6,6,6,8),(
    7.417643163614E-08,0.10700199723,0.283388867789,0.43906953271,
    0.569948880623,0.688264358566,0.731520684413,0.797237732898,
    0.825165946612,0.853553214749,0.886108335479,0.930741774616,
    0.977780812106,0.999999963746),.UNSPECIFIED.);
#1039 = CARTESIAN_POINT('',(1.930041738889,7.58519678574E-11));
#1040 = CARTESIAN_POINT('',(1.960097117989,0.4945983173));
#1041 = CARTESIAN_POINT('',(1.989432585644,1.022725276336));
#1042 = CARTESIAN_POINT('',(2.018084103252,1.580027451296));
#1043 = CARTESIAN_POINT('',(2.046086700056,2.162658994445));
#1044 = CARTESIAN_POINT('',(2.073475142958,2.76725593721));
#1045 = CARTESIAN_POINT('',(2.100284606332,3.390910491178));
#1046 = CARTESIAN_POINT('',(2.169850631647,5.08653781114));
#1047 = CARTESIAN_POINT('',(2.21173202653,6.188373058388));
#1048 = CARTESIAN_POINT('',(2.252336943176,7.325432209719));
#1049 = CARTESIAN_POINT('',(2.291805990108,8.489149388247));
#1050 = CARTESIAN_POINT('',(2.330285787135,9.673264552188));
#1051 = CARTESIAN_POINT('',(2.36793168397,10.873490547609));
#1052 = CARTESIAN_POINT('',(2.437554375215,13.158078566416));
#1053 = CARTESIAN_POINT('',(2.46964905478,14.238556034188));
#1054 = CARTESIAN_POINT('',(2.501272604208,15.325042586717));
#1055 = CARTESIAN_POINT('',(2.532500189263,16.414573838174));
#1056 = CARTESIAN_POINT('',(2.563409054382,17.504376636641));
#1057 = CARTESIAN_POINT('',(2.594078091256,18.591512973582));
#1058 = CARTESIAN_POINT('',(2.650239983315,20.580735636427));
#1059 = CARTESIAN_POINT('',(2.675735525183,21.483167927569));
#1060 = CARTESIAN_POINT('',(2.701163864709,22.378647637859));
#1061 = CARTESIAN_POINT('',(2.726600224071,23.26544314737));
#1062 = CARTESIAN_POINT('',(2.752103029651,24.140380809794));
#1063 = CARTESIAN_POINT('',(2.777714398227,24.998312579088));
#1064 = CARTESIAN_POINT('',(2.826738144769,26.58526580775));
#1065 = CARTESIAN_POINT('',(2.850102772959,27.318017408711));
#1066 = CARTESIAN_POINT('',(2.87368713977,28.02821546187));
#1067 = CARTESIAN_POINT('',(2.897577302712,28.71073182527));
#1068 = CARTESIAN_POINT('',(2.921826553011,29.357016742066));
#1069 = CARTESIAN_POINT('',(2.946475166314,29.955375819795));
#1070 = CARTESIAN_POINT('',(2.980757301665,30.687987490363));
#1071 = CARTESIAN_POINT('',(2.990002829092,30.875992335172));
#1072 = CARTESIAN_POINT('',(2.999313883413,31.055059823851));
#1073 = CARTESIAN_POINT('',(3.008689654198,31.224385379155));
#1074 = CARTESIAN_POINT('',(3.018130427525,31.383167141446));
#1075 = CARTESIAN_POINT('',(3.027637574094,31.530607321512));
#1076 = CARTESIAN_POINT('',(3.051761791948,31.871477156574));
#1077 = CARTESIAN_POINT('',(3.066499846973,32.049471907357));
#1078 = CARTESIAN_POINT('',(3.081373274645,32.196000118503));
#1079 = CARTESIAN_POINT('',(3.09634362316,32.308086036033));
#1080 = CARTESIAN_POINT('',(3.111383636157,32.383672173235));
#1081 = CARTESIAN_POINT('',(3.126472719246,32.421604168753));
#1082 = CARTESIAN_POINT('',(3.148018273234,32.421604168753));
#1083 = CARTESIAN_POINT('',(3.154443305822,32.414753552588));
#1084 = CARTESIAN_POINT('',(3.160864974947,32.401054090964));
#1085 = CARTESIAN_POINT('',(3.167280353437,32.38054597909));
#1086 = CARTESIAN_POINT('',(3.173686356397,32.353307742642));
#1087 = CARTESIAN_POINT('',(3.180079734244,32.319456143728));
#1088 = CARTESIAN_POINT('',(3.192939221058,32.238173455927));
#1089 = CARTESIAN_POINT('',(3.199404092016,32.190532715807));
#1090 = CARTESIAN_POINT('',(3.205850366271,32.136373999875));
#1091 = CARTESIAN_POINT('',(3.212276378078,32.075874353281));
#1092 = CARTESIAN_POINT('',(3.218680102584,32.009237501768));
#1093 = CARTESIAN_POINT('',(3.225059150127,31.936693620494));
#1094 = CARTESIAN_POINT('',(3.238694921955,31.768823972807));
#1095 = CARTESIAN_POINT('',(3.245942836878,31.671719038216));
#1096 = CARTESIAN_POINT('',(3.253154778881,31.567516567747));
#1097 = CARTESIAN_POINT('',(3.260330533107,31.456562600169));
#1098 = CARTESIAN_POINT('',(3.267469390553,31.339216523345));
#1099 = CARTESIAN_POINT('',(3.274570142369,31.215850653205));
#1100 = CARTESIAN_POINT('',(3.291311691575,30.909988199784));
#1101 = CARTESIAN_POINT('',(3.300918601068,30.722513502624));
#1102 = CARTESIAN_POINT('',(3.31045525898,30.525269664812));
#1103 = CARTESIAN_POINT('',(3.319924670294,30.319059490015));
#1104 = CARTESIAN_POINT('',(3.329329393386,30.104643914972));
#1105 = CARTESIAN_POINT('',(3.338671544778,29.882741282467));
#1106 = CARTESIAN_POINT('',(3.357734292941,29.412984963498));
#1107 = CARTESIAN_POINT('',(3.367451303472,29.16429946015));
#1108 = CARTESIAN_POINT('',(3.377107299795,28.90871518999));
#1109 = CARTESIAN_POINT('',(3.386706193515,28.646892761732));
#1110 = CARTESIAN_POINT('',(3.396252379696,28.379409151009));
#1111 = CARTESIAN_POINT('',(3.40575077301,28.106758544313));
#1112 = CARTESIAN_POINT('',(3.419673471706,27.698319213723));
#1113 = CARTESIAN_POINT('',(3.424130408279,27.566231803024));
#1114 = CARTESIAN_POINT('',(3.428578107419,27.433138154906));
#1115 = CARTESIAN_POINT('',(3.43301701441,27.29908303669));
#1116 = CARTESIAN_POINT('',(3.437447566023,27.164108778943));
#1117 = CARTESIAN_POINT('',(3.441870190509,27.028255275488));
#1118 = CARTESIAN_POINT('',(3.446285307606,26.891559983397));
#1119 = ( GEOMETRIC_REPRESENTATION_CONTEXT(2) 
PARAMETRIC_REPRESENTATION_CONTEXT() REPRESENTATION_CONTEXT('2D SPACE',''
  ) );
#1120 = ORIENTED_EDGE('',*,*,#1121,.F.);
#1121 = EDGE_CURVE('',#1122,#868,#1124,.T.);
#1122 = VERTEX_POINT('',#1123);
#1123 = CARTESIAN_POINT('',(-447.6969600708,-90.,361.10844001658));
#1124 = SURFACE_CURVE('',#1125,(#1130,#1137),.PCURVE_S1.);
#1125 = CIRCLE('',#1126,53.);
#1126 = AXIS2_PLACEMENT_3D('',#1127,#1128,#1129);
#1127 = CARTESIAN_POINT('',(-400.,-90.,338.));
#1128 = DIRECTION('',(0.,-1.,2.22044604925E-16));
#1129 = DIRECTION('',(1.,0.,0.));
#1130 = PCURVE('',#33,#1131);
#1131 = DEFINITIONAL_REPRESENTATION('',(#1132),#1136);
#1132 = LINE('',#1133,#1134);
#1133 = CARTESIAN_POINT('',(0.,180.));
#1134 = VECTOR('',#1135,1.);
#1135 = DIRECTION('',(1.,0.));
#1136 = ( GEOMETRIC_REPRESENTATION_CONTEXT(2) 
PARAMETRIC_REPRESENTATION_CONTEXT() REPRESENTATION_CONTEXT('2D SPACE',''
  ) );
#1137 = PCURVE('',#1138,#1143);
#1138 = PLANE('',#1139);
#1139 = AXIS2_PLACEMENT_3D('',#1140,#1141,#1142);
#1140 = CARTESIAN_POINT('',(-400.,-90.,338.));
#1141 = DIRECTION('',(0.,-1.,2.22044604925E-16));
#1142 = DIRECTION('',(1.,0.,0.));
#1143 = DEFINITIONAL_REPRESENTATION('',(#1144),#1148);
#1144 = CIRCLE('',#1145,53.);
#1145 = AXIS2_PLACEMENT_2D('',#1146,#1147);
#1146 = CARTESIAN_POINT('',(0.,0.));
#1147 = DIRECTION('',(1.,0.));
#1148 = ( GEOMETRIC_REPRESENTATION_CONTEXT(2) 
PARAMETRIC_REPRESENTATION_CONTEXT() REPRESENTATION_CONTEXT('2D SPACE',''
  ) );
#1149 = ORIENTED_EDGE('',*,*,#1150,.F.);
#1150 = EDGE_CURVE('',#1151,#1122,#1153,.T.);
#1151 = VERTEX_POINT('',#1152);
#1152 = CARTESIAN_POINT('',(-417.5783958312,-28.19188104612,388.));
#1153 = SURFACE_CURVE('',#1154,(#1235,#1319),.PCURVE_S1.);
#1154 = B_SPLINE_CURVE_WITH_KNOTS('',7,(#1155,#1156,#1157,#1158,#1159,
    #1160,#1161,#1162,#1163,#1164,#1165,#1166,#1167,#1168,#1169,#1170,
    #1171,#1172,#1173,#1174,#1175,#1176,#1177,#1178,#1179,#1180,#1181,
    #1182,#1183,#1184,#1185,#1186,#1187,#1188,#1189,#1190,#1191,#1192,
    #1193,#1194,#1195,#1196,#1197,#1198,#1199,#1200,#1201,#1202,#1203,
    #1204,#1205,#1206,#1207,#1208,#1209,#1210,#1211,#1212,#1213,#1214,
    #1215,#1216,#1217,#1218,#1219,#1220,#1221,#1222,#1223,#1224,#1225,
    #1226,#1227,#1228,#1229,#1230,#1231,#1232,#1233,#1234),
  .UNSPECIFIED.,.F.,.F.,(8,6,6,6,6,6,6,6,6,6,6,6,6,8),(0.,0.107001996678
    ,0.283388866327,0.439069531065,0.569948879361,0.688264357649,
    0.731520683624,0.797237732302,0.825165946097,0.853553214318,
    0.886108335144,0.930741774412,0.97778081204,1.),.UNSPECIFIED.);
#1155 = CARTESIAN_POINT('',(-417.5783890044,-28.19187848238,
    388.00000240004));
#1156 = CARTESIAN_POINT('',(-418.985225957,-28.72020404677,
    387.5054038794));
#1157 = CARTESIAN_POINT('',(-420.3398382359,-29.28520413599,
    386.97727665531));
#1158 = CARTESIAN_POINT('',(-421.6434362798,-29.88248068781,
    386.41997416424));
#1159 = CARTESIAN_POINT('',(-422.8974725075,-30.50817834693,
    385.83734226292));
#1160 = CARTESIAN_POINT('',(-424.1035878744,-31.15896054041,
    385.23274492748));
#1161 = CARTESIAN_POINT('',(-425.2635584307,-31.83198555303,
    384.60908995264));
#1162 = CARTESIAN_POINT('',(-428.2183842962,-33.66708504166,
    382.91346218885));
#1163 = CARTESIAN_POINT('',(-429.9396022285,-34.86479016121,
    381.81162694163));
#1164 = CARTESIAN_POINT('',(-431.5500719228,-36.10727947728,
    380.67456779022));
#1165 = CARTESIAN_POINT('',(-433.0573979134,-37.38677049091,
    379.51085061181));
#1166 = CARTESIAN_POINT('',(-434.4692274775,-38.69815461232,
    378.32673544778));
#1167 = CARTESIAN_POINT('',(-435.7929066374,-40.03877849435,
    377.12650945238));
#1168 = CARTESIAN_POINT('',(-438.1316432118,-42.61726819209,
    374.84192142931));
#1169 = CARTESIAN_POINT('',(-439.1637203412,-43.84765446801,
    373.76144397583));
#1170 = CARTESIAN_POINT('',(-440.1348010824,-45.09772850412,
    372.67495740726));
#1171 = CARTESIAN_POINT('',(-441.0479804767,-46.36649995779,
    371.58542615565));
#1172 = CARTESIAN_POINT('',(-441.9060051287,-47.65376086872,
    370.49562337365));
#1173 = CARTESIAN_POINT('',(-442.711162897,-48.9599555743,
    369.40848702197));
#1174 = CARTESIAN_POINT('',(-444.0991402495,-51.40104429305,
    367.41926436358));
#1175 = CARTESIAN_POINT('',(-444.6958691792,-52.52818418026,
    366.51683207241));
#1176 = CARTESIAN_POINT('',(-445.2576178646,-53.66976258177,
    365.62135236213));
#1177 = CARTESIAN_POINT('',(-445.7856878747,-54.82786719105,
    364.73455685263));
#1178 = CARTESIAN_POINT('',(-446.280488639,-56.00407743882,
    363.85961919021));
#1179 = CARTESIAN_POINT('',(-446.7417660752,-57.1993071617,
    363.00168742091));
#1180 = CARTESIAN_POINT('',(-447.5548839211,-59.51169957677,
    361.41473419225));
#1181 = CARTESIAN_POINT('',(-447.9126006003,-60.62426526017,
    360.68198259125));
#1182 = CARTESIAN_POINT('',(-448.2433966776,-61.75685126449,
    359.97178453816));
#1183 = CARTESIAN_POINT('',(-448.5469718259,-62.91299783909,
    359.28926817469));
#1184 = CARTESIAN_POINT('',(-448.8219958379,-64.09467277875,
    358.64298325795));
#1185 = CARTESIAN_POINT('',(-449.0667499471,-65.30311475815,
    358.0446241802));
#1186 = CARTESIAN_POINT('',(-449.3567692513,-66.99250838125,
    357.31201250963));
#1187 = CARTESIAN_POINT('',(-449.4301414087,-67.44895132072,
    357.12400766482));
#1188 = CARTESIAN_POINT('',(-449.499086044,-67.90941441763,
    356.94494017614));
#1189 = CARTESIAN_POINT('',(-449.5634625736,-68.37381259794,
    356.77561462084));
#1190 = CARTESIAN_POINT('',(-449.6231390711,-68.84211069861,
    356.61683285855));
#1191 = CARTESIAN_POINT('',(-449.6779863768,-69.31432350371,
    356.46939267848));
#1192 = CARTESIAN_POINT('',(-449.803661109,-70.51396952622,
    356.12852284342));
#1193 = CARTESIAN_POINT('',(-449.8681597306,-71.24814808504,
    355.95052809264));
#1194 = CARTESIAN_POINT('',(-449.9204809785,-71.99015477194,
    355.80399988149));
#1195 = CARTESIAN_POINT('',(-449.9600909602,-72.73783099956,
    355.69191396396));
#1196 = CARTESIAN_POINT('',(-449.9866641973,-73.48954903949,
    355.61632782676));
#1197 = CARTESIAN_POINT('',(-450.,-74.2440032828,355.57839583124));
#1198 = CARTESIAN_POINT('',(-450.,-75.3212809822,355.57839583124));
#1199 = CARTESIAN_POINT('',(-449.9975914999,-75.64253260899,
    355.58524644741));
#1200 = CARTESIAN_POINT('',(-449.9927752887,-75.96359440356,
    355.59894590903));
#1201 = CARTESIAN_POINT('',(-449.9855586492,-76.28429834602,
    355.61945402091));
#1202 = CARTESIAN_POINT('',(-449.9759559129,-76.60446879897,
    355.64669225735));
#1203 = CARTESIAN_POINT('',(-449.9639890157,-76.92392243289,
    355.68054385627));
#1204 = CARTESIAN_POINT('',(-449.9351520261,-77.56624978776,
    355.76182654407));
#1205 = CARTESIAN_POINT('',(-449.9182061577,-77.8890581405,
    355.80946728419));
#1206 = CARTESIAN_POINT('',(-449.8988778849,-78.21080651612,
    355.86362600012));
#1207 = CARTESIAN_POINT('',(-449.8771985625,-78.53139119046,
    355.92412564671));
#1208 = CARTESIAN_POINT('',(-449.853204731,-78.8506913724,
    355.99076249823));
#1209 = CARTESIAN_POINT('',(-449.826939385,-79.16856916743,
    356.0633063795));
#1210 = CARTESIAN_POINT('',(-449.7657847273,-79.84760951324,
    356.23117602719));
#1211 = CARTESIAN_POINT('',(-449.7301961472,-80.20826683163,
    356.32828096178));
#1212 = CARTESIAN_POINT('',(-449.6917443062,-80.56682869921,
    356.43248343225));
#1213 = CARTESIAN_POINT('',(-449.6504874123,-80.92325924595,
    356.54343739983));
#1214 = CARTESIAN_POINT('',(-449.6064870839,-81.277499519,
    356.66078347665));
#1215 = CARTESIAN_POINT('',(-449.55981036,-81.6294674729,356.78414934679
    ));
#1216 = CARTESIAN_POINT('',(-449.4429701177,-82.45835047567,
    357.09001180021));
#1217 = CARTESIAN_POINT('',(-449.3705098025,-82.93323060841,
    357.27748649737));
#1218 = CARTESIAN_POINT('',(-449.2932852875,-83.40381711339,
    357.47473033518));
#1219 = CARTESIAN_POINT('',(-449.2114216477,-83.87020955099,
    357.68094050998));
#1220 = CARTESIAN_POINT('',(-449.1250371208,-84.33248837831,
    357.89535608502));
#1221 = CARTESIAN_POINT('',(-449.0342457208,-84.79071504096,
    358.11725871753));
#1222 = CARTESIAN_POINT('',(-448.8389491609,-85.72362992055,
    358.5870150365));
#1223 = CARTESIAN_POINT('',(-448.7339362885,-86.19802869328,
    358.83570053985));
#1224 = CARTESIAN_POINT('',(-448.6242309848,-86.66825018047,
    359.09128481001));
#1225 = CARTESIAN_POINT('',(-448.5099259966,-87.13444023766,
    359.35310723826));
#1226 = CARTESIAN_POINT('',(-448.3910943983,-87.59676904836,
    359.62059084899));
#1227 = CARTESIAN_POINT('',(-448.2677869216,-88.05543139389,
    359.89324145568));
#1228 = CARTESIAN_POINT('',(-448.0796821568,-88.72567086772,
    360.30168100008));
#1229 = CARTESIAN_POINT('',(-448.0183454719,-88.93991379578,
    360.43376862802));
#1230 = CARTESIAN_POINT('',(-447.9560237824,-89.15339301543,
    360.56686249659));
#1231 = CARTESIAN_POINT('',(-447.8927211054,-89.36612536135,
    360.70091783824));
#1232 = CARTESIAN_POINT('',(-447.8284409241,-89.578127195,
    360.83589232222));
#1233 = CARTESIAN_POINT('',(-447.7631861884,-89.78941440463,
    360.97174605452));
#1234 = CARTESIAN_POINT('',(-447.6969593144,-90.00000240526,
    361.1084415779));
#1235 = PCURVE('',#33,#1236);
#1236 = DEFINITIONAL_REPRESENTATION('',(#1237),#1318);
#1237 = B_SPLINE_CURVE_WITH_KNOTS('',7,(#1238,#1239,#1240,#1241,#1242,
    #1243,#1244,#1245,#1246,#1247,#1248,#1249,#1250,#1251,#1252,#1253,
    #1254,#1255,#1256,#1257,#1258,#1259,#1260,#1261,#1262,#1263,#1264,
    #1265,#1266,#1267,#1268,#1269,#1270,#1271,#1272,#1273,#1274,#1275,
    #1276,#1277,#1278,#1279,#1280,#1281,#1282,#1283,#1284,#1285,#1286,
    #1287,#1288,#1289,#1290,#1291,#1292,#1293,#1294,#1295,#1296,#1297,
    #1298,#1299,#1300,#1301,#1302,#1303,#1304,#1305,#1306,#1307,#1308,
    #1309,#1310,#1311,#1312,#1313,#1314,#1315,#1316,#1317),
  .UNSPECIFIED.,.F.,.F.,(8,6,6,6,6,6,6,6,6,6,6,6,6,8),(0.,0.107001996678
    ,0.283388866327,0.439069531065,0.569948879361,0.688264357649,
    0.731520683624,0.797237732302,0.825165946097,0.853553214318,
    0.886108335144,0.930741774412,0.97778081204,1.),.UNSPECIFIED.);
#1238 = CARTESIAN_POINT('',(1.908867133881,118.19187848238));
#1239 = CARTESIAN_POINT('',(1.937003871583,118.72020404677));
#1240 = CARTESIAN_POINT('',(1.964420860031,119.28520413599));
#1241 = CARTESIAN_POINT('',(1.991148677484,119.88248068781));
#1242 = CARTESIAN_POINT('',(2.017217252477,120.50817834693));
#1243 = CARTESIAN_POINT('',(2.042656297102,121.15896054041));
#1244 = CARTESIAN_POINT('',(2.0674957403,121.83198555303));
#1245 = CARTESIAN_POINT('',(2.131774606675,123.66708504166));
#1246 = CARTESIAN_POINT('',(2.170289380375,124.86479016122));
#1247 = CARTESIAN_POINT('',(2.207427153394,126.10727947727));
#1248 = CARTESIAN_POINT('',(2.243301423912,127.38677049092));
#1249 = CARTESIAN_POINT('',(2.278026249365,128.69815461231));
#1250 = CARTESIAN_POINT('',(2.311716255437,130.03877849435));
#1251 = CARTESIAN_POINT('',(2.373403206131,132.61726819209));
#1252 = CARTESIAN_POINT('',(2.401578648626,133.84765446801));
#1253 = CARTESIAN_POINT('',(2.429049555369,135.09772850411));
#1254 = CARTESIAN_POINT('',(2.455848982962,136.3664999578));
#1255 = CARTESIAN_POINT('',(2.482001006591,137.65376086872));
#1256 = CARTESIAN_POINT('',(2.507515877595,138.9599555743));
#1257 = CARTESIAN_POINT('',(2.553281730804,141.40104429305));
#1258 = CARTESIAN_POINT('',(2.573688239514,142.52818418027));
#1259 = CARTESIAN_POINT('',(2.593624419865,143.66976258176));
#1260 = CARTESIAN_POINT('',(2.613089237647,144.82786719106));
#1261 = CARTESIAN_POINT('',(2.632047417346,146.00407743881));
#1262 = CARTESIAN_POINT('',(2.650422597733,147.1993071617));
#1263 = CARTESIAN_POINT('',(2.684066711227,149.51169957677));
#1264 = CARTESIAN_POINT('',(2.699448839449,150.62426526018));
#1265 = CARTESIAN_POINT('',(2.714227290159,151.75685126448));
#1266 = CARTESIAN_POINT('',(2.728317780707,152.9129978391));
#1267 = CARTESIAN_POINT('',(2.741567861225,154.09467277875));
#1268 = CARTESIAN_POINT('',(2.753764839764,155.30311475815));
#1269 = CARTESIAN_POINT('',(2.768631412069,156.99250838125));
#1270 = CARTESIAN_POINT('',(2.772439196984,157.44895132072));
#1271 = CARTESIAN_POINT('',(2.77605954695,157.90941441763));
#1272 = CARTESIAN_POINT('',(2.779477431282,158.37381259794));
#1273 = CARTESIAN_POINT('',(2.782677888228,158.84211069861));
#1274 = CARTESIAN_POINT('',(2.78564601313,159.31432350371));
#1275 = CARTESIAN_POINT('',(2.79250071694,160.51396952622));
#1276 = CARTESIAN_POINT('',(2.796072742502,161.24814808505));
#1277 = CARTESIAN_POINT('',(2.799008355143,161.99015477194));
#1278 = CARTESIAN_POINT('',(2.801251346494,162.73783099956));
#1279 = CARTESIAN_POINT('',(2.802763070365,163.48954903949));
#1280 = CARTESIAN_POINT('',(2.803521709968,164.2440032828));
#1281 = CARTESIAN_POINT('',(2.803521709968,165.3212809822));
#1282 = CARTESIAN_POINT('',(2.80338469741,165.64253260899));
#1283 = CARTESIAN_POINT('',(2.80311070861,165.96359440356));
#1284 = CARTESIAN_POINT('',(2.802700504793,166.28429834602));
#1285 = CARTESIAN_POINT('',(2.802155573378,166.60446879897));
#1286 = CARTESIAN_POINT('',(2.801478129256,166.92392243289));
#1287 = CARTESIAN_POINT('',(2.799850838056,167.56624978776));
#1288 = CARTESIAN_POINT('',(2.798896784877,167.8890581405));
#1289 = CARTESIAN_POINT('',(2.797811798409,168.21080651612));
#1290 = CARTESIAN_POINT('',(2.796599222458,168.53139119046));
#1291 = CARTESIAN_POINT('',(2.795262905594,168.8506913724));
#1292 = CARTESIAN_POINT('',(2.793807203973,169.16856916743));
#1293 = CARTESIAN_POINT('',(2.790436222812,169.84760951324));
#1294 = CARTESIAN_POINT('',(2.788484885673,170.20826683163));
#1295 = CARTESIAN_POINT('',(2.786389220894,170.56682869921));
#1296 = CARTESIAN_POINT('',(2.784155721991,170.92325924595));
#1297 = CARTESIAN_POINT('',(2.781791132066,171.277499519));
#1298 = CARTESIAN_POINT('',(2.779302448025,171.6294674729));
#1299 = CARTESIAN_POINT('',(2.773124722946,172.45835047567));
#1300 = CARTESIAN_POINT('',(2.76933247456,172.93323060841));
#1301 = CARTESIAN_POINT('',(2.765335887354,173.40381711339));
#1302 = CARTESIAN_POINT('',(2.761149836005,173.87020955099));
#1303 = CARTESIAN_POINT('',(2.756788367292,174.33248837831));
#1304 = CARTESIAN_POINT('',(2.752264705232,174.79071504096));
#1305 = CARTESIAN_POINT('',(2.742665923389,175.72362992055));
#1306 = CARTESIAN_POINT('',(2.737572634495,176.19802869328));
#1307 = CARTESIAN_POINT('',(2.732324970181,176.66825018047));
#1308 = CARTESIAN_POINT('',(2.726934856544,177.13444023766));
#1309 = CARTESIAN_POINT('',(2.721412563992,177.59676904836));
#1310 = CARTESIAN_POINT('',(2.715766706095,178.05543139389));
#1311 = CARTESIAN_POINT('',(2.707282300281,178.72567086772));
#1312 = CARTESIAN_POINT('',(2.704534498177,178.9399137958));
#1313 = CARTESIAN_POINT('',(2.701761643964,179.15339301546));
#1314 = CARTESIAN_POINT('',(2.698964500841,179.36612536136));
#1315 = CARTESIAN_POINT('',(2.696143783382,179.57812719499));
#1316 = CARTESIAN_POINT('',(2.693300157528,179.78941440458));
#1317 = CARTESIAN_POINT('',(2.690434240594,180.00000240521));
#1318 = ( GEOMETRIC_REPRESENTATION_CONTEXT(2) 
PARAMETRIC_REPRESENTATION_CONTEXT() REPRESENTATION_CONTEXT('2D SPACE',''
  ) );
#1319 = PCURVE('',#181,#1320);
#1320 = DEFINITIONAL_REPRESENTATION('',(#1321),#1402);
#1321 = B_SPLINE_CURVE_WITH_KNOTS('',7,(#1322,#1323,#1324,#1325,#1326,
    #1327,#1328,#1329,#1330,#1331,#1332,#1333,#1334,#1335,#1336,#1337,
    #1338,#1339,#1340,#1341,#1342,#1343,#1344,#1345,#1346,#1347,#1348,
    #1349,#1350,#1351,#1352,#1353,#1354,#1355,#1356,#1357,#1358,#1359,
    #1360,#1361,#1362,#1363,#1364,#1365,#1366,#1367,#1368,#1369,#1370,
    #1371,#1372,#1373,#1374,#1375,#1376,#1377,#1378,#1379,#1380,#1381,
    #1382,#1383,#1384,#1385,#1386,#1387,#1388,#1389,#1390,#1391,#1392,
    #1393,#1394,#1395,#1396,#1397,#1398,#1399,#1400,#1401),
  .UNSPECIFIED.,.F.,.F.,(8,6,6,6,6,6,6,6,6,6,6,6,6,8),(
    7.417642919187E-08,0.107001996678,0.283388866327,0.439069531065,
    0.569948879361,0.688264357649,0.731520683624,0.797237732302,
    0.825165946097,0.853553214318,0.886108335144,0.930741774412,
    0.97778081204,0.999999963746),.UNSPECIFIED.);
#1322 = CARTESIAN_POINT('',(1.930041738889,99.999999999924));
#1323 = CARTESIAN_POINT('',(1.960097117989,99.505401682698));
#1324 = CARTESIAN_POINT('',(1.989432585644,98.977274723663));
#1325 = CARTESIAN_POINT('',(2.018084103252,98.419972548705));
#1326 = CARTESIAN_POINT('',(2.046086700056,97.837341005556));
#1327 = CARTESIAN_POINT('',(2.073475142958,97.232744062791));
#1328 = CARTESIAN_POINT('',(2.100284606332,96.60908950882));
#1329 = CARTESIAN_POINT('',(2.169850631647,94.913462188859));
#1330 = CARTESIAN_POINT('',(2.211732026529,93.811626941637));
#1331 = CARTESIAN_POINT('',(2.252336943177,92.67456779022));
#1332 = CARTESIAN_POINT('',(2.291805990106,91.510850611817));
#1333 = CARTESIAN_POINT('',(2.330285787136,90.326735447787));
#1334 = CARTESIAN_POINT('',(2.36793168397,89.126509452389));
#1335 = CARTESIAN_POINT('',(2.437554375345,86.841921429312));
#1336 = CARTESIAN_POINT('',(2.469649054472,85.761443975837));
#1337 = CARTESIAN_POINT('',(2.501272604405,84.674957407268));
#1338 = CARTESIAN_POINT('',(2.532500189422,83.585426155656));
#1339 = CARTESIAN_POINT('',(2.563409054096,82.495623373651));
#1340 = CARTESIAN_POINT('',(2.594078091382,81.408487021978));
#1341 = CARTESIAN_POINT('',(2.650239983315,79.41926436358));
#1342 = CARTESIAN_POINT('',(2.675735525183,78.516832072417));
#1343 = CARTESIAN_POINT('',(2.701163864709,77.621352362132));
#1344 = CARTESIAN_POINT('',(2.726600224071,76.734556852633));
#1345 = CARTESIAN_POINT('',(2.752103029651,75.859619190209));
#1346 = CARTESIAN_POINT('',(2.777714398227,75.001687420912));
#1347 = CARTESIAN_POINT('',(2.826738144769,73.414734192259));
#1348 = CARTESIAN_POINT('',(2.85010277296,72.681982591259));
#1349 = CARTESIAN_POINT('',(2.873687139769,71.97178453817));
#1350 = CARTESIAN_POINT('',(2.897577302713,71.289268174698));
#1351 = CARTESIAN_POINT('',(2.921826553011,70.642983257952));
#1352 = CARTESIAN_POINT('',(2.946475166314,70.0446241802));
#1353 = CARTESIAN_POINT('',(2.980757301665,69.312012509636));
#1354 = CARTESIAN_POINT('',(2.990002829092,69.124007664828));
#1355 = CARTESIAN_POINT('',(2.999313883413,68.94494017615));
#1356 = CARTESIAN_POINT('',(3.008689654198,68.775614620845));
#1357 = CARTESIAN_POINT('',(3.018130427525,68.616832858555));
#1358 = CARTESIAN_POINT('',(3.027637574094,68.469392678488));
#1359 = CARTESIAN_POINT('',(3.051761791948,68.128522843426));
#1360 = CARTESIAN_POINT('',(3.066499846973,67.950528092644));
#1361 = CARTESIAN_POINT('',(3.081373274645,67.803999881497));
#1362 = CARTESIAN_POINT('',(3.09634362316,67.691913963967));
#1363 = CARTESIAN_POINT('',(3.111383636157,67.616327826765));
#1364 = CARTESIAN_POINT('',(3.126472719246,67.578395831247));
#1365 = CARTESIAN_POINT('',(3.148018273234,67.578395831247));
#1366 = CARTESIAN_POINT('',(3.154443305822,67.585246447412));
#1367 = CARTESIAN_POINT('',(3.160864974947,67.598945909036));
#1368 = CARTESIAN_POINT('',(3.167280353437,67.61945402091));
#1369 = CARTESIAN_POINT('',(3.173686356397,67.646692257358));
#1370 = CARTESIAN_POINT('',(3.180079734244,67.680543856272));
#1371 = CARTESIAN_POINT('',(3.192939221058,67.761826544074));
#1372 = CARTESIAN_POINT('',(3.199404092016,67.809467284194));
#1373 = CARTESIAN_POINT('',(3.205850366272,67.863626000126));
#1374 = CARTESIAN_POINT('',(3.212276378078,67.924125646719));
#1375 = CARTESIAN_POINT('',(3.218680102584,67.990762498232));
#1376 = CARTESIAN_POINT('',(3.225059150127,68.063306379504));
#1377 = CARTESIAN_POINT('',(3.238694921955,68.231176027193));
#1378 = CARTESIAN_POINT('',(3.245942836878,68.328280961783));
#1379 = CARTESIAN_POINT('',(3.253154778881,68.432483432253));
#1380 = CARTESIAN_POINT('',(3.260330533107,68.543437399831));
#1381 = CARTESIAN_POINT('',(3.267469390553,68.660783476656));
#1382 = CARTESIAN_POINT('',(3.274570142369,68.784149346795));
#1383 = CARTESIAN_POINT('',(3.291311691575,69.090011800216));
#1384 = CARTESIAN_POINT('',(3.300918601068,69.277486497376));
#1385 = CARTESIAN_POINT('',(3.31045525898,69.474730335187));
#1386 = CARTESIAN_POINT('',(3.319924670295,69.680940509985));
#1387 = CARTESIAN_POINT('',(3.329329393386,69.895356085029));
#1388 = CARTESIAN_POINT('',(3.338671544778,70.117258717534));
#1389 = CARTESIAN_POINT('',(3.357734292941,70.587015036504));
#1390 = CARTESIAN_POINT('',(3.367451303472,70.835700539851));
#1391 = CARTESIAN_POINT('',(3.377107299795,71.091284810011));
#1392 = CARTESIAN_POINT('',(3.386706193515,71.353107238269));
#1393 = CARTESIAN_POINT('',(3.396252379696,71.620590848991));
#1394 = CARTESIAN_POINT('',(3.40575077301,71.893241455685));
#1395 = CARTESIAN_POINT('',(3.419673471706,72.301680786277));
#1396 = CARTESIAN_POINT('',(3.424130408279,72.433768196976));
#1397 = CARTESIAN_POINT('',(3.428578107419,72.566861845094));
#1398 = CARTESIAN_POINT('',(3.43301701441,72.700916963311));
#1399 = CARTESIAN_POINT('',(3.437447566023,72.835891221057));
#1400 = CARTESIAN_POINT('',(3.441870190509,72.971744724512));
#1401 = CARTESIAN_POINT('',(3.446285307606,73.108440016603));
#1402 = ( GEOMETRIC_REPRESENTATION_CONTEXT(2) 
PARAMETRIC_REPRESENTATION_CONTEXT() REPRESENTATION_CONTEXT('2D SPACE',''
  ) );
#1403 = ORIENTED_EDGE('',*,*,#1404,.T.);
#1404 = EDGE_CURVE('',#1151,#24,#1405,.T.);
#1405 = SURFACE_CURVE('',#1406,(#1410,#1416),.PCURVE_S1.);
#1406 = LINE('',#1407,#1408);
#1407 = CARTESIAN_POINT('',(-417.5783958312,90.,388.));
#1408 = VECTOR('',#1409,1.);
#1409 = DIRECTION('',(0.,-1.,2.22044604925E-16));
#1410 = PCURVE('',#33,#1411);
#1411 = DEFINITIONAL_REPRESENTATION('',(#1412),#1415);
#1412 = B_SPLINE_CURVE_WITH_KNOTS('',1,(#1413,#1414),.UNSPECIFIED.,.F.,
  .F.,(2,2),(105.,180.00000240521),.PIECEWISE_BEZIER_KNOTS.);
#1413 = CARTESIAN_POINT('',(1.908867270417,105.));
#1414 = CARTESIAN_POINT('',(1.908867270417,180.00000240521));
#1415 = ( GEOMETRIC_REPRESENTATION_CONTEXT(2) 
PARAMETRIC_REPRESENTATION_CONTEXT() REPRESENTATION_CONTEXT('2D SPACE',''
  ) );
#1416 = PCURVE('',#72,#1417);
#1417 = DEFINITIONAL_REPRESENTATION('',(#1418),#1421);
#1418 = B_SPLINE_CURVE_WITH_KNOTS('',1,(#1419,#1420),.UNSPECIFIED.,.F.,
  .F.,(2,2),(105.,180.00000240521),.PIECEWISE_BEZIER_KNOTS.);
#1419 = CARTESIAN_POINT('',(-17.57839583124,60.));
#1420 = CARTESIAN_POINT('',(-17.57839583124,-15.00000240521));
#1421 = ( GEOMETRIC_REPRESENTATION_CONTEXT(2) 
PARAMETRIC_REPRESENTATION_CONTEXT() REPRESENTATION_CONTEXT('2D SPACE',''
  ) );
#1422 = ADVANCED_FACE('',(#1423,#1426),#402,.F.);
#1423 = FACE_BOUND('',#1424,.F.);
#1424 = EDGE_LOOP('',(#1425));
#1425 = ORIENTED_EDGE('',*,*,#387,.T.);
#1426 = FACE_BOUND('',#1427,.F.);
#1427 = EDGE_LOOP('',(#1428));
#1428 = ORIENTED_EDGE('',*,*,#1429,.F.);
#1429 = EDGE_CURVE('',#1430,#1430,#1432,.T.);
#1430 = VERTEX_POINT('',#1431);
#1431 = CARTESIAN_POINT('',(-400.,90.,383.));
#1432 = SURFACE_CURVE('',#1433,(#1438,#1445),.PCURVE_S1.);
#1433 = CIRCLE('',#1434,45.);
#1434 = AXIS2_PLACEMENT_3D('',#1435,#1436,#1437);
#1435 = CARTESIAN_POINT('',(-400.,90.,338.));
#1436 = DIRECTION('',(0.,-1.,0.));
#1437 = DIRECTION('',(0.,0.,1.));
#1438 = PCURVE('',#402,#1439);
#1439 = DEFINITIONAL_REPRESENTATION('',(#1440),#1444);
#1440 = CIRCLE('',#1441,45.);
#1441 = AXIS2_PLACEMENT_2D('',#1442,#1443);
#1442 = CARTESIAN_POINT('',(0.,0.));
#1443 = DIRECTION('',(0.,1.));
#1444 = ( GEOMETRIC_REPRESENTATION_CONTEXT(2) 
PARAMETRIC_REPRESENTATION_CONTEXT() REPRESENTATION_CONTEXT('2D SPACE',''
  ) );
#1445 = PCURVE('',#1446,#1451);
#1446 = CYLINDRICAL_SURFACE('',#1447,45.);
#1447 = AXIS2_PLACEMENT_3D('',#1448,#1449,#1450);
#1448 = CARTESIAN_POINT('',(-400.,0.,338.));
#1449 = DIRECTION('',(0.,1.,0.));
#1450 = DIRECTION('',(0.,-0.,1.));
#1451 = DEFINITIONAL_REPRESENTATION('',(#1452),#1456);
#1452 = LINE('',#1453,#1454);
#1453 = CARTESIAN_POINT('',(6.28318530718,90.));
#1454 = VECTOR('',#1455,1.);
#1455 = DIRECTION('',(-1.,-0.));
#1456 = ( GEOMETRIC_REPRESENTATION_CONTEXT(2) 
PARAMETRIC_REPRESENTATION_CONTEXT() REPRESENTATION_CONTEXT('2D SPACE',''
  ) );
#1457 = ADVANCED_FACE('',(#1458),#1446,.T.);
#1458 = FACE_BOUND('',#1459,.T.);
#1459 = EDGE_LOOP('',(#1460,#2117,#2186,#2834,#2855,#2856));
#1460 = ORIENTED_EDGE('',*,*,#1461,.F.);
#1461 = EDGE_CURVE('',#1462,#1464,#1466,.T.);
#1462 = VERTEX_POINT('',#1463);
#1463 = CARTESIAN_POINT('',(-364.6446609406,224.64466094067,
    310.16117818585));
#1464 = VERTEX_POINT('',#1465);
#1465 = CARTESIAN_POINT('',(-400.,210.,383.));
#1466 = SURFACE_CURVE('',#1467,(#1680,#1896),.PCURVE_S1.);
#1467 = B_SPLINE_CURVE_WITH_KNOTS('',8,(#1468,#1469,#1470,#1471,#1472,
    #1473,#1474,#1475,#1476,#1477,#1478,#1479,#1480,#1481,#1482,#1483,
    #1484,#1485,#1486,#1487,#1488,#1489,#1490,#1491,#1492,#1493,#1494,
    #1495,#1496,#1497,#1498,#1499,#1500,#1501,#1502,#1503,#1504,#1505,
    #1506,#1507,#1508,#1509,#1510,#1511,#1512,#1513,#1514,#1515,#1516,
    #1517,#1518,#1519,#1520,#1521,#1522,#1523,#1524,#1525,#1526,#1527,
    #1528,#1529,#1530,#1531,#1532,#1533,#1534,#1535,#1536,#1537,#1538,
    #1539,#1540,#1541,#1542,#1543,#1544,#1545,#1546,#1547,#1548,#1549,
    #1550,#1551,#1552,#1553,#1554,#1555,#1556,#1557,#1558,#1559,#1560,
    #1561,#1562,#1563,#1564,#1565,#1566,#1567,#1568,#1569,#1570,#1571,
    #1572,#1573,#1574,#1575,#1576,#1577,#1578,#1579,#1580,#1581,#1582,
    #1583,#1584,#1585,#1586,#1587,#1588,#1589,#1590,#1591,#1592,#1593,
    #1594,#1595,#1596,#1597,#1598,#1599,#1600,#1601,#1602,#1603,#1604,
    #1605,#1606,#1607,#1608,#1609,#1610,#1611,#1612,#1613,#1614,#1615,
    #1616,#1617,#1618,#1619,#1620,#1621,#1622,#1623,#1624,#1625,#1626,
    #1627,#1628,#1629,#1630,#1631,#1632,#1633,#1634,#1635,#1636,#1637,
    #1638,#1639,#1640,#1641,#1642,#1643,#1644,#1645,#1646,#1647,#1648,
    #1649,#1650,#1651,#1652,#1653,#1654,#1655,#1656,#1657,#1658,#1659,
    #1660,#1661,#1662,#1663,#1664,#1665,#1666,#1667,#1668,#1669,#1670,
    #1671,#1672,#1673,#1674,#1675,#1676,#1677,#1678,#1679),
  .UNSPECIFIED.,.T.,.F.,(9,7,7,7,7,7,7,7,7,7,7,7,7,7,7,7,7,7,7,7,7,7,7,7
    ,7,7,7,7,7,7,9),(0.,2.870534342171E-02,4.767370472235E-02,
    7.364963662974E-02,0.149101187727,0.215093444027,0.228358787404,
    0.24998157669,0.271588270901,0.284847647542,0.350892796415,
    0.42642918735,0.45226536659,0.471245545203,0.481020481231,
    0.499999119847,0.518977758464,0.528741221437,0.547709688738,
    0.573685497584,0.649318491056,0.715326507775,0.728582473244,
    0.750013888576,0.771620448864,0.784879740287,0.850743786163,
    0.926261589633,0.952302070441,0.971282716766,1.),.UNSPECIFIED.);
#1468 = CARTESIAN_POINT('',(-400.,210.,383.));
#1469 = CARTESIAN_POINT('',(-398.6154152012,210.,383.));
#1470 = CARTESIAN_POINT('',(-397.2334842218,210.04381912409,
    382.95131211097));
#1471 = CARTESIAN_POINT('',(-395.859712739,210.13116223953,
    382.85426413818));
#1472 = CARTESIAN_POINT('',(-394.4995797694,210.260977287,
    382.70996917745));
#1473 = CARTESIAN_POINT('',(-393.1585134153,210.43145837792,
    382.52032350345));
#1474 = CARTESIAN_POINT('',(-391.8418683012,210.6400529537,
    382.28800841174));
#1475 = CARTESIAN_POINT('',(-390.5549047031,210.88347300696,
    382.01649601433));
#1476 = CARTESIAN_POINT('',(-388.4753639938,211.33892517231,
    381.50756678638));
#1477 = CARTESIAN_POINT('',(-387.6620787265,211.53383466171,
    381.28955847428));
#1478 = CARTESIAN_POINT('',(-386.863181754,211.74162679948,
    381.05688099912));
#1479 = CARTESIAN_POINT('',(-386.0789167023,211.96149046909,
    380.8103770661));
#1480 = CARTESIAN_POINT('',(-385.3095026415,212.19261601145,
    380.55088560887));
#1481 = CARTESIAN_POINT('',(-384.5551340917,212.43419576551,
    380.27924225941));
#1482 = CARTESIAN_POINT('',(-383.8159810282,212.68542460877,
    379.99627981773));
#1483 = CARTESIAN_POINT('',(-382.1010028252,213.30165744143,
    379.30096661222));
#1484 = CARTESIAN_POINT('',(-381.1383004468,213.67452219116,
    378.87930342668));
#1485 = CARTESIAN_POINT('',(-380.2035472174,214.06239232837,
    378.43956670389));
#1486 = CARTESIAN_POINT('',(-379.2961429265,214.46370891393,
    377.98332199596));
#1487 = CARTESIAN_POINT('',(-378.4154322816,214.8770510511,
    377.51197759118));
#1488 = CARTESIAN_POINT('',(-377.5607155015,215.30113044841,
    377.02678923686));
#1489 = CARTESIAN_POINT('',(-376.7312589092,215.73478598252,
    376.52886486216));
#1490 = CARTESIAN_POINT('',(-373.5881803095,217.46140160409,
    374.53867109122));
#1491 = CARTESIAN_POINT('',(-371.4499233666,218.82162187377,
    372.95450794397));
#1492 = CARTESIAN_POINT('',(-369.4972520316,220.23171783138,
    371.29065895671));
#1493 = CARTESIAN_POINT('',(-367.7148136372,221.67220253428,
    369.56329600082));
#1494 = CARTESIAN_POINT('',(-366.0875973754,223.12865346616,
    367.78197934536));
#1495 = CARTESIAN_POINT('',(-364.6017760204,224.59026347448,
    365.95015609578));
#1496 = CARTESIAN_POINT('',(-363.2456953055,226.04816987395,
    364.06580111441));
#1497 = CARTESIAN_POINT('',(-360.9312621192,228.75272824073,
    360.42079078461));
#1498 = CARTESIAN_POINT('',(-359.9540850226,229.99158619402,
    358.68955866148));
#1499 = CARTESIAN_POINT('',(-359.0665723712,231.20543175442,
    356.91701467056));
#1500 = CARTESIAN_POINT('',(-358.2635524141,232.3872384498,
    355.0935560097));
#1501 = CARTESIAN_POINT('',(-357.5457020028,233.52175034626,
    353.21298899417));
#1502 = CARTESIAN_POINT('',(-356.9172188559,234.58361960128,
    351.27273192641));
#1503 = CARTESIAN_POINT('',(-356.3833378262,235.5373743141,
    349.27146447851));
#1504 = CARTESIAN_POINT('',(-355.8645878055,236.50321170627,
    346.78894579607));
#1505 = CARTESIAN_POINT('',(-355.7818356266,236.6589107166,
    346.37055727337));
#1506 = CARTESIAN_POINT('',(-355.7032520237,236.80825249909,
    345.94937813652));
#1507 = CARTESIAN_POINT('',(-355.6289266852,236.95083988371,
    345.52548875129));
#1508 = CARTESIAN_POINT('',(-355.5589433868,237.08628317055,
    345.09895107232));
#1509 = CARTESIAN_POINT('',(-355.4933819608,237.21420072273,
    344.66980865683));
#1510 = CARTESIAN_POINT('',(-355.4323202649,237.33421955949,
    344.2380866783));
#1511 = CARTESIAN_POINT('',(-355.2837658579,237.62814121977,
    343.09588236374));
#1512 = CARTESIAN_POINT('',(-355.2037445752,237.78857783562,
    342.38026471275));
#1513 = CARTESIAN_POINT('',(-355.1363742504,237.92519697846,
    341.6585697053));
#1514 = CARTESIAN_POINT('',(-355.0820726125,238.03630130724,
    340.93215238775));
#1515 = CARTESIAN_POINT('',(-355.0411261908,238.12059012178,
    340.20215072252));
#1516 = CARTESIAN_POINT('',(-355.0137280159,238.1771606248,
    339.46954441331));
#1517 = CARTESIAN_POINT('',(-355.,238.20550528229,338.73521396816));
#1518 = CARTESIAN_POINT('',(-355.,238.20550528229,337.2653332935));
#1519 = CARTESIAN_POINT('',(-355.0137075863,238.1772028058,
    336.53154711259));
#1520 = CARTESIAN_POINT('',(-355.0410651414,238.12071617419,
    335.79948091467));
#1521 = CARTESIAN_POINT('',(-355.0819511065,238.03655142814,
    335.07001389877));
#1522 = CARTESIAN_POINT('',(-355.1361729522,237.92560884557,
    334.34412411806));
#1523 = CARTESIAN_POINT('',(-355.2034448895,237.78918557325,
    333.62294735632));
#1524 = CARTESIAN_POINT('',(-355.2833503212,237.62897437245,
    332.90783576822));
#1525 = CARTESIAN_POINT('',(-355.4317090509,237.33542217993,
    331.76629427921));
#1526 = CARTESIAN_POINT('',(-355.4927032218,237.21552798459,
    331.33474186298));
#1527 = CARTESIAN_POINT('',(-355.5581937983,237.08773908423,
    330.90576597153));
#1528 = CARTESIAN_POINT('',(-355.628103017,236.95242794715,
    330.47939190152));
#1529 = CARTESIAN_POINT('',(-355.702351133,236.80997572573,
    330.05566332302));
#1530 = CARTESIAN_POINT('',(-355.7808544526,236.66077166422,
    329.63464229327));
#1531 = CARTESIAN_POINT('',(-355.8635233664,236.50521250655,
    329.21640927032));
#1532 = CARTESIAN_POINT('',(-356.382298725,235.53921523292,
    326.73221791433));
#1533 = CARTESIAN_POINT('',(-356.9164712281,234.58483352856,
    324.7292396952));
#1534 = CARTESIAN_POINT('',(-357.5454046068,233.52212223686,
    322.78736958816));
#1535 = CARTESIAN_POINT('',(-358.2638509411,232.38665012248,
    320.90528817331));
#1536 = CARTESIAN_POINT('',(-359.0675991283,231.20382858318,
    319.08041206929));
#1537 = CARTESIAN_POINT('',(-359.9559697241,229.98894448249,
    317.30653297966));
#1538 = CARTESIAN_POINT('',(-360.9341518043,228.74903068605,
    315.57402229305));
#1539 = CARTESIAN_POINT('',(-363.2515492337,226.0416973765,
    311.92570942817));
#1540 = CARTESIAN_POINT('',(-364.6096711087,224.58211669009,
    310.03945875679));
#1541 = CARTESIAN_POINT('',(-366.0978485366,223.11887418763,
    308.20585756436));
#1542 = CARTESIAN_POINT('',(-367.7277932433,221.66084791671,
    306.42287506909));
#1543 = CARTESIAN_POINT('',(-369.5133976447,220.21888318663,
    304.69398483609));
#1544 = CARTESIAN_POINT('',(-371.4697390667,218.80746834588,
    303.02880946487));
#1545 = CARTESIAN_POINT('',(-373.6122324244,217.44619081175,
    301.44362109883));
#1546 = CARTESIAN_POINT('',(-376.7565894598,215.7215709653,
    299.45596408482));
#1547 = CARTESIAN_POINT('',(-377.5822397569,215.2904964275,
    298.96104795851));
#1548 = CARTESIAN_POINT('',(-378.4328996563,214.86891785017,
    298.47875235342));
#1549 = CARTESIAN_POINT('',(-379.3092878398,214.45798159794,
    298.01017192093));
#1550 = CARTESIAN_POINT('',(-380.2120898802,214.05895807353,
    297.55654543029));
#1551 = CARTESIAN_POINT('',(-381.1419479424,213.67324704864,
    297.11926043957));
#1552 = CARTESIAN_POINT('',(-382.0994504844,213.30238299483,
    296.69985796666));
#1553 = CARTESIAN_POINT('',(-383.809231373,212.68772771877,
    296.00631453786));
#1554 = CARTESIAN_POINT('',(-384.5487187579,212.43626826199,
    295.72308873176));
#1555 = CARTESIAN_POINT('',(-385.3034395511,212.19446498741,
    295.45119105633));
#1556 = CARTESIAN_POINT('',(-386.0732246018,211.96312403578,
    295.19145532017));
#1557 = CARTESIAN_POINT('',(-386.8578801613,211.74305420529,
    294.94471829743));
#1558 = CARTESIAN_POINT('',(-387.6571878735,211.53506641145,
    294.71182019907));
#1559 = CARTESIAN_POINT('',(-388.4709047659,211.33997314704,
    294.49360514425));
#1560 = CARTESIAN_POINT('',(-389.7251166374,211.06517318491,
    294.18653808438));
#1561 = CARTESIAN_POINT('',(-390.1551495715,210.97540985658,
    294.08629151949));
#1562 = CARTESIAN_POINT('',(-390.5887341739,210.88942659066,
    293.99031722399));
#1563 = CARTESIAN_POINT('',(-391.0257410007,210.8073466568,
    293.8987448169));
#1564 = CARTESIAN_POINT('',(-391.4660390333,210.72928796073,
    293.81169824922));
#1565 = CARTESIAN_POINT('',(-391.9094956779,210.65536304423,
    293.72929580388));
#1566 = CARTESIAN_POINT('',(-392.355976766,210.58567908515,
    293.65165009577));
#1567 = CARTESIAN_POINT('',(-393.6778255946,210.39347396842,
    293.43755730216));
#1568 = CARTESIAN_POINT('',(-394.5615861693,210.28292353864,
    293.31451763633));
#1569 = CARTESIAN_POINT('',(-395.4548399251,210.18957545633,
    293.21069236717));
#1570 = CARTESIAN_POINT('',(-396.3557828323,210.11414815978,
    293.12684168398));
#1571 = CARTESIAN_POINT('',(-397.2625984576,210.05718876216,
    293.06354303009));
#1572 = CARTESIAN_POINT('',(-398.1734612378,210.01907213639,
    293.02119146059));
#1573 = CARTESIAN_POINT('',(-399.0865397529,210.,293.));
#1574 = CARTESIAN_POINT('',(-400.913460247,210.,293.));
#1575 = CARTESIAN_POINT('',(-401.8265387621,210.01907213639,
    293.02119146059));
#1576 = CARTESIAN_POINT('',(-402.7374015423,210.05718876216,
    293.06354303009));
#1577 = CARTESIAN_POINT('',(-403.6442171676,210.11414815977,
    293.12684168398));
#1578 = CARTESIAN_POINT('',(-404.5451600748,210.18957545633,
    293.21069236717));
#1579 = CARTESIAN_POINT('',(-405.4384138306,210.28292353864,
    293.31451763633));
#1580 = CARTESIAN_POINT('',(-406.3221744053,210.39347396842,
    293.43755730216));
#1581 = CARTESIAN_POINT('',(-407.6434957989,210.58560239278,
    293.65156466993));
#1582 = CARTESIAN_POINT('',(-408.0894560865,210.65519945038,
    293.7291135186));
#1583 = CARTESIAN_POINT('',(-408.5323990673,210.72902761268,
    293.81140804506));
#1584 = CARTESIAN_POINT('',(-408.972191067,210.80698008479,
    293.89833603681));
#1585 = CARTESIAN_POINT('',(-409.4086999787,210.88894473442,
    293.98977964146));
#1586 = CARTESIAN_POINT('',(-409.8417952633,210.9748040919,
    294.08561536678));
#1587 = CARTESIAN_POINT('',(-410.271347949,211.06443535016,
    294.18571408065));
#1588 = CARTESIAN_POINT('',(-411.5246360061,211.3389251723,
    294.4924332136));
#1589 = CARTESIAN_POINT('',(-412.3379212734,211.5338346617,
    294.71044152571));
#1590 = CARTESIAN_POINT('',(-413.136818246,211.74162679949,
    294.94311900087));
#1591 = CARTESIAN_POINT('',(-413.9210832976,211.9614904691,
    295.1896229339));
#1592 = CARTESIAN_POINT('',(-414.6904973584,212.19261601146,
    295.44911439112));
#1593 = CARTESIAN_POINT('',(-415.4448659082,212.43419576551,
    295.72075774058));
#1594 = CARTESIAN_POINT('',(-416.1840189717,212.68542460876,
    296.00372018224));
#1595 = CARTESIAN_POINT('',(-417.8989869401,213.30165376387,
    296.69902923828));
#1596 = CARTESIAN_POINT('',(-418.8616864599,213.67451692516,
    297.12069062127));
#1597 = CARTESIAN_POINT('',(-419.7964423059,214.06238759579,
    297.5604279219));
#1598 = CARTESIAN_POINT('',(-420.7038524969,214.46370645285,
    298.01667518067));
#1599 = CARTESIAN_POINT('',(-421.5845698812,214.87705176802,
    298.488023198));
#1600 = CARTESIAN_POINT('',(-422.4392915823,215.30113393915,
    298.97321474824));
#1601 = CARTESIAN_POINT('',(-423.2687484438,215.73479002184,
    299.47113979378));
#1602 = CARTESIAN_POINT('',(-426.4174319988,217.46448466394,
    301.46488261605));
#1603 = CARTESIAN_POINT('',(-428.5603612339,218.8281636452,
    303.05311080859));
#1604 = CARTESIAN_POINT('',(-430.5168590939,220.24190775447,
    304.72136456896));
#1605 = CARTESIAN_POINT('',(-432.302382101,221.68610172428,
    306.4533714607));
#1606 = CARTESIAN_POINT('',(-433.9320376687,223.14623582058,
    308.23952610403));
#1607 = CARTESIAN_POINT('',(-435.4197346608,224.6114388704,
    310.07638702738));
#1608 = CARTESIAN_POINT('',(-436.7771825241,226.07278663476,
    311.96602635025));
#1609 = CARTESIAN_POINT('',(-439.090917347,228.78053272797,
    315.6178841416));
#1610 = CARTESIAN_POINT('',(-440.0665524775,230.01924330621,
    317.3503754253));
#1611 = CARTESIAN_POINT('',(-440.9525461473,231.23276104047,
    319.12427497098));
#1612 = CARTESIAN_POINT('',(-441.7540317704,232.41400216563,
    320.94921728969));
#1613 = CARTESIAN_POINT('',(-442.4702820371,233.54759731319,
    322.83139206207));
#1614 = CARTESIAN_POINT('',(-443.0970603676,234.60804336904,
    324.77336976356));
#1615 = CARTESIAN_POINT('',(-443.6291043434,235.55970316231,
    326.77648992313));
#1616 = CARTESIAN_POINT('',(-444.1453465834,236.52188844491,
    329.26109353364));
#1617 = CARTESIAN_POINT('',(-444.2276099048,236.6768250803,
    329.6795011364));
#1618 = CARTESIAN_POINT('',(-444.3057031459,236.82537942728,
    330.10069471371));
#1619 = CARTESIAN_POINT('',(-444.3795363565,236.96715399228,
    330.52459187376));
#1620 = CARTESIAN_POINT('',(-444.4490256308,237.10175917622,
    330.95112881911));
#1621 = CARTESIAN_POINT('',(-444.514091122,237.22881387054,
    331.38026033264));
#1622 = CARTESIAN_POINT('',(-444.5746550565,237.34794605335,
    331.81195976361));
#1623 = CARTESIAN_POINT('',(-444.7211522945,237.63800441454,
    332.9483021905));
#1624 = CARTESIAN_POINT('',(-444.7998022621,237.7957715651,
    333.65790475768));
#1625 = CARTESIAN_POINT('',(-444.8660080851,237.93007172704,
    334.37344061428));
#1626 = CARTESIAN_POINT('',(-444.9193653585,238.03926145431,
    335.09358881194));
#1627 = CARTESIAN_POINT('',(-444.9595962848,238.12208186031,
    335.81723712273));
#1628 = CARTESIAN_POINT('',(-444.9865137461,238.17765979192,
    336.54342538611));
#1629 = CARTESIAN_POINT('',(-445.,238.20550528229,337.27128863484));
#1630 = CARTESIAN_POINT('',(-445.,238.20550528229,338.73466664706));
#1631 = CARTESIAN_POINT('',(-444.9862924158,238.17720281038,
    339.46845277629));
#1632 = CARTESIAN_POINT('',(-444.9589348646,238.12071618687,
    340.20051893438));
#1633 = CARTESIAN_POINT('',(-444.9180489042,238.03655145044,
    340.92998592671));
#1634 = CARTESIAN_POINT('',(-444.8638270626,237.92560887594,
    341.65587570491));
#1635 = CARTESIAN_POINT('',(-444.7965551268,237.78918560616,
    342.3770524906));
#1636 = CARTESIAN_POINT('',(-444.7166496912,237.62897439726,
    343.0921641353));
#1637 = CARTESIAN_POINT('',(-444.5682909542,237.33542219024,
    344.23370568066));
#1638 = CARTESIAN_POINT('',(-444.5072967879,237.21552800366,
    344.66525806928));
#1639 = CARTESIAN_POINT('',(-444.4418062147,237.08773910964,
    345.09423394512));
#1640 = CARTESIAN_POINT('',(-444.3718969977,236.95242797578,
    345.52060801104));
#1641 = CARTESIAN_POINT('',(-444.2976488817,236.80997575384,
    345.9443365964));
#1642 = CARTESIAN_POINT('',(-444.2191455597,236.6607716876,
    346.36535764341));
#1643 = CARTESIAN_POINT('',(-444.1364766411,236.50521252065,
    346.78359069342));
#1644 = CARTESIAN_POINT('',(-443.6188831644,235.54141599673,
    349.2621225268));
#1645 = CARTESIAN_POINT('',(-443.0864588776,234.59006945938,
    351.25976136919));
#1646 = CARTESIAN_POINT('',(-442.4597855028,233.53089583921,
    353.19658263582));
#1647 = CARTESIAN_POINT('',(-441.7440759763,232.39918595916,
    355.0739173169));
#1648 = CARTESIAN_POINT('',(-440.9435092532,231.22018575196,
    356.89434011042));
#1649 = CARTESIAN_POINT('',(-440.058774421,230.00911492049,
    358.66400821433));
#1650 = CARTESIAN_POINT('',(-439.0847570517,228.77300410779,
    360.39247318241));
#1651 = CARTESIAN_POINT('',(-436.7746828969,226.07022871068,
    364.03718906692));
#1652 = CARTESIAN_POINT('',(-435.4191641262,224.61116115611,
    365.92382972288));
#1653 = CARTESIAN_POINT('',(-433.9337845709,223.14825407351,
    367.7578523977));
#1654 = CARTESIAN_POINT('',(-432.306893989,221.69040120146,
    369.54131160434));
#1655 = CARTESIAN_POINT('',(-430.5246561096,220.24842534258,
    371.27078465178));
#1656 = CARTESIAN_POINT('',(-428.5720413067,218.8367603743,
    372.93672680084));
#1657 = CARTESIAN_POINT('',(-426.4336695893,217.47490776627,
    374.5229708957));
#1658 = CARTESIAN_POINT('',(-423.2888705249,215.74533479973,
    376.5167504897));
#1659 = CARTESIAN_POINT('',(-422.4579082945,215.31041505401,
    377.01616323849));
#1660 = CARTESIAN_POINT('',(-421.6015758691,214.88509863021,
    377.50279621715));
#1661 = CARTESIAN_POINT('',(-420.7191332101,214.47055305866,
    377.97553583835));
#1662 = CARTESIAN_POINT('',(-419.8098743899,214.06807429674,
    378.43311920002));
#1663 = CARTESIAN_POINT('',(-418.8731382916,213.67909223206,
    378.87412931649));
#1664 = CARTESIAN_POINT('',(-417.9083193081,213.30517618552,
    379.29699034958));
#1665 = CARTESIAN_POINT('',(-416.1907686266,212.68772771866,
    379.99368546225));
#1666 = CARTESIAN_POINT('',(-415.4512812419,212.43626826196,
    380.27691126826));
#1667 = CARTESIAN_POINT('',(-414.696560449,212.19446498748,
    380.54880894359));
#1668 = CARTESIAN_POINT('',(-413.9267753984,211.96312403587,
    380.80854467972));
#1669 = CARTESIAN_POINT('',(-413.1421198388,211.74305420532,
    381.05528170252));
#1670 = CARTESIAN_POINT('',(-412.3428121262,211.5350664114,
    381.28817980097));
#1671 = CARTESIAN_POINT('',(-411.5290952336,211.33997314695,
    381.50639485584));
#1672 = CARTESIAN_POINT('',(-409.448705846,210.88415628068,
    382.01573388149));
#1673 = CARTESIAN_POINT('',(-408.1612997681,210.64055501974,
    382.28744925295));
#1674 = CARTESIAN_POINT('',(-406.8441734628,210.43179978782,
    382.51994371611));
#1675 = CARTESIAN_POINT('',(-405.5025956052,210.26118454882,
    382.70973879828));
#1676 = CARTESIAN_POINT('',(-404.1419294059,210.13126626993,
    382.85414854883));
#1677 = CARTESIAN_POINT('',(-402.7676117071,210.04385366312,
    382.9512737342));
#1678 = CARTESIAN_POINT('',(-401.3851303769,210.,383.));
#1679 = CARTESIAN_POINT('',(-400.,210.,383.));
#1680 = PCURVE('',#1446,#1681);
#1681 = DEFINITIONAL_REPRESENTATION('',(#1682),#1895);
#1682 = B_SPLINE_CURVE_WITH_KNOTS('',8,(#1683,#1684,#1685,#1686,#1687,
    #1688,#1689,#1690,#1691,#1692,#1693,#1694,#1695,#1696,#1697,#1698,
    #1699,#1700,#1701,#1702,#1703,#1704,#1705,#1706,#1707,#1708,#1709,
    #1710,#1711,#1712,#1713,#1714,#1715,#1716,#1717,#1718,#1719,#1720,
    #1721,#1722,#1723,#1724,#1725,#1726,#1727,#1728,#1729,#1730,#1731,
    #1732,#1733,#1734,#1735,#1736,#1737,#1738,#1739,#1740,#1741,#1742,
    #1743,#1744,#1745,#1746,#1747,#1748,#1749,#1750,#1751,#1752,#1753,
    #1754,#1755,#1756,#1757,#1758,#1759,#1760,#1761,#1762,#1763,#1764,
    #1765,#1766,#1767,#1768,#1769,#1770,#1771,#1772,#1773,#1774,#1775,
    #1776,#1777,#1778,#1779,#1780,#1781,#1782,#1783,#1784,#1785,#1786,
    #1787,#1788,#1789,#1790,#1791,#1792,#1793,#1794,#1795,#1796,#1797,
    #1798,#1799,#1800,#1801,#1802,#1803,#1804,#1805,#1806,#1807,#1808,
    #1809,#1810,#1811,#1812,#1813,#1814,#1815,#1816,#1817,#1818,#1819,
    #1820,#1821,#1822,#1823,#1824,#1825,#1826,#1827,#1828,#1829,#1830,
    #1831,#1832,#1833,#1834,#1835,#1836,#1837,#1838,#1839,#1840,#1841,
    #1842,#1843,#1844,#1845,#1846,#1847,#1848,#1849,#1850,#1851,#1852,
    #1853,#1854,#1855,#1856,#1857,#1858,#1859,#1860,#1861,#1862,#1863,
    #1864,#1865,#1866,#1867,#1868,#1869,#1870,#1871,#1872,#1873,#1874,
    #1875,#1876,#1877,#1878,#1879,#1880,#1881,#1882,#1883,#1884,#1885,
    #1886,#1887,#1888,#1889,#1890,#1891,#1892,#1893,#1894),
  .UNSPECIFIED.,.F.,.F.,(9,7,7,7,7,7,7,7,7,7,7,7,7,7,7,7,7,7,7,7,7,7,7,7
    ,7,7,7,7,7,7,9),(0.,2.870534342171E-02,4.767370472235E-02,
    7.364963662974E-02,0.149101187727,0.215093444027,0.228358787404,
    0.24998157669,0.271588270901,0.284847647542,0.350892796415,
    0.42642918735,0.45226536659,0.471245545203,0.481020481231,
    0.499999119847,0.518977758464,0.528741221437,0.547709688738,
    0.573685497584,0.649318491056,0.715326507775,0.728582473244,
    0.750013888576,0.771620448864,0.784879740287,0.850743786163,
    0.926261589633,0.952302070441,0.971282716766,1.),.UNSPECIFIED.);
#1683 = CARTESIAN_POINT('',(0.,210.));
#1684 = CARTESIAN_POINT('',(3.076855108388E-02,210.));
#1685 = CARTESIAN_POINT('',(6.147813044315E-02,210.04381912409));
#1686 = CARTESIAN_POINT('',(9.205076774223E-02,210.13116223953));
#1687 = CARTESIAN_POINT('',(0.122408390247,210.260977287));
#1688 = CARTESIAN_POINT('',(0.152470842503,210.43145837792));
#1689 = CARTESIAN_POINT('',(0.182153949437,210.6400529537));
#1690 = CARTESIAN_POINT('',(0.211367622869,210.88347300696));
#1691 = CARTESIAN_POINT('',(0.258943415659,211.33892517231));
#1692 = CARTESIAN_POINT('',(0.277650000877,211.53383466171));
#1693 = CARTESIAN_POINT('',(0.296133835259,211.74162679948));
#1694 = CARTESIAN_POINT('',(0.314394526219,211.96149046909));
#1695 = CARTESIAN_POINT('',(0.332431248198,212.19261601145));
#1696 = CARTESIAN_POINT('',(0.350242770418,212.43419576551));
#1697 = CARTESIAN_POINT('',(0.367827484652,212.68542460877));
#1698 = CARTESIAN_POINT('',(0.408951270629,213.30165744143));
#1699 = CARTESIAN_POINT('',(0.432297857641,213.67452219116));
#1700 = CARTESIAN_POINT('',(0.455240197936,214.06239232837));
#1701 = CARTESIAN_POINT('',(0.477795027709,214.46370891393));
#1702 = CARTESIAN_POINT('',(0.499978972801,214.8770510511));
#1703 = CARTESIAN_POINT('',(0.521808706086,215.30113044841));
#1704 = CARTESIAN_POINT('',(0.543301104847,215.73478598252));
#1705 = CARTESIAN_POINT('',(0.625971995807,217.46140160409));
#1706 = CARTESIAN_POINT('',(0.6849504776,218.82162187377));
#1707 = CARTESIAN_POINT('',(0.741746315051,220.23171783138));
#1708 = CARTESIAN_POINT('',(0.796688117852,221.67220253428));
#1709 = CARTESIAN_POINT('',(0.850112423237,223.12865346616));
#1710 = CARTESIAN_POINT('',(0.902380463245,224.59026347448));
#1711 = CARTESIAN_POINT('',(0.953884258857,226.04816987395));
#1712 = CARTESIAN_POINT('',(1.049833580044,228.75272824073));
#1713 = CARTESIAN_POINT('',(1.093951378831,229.99158619402));
#1714 = CARTESIAN_POINT('',(1.137912737138,231.20543175442));
#1715 = CARTESIAN_POINT('',(1.182079879124,232.3872384498));
#1716 = CARTESIAN_POINT('',(1.226695006262,233.52175034626));
#1717 = CARTESIAN_POINT('',(1.271914322441,234.58361960128));
#1718 = CARTESIAN_POINT('',(1.317873390726,235.5373743141));
#1719 = CARTESIAN_POINT('',(1.374232033266,236.50321170627));
#1720 = CARTESIAN_POINT('',(1.383709124827,236.6589107166));
#1721 = CARTESIAN_POINT('',(1.39322925164,236.80825249909));
#1722 = CARTESIAN_POINT('',(1.402791585465,236.95083988371));
#1723 = CARTESIAN_POINT('',(1.412395773499,237.08628317055));
#1724 = CARTESIAN_POINT('',(1.422041930985,237.21420072273));
#1725 = CARTESIAN_POINT('',(1.431730633818,237.33421955949));
#1726 = CARTESIAN_POINT('',(1.457326728312,237.62814121977));
#1727 = CARTESIAN_POINT('',(1.473325870176,237.78857783562));
#1728 = CARTESIAN_POINT('',(1.489428768281,237.92519697846));
#1729 = CARTESIAN_POINT('',(1.505610869705,238.03630130724));
#1730 = CARTESIAN_POINT('',(1.521852995301,238.12059012178));
#1731 = CARTESIAN_POINT('',(1.538139786207,238.1771606248));
#1732 = CARTESIAN_POINT('',(1.554458238613,238.20550528229));
#1733 = CARTESIAN_POINT('',(1.587122253606,238.20550528229));
#1734 = CARTESIAN_POINT('',(1.603428611261,238.1772028058));
#1735 = CARTESIAN_POINT('',(1.619703384841,238.12071617419));
#1736 = CARTESIAN_POINT('',(1.635933585196,238.03655142814));
#1737 = CARTESIAN_POINT('',(1.652103876189,237.92560884557));
#1738 = CARTESIAN_POINT('',(1.6681951141,237.78918557325));
#1739 = CARTESIAN_POINT('',(1.684182799173,237.62897437245));
#1740 = CARTESIAN_POINT('',(1.709763726519,237.33542217993));
#1741 = CARTESIAN_POINT('',(1.719448489081,237.21552798459));
#1742 = CARTESIAN_POINT('',(1.729090751958,237.08773908423));
#1743 = CARTESIAN_POINT('',(1.738691087127,236.95242794715));
#1744 = CARTESIAN_POINT('',(1.748249606209,236.80997572573));
#1745 = CARTESIAN_POINT('',(1.757765953076,236.66077166422));
#1746 = CARTESIAN_POINT('',(1.767239296452,236.50521250655));
#1747 = CARTESIAN_POINT('',(1.823634439251,235.53921523292));
#1748 = CARTESIAN_POINT('',(1.869631730988,234.58483352856));
#1749 = CARTESIAN_POINT('',(1.914887978432,233.52212223686));
#1750 = CARTESIAN_POINT('',(1.959538985624,232.38665012248));
#1751 = CARTESIAN_POINT('',(2.003741220513,231.20382858318));
#1752 = CARTESIAN_POINT('',(2.047737432863,229.98894448249));
#1753 = CARTESIAN_POINT('',(2.091890800718,228.74903068605));
#1754 = CARTESIAN_POINT('',(2.187937388194,226.0416973765));
#1755 = CARTESIAN_POINT('',(2.239501569913,224.58211669009));
#1756 = CARTESIAN_POINT('',(2.291832771982,223.11887418763));
#1757 = CARTESIAN_POINT('',(2.345324606758,221.66084791671));
#1758 = CARTESIAN_POINT('',(2.400339695314,220.21888318663));
#1759 = CARTESIAN_POINT('',(2.457215801113,218.80746834588));
#1760 = CARTESIAN_POINT('',(2.516282730848,217.44619081175));
#1761 = CARTESIAN_POINT('',(2.598947490599,215.7215709653));
#1762 = CARTESIAN_POINT('',(2.62033305561,215.2904964275));
#1763 = CARTESIAN_POINT('',(2.642052816811,214.86891785017));
#1764 = CARTESIAN_POINT('',(2.664123304599,214.45798159794));
#1765 = CARTESIAN_POINT('',(2.686560861658,214.05895807353));
#1766 = CARTESIAN_POINT('',(2.709381795143,213.67324704864));
#1767 = CARTESIAN_POINT('',(2.73260252888,213.30238299483));
#1768 = CARTESIAN_POINT('',(2.773604505192,212.68772771877));
#1769 = CARTESIAN_POINT('',(2.791198245252,212.43626826199));
#1770 = CARTESIAN_POINT('',(2.809019037966,212.19446498741));
#1771 = CARTESIAN_POINT('',(2.827065294869,211.96312403578));
#1772 = CARTESIAN_POINT('',(2.845335804798,211.74305420529));
#1773 = CARTESIAN_POINT('',(2.863829761902,211.53506641145));
#1774 = CARTESIAN_POINT('',(2.882546793641,211.33997314704));
#1775 = CARTESIAN_POINT('',(2.911241333045,211.06517318491));
#1776 = CARTESIAN_POINT('',(2.92105323196,210.97540985658));
#1777 = CARTESIAN_POINT('',(2.930920634821,210.88942659066));
#1778 = CARTESIAN_POINT('',(2.940841547037,210.8073466568));
#1779 = CARTESIAN_POINT('',(2.950814030153,210.72928796073));
#1780 = CARTESIAN_POINT('',(2.960836201852,210.65536304423));
#1781 = CARTESIAN_POINT('',(2.970906235952,210.58567908515));
#1782 = CARTESIAN_POINT('',(3.000663443191,210.39347396842));
#1783 = CARTESIAN_POINT('',(3.020487086056,210.28292353864));
#1784 = CARTESIAN_POINT('',(3.040462248993,210.18957545633));
#1785 = CARTESIAN_POINT('',(3.060559110397,210.11414815978));
#1786 = CARTESIAN_POINT('',(3.080748762475,210.05718876216));
#1787 = CARTESIAN_POINT('',(3.101002904652,210.01907213639));
#1788 = CARTESIAN_POINT('',(3.121293536989,210.));
#1789 = CARTESIAN_POINT('',(3.16189177019,210.));
#1790 = CARTESIAN_POINT('',(3.182182402527,210.01907213639));
#1791 = CARTESIAN_POINT('',(3.202436544705,210.05718876216));
#1792 = CARTESIAN_POINT('',(3.222626196782,210.11414815977));
#1793 = CARTESIAN_POINT('',(3.242723058186,210.18957545633));
#1794 = CARTESIAN_POINT('',(3.262698221124,210.28292353864));
#1795 = CARTESIAN_POINT('',(3.282521863988,210.39347396842));
#1796 = CARTESIAN_POINT('',(3.312267197711,210.58560239278));
#1797 = CARTESIAN_POINT('',(3.322325463222,210.65519945038));
#1798 = CARTESIAN_POINT('',(3.332335978008,210.72902761268));
#1799 = CARTESIAN_POINT('',(3.342296922906,210.80698008479));
#1800 = CARTESIAN_POINT('',(3.352206422888,210.88894473442));
#1801 = CARTESIAN_POINT('',(3.362062547056,210.9748040919));
#1802 = CARTESIAN_POINT('',(3.37186330865,211.06443535016));
#1803 = CARTESIAN_POINT('',(3.400536069247,211.3389251723));
#1804 = CARTESIAN_POINT('',(3.419242654466,211.5338346617));
#1805 = CARTESIAN_POINT('',(3.437726488849,211.74162679949));
#1806 = CARTESIAN_POINT('',(3.45598717981,211.9614904691));
#1807 = CARTESIAN_POINT('',(3.474023901788,212.19261601146));
#1808 = CARTESIAN_POINT('',(3.491835424008,212.43419576551));
#1809 = CARTESIAN_POINT('',(3.509420138241,212.68542460876));
#1810 = CARTESIAN_POINT('',(3.5505436788,213.30165376387));
#1811 = CARTESIAN_POINT('',(3.573890191609,213.67451692516));
#1812 = CARTESIAN_POINT('',(3.5968325899,214.06238759579));
#1813 = CARTESIAN_POINT('',(3.619387562113,214.46370645285));
#1814 = CARTESIAN_POINT('',(3.64157167699,214.87705176802));
#1815 = CARTESIAN_POINT('',(3.663401540346,215.30113393915));
#1816 = CARTESIAN_POINT('',(3.684893951841,215.73479002184));
#1817 = CARTESIAN_POINT('',(3.767712267257,217.46448466394));
#1818 = CARTESIAN_POINT('',(3.826826797237,218.8281636452));
#1819 = CARTESIAN_POINT('',(3.88374939997,220.24190775447));
#1820 = CARTESIAN_POINT('',(3.938810852317,221.68610172428));
#1821 = CARTESIAN_POINT('',(3.992349896994,223.14623582058));
#1822 = CARTESIAN_POINT('',(4.044730209525,224.6114388704));
#1823 = CARTESIAN_POINT('',(4.09634648589,226.07278663476));
#1824 = CARTESIAN_POINT('',(4.192415993029,228.78053272797));
#1825 = CARTESIAN_POINT('',(4.236541324797,230.01924330621));
#1826 = CARTESIAN_POINT('',(4.280514481073,231.23276104047));
#1827 = CARTESIAN_POINT('',(4.324697962136,232.41400216563));
#1828 = CARTESIAN_POINT('',(4.369333636726,233.54759731319));
#1829 = CARTESIAN_POINT('',(4.414577504771,234.60804336904));
#1830 = CARTESIAN_POINT('',(4.46056569182,235.55970316231));
#1831 = CARTESIAN_POINT('',(4.516958323996,236.52188844491));
#1832 = CARTESIAN_POINT('',(4.526433730052,236.6768250803));
#1833 = CARTESIAN_POINT('',(4.535952180243,236.82537942728));
#1834 = CARTESIAN_POINT('',(4.545512802191,236.96715399228));
#1835 = CARTESIAN_POINT('',(4.555115203402,237.10175917622));
#1836 = CARTESIAN_POINT('',(4.564759463744,237.22881387054));
#1837 = CARTESIAN_POINT('',(4.574446127922,237.34794605335));
#1838 = CARTESIAN_POINT('',(4.599907166198,237.63800441454));
#1839 = CARTESIAN_POINT('',(4.615770152629,237.7957715651));
#1840 = CARTESIAN_POINT('',(4.631734487678,237.93007172704));
#1841 = CARTESIAN_POINT('',(4.647776245225,238.03926145431));
#1842 = CARTESIAN_POINT('',(4.663876664841,238.12208186031));
#1843 = CARTESIAN_POINT('',(4.68002065746,238.17765979192));
#1844 = CARTESIAN_POINT('',(4.696195394492,238.20550528229));
#1845 = CARTESIAN_POINT('',(4.728714905875,238.20550528229));
#1846 = CARTESIAN_POINT('',(4.745021262381,238.17720281038));
#1847 = CARTESIAN_POINT('',(4.761296035075,238.12071618687));
#1848 = CARTESIAN_POINT('',(4.777526234902,238.03655145044));
#1849 = CARTESIAN_POINT('',(4.793696525833,237.92560887594));
#1850 = CARTESIAN_POINT('',(4.809787764269,237.78918560616));
#1851 = CARTESIAN_POINT('',(4.825775450601,237.62897439726));
#1852 = CARTESIAN_POINT('',(4.85135637921,237.33542219024));
#1853 = CARTESIAN_POINT('',(4.861041141151,237.21552800366));
#1854 = CARTESIAN_POINT('',(4.870683403673,237.08773910964));
#1855 = CARTESIAN_POINT('',(4.880283738746,236.95242797578));
#1856 = CARTESIAN_POINT('',(4.889842257979,236.80997575384));
#1857 = CARTESIAN_POINT('',(4.899358605232,236.6607716876));
#1858 = CARTESIAN_POINT('',(4.908831949219,236.50521252065));
#1859 = CARTESIAN_POINT('',(4.965098611744,235.54141599673));
#1860 = CARTESIAN_POINT('',(5.010971814325,234.59006945938));
#1861 = CARTESIAN_POINT('',(5.056106677969,233.53089583921));
#1862 = CARTESIAN_POINT('',(5.100638387954,232.39918595916));
#1863 = CARTESIAN_POINT('',(5.144722430392,231.22018575196));
#1864 = CARTESIAN_POINT('',(5.188599532879,230.00911492049));
#1865 = CARTESIAN_POINT('',(5.232629657874,228.77300410779));
#1866 = CARTESIAN_POINT('',(5.328521563272,226.07022871068));
#1867 = CARTESIAN_POINT('',(5.380059114253,224.61116115611));
#1868 = CARTESIAN_POINT('',(5.432358662597,223.14825407351));
#1869 = CARTESIAN_POINT('',(5.485812930109,221.69040120146));
#1870 = CARTESIAN_POINT('',(5.540783842512,220.24842534258));
#1871 = CARTESIAN_POINT('',(5.597608588337,218.8367603743));
#1872 = CARTESIAN_POINT('',(5.656616424081,217.47490776627));
#1873 = CARTESIAN_POINT('',(5.739362259006,215.74533479973));
#1874 = CARTESIAN_POINT('',(5.760900332014,215.31041505401));
#1875 = CARTESIAN_POINT('',(5.782777069705,214.88509863021));
#1876 = CARTESIAN_POINT('',(5.805009490284,214.47055305866));
#1877 = CARTESIAN_POINT('',(5.827614403027,214.06807429674));
#1878 = CARTESIAN_POINT('',(5.850608568093,213.67909223206));
#1879 = CARTESIAN_POINT('',(5.874008856341,213.30517618552));
#1880 = CARTESIAN_POINT('',(5.915197158789,212.68772771866));
#1881 = CARTESIAN_POINT('',(5.932790898844,212.43626826196));
#1882 = CARTESIAN_POINT('',(5.950611691551,212.19446498748));
#1883 = CARTESIAN_POINT('',(5.968657948451,211.96312403587));
#1884 = CARTESIAN_POINT('',(5.986928458384,211.74305420532));
#1885 = CARTESIAN_POINT('',(6.005422415495,211.5350664114));
#1886 = CARTESIAN_POINT('',(6.02413944724,211.33997314695));
#1887 = CARTESIAN_POINT('',(6.071735723922,210.88415628068));
#1888 = CARTESIAN_POINT('',(6.100959934732,210.64055501974));
#1889 = CARTESIAN_POINT('',(6.130654234284,210.43179978782));
#1890 = CARTESIAN_POINT('',(6.160728364579,210.26118454882));
#1891 = CARTESIAN_POINT('',(6.191097994847,210.13126626993));
#1892 = CARTESIAN_POINT('',(6.221682822758,210.04385366312));
#1893 = CARTESIAN_POINT('',(6.252404632136,210.));
#1894 = CARTESIAN_POINT('',(6.28318530718,210.));
#1895 = ( GEOMETRIC_REPRESENTATION_CONTEXT(2) 
PARAMETRIC_REPRESENTATION_CONTEXT() REPRESENTATION_CONTEXT('2D SPACE',''
  ) );
#1896 = PCURVE('',#1897,#1902);
#1897 = CYLINDRICAL_SURFACE('',#1898,50.);
#1898 = AXIS2_PLACEMENT_3D('',#1899,#1900,#1901);
#1899 = CARTESIAN_POINT('',(-400.,260.,288.));
#1900 = DIRECTION('',(0.,0.,1.));
#1901 = DIRECTION('',(1.,0.,-0.));
#1902 = DEFINITIONAL_REPRESENTATION('',(#1903),#2116);
#1903 = B_SPLINE_CURVE_WITH_KNOTS('',8,(#1904,#1905,#1906,#1907,#1908,
    #1909,#1910,#1911,#1912,#1913,#1914,#1915,#1916,#1917,#1918,#1919,
    #1920,#1921,#1922,#1923,#1924,#1925,#1926,#1927,#1928,#1929,#1930,
    #1931,#1932,#1933,#1934,#1935,#1936,#1937,#1938,#1939,#1940,#1941,
    #1942,#1943,#1944,#1945,#1946,#1947,#1948,#1949,#1950,#1951,#1952,
    #1953,#1954,#1955,#1956,#1957,#1958,#1959,#1960,#1961,#1962,#1963,
    #1964,#1965,#1966,#1967,#1968,#1969,#1970,#1971,#1972,#1973,#1974,
    #1975,#1976,#1977,#1978,#1979,#1980,#1981,#1982,#1983,#1984,#1985,
    #1986,#1987,#1988,#1989,#1990,#1991,#1992,#1993,#1994,#1995,#1996,
    #1997,#1998,#1999,#2000,#2001,#2002,#2003,#2004,#2005,#2006,#2007,
    #2008,#2009,#2010,#2011,#2012,#2013,#2014,#2015,#2016,#2017,#2018,
    #2019,#2020,#2021,#2022,#2023,#2024,#2025,#2026,#2027,#2028,#2029,
    #2030,#2031,#2032,#2033,#2034,#2035,#2036,#2037,#2038,#2039,#2040,
    #2041,#2042,#2043,#2044,#2045,#2046,#2047,#2048,#2049,#2050,#2051,
    #2052,#2053,#2054,#2055,#2056,#2057,#2058,#2059,#2060,#2061,#2062,
    #2063,#2064,#2065,#2066,#2067,#2068,#2069,#2070,#2071,#2072,#2073,
    #2074,#2075,#2076,#2077,#2078,#2079,#2080,#2081,#2082,#2083,#2084,
    #2085,#2086,#2087,#2088,#2089,#2090,#2091,#2092,#2093,#2094,#2095,
    #2096,#2097,#2098,#2099,#2100,#2101,#2102,#2103,#2104,#2105,#2106,
    #2107,#2108,#2109,#2110,#2111,#2112,#2113,#2114,#2115),
  .UNSPECIFIED.,.T.,.F.,(9,7,7,7,7,7,7,7,7,7,7,7,7,7,7,7,7,7,7,7,7,7,7,7
    ,7,7,7,7,7,7,9),(0.,2.870534342171E-02,4.767370472235E-02,
    7.364963662974E-02,0.149101187727,0.215093444027,0.228358787404,
    0.24998157669,0.271588270901,0.284847647542,0.350892796415,
    0.42642918735,0.45226536659,0.471245545203,0.481020481231,
    0.499999119847,0.518977758464,0.528741221437,0.547709688738,
    0.573685497584,0.649318491056,0.715326507775,0.728582473244,
    0.750013888576,0.771620448864,0.784879740287,0.850743786163,
    0.926261589633,0.952302070441,0.971282716766,1.),.UNSPECIFIED.);
#1904 = CARTESIAN_POINT('',(4.712388980385,95.));
#1905 = CARTESIAN_POINT('',(4.74008067636,95.));
#1906 = CARTESIAN_POINT('',(4.767719299675,94.95131211097));
#1907 = CARTESIAN_POINT('',(4.795227078032,94.854264138188));
#1908 = CARTESIAN_POINT('',(4.822526293832,94.709969177454));
#1909 = CARTESIAN_POINT('',(4.849537709533,94.520323503456));
#1910 = CARTESIAN_POINT('',(4.876179113184,94.288008411744));
#1911 = CARTESIAN_POINT('',(4.902363984134,94.016496014335));
#1912 = CARTESIAN_POINT('',(4.944940626728,93.50756678638));
#1913 = CARTESIAN_POINT('',(4.961663709482,93.289558474281));
#1914 = CARTESIAN_POINT('',(4.978168220171,93.056880999126));
#1915 = CARTESIAN_POINT('',(4.994452539181,92.810377066102));
#1916 = CARTESIAN_POINT('',(5.010514759786,92.550885608879));
#1917 = CARTESIAN_POINT('',(5.026352713643,92.279242259411));
#1918 = CARTESIAN_POINT('',(5.041963996294,91.996279817734));
#1919 = CARTESIAN_POINT('',(5.078410632027,91.30096661222));
#1920 = CARTESIAN_POINT('',(5.099052163991,90.879303426679));
#1921 = CARTESIAN_POINT('',(5.119283346888,90.439566703894));
#1922 = CARTESIAN_POINT('',(5.139116799515,89.983321995967));
#1923 = CARTESIAN_POINT('',(5.158565068207,89.511977591189));
#1924 = CARTESIAN_POINT('',(5.177640693925,89.026789236868));
#1925 = CARTESIAN_POINT('',(5.196356279342,88.528864862164));
#1926 = CARTESIAN_POINT('',(5.268078366842,86.538671091225));
#1927 = CARTESIAN_POINT('',(5.318658527755,84.954507943979));
#1928 = CARTESIAN_POINT('',(5.366697245267,83.290658956703));
#1929 = CARTESIAN_POINT('',(5.412406297374,81.563296000844));
#1930 = CARTESIAN_POINT('',(5.455981427229,79.781979345348));
#1931 = CARTESIAN_POINT('',(5.497595984431,77.95015609579));
#1932 = CARTESIAN_POINT('',(5.537383687865,76.065801114411));
#1933 = CARTESIAN_POINT('',(5.608577049728,72.420790784615));
#1934 = CARTESIAN_POINT('',(5.640109062023,70.68955866148));
#1935 = CARTESIAN_POINT('',(5.670150865304,68.917014670576));
#1936 = CARTESIAN_POINT('',(5.698695076052,67.09355600968));
#1937 = CARTESIAN_POINT('',(5.72552093688,65.212988994186));
#1938 = CARTESIAN_POINT('',(5.750187329892,63.272731926406));
#1939 = CARTESIAN_POINT('',(5.772044265723,61.271464478511));
#1940 = CARTESIAN_POINT('',(5.793970902055,58.788945796079));
#1941 = CARTESIAN_POINT('',(5.797497345433,58.370557273373));
#1942 = CARTESIAN_POINT('',(5.800872405249,57.949378136525));
#1943 = CARTESIAN_POINT('',(5.804088284604,57.525488751292));
#1944 = CARTESIAN_POINT('',(5.807137350643,57.09895107232));
#1945 = CARTESIAN_POINT('',(5.810012129384,56.669808656831));
#1946 = CARTESIAN_POINT('',(5.812705300535,56.238086678303));
#1947 = CARTESIAN_POINT('',(5.819291903733,55.095882363743));
#1948 = CARTESIAN_POINT('',(5.822877563277,54.380264712759));
#1949 = CARTESIAN_POINT('',(5.825924064835,53.658569705301));
#1950 = CARTESIAN_POINT('',(5.828397330984,52.932152387758));
#1951 = CARTESIAN_POINT('',(5.830271491241,52.202150722521));
#1952 = CARTESIAN_POINT('',(5.831528614459,51.469544413315));
#1953 = CARTESIAN_POINT('',(5.832158495383,50.735213968167));
#1954 = CARTESIAN_POINT('',(5.832158495383,49.265333293506));
#1955 = CARTESIAN_POINT('',(5.831529551812,48.531547112592));
#1956 = CARTESIAN_POINT('',(5.830274292409,47.799480914678));
#1957 = CARTESIAN_POINT('',(5.828402892427,47.070013898772));
#1958 = CARTESIAN_POINT('',(5.825933233308,46.34412411806));
#1959 = CARTESIAN_POINT('',(5.822891115307,45.622947356327));
#1960 = CARTESIAN_POINT('',(5.819310524041,44.90783576822));
#1961 = CARTESIAN_POINT('',(5.812732281041,43.766294279215));
#1962 = CARTESIAN_POINT('',(5.810041944055,43.334741862985));
#1963 = CARTESIAN_POINT('',(5.807170101353,42.905765971539));
#1964 = CARTESIAN_POINT('',(5.804124063393,42.479391901521));
#1965 = CARTESIAN_POINT('',(5.800911294945,42.055663323022));
#1966 = CARTESIAN_POINT('',(5.797539420255,41.634642293272));
#1967 = CARTESIAN_POINT('',(5.794016228218,41.216409270329));
#1968 = CARTESIAN_POINT('',(5.772086535057,38.732217914337));
#1969 = CARTESIAN_POINT('',(5.75021581219,36.729239695203));
#1970 = CARTESIAN_POINT('',(5.725530362326,34.787369588163));
#1971 = CARTESIAN_POINT('',(5.69868196563,32.905288173322));
#1972 = CARTESIAN_POINT('',(5.670112866324,31.080412069289));
#1973 = CARTESIAN_POINT('',(5.640044253454,29.306532979667));
#1974 = CARTESIAN_POINT('',(5.608483287116,27.57402229305));
#1975 = CARTESIAN_POINT('',(5.5372092119,23.925709428171));
#1976 = CARTESIAN_POINT('',(5.497369316186,22.039458756798));
#1977 = CARTESIAN_POINT('',(5.455698542203,20.205857564368));
#1978 = CARTESIAN_POINT('',(5.412062149881,18.422875069094));
#1979 = CARTESIAN_POINT('',(5.366285792615,16.693984836095));
#1980 = CARTESIAN_POINT('',(5.318172753149,15.028809464875));
#1981 = CARTESIAN_POINT('',(5.267510291885,13.443621098831));
#1982 = CARTESIAN_POINT('',(5.195784997097,11.455964084822));
#1983 = CARTESIAN_POINT('',(5.177160730666,10.961047958514));
#1984 = CARTESIAN_POINT('',(5.158179911615,10.478752353423));
#1985 = CARTESIAN_POINT('',(5.138830202935,10.010171920935));
#1986 = CARTESIAN_POINT('',(5.119099319462,9.556545430292));
#1987 = CARTESIAN_POINT('',(5.098974962946,9.119260439571));
#1988 = CARTESIAN_POINT('',(5.078444757119,8.699857966663));
#1989 = CARTESIAN_POINT('',(5.042106612998,8.006314537867));
#1990 = CARTESIAN_POINT('',(5.026487518631,7.723088731763));
#1991 = CARTESIAN_POINT('',(5.010641498271,7.451191056333));
#1992 = CARTESIAN_POINT('',(4.994570940257,7.191455320179));
#1993 = CARTESIAN_POINT('',(4.978277996986,6.944718297433));
#1994 = CARTESIAN_POINT('',(4.961764559239,6.711820199075));
#1995 = CARTESIAN_POINT('',(4.945032230516,6.49360514425));
#1996 = CARTESIAN_POINT('',(4.919352959203,6.186538084387));
#1997 = CARTESIAN_POINT('',(4.91056736537,6.086291519496));
#1998 = CARTESIAN_POINT('',(4.901727547209,5.990317223992));
#1999 = CARTESIAN_POINT('',(4.892835492661,5.898744816908));
#2000 = CARTESIAN_POINT('',(4.883893150251,5.811698249229));
#2001 = CARTESIAN_POINT('',(4.874902429091,5.729295803889));
#2002 = CARTESIAN_POINT('',(4.865865198877,5.651650095773));
#2003 = CARTESIAN_POINT('',(4.839150205839,5.437557302162));
#2004 = CARTESIAN_POINT('',(4.821340784668,5.314517636334));
#2005 = CARTESIAN_POINT('',(4.803384633213,5.210692367178));
#2006 = CARTESIAN_POINT('',(4.785310460226,5.126841683986));
#2007 = CARTESIAN_POINT('',(4.767146302897,5.063543030096));
#2008 = CARTESIAN_POINT('',(4.748919753382,5.021191460591));
#2009 = CARTESIAN_POINT('',(4.730658185325,5.));
#2010 = CARTESIAN_POINT('',(4.694119775444,5.));
#2011 = CARTESIAN_POINT('',(4.675858207387,5.02119146059));
#2012 = CARTESIAN_POINT('',(4.657631657872,5.063543030096));
#2013 = CARTESIAN_POINT('',(4.639467500543,5.126841683986));
#2014 = CARTESIAN_POINT('',(4.621393327556,5.210692367177));
#2015 = CARTESIAN_POINT('',(4.603437176102,5.314517636333));
#2016 = CARTESIAN_POINT('',(4.585627754931,5.43755730216));
#2017 = CARTESIAN_POINT('',(4.558923421526,5.651564669936));
#2018 = CARTESIAN_POINT('',(4.549896749006,5.7291135186));
#2019 = CARTESIAN_POINT('',(4.540916476688,5.811408045062));
#2020 = CARTESIAN_POINT('',(4.531984467168,5.898336036811));
#2021 = CARTESIAN_POINT('',(4.523102622267,5.989779641468));
#2022 = CARTESIAN_POINT('',(4.51427288303,6.085615366786));
#2023 = CARTESIAN_POINT('',(4.505497229728,6.185714080651));
#2024 = CARTESIAN_POINT('',(4.479837334042,6.492433213606));
#2025 = CARTESIAN_POINT('',(4.463114251288,6.71044152571));
#2026 = CARTESIAN_POINT('',(4.446609740598,6.943119000878));
#2027 = CARTESIAN_POINT('',(4.430325421588,7.189622933909));
#2028 = CARTESIAN_POINT('',(4.414263200983,7.449114391129));
#2029 = CARTESIAN_POINT('',(4.398425247127,7.720757740584));
#2030 = CARTESIAN_POINT('',(4.382813964477,8.003720182249));
#2031 = CARTESIAN_POINT('',(4.346367546249,8.699029238284));
#2032 = CARTESIAN_POINT('',(4.32572607908,9.120690621277));
#2033 = CARTESIAN_POINT('',(4.305494843811,9.560427921902));
#2034 = CARTESIAN_POINT('',(4.285661264965,10.016675180676));
#2035 = CARTESIAN_POINT('',(4.266212847322,10.488023198005));
#2036 = CARTESIAN_POINT('',(4.247137108848,10.973214748249));
#2037 = CARTESIAN_POINT('',(4.228421513637,11.471139793788));
#2038 = CARTESIAN_POINT('',(4.156571526345,13.464882616051));
#2039 = CARTESIAN_POINT('',(4.105876158303,15.053110808599));
#2040 = CARTESIAN_POINT('',(4.057733564228,16.72136456896));
#2041 = CARTESIAN_POINT('',(4.011930668638,18.453371460707));
#2042 = CARTESIAN_POINT('',(3.968270628533,20.239526104031));
#2043 = CARTESIAN_POINT('',(3.926579299142,22.076387027381));
#2044 = CARTESIAN_POINT('',(3.886722722215,23.966026350257));
#2045 = CARTESIAN_POINT('',(3.815489983293,27.617884141605));
#2046 = CARTESIAN_POINT('',(3.783979332856,29.350375425299));
#2047 = CARTESIAN_POINT('',(3.753960677783,31.124274970989));
#2048 = CARTESIAN_POINT('',(3.725442990603,32.949217289681));
#2049 = CARTESIAN_POINT('',(3.698649636446,34.831392062085));
#2050 = CARTESIAN_POINT('',(3.67402500533,36.77336976356));
#2051 = CARTESIAN_POINT('',(3.652222530163,38.776489923139));
#2052 = CARTESIAN_POINT('',(3.630383971892,41.261093533645));
#2053 = CARTESIAN_POINT('',(3.626875580311,41.679501136409));
#2054 = CARTESIAN_POINT('',(3.623519023388,42.100694713712));
#2055 = CARTESIAN_POINT('',(3.62032210807,42.524591873767));
#2056 = CARTESIAN_POINT('',(3.617292468357,42.951128819115));
#2057 = CARTESIAN_POINT('',(3.61443757053,43.380260332646));
#2058 = CARTESIAN_POINT('',(3.611764718381,43.811959763613));
#2059 = CARTESIAN_POINT('',(3.605265632487,44.948302190507));
#2060 = CARTESIAN_POINT('',(3.601739987966,45.657904757686));
#2061 = CARTESIAN_POINT('',(3.59874538187,46.373440614289));
#2062 = CARTESIAN_POINT('',(3.596314811173,47.093588811947));
#2063 = CARTESIAN_POINT('',(3.594473319746,47.817237122737));
#2064 = CARTESIAN_POINT('',(3.593238253731,48.543425386112));
#2065 = CARTESIAN_POINT('',(3.592619465386,49.271288634848));
#2066 = CARTESIAN_POINT('',(3.592619465386,50.73466664706));
#2067 = CARTESIAN_POINT('',(3.593248408855,51.468452776293));
#2068 = CARTESIAN_POINT('',(3.594503668078,52.20051893438));
#2069 = CARTESIAN_POINT('',(3.596375067847,52.929985926712));
#2070 = CARTESIAN_POINT('',(3.598844726785,53.655875704919));
#2071 = CARTESIAN_POINT('',(3.601886844728,54.377052490607));
#2072 = CARTESIAN_POINT('',(3.605467436173,55.092164135308));
#2073 = CARTESIAN_POINT('',(3.612045679497,56.233705680667));
#2074 = CARTESIAN_POINT('',(3.614736016286,56.665258069283));
#2075 = CARTESIAN_POINT('',(3.617607858845,57.094233945129));
#2076 = CARTESIAN_POINT('',(3.620653896731,57.520608011046));
#2077 = CARTESIAN_POINT('',(3.623866665189,57.944336596406));
#2078 = CARTESIAN_POINT('',(3.627238539985,58.365357643414));
#2079 = CARTESIAN_POINT('',(3.630761732231,58.78359069342));
#2080 = CARTESIAN_POINT('',(3.652641464831,61.262122526806));
#2081 = CARTESIAN_POINT('',(3.674442165808,63.259761369206));
#2082 = CARTESIAN_POINT('',(3.699043821042,65.196582635796));
#2083 = CARTESIAN_POINT('',(3.725799633718,67.073917316945));
#2084 = CARTESIAN_POINT('',(3.754270088826,68.894340110393));
#2085 = CARTESIAN_POINT('',(3.784234549067,70.664008214349));
#2086 = CARTESIAN_POINT('',(3.815684494051,72.39247318241));
#2087 = CARTESIAN_POINT('',(3.886794092413,76.037189066928));
#2088 = CARTESIAN_POINT('',(3.926591141981,77.923829722888));
#2089 = CARTESIAN_POINT('',(3.968217542933,79.757852397704));
#2090 = CARTESIAN_POINT('',(4.011806431964,81.541311604351));
#2091 = CARTESIAN_POINT('',(4.057530989271,83.270784651779));
#2092 = CARTESIAN_POINT('',(4.105587021299,84.936726800845));
#2093 = CARTESIAN_POINT('',(4.156186518736,86.522970895708));
#2094 = CARTESIAN_POINT('',(4.227967250976,88.516750489705));
#2095 = CARTESIAN_POINT('',(4.246721214625,89.016163238498));
#2096 = CARTESIAN_POINT('',(4.265836739731,89.502796217156));
#2097 = CARTESIAN_POINT('',(4.285326534231,89.97553583835));
#2098 = CARTESIAN_POINT('',(4.305203242629,90.43311920002));
#2099 = CARTESIAN_POINT('',(4.325479514247,90.874129316493));
#2100 = CARTESIAN_POINT('',(4.34616807147,91.296990349589));
#2101 = CARTESIAN_POINT('',(4.382671347778,91.993685462253));
#2102 = CARTESIAN_POINT('',(4.398290442141,92.276911268265));
#2103 = CARTESIAN_POINT('',(4.414136462494,92.548808943591));
#2104 = CARTESIAN_POINT('',(4.430207020506,92.808544679721));
#2105 = CARTESIAN_POINT('',(4.44649996378,93.055281702528));
#2106 = CARTESIAN_POINT('',(4.463013401533,93.288179800979));
#2107 = CARTESIAN_POINT('',(4.479745730261,93.506394855847));
#2108 = CARTESIAN_POINT('',(4.522340514071,94.015733881496));
#2109 = CARTESIAN_POINT('',(4.548534743555,94.287449252953));
#2110 = CARTESIAN_POINT('',(4.575186133463,94.519943716113));
#2111 = CARTESIAN_POINT('',(4.602208005835,94.709738798288));
#2112 = CARTESIAN_POINT('',(4.629518001588,94.854148548833));
#2113 = CARTESIAN_POINT('',(4.657036742515,94.951273734204));
#2114 = CARTESIAN_POINT('',(4.684686372846,95.));
#2115 = CARTESIAN_POINT('',(4.712388980385,95.));
#2116 = ( GEOMETRIC_REPRESENTATION_CONTEXT(2) 
PARAMETRIC_REPRESENTATION_CONTEXT() REPRESENTATION_CONTEXT('2D SPACE',''
  ) );
#2117 = ORIENTED_EDGE('',*,*,#2118,.F.);
#2118 = EDGE_CURVE('',#2119,#1462,#2121,.T.);
#2119 = VERTEX_POINT('',#2120);
#2120 = CARTESIAN_POINT('',(-364.6446609406,224.64466094067,
    365.83882181415));
#2121 = SURFACE_CURVE('',#2122,(#2127,#2154),.PCURVE_S1.);
#2122 = ELLIPSE('',#2123,63.639610306789,45.);
#2123 = AXIS2_PLACEMENT_3D('',#2124,#2125,#2126);
#2124 = CARTESIAN_POINT('',(-400.,260.,338.));
#2125 = DIRECTION('',(0.707106781187,0.707106781187,0.));
#2126 = DIRECTION('',(-0.707106781187,0.707106781187,0.));
#2127 = PCURVE('',#1446,#2128);
#2128 = DEFINITIONAL_REPRESENTATION('',(#2129),#2153);
#2129 = B_SPLINE_CURVE_WITH_KNOTS('',8,(#2130,#2131,#2132,#2133,#2134,
    #2135,#2136,#2137,#2138,#2139,#2140,#2141,#2142,#2143,#2144,#2145,
    #2146,#2147,#2148,#2149,#2150,#2151,#2152),.UNSPECIFIED.,.F.,.F.,(9,
    7,7,9),(1.570796326795,2.356194491859,3.534291739455,4.712388987051)
  ,.UNSPECIFIED.);
#2130 = CARTESIAN_POINT('',(0.,260.));
#2131 = CARTESIAN_POINT('',(9.817477063301E-02,255.58213532151));
#2132 = CARTESIAN_POINT('',(0.196349541266,251.16427070836));
#2133 = CARTESIAN_POINT('',(0.294524311899,246.81129051571));
#2134 = CARTESIAN_POINT('',(0.392699082532,242.58808073404));
#2135 = CARTESIAN_POINT('',(0.490873853165,238.55752320735));
#2136 = CARTESIAN_POINT('',(0.589048623798,234.77849999786));
#2137 = CARTESIAN_POINT('',(0.687223394431,231.30409686088));
#2138 = CARTESIAN_POINT('',(0.932660321014,223.4943416926));
#2139 = CARTESIAN_POINT('',(1.079922476961,219.59711577853));
#2140 = CARTESIAN_POINT('',(1.227184632921,216.64336412202));
#2141 = CARTESIAN_POINT('',(1.374446788845,214.7514462542));
#2142 = CARTESIAN_POINT('',(1.521708944815,213.99250035383));
#2143 = CARTESIAN_POINT('',(1.668971100759,214.38388137181));
#2144 = CARTESIAN_POINT('',(1.816233256711,215.8894556549));
#2145 = CARTESIAN_POINT('',(2.11075756861,220.96138656258));
#2146 = CARTESIAN_POINT('',(2.258019724558,224.52774332693));
#2147 = CARTESIAN_POINT('',(2.405281880507,229.04068747267));
#2148 = CARTESIAN_POINT('',(2.552544036449,234.36875345418));
#2149 = CARTESIAN_POINT('',(2.699806192404,240.33859649719));
#2150 = CARTESIAN_POINT('',(2.847068348358,246.7464060747));
#2151 = CARTESIAN_POINT('',(2.994330504307,253.37320328227));
#2152 = CARTESIAN_POINT('',(3.141592660256,260.0000003));
#2153 = ( GEOMETRIC_REPRESENTATION_CONTEXT(2) 
PARAMETRIC_REPRESENTATION_CONTEXT() REPRESENTATION_CONTEXT('2D SPACE',''
  ) );
#2154 = PCURVE('',#2155,#2160);
#2155 = CYLINDRICAL_SURFACE('',#2156,45.);
#2156 = AXIS2_PLACEMENT_3D('',#2157,#2158,#2159);
#2157 = CARTESIAN_POINT('',(-400.,260.,338.));
#2158 = DIRECTION('',(1.,0.,0.));
#2159 = DIRECTION('',(-0.,0.,1.));
#2160 = DEFINITIONAL_REPRESENTATION('',(#2161),#2185);
#2161 = B_SPLINE_CURVE_WITH_KNOTS('',8,(#2162,#2163,#2164,#2165,#2166,
    #2167,#2168,#2169,#2170,#2171,#2172,#2173,#2174,#2175,#2176,#2177,
    #2178,#2179,#2180,#2181,#2182,#2183,#2184),.UNSPECIFIED.,.F.,.F.,(9,
    7,7,9),(1.570796326795,2.356194491859,3.534291739455,4.712388987051)
  ,.UNSPECIFIED.);
#2162 = CARTESIAN_POINT('',(0.,0.));
#2163 = CARTESIAN_POINT('',(9.817477063301E-02,4.417864678486));
#2164 = CARTESIAN_POINT('',(0.196349541266,8.835729291658));
#2165 = CARTESIAN_POINT('',(0.294524311899,13.188709484244));
#2166 = CARTESIAN_POINT('',(0.392699082532,17.41191926594));
#2167 = CARTESIAN_POINT('',(0.490873853165,21.442476792653));
#2168 = CARTESIAN_POINT('',(0.589048623798,25.221500002084));
#2169 = CARTESIAN_POINT('',(0.687223394431,28.695903139112));
#2170 = CARTESIAN_POINT('',(0.932660321014,36.5056583074));
#2171 = CARTESIAN_POINT('',(1.079922476963,40.402884221119));
#2172 = CARTESIAN_POINT('',(1.227184632916,43.356635879114));
#2173 = CARTESIAN_POINT('',(1.374446788853,45.24855374507));
#2174 = CARTESIAN_POINT('',(1.521708944812,46.007499647036));
#2175 = CARTESIAN_POINT('',(1.66897110076,45.61611862779));
#2176 = CARTESIAN_POINT('',(1.816233256711,44.110544345096));
#2177 = CARTESIAN_POINT('',(2.11075756861,39.038613437414));
#2178 = CARTESIAN_POINT('',(2.25801972456,35.472256672867));
#2179 = CARTESIAN_POINT('',(2.4052818805,30.959312527732));
#2180 = CARTESIAN_POINT('',(2.552544036454,25.631246544697));
#2181 = CARTESIAN_POINT('',(2.699806192406,19.661403503225));
#2182 = CARTESIAN_POINT('',(2.847068348357,13.253593925165));
#2183 = CARTESIAN_POINT('',(2.994330504307,6.626796717728));
#2184 = CARTESIAN_POINT('',(3.141592660256,-3.000000106113E-07));
#2185 = ( GEOMETRIC_REPRESENTATION_CONTEXT(2) 
PARAMETRIC_REPRESENTATION_CONTEXT() REPRESENTATION_CONTEXT('2D SPACE',''
  ) );
#2186 = ORIENTED_EDGE('',*,*,#2187,.F.);
#2187 = EDGE_CURVE('',#1464,#2119,#2188,.T.);
#2188 = SURFACE_CURVE('',#2189,(#2402,#2618),.PCURVE_S1.);
#2189 = B_SPLINE_CURVE_WITH_KNOTS('',8,(#2190,#2191,#2192,#2193,#2194,
    #2195,#2196,#2197,#2198,#2199,#2200,#2201,#2202,#2203,#2204,#2205,
    #2206,#2207,#2208,#2209,#2210,#2211,#2212,#2213,#2214,#2215,#2216,
    #2217,#2218,#2219,#2220,#2221,#2222,#2223,#2224,#2225,#2226,#2227,
    #2228,#2229,#2230,#2231,#2232,#2233,#2234,#2235,#2236,#2237,#2238,
    #2239,#2240,#2241,#2242,#2243,#2244,#2245,#2246,#2247,#2248,#2249,
    #2250,#2251,#2252,#2253,#2254,#2255,#2256,#2257,#2258,#2259,#2260,
    #2261,#2262,#2263,#2264,#2265,#2266,#2267,#2268,#2269,#2270,#2271,
    #2272,#2273,#2274,#2275,#2276,#2277,#2278,#2279,#2280,#2281,#2282,
    #2283,#2284,#2285,#2286,#2287,#2288,#2289,#2290,#2291,#2292,#2293,
    #2294,#2295,#2296,#2297,#2298,#2299,#2300,#2301,#2302,#2303,#2304,
    #2305,#2306,#2307,#2308,#2309,#2310,#2311,#2312,#2313,#2314,#2315,
    #2316,#2317,#2318,#2319,#2320,#2321,#2322,#2323,#2324,#2325,#2326,
    #2327,#2328,#2329,#2330,#2331,#2332,#2333,#2334,#2335,#2336,#2337,
    #2338,#2339,#2340,#2341,#2342,#2343,#2344,#2345,#2346,#2347,#2348,
    #2349,#2350,#2351,#2352,#2353,#2354,#2355,#2356,#2357,#2358,#2359,
    #2360,#2361,#2362,#2363,#2364,#2365,#2366,#2367,#2368,#2369,#2370,
    #2371,#2372,#2373,#2374,#2375,#2376,#2377,#2378,#2379,#2380,#2381,
    #2382,#2383,#2384,#2385,#2386,#2387,#2388,#2389,#2390,#2391,#2392,
    #2393,#2394,#2395,#2396,#2397,#2398,#2399,#2400,#2401),
  .UNSPECIFIED.,.T.,.F.,(9,7,7,7,7,7,7,7,7,7,7,7,7,7,7,7,7,7,7,7,7,7,7,7
    ,7,7,7,7,7,7,9),(0.,2.870534342171E-02,4.767370472235E-02,
    7.364963662974E-02,0.149101187727,0.215093444027,0.228358787404,
    0.24998157669,0.271588270901,0.284847647542,0.350892796415,
    0.42642918735,0.45226536659,0.471245545203,0.481020481231,
    0.499999119847,0.518977758464,0.528741221437,0.547709688738,
    0.573685497584,0.649318491056,0.715326507775,0.728582473244,
    0.750013888576,0.771620448864,0.784879740287,0.850743786163,
    0.926261589633,0.952302070441,0.971282716766,1.),.UNSPECIFIED.);
#2190 = CARTESIAN_POINT('',(-400.,210.,383.));
#2191 = CARTESIAN_POINT('',(-398.6154152012,210.,383.));
#2192 = CARTESIAN_POINT('',(-397.2334842218,210.04381912409,
    382.95131211097));
#2193 = CARTESIAN_POINT('',(-395.859712739,210.13116223953,
    382.85426413818));
#2194 = CARTESIAN_POINT('',(-394.4995797694,210.260977287,
    382.70996917745));
#2195 = CARTESIAN_POINT('',(-393.1585134153,210.43145837792,
    382.52032350345));
#2196 = CARTESIAN_POINT('',(-391.8418683012,210.6400529537,
    382.28800841174));
#2197 = CARTESIAN_POINT('',(-390.5549047031,210.88347300696,
    382.01649601433));
#2198 = CARTESIAN_POINT('',(-388.4753639938,211.33892517231,
    381.50756678638));
#2199 = CARTESIAN_POINT('',(-387.6620787265,211.53383466171,
    381.28955847428));
#2200 = CARTESIAN_POINT('',(-386.863181754,211.74162679948,
    381.05688099912));
#2201 = CARTESIAN_POINT('',(-386.0789167023,211.96149046909,
    380.8103770661));
#2202 = CARTESIAN_POINT('',(-385.3095026415,212.19261601145,
    380.55088560887));
#2203 = CARTESIAN_POINT('',(-384.5551340917,212.43419576551,
    380.27924225941));
#2204 = CARTESIAN_POINT('',(-383.8159810282,212.68542460877,
    379.99627981773));
#2205 = CARTESIAN_POINT('',(-382.1010028252,213.30165744143,
    379.30096661222));
#2206 = CARTESIAN_POINT('',(-381.1383004468,213.67452219116,
    378.87930342668));
#2207 = CARTESIAN_POINT('',(-380.2035472174,214.06239232837,
    378.43956670389));
#2208 = CARTESIAN_POINT('',(-379.2961429265,214.46370891393,
    377.98332199596));
#2209 = CARTESIAN_POINT('',(-378.4154322816,214.8770510511,
    377.51197759118));
#2210 = CARTESIAN_POINT('',(-377.5607155015,215.30113044841,
    377.02678923686));
#2211 = CARTESIAN_POINT('',(-376.7312589092,215.73478598252,
    376.52886486216));
#2212 = CARTESIAN_POINT('',(-373.5881803095,217.46140160409,
    374.53867109122));
#2213 = CARTESIAN_POINT('',(-371.4499233666,218.82162187377,
    372.95450794397));
#2214 = CARTESIAN_POINT('',(-369.4972520316,220.23171783138,
    371.29065895671));
#2215 = CARTESIAN_POINT('',(-367.7148136372,221.67220253428,
    369.56329600082));
#2216 = CARTESIAN_POINT('',(-366.0875973754,223.12865346616,
    367.78197934536));
#2217 = CARTESIAN_POINT('',(-364.6017760204,224.59026347448,
    365.95015609578));
#2218 = CARTESIAN_POINT('',(-363.2456953055,226.04816987395,
    364.06580111441));
#2219 = CARTESIAN_POINT('',(-360.9312621192,228.75272824073,
    360.42079078461));
#2220 = CARTESIAN_POINT('',(-359.9540850226,229.99158619402,
    358.68955866148));
#2221 = CARTESIAN_POINT('',(-359.0665723712,231.20543175442,
    356.91701467056));
#2222 = CARTESIAN_POINT('',(-358.2635524141,232.3872384498,
    355.0935560097));
#2223 = CARTESIAN_POINT('',(-357.5457020028,233.52175034626,
    353.21298899417));
#2224 = CARTESIAN_POINT('',(-356.9172188559,234.58361960128,
    351.27273192641));
#2225 = CARTESIAN_POINT('',(-356.3833378262,235.5373743141,
    349.27146447851));
#2226 = CARTESIAN_POINT('',(-355.8645878055,236.50321170627,
    346.78894579607));
#2227 = CARTESIAN_POINT('',(-355.7818356266,236.6589107166,
    346.37055727337));
#2228 = CARTESIAN_POINT('',(-355.7032520237,236.80825249909,
    345.94937813652));
#2229 = CARTESIAN_POINT('',(-355.6289266852,236.95083988371,
    345.52548875129));
#2230 = CARTESIAN_POINT('',(-355.5589433868,237.08628317055,
    345.09895107232));
#2231 = CARTESIAN_POINT('',(-355.4933819608,237.21420072273,
    344.66980865683));
#2232 = CARTESIAN_POINT('',(-355.4323202649,237.33421955949,
    344.2380866783));
#2233 = CARTESIAN_POINT('',(-355.2837658579,237.62814121977,
    343.09588236374));
#2234 = CARTESIAN_POINT('',(-355.2037445752,237.78857783562,
    342.38026471275));
#2235 = CARTESIAN_POINT('',(-355.1363742504,237.92519697846,
    341.6585697053));
#2236 = CARTESIAN_POINT('',(-355.0820726125,238.03630130724,
    340.93215238775));
#2237 = CARTESIAN_POINT('',(-355.0411261908,238.12059012178,
    340.20215072252));
#2238 = CARTESIAN_POINT('',(-355.0137280159,238.1771606248,
    339.46954441331));
#2239 = CARTESIAN_POINT('',(-355.,238.20550528229,338.73521396816));
#2240 = CARTESIAN_POINT('',(-355.,238.20550528229,337.2653332935));
#2241 = CARTESIAN_POINT('',(-355.0137075863,238.1772028058,
    336.53154711259));
#2242 = CARTESIAN_POINT('',(-355.0410651414,238.12071617419,
    335.79948091467));
#2243 = CARTESIAN_POINT('',(-355.0819511065,238.03655142814,
    335.07001389877));
#2244 = CARTESIAN_POINT('',(-355.1361729522,237.92560884557,
    334.34412411806));
#2245 = CARTESIAN_POINT('',(-355.2034448895,237.78918557325,
    333.62294735632));
#2246 = CARTESIAN_POINT('',(-355.2833503212,237.62897437245,
    332.90783576822));
#2247 = CARTESIAN_POINT('',(-355.4317090509,237.33542217993,
    331.76629427921));
#2248 = CARTESIAN_POINT('',(-355.4927032218,237.21552798459,
    331.33474186298));
#2249 = CARTESIAN_POINT('',(-355.5581937983,237.08773908423,
    330.90576597153));
#2250 = CARTESIAN_POINT('',(-355.628103017,236.95242794715,
    330.47939190152));
#2251 = CARTESIAN_POINT('',(-355.702351133,236.80997572573,
    330.05566332302));
#2252 = CARTESIAN_POINT('',(-355.7808544526,236.66077166422,
    329.63464229327));
#2253 = CARTESIAN_POINT('',(-355.8635233664,236.50521250655,
    329.21640927032));
#2254 = CARTESIAN_POINT('',(-356.382298725,235.53921523292,
    326.73221791433));
#2255 = CARTESIAN_POINT('',(-356.9164712281,234.58483352856,
    324.7292396952));
#2256 = CARTESIAN_POINT('',(-357.5454046068,233.52212223686,
    322.78736958816));
#2257 = CARTESIAN_POINT('',(-358.2638509411,232.38665012248,
    320.90528817331));
#2258 = CARTESIAN_POINT('',(-359.0675991283,231.20382858318,
    319.08041206929));
#2259 = CARTESIAN_POINT('',(-359.9559697241,229.98894448249,
    317.30653297966));
#2260 = CARTESIAN_POINT('',(-360.9341518043,228.74903068605,
    315.57402229305));
#2261 = CARTESIAN_POINT('',(-363.2515492337,226.0416973765,
    311.92570942817));
#2262 = CARTESIAN_POINT('',(-364.6096711087,224.58211669009,
    310.03945875679));
#2263 = CARTESIAN_POINT('',(-366.0978485366,223.11887418763,
    308.20585756436));
#2264 = CARTESIAN_POINT('',(-367.7277932433,221.66084791671,
    306.42287506909));
#2265 = CARTESIAN_POINT('',(-369.5133976447,220.21888318663,
    304.69398483609));
#2266 = CARTESIAN_POINT('',(-371.4697390667,218.80746834588,
    303.02880946487));
#2267 = CARTESIAN_POINT('',(-373.6122324244,217.44619081175,
    301.44362109883));
#2268 = CARTESIAN_POINT('',(-376.7565894598,215.7215709653,
    299.45596408482));
#2269 = CARTESIAN_POINT('',(-377.5822397569,215.2904964275,
    298.96104795851));
#2270 = CARTESIAN_POINT('',(-378.4328996563,214.86891785017,
    298.47875235342));
#2271 = CARTESIAN_POINT('',(-379.3092878398,214.45798159794,
    298.01017192093));
#2272 = CARTESIAN_POINT('',(-380.2120898802,214.05895807353,
    297.55654543029));
#2273 = CARTESIAN_POINT('',(-381.1419479424,213.67324704864,
    297.11926043957));
#2274 = CARTESIAN_POINT('',(-382.0994504844,213.30238299483,
    296.69985796666));
#2275 = CARTESIAN_POINT('',(-383.809231373,212.68772771877,
    296.00631453786));
#2276 = CARTESIAN_POINT('',(-384.5487187579,212.43626826199,
    295.72308873176));
#2277 = CARTESIAN_POINT('',(-385.3034395511,212.19446498741,
    295.45119105633));
#2278 = CARTESIAN_POINT('',(-386.0732246018,211.96312403578,
    295.19145532017));
#2279 = CARTESIAN_POINT('',(-386.8578801613,211.74305420529,
    294.94471829743));
#2280 = CARTESIAN_POINT('',(-387.6571878735,211.53506641145,
    294.71182019907));
#2281 = CARTESIAN_POINT('',(-388.4709047659,211.33997314704,
    294.49360514425));
#2282 = CARTESIAN_POINT('',(-389.7251166374,211.06517318491,
    294.18653808438));
#2283 = CARTESIAN_POINT('',(-390.1551495715,210.97540985658,
    294.08629151949));
#2284 = CARTESIAN_POINT('',(-390.5887341739,210.88942659066,
    293.99031722399));
#2285 = CARTESIAN_POINT('',(-391.0257410007,210.8073466568,
    293.8987448169));
#2286 = CARTESIAN_POINT('',(-391.4660390333,210.72928796073,
    293.81169824922));
#2287 = CARTESIAN_POINT('',(-391.9094956779,210.65536304423,
    293.72929580388));
#2288 = CARTESIAN_POINT('',(-392.355976766,210.58567908515,
    293.65165009577));
#2289 = CARTESIAN_POINT('',(-393.6778255946,210.39347396842,
    293.43755730216));
#2290 = CARTESIAN_POINT('',(-394.5615861693,210.28292353864,
    293.31451763633));
#2291 = CARTESIAN_POINT('',(-395.4548399251,210.18957545633,
    293.21069236717));
#2292 = CARTESIAN_POINT('',(-396.3557828323,210.11414815978,
    293.12684168398));
#2293 = CARTESIAN_POINT('',(-397.2625984576,210.05718876216,
    293.06354303009));
#2294 = CARTESIAN_POINT('',(-398.1734612378,210.01907213639,
    293.02119146059));
#2295 = CARTESIAN_POINT('',(-399.0865397529,210.,293.));
#2296 = CARTESIAN_POINT('',(-400.913460247,210.,293.));
#2297 = CARTESIAN_POINT('',(-401.8265387621,210.01907213639,
    293.02119146059));
#2298 = CARTESIAN_POINT('',(-402.7374015423,210.05718876216,
    293.06354303009));
#2299 = CARTESIAN_POINT('',(-403.6442171676,210.11414815977,
    293.12684168398));
#2300 = CARTESIAN_POINT('',(-404.5451600748,210.18957545633,
    293.21069236717));
#2301 = CARTESIAN_POINT('',(-405.4384138306,210.28292353864,
    293.31451763633));
#2302 = CARTESIAN_POINT('',(-406.3221744053,210.39347396842,
    293.43755730216));
#2303 = CARTESIAN_POINT('',(-407.6434957989,210.58560239278,
    293.65156466993));
#2304 = CARTESIAN_POINT('',(-408.0894560865,210.65519945038,
    293.7291135186));
#2305 = CARTESIAN_POINT('',(-408.5323990673,210.72902761268,
    293.81140804506));
#2306 = CARTESIAN_POINT('',(-408.972191067,210.80698008479,
    293.89833603681));
#2307 = CARTESIAN_POINT('',(-409.4086999787,210.88894473442,
    293.98977964146));
#2308 = CARTESIAN_POINT('',(-409.8417952633,210.9748040919,
    294.08561536678));
#2309 = CARTESIAN_POINT('',(-410.271347949,211.06443535016,
    294.18571408065));
#2310 = CARTESIAN_POINT('',(-411.5246360061,211.3389251723,
    294.4924332136));
#2311 = CARTESIAN_POINT('',(-412.3379212734,211.5338346617,
    294.71044152571));
#2312 = CARTESIAN_POINT('',(-413.136818246,211.74162679949,
    294.94311900087));
#2313 = CARTESIAN_POINT('',(-413.9210832976,211.9614904691,
    295.1896229339));
#2314 = CARTESIAN_POINT('',(-414.6904973584,212.19261601146,
    295.44911439112));
#2315 = CARTESIAN_POINT('',(-415.4448659082,212.43419576551,
    295.72075774058));
#2316 = CARTESIAN_POINT('',(-416.1840189717,212.68542460876,
    296.00372018224));
#2317 = CARTESIAN_POINT('',(-417.8989869401,213.30165376387,
    296.69902923828));
#2318 = CARTESIAN_POINT('',(-418.8616864599,213.67451692516,
    297.12069062127));
#2319 = CARTESIAN_POINT('',(-419.7964423059,214.06238759579,
    297.5604279219));
#2320 = CARTESIAN_POINT('',(-420.7038524969,214.46370645285,
    298.01667518067));
#2321 = CARTESIAN_POINT('',(-421.5845698812,214.87705176802,
    298.488023198));
#2322 = CARTESIAN_POINT('',(-422.4392915823,215.30113393915,
    298.97321474824));
#2323 = CARTESIAN_POINT('',(-423.2687484438,215.73479002184,
    299.47113979378));
#2324 = CARTESIAN_POINT('',(-426.4174319988,217.46448466394,
    301.46488261605));
#2325 = CARTESIAN_POINT('',(-428.5603612339,218.8281636452,
    303.05311080859));
#2326 = CARTESIAN_POINT('',(-430.5168590939,220.24190775447,
    304.72136456896));
#2327 = CARTESIAN_POINT('',(-432.302382101,221.68610172428,
    306.4533714607));
#2328 = CARTESIAN_POINT('',(-433.9320376687,223.14623582058,
    308.23952610403));
#2329 = CARTESIAN_POINT('',(-435.4197346608,224.6114388704,
    310.07638702738));
#2330 = CARTESIAN_POINT('',(-436.7771825241,226.07278663476,
    311.96602635025));
#2331 = CARTESIAN_POINT('',(-439.090917347,228.78053272797,
    315.6178841416));
#2332 = CARTESIAN_POINT('',(-440.0665524775,230.01924330621,
    317.3503754253));
#2333 = CARTESIAN_POINT('',(-440.9525461473,231.23276104047,
    319.12427497098));
#2334 = CARTESIAN_POINT('',(-441.7540317704,232.41400216563,
    320.94921728969));
#2335 = CARTESIAN_POINT('',(-442.4702820371,233.54759731319,
    322.83139206207));
#2336 = CARTESIAN_POINT('',(-443.0970603676,234.60804336904,
    324.77336976356));
#2337 = CARTESIAN_POINT('',(-443.6291043434,235.55970316231,
    326.77648992313));
#2338 = CARTESIAN_POINT('',(-444.1453465834,236.52188844491,
    329.26109353364));
#2339 = CARTESIAN_POINT('',(-444.2276099048,236.6768250803,
    329.6795011364));
#2340 = CARTESIAN_POINT('',(-444.3057031459,236.82537942728,
    330.10069471371));
#2341 = CARTESIAN_POINT('',(-444.3795363565,236.96715399228,
    330.52459187376));
#2342 = CARTESIAN_POINT('',(-444.4490256308,237.10175917622,
    330.95112881911));
#2343 = CARTESIAN_POINT('',(-444.514091122,237.22881387054,
    331.38026033264));
#2344 = CARTESIAN_POINT('',(-444.5746550565,237.34794605335,
    331.81195976361));
#2345 = CARTESIAN_POINT('',(-444.7211522945,237.63800441454,
    332.9483021905));
#2346 = CARTESIAN_POINT('',(-444.7998022621,237.7957715651,
    333.65790475768));
#2347 = CARTESIAN_POINT('',(-444.8660080851,237.93007172704,
    334.37344061428));
#2348 = CARTESIAN_POINT('',(-444.9193653585,238.03926145431,
    335.09358881194));
#2349 = CARTESIAN_POINT('',(-444.9595962848,238.12208186031,
    335.81723712273));
#2350 = CARTESIAN_POINT('',(-444.9865137461,238.17765979192,
    336.54342538611));
#2351 = CARTESIAN_POINT('',(-445.,238.20550528229,337.27128863484));
#2352 = CARTESIAN_POINT('',(-445.,238.20550528229,338.73466664706));
#2353 = CARTESIAN_POINT('',(-444.9862924158,238.17720281038,
    339.46845277629));
#2354 = CARTESIAN_POINT('',(-444.9589348646,238.12071618687,
    340.20051893438));
#2355 = CARTESIAN_POINT('',(-444.9180489042,238.03655145044,
    340.92998592671));
#2356 = CARTESIAN_POINT('',(-444.8638270626,237.92560887594,
    341.65587570491));
#2357 = CARTESIAN_POINT('',(-444.7965551268,237.78918560616,
    342.3770524906));
#2358 = CARTESIAN_POINT('',(-444.7166496912,237.62897439726,
    343.0921641353));
#2359 = CARTESIAN_POINT('',(-444.5682909542,237.33542219024,
    344.23370568066));
#2360 = CARTESIAN_POINT('',(-444.5072967879,237.21552800366,
    344.66525806928));
#2361 = CARTESIAN_POINT('',(-444.4418062147,237.08773910964,
    345.09423394512));
#2362 = CARTESIAN_POINT('',(-444.3718969977,236.95242797578,
    345.52060801104));
#2363 = CARTESIAN_POINT('',(-444.2976488817,236.80997575384,
    345.9443365964));
#2364 = CARTESIAN_POINT('',(-444.2191455597,236.6607716876,
    346.36535764341));
#2365 = CARTESIAN_POINT('',(-444.1364766411,236.50521252065,
    346.78359069342));
#2366 = CARTESIAN_POINT('',(-443.6188831644,235.54141599673,
    349.2621225268));
#2367 = CARTESIAN_POINT('',(-443.0864588776,234.59006945938,
    351.25976136919));
#2368 = CARTESIAN_POINT('',(-442.4597855028,233.53089583921,
    353.19658263582));
#2369 = CARTESIAN_POINT('',(-441.7440759763,232.39918595916,
    355.0739173169));
#2370 = CARTESIAN_POINT('',(-440.9435092532,231.22018575196,
    356.89434011042));
#2371 = CARTESIAN_POINT('',(-440.058774421,230.00911492049,
    358.66400821433));
#2372 = CARTESIAN_POINT('',(-439.0847570517,228.77300410779,
    360.39247318241));
#2373 = CARTESIAN_POINT('',(-436.7746828969,226.07022871068,
    364.03718906692));
#2374 = CARTESIAN_POINT('',(-435.4191641262,224.61116115611,
    365.92382972288));
#2375 = CARTESIAN_POINT('',(-433.9337845709,223.14825407351,
    367.7578523977));
#2376 = CARTESIAN_POINT('',(-432.306893989,221.69040120146,
    369.54131160434));
#2377 = CARTESIAN_POINT('',(-430.5246561096,220.24842534258,
    371.27078465178));
#2378 = CARTESIAN_POINT('',(-428.5720413067,218.8367603743,
    372.93672680084));
#2379 = CARTESIAN_POINT('',(-426.4336695893,217.47490776627,
    374.5229708957));
#2380 = CARTESIAN_POINT('',(-423.2888705249,215.74533479973,
    376.5167504897));
#2381 = CARTESIAN_POINT('',(-422.4579082945,215.31041505401,
    377.01616323849));
#2382 = CARTESIAN_POINT('',(-421.6015758691,214.88509863021,
    377.50279621715));
#2383 = CARTESIAN_POINT('',(-420.7191332101,214.47055305866,
    377.97553583835));
#2384 = CARTESIAN_POINT('',(-419.8098743899,214.06807429674,
    378.43311920002));
#2385 = CARTESIAN_POINT('',(-418.8731382916,213.67909223206,
    378.87412931649));
#2386 = CARTESIAN_POINT('',(-417.9083193081,213.30517618552,
    379.29699034958));
#2387 = CARTESIAN_POINT('',(-416.1907686266,212.68772771866,
    379.99368546225));
#2388 = CARTESIAN_POINT('',(-415.4512812419,212.43626826196,
    380.27691126826));
#2389 = CARTESIAN_POINT('',(-414.696560449,212.19446498748,
    380.54880894359));
#2390 = CARTESIAN_POINT('',(-413.9267753984,211.96312403587,
    380.80854467972));
#2391 = CARTESIAN_POINT('',(-413.1421198388,211.74305420532,
    381.05528170252));
#2392 = CARTESIAN_POINT('',(-412.3428121262,211.5350664114,
    381.28817980097));
#2393 = CARTESIAN_POINT('',(-411.5290952336,211.33997314695,
    381.50639485584));
#2394 = CARTESIAN_POINT('',(-409.448705846,210.88415628068,
    382.01573388149));
#2395 = CARTESIAN_POINT('',(-408.1612997681,210.64055501974,
    382.28744925295));
#2396 = CARTESIAN_POINT('',(-406.8441734628,210.43179978782,
    382.51994371611));
#2397 = CARTESIAN_POINT('',(-405.5025956052,210.26118454882,
    382.70973879828));
#2398 = CARTESIAN_POINT('',(-404.1419294059,210.13126626993,
    382.85414854883));
#2399 = CARTESIAN_POINT('',(-402.7676117071,210.04385366312,
    382.9512737342));
#2400 = CARTESIAN_POINT('',(-401.3851303769,210.,383.));
#2401 = CARTESIAN_POINT('',(-400.,210.,383.));
#2402 = PCURVE('',#1446,#2403);
#2403 = DEFINITIONAL_REPRESENTATION('',(#2404),#2617);
#2404 = B_SPLINE_CURVE_WITH_KNOTS('',8,(#2405,#2406,#2407,#2408,#2409,
    #2410,#2411,#2412,#2413,#2414,#2415,#2416,#2417,#2418,#2419,#2420,
    #2421,#2422,#2423,#2424,#2425,#2426,#2427,#2428,#2429,#2430,#2431,
    #2432,#2433,#2434,#2435,#2436,#2437,#2438,#2439,#2440,#2441,#2442,
    #2443,#2444,#2445,#2446,#2447,#2448,#2449,#2450,#2451,#2452,#2453,
    #2454,#2455,#2456,#2457,#2458,#2459,#2460,#2461,#2462,#2463,#2464,
    #2465,#2466,#2467,#2468,#2469,#2470,#2471,#2472,#2473,#2474,#2475,
    #2476,#2477,#2478,#2479,#2480,#2481,#2482,#2483,#2484,#2485,#2486,
    #2487,#2488,#2489,#2490,#2491,#2492,#2493,#2494,#2495,#2496,#2497,
    #2498,#2499,#2500,#2501,#2502,#2503,#2504,#2505,#2506,#2507,#2508,
    #2509,#2510,#2511,#2512,#2513,#2514,#2515,#2516,#2517,#2518,#2519,
    #2520,#2521,#2522,#2523,#2524,#2525,#2526,#2527,#2528,#2529,#2530,
    #2531,#2532,#2533,#2534,#2535,#2536,#2537,#2538,#2539,#2540,#2541,
    #2542,#2543,#2544,#2545,#2546,#2547,#2548,#2549,#2550,#2551,#2552,
    #2553,#2554,#2555,#2556,#2557,#2558,#2559,#2560,#2561,#2562,#2563,
    #2564,#2565,#2566,#2567,#2568,#2569,#2570,#2571,#2572,#2573,#2574,
    #2575,#2576,#2577,#2578,#2579,#2580,#2581,#2582,#2583,#2584,#2585,
    #2586,#2587,#2588,#2589,#2590,#2591,#2592,#2593,#2594,#2595,#2596,
    #2597,#2598,#2599,#2600,#2601,#2602,#2603,#2604,#2605,#2606,#2607,
    #2608,#2609,#2610,#2611,#2612,#2613,#2614,#2615,#2616),
  .UNSPECIFIED.,.F.,.F.,(9,7,7,7,7,7,7,7,7,7,7,7,7,7,7,7,7,7,7,7,7,7,7,7
    ,7,7,7,7,7,7,9),(0.,2.870534342171E-02,4.767370472235E-02,
    7.364963662974E-02,0.149101187727,0.215093444027,0.228358787404,
    0.24998157669,0.271588270901,0.284847647542,0.350892796415,
    0.42642918735,0.45226536659,0.471245545203,0.481020481231,
    0.499999119847,0.518977758464,0.528741221437,0.547709688738,
    0.573685497584,0.649318491056,0.715326507775,0.728582473244,
    0.750013888576,0.771620448864,0.784879740287,0.850743786163,
    0.926261589633,0.952302070441,0.971282716766,1.),.UNSPECIFIED.);
#2405 = CARTESIAN_POINT('',(0.,210.));
#2406 = CARTESIAN_POINT('',(3.076855108388E-02,210.));
#2407 = CARTESIAN_POINT('',(6.147813044315E-02,210.04381912409));
#2408 = CARTESIAN_POINT('',(9.205076774223E-02,210.13116223953));
#2409 = CARTESIAN_POINT('',(0.122408390247,210.260977287));
#2410 = CARTESIAN_POINT('',(0.152470842503,210.43145837792));
#2411 = CARTESIAN_POINT('',(0.182153949437,210.6400529537));
#2412 = CARTESIAN_POINT('',(0.211367622869,210.88347300696));
#2413 = CARTESIAN_POINT('',(0.258943415659,211.33892517231));
#2414 = CARTESIAN_POINT('',(0.277650000877,211.53383466171));
#2415 = CARTESIAN_POINT('',(0.296133835259,211.74162679948));
#2416 = CARTESIAN_POINT('',(0.314394526219,211.96149046909));
#2417 = CARTESIAN_POINT('',(0.332431248198,212.19261601145));
#2418 = CARTESIAN_POINT('',(0.350242770418,212.43419576551));
#2419 = CARTESIAN_POINT('',(0.367827484652,212.68542460877));
#2420 = CARTESIAN_POINT('',(0.408951270629,213.30165744143));
#2421 = CARTESIAN_POINT('',(0.432297857641,213.67452219116));
#2422 = CARTESIAN_POINT('',(0.455240197936,214.06239232837));
#2423 = CARTESIAN_POINT('',(0.477795027709,214.46370891393));
#2424 = CARTESIAN_POINT('',(0.499978972801,214.8770510511));
#2425 = CARTESIAN_POINT('',(0.521808706086,215.30113044841));
#2426 = CARTESIAN_POINT('',(0.543301104847,215.73478598252));
#2427 = CARTESIAN_POINT('',(0.625971995807,217.46140160409));
#2428 = CARTESIAN_POINT('',(0.6849504776,218.82162187377));
#2429 = CARTESIAN_POINT('',(0.741746315051,220.23171783138));
#2430 = CARTESIAN_POINT('',(0.796688117852,221.67220253428));
#2431 = CARTESIAN_POINT('',(0.850112423237,223.12865346616));
#2432 = CARTESIAN_POINT('',(0.902380463245,224.59026347448));
#2433 = CARTESIAN_POINT('',(0.953884258857,226.04816987395));
#2434 = CARTESIAN_POINT('',(1.049833580044,228.75272824073));
#2435 = CARTESIAN_POINT('',(1.093951378831,229.99158619402));
#2436 = CARTESIAN_POINT('',(1.137912737138,231.20543175442));
#2437 = CARTESIAN_POINT('',(1.182079879124,232.3872384498));
#2438 = CARTESIAN_POINT('',(1.226695006262,233.52175034626));
#2439 = CARTESIAN_POINT('',(1.271914322441,234.58361960128));
#2440 = CARTESIAN_POINT('',(1.317873390726,235.5373743141));
#2441 = CARTESIAN_POINT('',(1.374232033266,236.50321170627));
#2442 = CARTESIAN_POINT('',(1.383709124827,236.6589107166));
#2443 = CARTESIAN_POINT('',(1.39322925164,236.80825249909));
#2444 = CARTESIAN_POINT('',(1.402791585465,236.95083988371));
#2445 = CARTESIAN_POINT('',(1.412395773499,237.08628317055));
#2446 = CARTESIAN_POINT('',(1.422041930985,237.21420072273));
#2447 = CARTESIAN_POINT('',(1.431730633818,237.33421955949));
#2448 = CARTESIAN_POINT('',(1.457326728312,237.62814121977));
#2449 = CARTESIAN_POINT('',(1.473325870176,237.78857783562));
#2450 = CARTESIAN_POINT('',(1.489428768281,237.92519697846));
#2451 = CARTESIAN_POINT('',(1.505610869705,238.03630130724));
#2452 = CARTESIAN_POINT('',(1.521852995301,238.12059012178));
#2453 = CARTESIAN_POINT('',(1.538139786207,238.1771606248));
#2454 = CARTESIAN_POINT('',(1.554458238613,238.20550528229));
#2455 = CARTESIAN_POINT('',(1.587122253606,238.20550528229));
#2456 = CARTESIAN_POINT('',(1.603428611261,238.1772028058));
#2457 = CARTESIAN_POINT('',(1.619703384841,238.12071617419));
#2458 = CARTESIAN_POINT('',(1.635933585196,238.03655142814));
#2459 = CARTESIAN_POINT('',(1.652103876189,237.92560884557));
#2460 = CARTESIAN_POINT('',(1.6681951141,237.78918557325));
#2461 = CARTESIAN_POINT('',(1.684182799173,237.62897437245));
#2462 = CARTESIAN_POINT('',(1.709763726519,237.33542217993));
#2463 = CARTESIAN_POINT('',(1.719448489081,237.21552798459));
#2464 = CARTESIAN_POINT('',(1.729090751958,237.08773908423));
#2465 = CARTESIAN_POINT('',(1.738691087127,236.95242794715));
#2466 = CARTESIAN_POINT('',(1.748249606209,236.80997572573));
#2467 = CARTESIAN_POINT('',(1.757765953076,236.66077166422));
#2468 = CARTESIAN_POINT('',(1.767239296452,236.50521250655));
#2469 = CARTESIAN_POINT('',(1.823634439251,235.53921523292));
#2470 = CARTESIAN_POINT('',(1.869631730988,234.58483352856));
#2471 = CARTESIAN_POINT('',(1.914887978432,233.52212223686));
#2472 = CARTESIAN_POINT('',(1.959538985624,232.38665012248));
#2473 = CARTESIAN_POINT('',(2.003741220513,231.20382858318));
#2474 = CARTESIAN_POINT('',(2.047737432863,229.98894448249));
#2475 = CARTESIAN_POINT('',(2.091890800718,228.74903068605));
#2476 = CARTESIAN_POINT('',(2.187937388194,226.0416973765));
#2477 = CARTESIAN_POINT('',(2.239501569913,224.58211669009));
#2478 = CARTESIAN_POINT('',(2.291832771982,223.11887418763));
#2479 = CARTESIAN_POINT('',(2.345324606758,221.66084791671));
#2480 = CARTESIAN_POINT('',(2.400339695314,220.21888318663));
#2481 = CARTESIAN_POINT('',(2.457215801113,218.80746834588));
#2482 = CARTESIAN_POINT('',(2.516282730848,217.44619081175));
#2483 = CARTESIAN_POINT('',(2.598947490599,215.7215709653));
#2484 = CARTESIAN_POINT('',(2.62033305561,215.2904964275));
#2485 = CARTESIAN_POINT('',(2.642052816811,214.86891785017));
#2486 = CARTESIAN_POINT('',(2.664123304599,214.45798159794));
#2487 = CARTESIAN_POINT('',(2.686560861658,214.05895807353));
#2488 = CARTESIAN_POINT('',(2.709381795143,213.67324704864));
#2489 = CARTESIAN_POINT('',(2.73260252888,213.30238299483));
#2490 = CARTESIAN_POINT('',(2.773604505192,212.68772771877));
#2491 = CARTESIAN_POINT('',(2.791198245252,212.43626826199));
#2492 = CARTESIAN_POINT('',(2.809019037966,212.19446498741));
#2493 = CARTESIAN_POINT('',(2.827065294869,211.96312403578));
#2494 = CARTESIAN_POINT('',(2.845335804798,211.74305420529));
#2495 = CARTESIAN_POINT('',(2.863829761902,211.53506641145));
#2496 = CARTESIAN_POINT('',(2.882546793641,211.33997314704));
#2497 = CARTESIAN_POINT('',(2.911241333045,211.06517318491));
#2498 = CARTESIAN_POINT('',(2.92105323196,210.97540985658));
#2499 = CARTESIAN_POINT('',(2.930920634821,210.88942659066));
#2500 = CARTESIAN_POINT('',(2.940841547037,210.8073466568));
#2501 = CARTESIAN_POINT('',(2.950814030153,210.72928796073));
#2502 = CARTESIAN_POINT('',(2.960836201852,210.65536304423));
#2503 = CARTESIAN_POINT('',(2.970906235952,210.58567908515));
#2504 = CARTESIAN_POINT('',(3.000663443191,210.39347396842));
#2505 = CARTESIAN_POINT('',(3.020487086056,210.28292353864));
#2506 = CARTESIAN_POINT('',(3.040462248993,210.18957545633));
#2507 = CARTESIAN_POINT('',(3.060559110397,210.11414815978));
#2508 = CARTESIAN_POINT('',(3.080748762475,210.05718876216));
#2509 = CARTESIAN_POINT('',(3.101002904652,210.01907213639));
#2510 = CARTESIAN_POINT('',(3.121293536989,210.));
#2511 = CARTESIAN_POINT('',(3.16189177019,210.));
#2512 = CARTESIAN_POINT('',(3.182182402527,210.01907213639));
#2513 = CARTESIAN_POINT('',(3.202436544705,210.05718876216));
#2514 = CARTESIAN_POINT('',(3.222626196782,210.11414815977));
#2515 = CARTESIAN_POINT('',(3.242723058186,210.18957545633));
#2516 = CARTESIAN_POINT('',(3.262698221124,210.28292353864));
#2517 = CARTESIAN_POINT('',(3.282521863988,210.39347396842));
#2518 = CARTESIAN_POINT('',(3.312267197711,210.58560239278));
#2519 = CARTESIAN_POINT('',(3.322325463222,210.65519945038));
#2520 = CARTESIAN_POINT('',(3.332335978008,210.72902761268));
#2521 = CARTESIAN_POINT('',(3.342296922906,210.80698008479));
#2522 = CARTESIAN_POINT('',(3.352206422888,210.88894473442));
#2523 = CARTESIAN_POINT('',(3.362062547056,210.9748040919));
#2524 = CARTESIAN_POINT('',(3.37186330865,211.06443535016));
#2525 = CARTESIAN_POINT('',(3.400536069247,211.3389251723));
#2526 = CARTESIAN_POINT('',(3.419242654466,211.5338346617));
#2527 = CARTESIAN_POINT('',(3.437726488849,211.74162679949));
#2528 = CARTESIAN_POINT('',(3.45598717981,211.9614904691));
#2529 = CARTESIAN_POINT('',(3.474023901788,212.19261601146));
#2530 = CARTESIAN_POINT('',(3.491835424008,212.43419576551));
#2531 = CARTESIAN_POINT('',(3.509420138241,212.68542460876));
#2532 = CARTESIAN_POINT('',(3.5505436788,213.30165376387));
#2533 = CARTESIAN_POINT('',(3.573890191609,213.67451692516));
#2534 = CARTESIAN_POINT('',(3.5968325899,214.06238759579));
#2535 = CARTESIAN_POINT('',(3.619387562113,214.46370645285));
#2536 = CARTESIAN_POINT('',(3.64157167699,214.87705176802));
#2537 = CARTESIAN_POINT('',(3.663401540346,215.30113393915));
#2538 = CARTESIAN_POINT('',(3.684893951841,215.73479002184));
#2539 = CARTESIAN_POINT('',(3.767712267257,217.46448466394));
#2540 = CARTESIAN_POINT('',(3.826826797237,218.8281636452));
#2541 = CARTESIAN_POINT('',(3.88374939997,220.24190775447));
#2542 = CARTESIAN_POINT('',(3.938810852317,221.68610172428));
#2543 = CARTESIAN_POINT('',(3.992349896994,223.14623582058));
#2544 = CARTESIAN_POINT('',(4.044730209525,224.6114388704));
#2545 = CARTESIAN_POINT('',(4.09634648589,226.07278663476));
#2546 = CARTESIAN_POINT('',(4.192415993029,228.78053272797));
#2547 = CARTESIAN_POINT('',(4.236541324797,230.01924330621));
#2548 = CARTESIAN_POINT('',(4.280514481073,231.23276104047));
#2549 = CARTESIAN_POINT('',(4.324697962136,232.41400216563));
#2550 = CARTESIAN_POINT('',(4.369333636726,233.54759731319));
#2551 = CARTESIAN_POINT('',(4.414577504771,234.60804336904));
#2552 = CARTESIAN_POINT('',(4.46056569182,235.55970316231));
#2553 = CARTESIAN_POINT('',(4.516958323996,236.52188844491));
#2554 = CARTESIAN_POINT('',(4.526433730052,236.6768250803));
#2555 = CARTESIAN_POINT('',(4.535952180243,236.82537942728));
#2556 = CARTESIAN_POINT('',(4.545512802191,236.96715399228));
#2557 = CARTESIAN_POINT('',(4.555115203402,237.10175917622));
#2558 = CARTESIAN_POINT('',(4.564759463744,237.22881387054));
#2559 = CARTESIAN_POINT('',(4.574446127922,237.34794605335));
#2560 = CARTESIAN_POINT('',(4.599907166198,237.63800441454));
#2561 = CARTESIAN_POINT('',(4.615770152629,237.7957715651));
#2562 = CARTESIAN_POINT('',(4.631734487678,237.93007172704));
#2563 = CARTESIAN_POINT('',(4.647776245225,238.03926145431));
#2564 = CARTESIAN_POINT('',(4.663876664841,238.12208186031));
#2565 = CARTESIAN_POINT('',(4.68002065746,238.17765979192));
#2566 = CARTESIAN_POINT('',(4.696195394492,238.20550528229));
#2567 = CARTESIAN_POINT('',(4.728714905875,238.20550528229));
#2568 = CARTESIAN_POINT('',(4.745021262381,238.17720281038));
#2569 = CARTESIAN_POINT('',(4.761296035075,238.12071618687));
#2570 = CARTESIAN_POINT('',(4.777526234902,238.03655145044));
#2571 = CARTESIAN_POINT('',(4.793696525833,237.92560887594));
#2572 = CARTESIAN_POINT('',(4.809787764269,237.78918560616));
#2573 = CARTESIAN_POINT('',(4.825775450601,237.62897439726));
#2574 = CARTESIAN_POINT('',(4.85135637921,237.33542219024));
#2575 = CARTESIAN_POINT('',(4.861041141151,237.21552800366));
#2576 = CARTESIAN_POINT('',(4.870683403673,237.08773910964));
#2577 = CARTESIAN_POINT('',(4.880283738746,236.95242797578));
#2578 = CARTESIAN_POINT('',(4.889842257979,236.80997575384));
#2579 = CARTESIAN_POINT('',(4.899358605232,236.6607716876));
#2580 = CARTESIAN_POINT('',(4.908831949219,236.50521252065));
#2581 = CARTESIAN_POINT('',(4.965098611744,235.54141599673));
#2582 = CARTESIAN_POINT('',(5.010971814325,234.59006945938));
#2583 = CARTESIAN_POINT('',(5.056106677969,233.53089583921));
#2584 = CARTESIAN_POINT('',(5.100638387954,232.39918595916));
#2585 = CARTESIAN_POINT('',(5.144722430392,231.22018575196));
#2586 = CARTESIAN_POINT('',(5.188599532879,230.00911492049));
#2587 = CARTESIAN_POINT('',(5.232629657874,228.77300410779));
#2588 = CARTESIAN_POINT('',(5.328521563272,226.07022871068));
#2589 = CARTESIAN_POINT('',(5.380059114253,224.61116115611));
#2590 = CARTESIAN_POINT('',(5.432358662597,223.14825407351));
#2591 = CARTESIAN_POINT('',(5.485812930109,221.69040120146));
#2592 = CARTESIAN_POINT('',(5.540783842512,220.24842534258));
#2593 = CARTESIAN_POINT('',(5.597608588337,218.8367603743));
#2594 = CARTESIAN_POINT('',(5.656616424081,217.47490776627));
#2595 = CARTESIAN_POINT('',(5.739362259006,215.74533479973));
#2596 = CARTESIAN_POINT('',(5.760900332014,215.31041505401));
#2597 = CARTESIAN_POINT('',(5.782777069705,214.88509863021));
#2598 = CARTESIAN_POINT('',(5.805009490284,214.47055305866));
#2599 = CARTESIAN_POINT('',(5.827614403027,214.06807429674));
#2600 = CARTESIAN_POINT('',(5.850608568093,213.67909223206));
#2601 = CARTESIAN_POINT('',(5.874008856341,213.30517618552));
#2602 = CARTESIAN_POINT('',(5.915197158789,212.68772771866));
#2603 = CARTESIAN_POINT('',(5.932790898844,212.43626826196));
#2604 = CARTESIAN_POINT('',(5.950611691551,212.19446498748));
#2605 = CARTESIAN_POINT('',(5.968657948451,211.96312403587));
#2606 = CARTESIAN_POINT('',(5.986928458384,211.74305420532));
#2607 = CARTESIAN_POINT('',(6.005422415495,211.5350664114));
#2608 = CARTESIAN_POINT('',(6.02413944724,211.33997314695));
#2609 = CARTESIAN_POINT('',(6.071735723922,210.88415628068));
#2610 = CARTESIAN_POINT('',(6.100959934732,210.64055501974));
#2611 = CARTESIAN_POINT('',(6.130654234284,210.43179978782));
#2612 = CARTESIAN_POINT('',(6.160728364579,210.26118454882));
#2613 = CARTESIAN_POINT('',(6.191097994847,210.13126626993));
#2614 = CARTESIAN_POINT('',(6.221682822758,210.04385366312));
#2615 = CARTESIAN_POINT('',(6.252404632136,210.));
#2616 = CARTESIAN_POINT('',(6.28318530718,210.));
#2617 = ( GEOMETRIC_REPRESENTATION_CONTEXT(2) 
PARAMETRIC_REPRESENTATION_CONTEXT() REPRESENTATION_CONTEXT('2D SPACE',''
  ) );
#2618 = PCURVE('',#1897,#2619);
#2619 = DEFINITIONAL_REPRESENTATION('',(#2620),#2833);
#2620 = B_SPLINE_CURVE_WITH_KNOTS('',8,(#2621,#2622,#2623,#2624,#2625,
    #2626,#2627,#2628,#2629,#2630,#2631,#2632,#2633,#2634,#2635,#2636,
    #2637,#2638,#2639,#2640,#2641,#2642,#2643,#2644,#2645,#2646,#2647,
    #2648,#2649,#2650,#2651,#2652,#2653,#2654,#2655,#2656,#2657,#2658,
    #2659,#2660,#2661,#2662,#2663,#2664,#2665,#2666,#2667,#2668,#2669,
    #2670,#2671,#2672,#2673,#2674,#2675,#2676,#2677,#2678,#2679,#2680,
    #2681,#2682,#2683,#2684,#2685,#2686,#2687,#2688,#2689,#2690,#2691,
    #2692,#2693,#2694,#2695,#2696,#2697,#2698,#2699,#2700,#2701,#2702,
    #2703,#2704,#2705,#2706,#2707,#2708,#2709,#2710,#2711,#2712,#2713,
    #2714,#2715,#2716,#2717,#2718,#2719,#2720,#2721,#2722,#2723,#2724,
    #2725,#2726,#2727,#2728,#2729,#2730,#2731,#2732,#2733,#2734,#2735,
    #2736,#2737,#2738,#2739,#2740,#2741,#2742,#2743,#2744,#2745,#2746,
    #2747,#2748,#2749,#2750,#2751,#2752,#2753,#2754,#2755,#2756,#2757,
    #2758,#2759,#2760,#2761,#2762,#2763,#2764,#2765,#2766,#2767,#2768,
    #2769,#2770,#2771,#2772,#2773,#2774,#2775,#2776,#2777,#2778,#2779,
    #2780,#2781,#2782,#2783,#2784,#2785,#2786,#2787,#2788,#2789,#2790,
    #2791,#2792,#2793,#2794,#2795,#2796,#2797,#2798,#2799,#2800,#2801,
    #2802,#2803,#2804,#2805,#2806,#2807,#2808,#2809,#2810,#2811,#2812,
    #2813,#2814,#2815,#2816,#2817,#2818,#2819,#2820,#2821,#2822,#2823,
    #2824,#2825,#2826,#2827,#2828,#2829,#2830,#2831,#2832),
  .UNSPECIFIED.,.T.,.F.,(9,7,7,7,7,7,7,7,7,7,7,7,7,7,7,7,7,7,7,7,7,7,7,7
    ,7,7,7,7,7,7,9),(0.,2.870534342171E-02,4.767370472235E-02,
    7.364963662974E-02,0.149101187727,0.215093444027,0.228358787404,
    0.24998157669,0.271588270901,0.284847647542,0.350892796415,
    0.42642918735,0.45226536659,0.471245545203,0.481020481231,
    0.499999119847,0.518977758464,0.528741221437,0.547709688738,
    0.573685497584,0.649318491056,0.715326507775,0.728582473244,
    0.750013888576,0.771620448864,0.784879740287,0.850743786163,
    0.926261589633,0.952302070441,0.971282716766,1.),.UNSPECIFIED.);
#2621 = CARTESIAN_POINT('',(4.712388980385,95.));
#2622 = CARTESIAN_POINT('',(4.74008067636,95.));
#2623 = CARTESIAN_POINT('',(4.767719299675,94.95131211097));
#2624 = CARTESIAN_POINT('',(4.795227078032,94.854264138188));
#2625 = CARTESIAN_POINT('',(4.822526293832,94.709969177454));
#2626 = CARTESIAN_POINT('',(4.849537709533,94.520323503456));
#2627 = CARTESIAN_POINT('',(4.876179113184,94.288008411744));
#2628 = CARTESIAN_POINT('',(4.902363984134,94.016496014335));
#2629 = CARTESIAN_POINT('',(4.944940626728,93.50756678638));
#2630 = CARTESIAN_POINT('',(4.961663709482,93.289558474281));
#2631 = CARTESIAN_POINT('',(4.978168220171,93.056880999126));
#2632 = CARTESIAN_POINT('',(4.994452539181,92.810377066102));
#2633 = CARTESIAN_POINT('',(5.010514759786,92.550885608879));
#2634 = CARTESIAN_POINT('',(5.026352713643,92.279242259411));
#2635 = CARTESIAN_POINT('',(5.041963996294,91.996279817734));
#2636 = CARTESIAN_POINT('',(5.078410632027,91.30096661222));
#2637 = CARTESIAN_POINT('',(5.099052163991,90.879303426679));
#2638 = CARTESIAN_POINT('',(5.119283346888,90.439566703894));
#2639 = CARTESIAN_POINT('',(5.139116799515,89.983321995967));
#2640 = CARTESIAN_POINT('',(5.158565068207,89.511977591189));
#2641 = CARTESIAN_POINT('',(5.177640693925,89.026789236868));
#2642 = CARTESIAN_POINT('',(5.196356279342,88.528864862164));
#2643 = CARTESIAN_POINT('',(5.268078366842,86.538671091225));
#2644 = CARTESIAN_POINT('',(5.318658527755,84.954507943979));
#2645 = CARTESIAN_POINT('',(5.366697245267,83.290658956703));
#2646 = CARTESIAN_POINT('',(5.412406297374,81.563296000844));
#2647 = CARTESIAN_POINT('',(5.455981427229,79.781979345348));
#2648 = CARTESIAN_POINT('',(5.497595984431,77.95015609579));
#2649 = CARTESIAN_POINT('',(5.537383687865,76.065801114411));
#2650 = CARTESIAN_POINT('',(5.608577049728,72.420790784615));
#2651 = CARTESIAN_POINT('',(5.640109062023,70.68955866148));
#2652 = CARTESIAN_POINT('',(5.670150865304,68.917014670576));
#2653 = CARTESIAN_POINT('',(5.698695076052,67.09355600968));
#2654 = CARTESIAN_POINT('',(5.72552093688,65.212988994186));
#2655 = CARTESIAN_POINT('',(5.750187329892,63.272731926406));
#2656 = CARTESIAN_POINT('',(5.772044265723,61.271464478511));
#2657 = CARTESIAN_POINT('',(5.793970902055,58.788945796079));
#2658 = CARTESIAN_POINT('',(5.797497345433,58.370557273373));
#2659 = CARTESIAN_POINT('',(5.800872405249,57.949378136525));
#2660 = CARTESIAN_POINT('',(5.804088284604,57.525488751292));
#2661 = CARTESIAN_POINT('',(5.807137350643,57.09895107232));
#2662 = CARTESIAN_POINT('',(5.810012129384,56.669808656831));
#2663 = CARTESIAN_POINT('',(5.812705300535,56.238086678303));
#2664 = CARTESIAN_POINT('',(5.819291903733,55.095882363743));
#2665 = CARTESIAN_POINT('',(5.822877563277,54.380264712759));
#2666 = CARTESIAN_POINT('',(5.825924064835,53.658569705301));
#2667 = CARTESIAN_POINT('',(5.828397330984,52.932152387758));
#2668 = CARTESIAN_POINT('',(5.830271491241,52.202150722521));
#2669 = CARTESIAN_POINT('',(5.831528614459,51.469544413315));
#2670 = CARTESIAN_POINT('',(5.832158495383,50.735213968167));
#2671 = CARTESIAN_POINT('',(5.832158495383,49.265333293506));
#2672 = CARTESIAN_POINT('',(5.831529551812,48.531547112592));
#2673 = CARTESIAN_POINT('',(5.830274292409,47.799480914678));
#2674 = CARTESIAN_POINT('',(5.828402892427,47.070013898772));
#2675 = CARTESIAN_POINT('',(5.825933233308,46.34412411806));
#2676 = CARTESIAN_POINT('',(5.822891115307,45.622947356327));
#2677 = CARTESIAN_POINT('',(5.819310524041,44.90783576822));
#2678 = CARTESIAN_POINT('',(5.812732281041,43.766294279215));
#2679 = CARTESIAN_POINT('',(5.810041944055,43.334741862985));
#2680 = CARTESIAN_POINT('',(5.807170101353,42.905765971539));
#2681 = CARTESIAN_POINT('',(5.804124063393,42.479391901521));
#2682 = CARTESIAN_POINT('',(5.800911294945,42.055663323022));
#2683 = CARTESIAN_POINT('',(5.797539420255,41.634642293272));
#2684 = CARTESIAN_POINT('',(5.794016228218,41.216409270329));
#2685 = CARTESIAN_POINT('',(5.772086535057,38.732217914337));
#2686 = CARTESIAN_POINT('',(5.75021581219,36.729239695203));
#2687 = CARTESIAN_POINT('',(5.725530362326,34.787369588163));
#2688 = CARTESIAN_POINT('',(5.69868196563,32.905288173322));
#2689 = CARTESIAN_POINT('',(5.670112866324,31.080412069289));
#2690 = CARTESIAN_POINT('',(5.640044253454,29.306532979667));
#2691 = CARTESIAN_POINT('',(5.608483287116,27.57402229305));
#2692 = CARTESIAN_POINT('',(5.5372092119,23.925709428171));
#2693 = CARTESIAN_POINT('',(5.497369316186,22.039458756798));
#2694 = CARTESIAN_POINT('',(5.455698542203,20.205857564368));
#2695 = CARTESIAN_POINT('',(5.412062149881,18.422875069094));
#2696 = CARTESIAN_POINT('',(5.366285792615,16.693984836095));
#2697 = CARTESIAN_POINT('',(5.318172753149,15.028809464875));
#2698 = CARTESIAN_POINT('',(5.267510291885,13.443621098831));
#2699 = CARTESIAN_POINT('',(5.195784997097,11.455964084822));
#2700 = CARTESIAN_POINT('',(5.177160730666,10.961047958514));
#2701 = CARTESIAN_POINT('',(5.158179911615,10.478752353423));
#2702 = CARTESIAN_POINT('',(5.138830202935,10.010171920935));
#2703 = CARTESIAN_POINT('',(5.119099319462,9.556545430292));
#2704 = CARTESIAN_POINT('',(5.098974962946,9.119260439571));
#2705 = CARTESIAN_POINT('',(5.078444757119,8.699857966663));
#2706 = CARTESIAN_POINT('',(5.042106612998,8.006314537867));
#2707 = CARTESIAN_POINT('',(5.026487518631,7.723088731763));
#2708 = CARTESIAN_POINT('',(5.010641498271,7.451191056333));
#2709 = CARTESIAN_POINT('',(4.994570940257,7.191455320179));
#2710 = CARTESIAN_POINT('',(4.978277996986,6.944718297433));
#2711 = CARTESIAN_POINT('',(4.961764559239,6.711820199075));
#2712 = CARTESIAN_POINT('',(4.945032230516,6.49360514425));
#2713 = CARTESIAN_POINT('',(4.919352959203,6.186538084387));
#2714 = CARTESIAN_POINT('',(4.91056736537,6.086291519496));
#2715 = CARTESIAN_POINT('',(4.901727547209,5.990317223992));
#2716 = CARTESIAN_POINT('',(4.892835492661,5.898744816908));
#2717 = CARTESIAN_POINT('',(4.883893150251,5.811698249229));
#2718 = CARTESIAN_POINT('',(4.874902429091,5.729295803889));
#2719 = CARTESIAN_POINT('',(4.865865198877,5.651650095773));
#2720 = CARTESIAN_POINT('',(4.839150205839,5.437557302162));
#2721 = CARTESIAN_POINT('',(4.821340784668,5.314517636334));
#2722 = CARTESIAN_POINT('',(4.803384633213,5.210692367178));
#2723 = CARTESIAN_POINT('',(4.785310460226,5.126841683986));
#2724 = CARTESIAN_POINT('',(4.767146302897,5.063543030096));
#2725 = CARTESIAN_POINT('',(4.748919753382,5.021191460591));
#2726 = CARTESIAN_POINT('',(4.730658185325,5.));
#2727 = CARTESIAN_POINT('',(4.694119775444,5.));
#2728 = CARTESIAN_POINT('',(4.675858207387,5.02119146059));
#2729 = CARTESIAN_POINT('',(4.657631657872,5.063543030096));
#2730 = CARTESIAN_POINT('',(4.639467500543,5.126841683986));
#2731 = CARTESIAN_POINT('',(4.621393327556,5.210692367177));
#2732 = CARTESIAN_POINT('',(4.603437176102,5.314517636333));
#2733 = CARTESIAN_POINT('',(4.585627754931,5.43755730216));
#2734 = CARTESIAN_POINT('',(4.558923421526,5.651564669936));
#2735 = CARTESIAN_POINT('',(4.549896749006,5.7291135186));
#2736 = CARTESIAN_POINT('',(4.540916476688,5.811408045062));
#2737 = CARTESIAN_POINT('',(4.531984467168,5.898336036811));
#2738 = CARTESIAN_POINT('',(4.523102622267,5.989779641468));
#2739 = CARTESIAN_POINT('',(4.51427288303,6.085615366786));
#2740 = CARTESIAN_POINT('',(4.505497229728,6.185714080651));
#2741 = CARTESIAN_POINT('',(4.479837334042,6.492433213606));
#2742 = CARTESIAN_POINT('',(4.463114251288,6.71044152571));
#2743 = CARTESIAN_POINT('',(4.446609740598,6.943119000878));
#2744 = CARTESIAN_POINT('',(4.430325421588,7.189622933909));
#2745 = CARTESIAN_POINT('',(4.414263200983,7.449114391129));
#2746 = CARTESIAN_POINT('',(4.398425247127,7.720757740584));
#2747 = CARTESIAN_POINT('',(4.382813964477,8.003720182249));
#2748 = CARTESIAN_POINT('',(4.346367546249,8.699029238284));
#2749 = CARTESIAN_POINT('',(4.32572607908,9.120690621277));
#2750 = CARTESIAN_POINT('',(4.305494843811,9.560427921902));
#2751 = CARTESIAN_POINT('',(4.285661264965,10.016675180676));
#2752 = CARTESIAN_POINT('',(4.266212847322,10.488023198005));
#2753 = CARTESIAN_POINT('',(4.247137108848,10.973214748249));
#2754 = CARTESIAN_POINT('',(4.228421513637,11.471139793788));
#2755 = CARTESIAN_POINT('',(4.156571526345,13.464882616051));
#2756 = CARTESIAN_POINT('',(4.105876158303,15.053110808599));
#2757 = CARTESIAN_POINT('',(4.057733564228,16.72136456896));
#2758 = CARTESIAN_POINT('',(4.011930668638,18.453371460707));
#2759 = CARTESIAN_POINT('',(3.968270628533,20.239526104031));
#2760 = CARTESIAN_POINT('',(3.926579299142,22.076387027381));
#2761 = CARTESIAN_POINT('',(3.886722722215,23.966026350257));
#2762 = CARTESIAN_POINT('',(3.815489983293,27.617884141605));
#2763 = CARTESIAN_POINT('',(3.783979332856,29.350375425299));
#2764 = CARTESIAN_POINT('',(3.753960677783,31.124274970989));
#2765 = CARTESIAN_POINT('',(3.725442990603,32.949217289681));
#2766 = CARTESIAN_POINT('',(3.698649636446,34.831392062085));
#2767 = CARTESIAN_POINT('',(3.67402500533,36.77336976356));
#2768 = CARTESIAN_POINT('',(3.652222530163,38.776489923139));
#2769 = CARTESIAN_POINT('',(3.630383971892,41.261093533645));
#2770 = CARTESIAN_POINT('',(3.626875580311,41.679501136409));
#2771 = CARTESIAN_POINT('',(3.623519023388,42.100694713712));
#2772 = CARTESIAN_POINT('',(3.62032210807,42.524591873767));
#2773 = CARTESIAN_POINT('',(3.617292468357,42.951128819115));
#2774 = CARTESIAN_POINT('',(3.61443757053,43.380260332646));
#2775 = CARTESIAN_POINT('',(3.611764718381,43.811959763613));
#2776 = CARTESIAN_POINT('',(3.605265632487,44.948302190507));
#2777 = CARTESIAN_POINT('',(3.601739987966,45.657904757686));
#2778 = CARTESIAN_POINT('',(3.59874538187,46.373440614289));
#2779 = CARTESIAN_POINT('',(3.596314811173,47.093588811947));
#2780 = CARTESIAN_POINT('',(3.594473319746,47.817237122737));
#2781 = CARTESIAN_POINT('',(3.593238253731,48.543425386112));
#2782 = CARTESIAN_POINT('',(3.592619465386,49.271288634848));
#2783 = CARTESIAN_POINT('',(3.592619465386,50.73466664706));
#2784 = CARTESIAN_POINT('',(3.593248408855,51.468452776293));
#2785 = CARTESIAN_POINT('',(3.594503668078,52.20051893438));
#2786 = CARTESIAN_POINT('',(3.596375067847,52.929985926712));
#2787 = CARTESIAN_POINT('',(3.598844726785,53.655875704919));
#2788 = CARTESIAN_POINT('',(3.601886844728,54.377052490607));
#2789 = CARTESIAN_POINT('',(3.605467436173,55.092164135308));
#2790 = CARTESIAN_POINT('',(3.612045679497,56.233705680667));
#2791 = CARTESIAN_POINT('',(3.614736016286,56.665258069283));
#2792 = CARTESIAN_POINT('',(3.617607858845,57.094233945129));
#2793 = CARTESIAN_POINT('',(3.620653896731,57.520608011046));
#2794 = CARTESIAN_POINT('',(3.623866665189,57.944336596406));
#2795 = CARTESIAN_POINT('',(3.627238539985,58.365357643414));
#2796 = CARTESIAN_POINT('',(3.630761732231,58.78359069342));
#2797 = CARTESIAN_POINT('',(3.652641464831,61.262122526806));
#2798 = CARTESIAN_POINT('',(3.674442165808,63.259761369206));
#2799 = CARTESIAN_POINT('',(3.699043821042,65.196582635796));
#2800 = CARTESIAN_POINT('',(3.725799633718,67.073917316945));
#2801 = CARTESIAN_POINT('',(3.754270088826,68.894340110393));
#2802 = CARTESIAN_POINT('',(3.784234549067,70.664008214349));
#2803 = CARTESIAN_POINT('',(3.815684494051,72.39247318241));
#2804 = CARTESIAN_POINT('',(3.886794092413,76.037189066928));
#2805 = CARTESIAN_POINT('',(3.926591141981,77.923829722888));
#2806 = CARTESIAN_POINT('',(3.968217542933,79.757852397704));
#2807 = CARTESIAN_POINT('',(4.011806431964,81.541311604351));
#2808 = CARTESIAN_POINT('',(4.057530989271,83.270784651779));
#2809 = CARTESIAN_POINT('',(4.105587021299,84.936726800845));
#2810 = CARTESIAN_POINT('',(4.156186518736,86.522970895708));
#2811 = CARTESIAN_POINT('',(4.227967250976,88.516750489705));
#2812 = CARTESIAN_POINT('',(4.246721214625,89.016163238498));
#2813 = CARTESIAN_POINT('',(4.265836739731,89.502796217156));
#2814 = CARTESIAN_POINT('',(4.285326534231,89.97553583835));
#2815 = CARTESIAN_POINT('',(4.305203242629,90.43311920002));
#2816 = CARTESIAN_POINT('',(4.325479514247,90.874129316493));
#2817 = CARTESIAN_POINT('',(4.34616807147,91.296990349589));
#2818 = CARTESIAN_POINT('',(4.382671347778,91.993685462253));
#2819 = CARTESIAN_POINT('',(4.398290442141,92.276911268265));
#2820 = CARTESIAN_POINT('',(4.414136462494,92.548808943591));
#2821 = CARTESIAN_POINT('',(4.430207020506,92.808544679721));
#2822 = CARTESIAN_POINT('',(4.44649996378,93.055281702528));
#2823 = CARTESIAN_POINT('',(4.463013401533,93.288179800979));
#2824 = CARTESIAN_POINT('',(4.479745730261,93.506394855847));
#2825 = CARTESIAN_POINT('',(4.522340514071,94.015733881496));
#2826 = CARTESIAN_POINT('',(4.548534743555,94.287449252953));
#2827 = CARTESIAN_POINT('',(4.575186133463,94.519943716113));
#2828 = CARTESIAN_POINT('',(4.602208005835,94.709738798288));
#2829 = CARTESIAN_POINT('',(4.629518001588,94.854148548833));
#2830 = CARTESIAN_POINT('',(4.657036742515,94.951273734204));
#2831 = CARTESIAN_POINT('',(4.684686372846,95.));
#2832 = CARTESIAN_POINT('',(4.712388980385,95.));
#2833 = ( GEOMETRIC_REPRESENTATION_CONTEXT(2) 
PARAMETRIC_REPRESENTATION_CONTEXT() REPRESENTATION_CONTEXT('2D SPACE',''
  ) );
#2834 = ORIENTED_EDGE('',*,*,#2835,.F.);
#2835 = EDGE_CURVE('',#1430,#1464,#2836,.T.);
#2836 = SEAM_CURVE('',#2837,(#2841,#2848),.PCURVE_S1.);
#2837 = LINE('',#2838,#2839);
#2838 = CARTESIAN_POINT('',(-400.,0.,383.));
#2839 = VECTOR('',#2840,1.);
#2840 = DIRECTION('',(0.,1.,0.));
#2841 = PCURVE('',#1446,#2842);
#2842 = DEFINITIONAL_REPRESENTATION('',(#2843),#2847);
#2843 = LINE('',#2844,#2845);
#2844 = CARTESIAN_POINT('',(6.28318530718,-0.));
#2845 = VECTOR('',#2846,1.);
#2846 = DIRECTION('',(0.,1.));
#2847 = ( GEOMETRIC_REPRESENTATION_CONTEXT(2) 
PARAMETRIC_REPRESENTATION_CONTEXT() REPRESENTATION_CONTEXT('2D SPACE',''
  ) );
#2848 = PCURVE('',#1446,#2849);
#2849 = DEFINITIONAL_REPRESENTATION('',(#2850),#2854);
#2850 = LINE('',#2851,#2852);
#2851 = CARTESIAN_POINT('',(0.,-0.));
#2852 = VECTOR('',#2853,1.);
#2853 = DIRECTION('',(0.,1.));
#2854 = ( GEOMETRIC_REPRESENTATION_CONTEXT(2) 
PARAMETRIC_REPRESENTATION_CONTEXT() REPRESENTATION_CONTEXT('2D SPACE',''
  ) );
#2855 = ORIENTED_EDGE('',*,*,#1429,.F.);
#2856 = ORIENTED_EDGE('',*,*,#2835,.T.);
#2857 = ADVANCED_FACE('',(#2858),#2155,.T.);
#2858 = FACE_BOUND('',#2859,.T.);
#2859 = EDGE_LOOP('',(#2860,#2861,#3175,#3489,#3512,#4167,#4236,#4884,
    #4885));
#2860 = ORIENTED_EDGE('',*,*,#2118,.T.);
#2861 = ORIENTED_EDGE('',*,*,#2862,.T.);
#2862 = EDGE_CURVE('',#1462,#2863,#2865,.T.);
#2863 = VERTEX_POINT('',#2864);
#2864 = CARTESIAN_POINT('',(-350.,260.,293.));
#2865 = SURFACE_CURVE('',#2866,(#2967,#3071),.PCURVE_S1.);
#2866 = B_SPLINE_CURVE_WITH_KNOTS('',8,(#2867,#2868,#2869,#2870,#2871,
    #2872,#2873,#2874,#2875,#2876,#2877,#2878,#2879,#2880,#2881,#2882,
    #2883,#2884,#2885,#2886,#2887,#2888,#2889,#2890,#2891,#2892,#2893,
    #2894,#2895,#2896,#2897,#2898,#2899,#2900,#2901,#2902,#2903,#2904,
    #2905,#2906,#2907,#2908,#2909,#2910,#2911,#2912,#2913,#2914,#2915,
    #2916,#2917,#2918,#2919,#2920,#2921,#2922,#2923,#2924,#2925,#2926,
    #2927,#2928,#2929,#2930,#2931,#2932,#2933,#2934,#2935,#2936,#2937,
    #2938,#2939,#2940,#2941,#2942,#2943,#2944,#2945,#2946,#2947,#2948,
    #2949,#2950,#2951,#2952,#2953,#2954,#2955,#2956,#2957,#2958,#2959,
    #2960,#2961,#2962,#2963,#2964,#2965,#2966),.UNSPECIFIED.,.F.,.F.,(9,
    7,7,7,7,7,7,7,7,7,7,7,7,7,9),(0.,5.741422163176E-02,
    9.535327999236E-02,0.14730834246,0.298220735681,0.430213374504,
    0.456745694743,0.499993935932,0.543209981495,0.569730359318,
    0.701467367404,0.852513197552,0.904597683724,0.942561545915,1.),
  .UNSPECIFIED.);
#2867 = CARTESIAN_POINT('',(-350.,260.,383.));
#2868 = CARTESIAN_POINT('',(-350.,258.61541520122,383.));
#2869 = CARTESIAN_POINT('',(-350.043819124,257.23348422185,
    382.95131211097));
#2870 = CARTESIAN_POINT('',(-350.1311622395,255.85971273902,
    382.85426413818));
#2871 = CARTESIAN_POINT('',(-350.260977287,254.49957976948,
    382.70996917745));
#2872 = CARTESIAN_POINT('',(-350.4314583779,253.15851341533,
    382.52032350345));
#2873 = CARTESIAN_POINT('',(-350.6400529537,251.84186830123,
    382.28800841174));
#2874 = CARTESIAN_POINT('',(-350.8834730069,250.55490470312,
    382.01649601433));
#2875 = CARTESIAN_POINT('',(-351.3389251722,248.47536399411,
    381.50756678644));
#2876 = CARTESIAN_POINT('',(-351.5338346616,247.66207872661,
    381.28955847432));
#2877 = CARTESIAN_POINT('',(-351.7416267995,246.86318175388,
    381.05688099909));
#2878 = CARTESIAN_POINT('',(-351.9614904691,246.07891670212,
    380.81037706603));
#2879 = CARTESIAN_POINT('',(-352.1926160115,245.30950264147,
    380.55088560882));
#2880 = CARTESIAN_POINT('',(-352.4341957654,244.5551340918,
    380.27924225943));
#2881 = CARTESIAN_POINT('',(-352.6854246086,243.81598102844,
    379.99627981782));
#2882 = CARTESIAN_POINT('',(-353.3016574414,242.10100282526,
    379.30096661223));
#2883 = CARTESIAN_POINT('',(-353.6745221911,241.13830044685,
    378.87930342668));
#2884 = CARTESIAN_POINT('',(-354.0623923283,240.2035472174,
    378.43956670388));
#2885 = CARTESIAN_POINT('',(-354.4637089139,239.2961429265,
    377.98332199595));
#2886 = CARTESIAN_POINT('',(-354.8770510511,238.41543228167,
    377.51197759117));
#2887 = CARTESIAN_POINT('',(-355.3011304484,237.5607155016,
    377.02678923687));
#2888 = CARTESIAN_POINT('',(-355.7347859825,236.73125890926,
    376.52886486218));
#2889 = CARTESIAN_POINT('',(-357.461401604,233.58818030963,
    374.53867109126));
#2890 = CARTESIAN_POINT('',(-358.821621874,231.44992336619,
    372.95450794367));
#2891 = CARTESIAN_POINT('',(-360.2317178308,229.49725203256,
    371.29065895744));
#2892 = CARTESIAN_POINT('',(-361.672202535,227.7148136362,369.5632959999
    ));
#2893 = CARTESIAN_POINT('',(-363.1286534656,226.08759737619,
    367.78197934608));
#2894 = CARTESIAN_POINT('',(-364.5902634747,224.60177602014,
    365.95015609543));
#2895 = CARTESIAN_POINT('',(-366.0481698738,223.24569530561,
    364.0658011145));
#2896 = CARTESIAN_POINT('',(-368.7527282408,220.93126211913,
    360.42079078447));
#2897 = CARTESIAN_POINT('',(-369.9915861938,219.95408502283,
    358.68955866184));
#2898 = CARTESIAN_POINT('',(-371.2054317545,219.06657237118,
    356.91701467018));
#2899 = CARTESIAN_POINT('',(-372.3872384498,218.26355241407,
    355.09355601009));
#2900 = CARTESIAN_POINT('',(-373.5217503463,217.54570200284,
    353.21298899355));
#2901 = CARTESIAN_POINT('',(-374.583619601,216.91721885606,
    351.27273192704));
#2902 = CARTESIAN_POINT('',(-375.5373743142,216.38333782616,
    349.27146447823));
#2903 = CARTESIAN_POINT('',(-376.5032117062,215.86458780552,
    346.78894579607));
#2904 = CARTESIAN_POINT('',(-376.6589107166,215.78183562668,
    346.37055727336));
#2905 = CARTESIAN_POINT('',(-376.808252499,215.70325202372,
    345.94937813652));
#2906 = CARTESIAN_POINT('',(-376.9508398837,215.62892668523,
    345.52548875129));
#2907 = CARTESIAN_POINT('',(-377.0862831705,215.55894338689,
    345.09895107232));
#2908 = CARTESIAN_POINT('',(-377.2142007227,215.49338196082,
    344.66980865683));
#2909 = CARTESIAN_POINT('',(-377.3342195594,215.43232026492,
    344.2380866783));
#2910 = CARTESIAN_POINT('',(-377.6281412197,215.28376585799,
    343.09588236372));
#2911 = CARTESIAN_POINT('',(-377.7885778356,215.20374457521,
    342.38026471275));
#2912 = CARTESIAN_POINT('',(-377.9251969784,215.13637425046,
    341.6585697053));
#2913 = CARTESIAN_POINT('',(-378.0363013072,215.0820726125,
    340.93215238777));
#2914 = CARTESIAN_POINT('',(-378.1205901217,215.04112619089,
    340.20215072253));
#2915 = CARTESIAN_POINT('',(-378.1771606248,215.01372801594,
    339.4695444133));
#2916 = CARTESIAN_POINT('',(-378.2055052822,215.,338.73521396815));
#2917 = CARTESIAN_POINT('',(-378.2055052822,215.,337.26533335293));
#2918 = CARTESIAN_POINT('',(-378.1772028103,215.01370758415,
    336.5315472237));
#2919 = CARTESIAN_POINT('',(-378.1207161868,215.04106513531,
    335.79948106562));
#2920 = CARTESIAN_POINT('',(-378.0365514504,215.08195109571,
    335.07001407329));
#2921 = CARTESIAN_POINT('',(-377.9256088759,215.13617293738,
    334.34412429508));
#2922 = CARTESIAN_POINT('',(-377.7891856061,215.20344487317,
    333.62294750939));
#2923 = CARTESIAN_POINT('',(-377.6289743972,215.28335030872,
    332.90783586468));
#2924 = CARTESIAN_POINT('',(-377.3354221902,215.43170904573,
    331.76629431934));
#2925 = CARTESIAN_POINT('',(-377.2155280036,215.49270321209,
    331.33474193072));
#2926 = CARTESIAN_POINT('',(-377.0877391096,215.55819378528,
    330.90576605487));
#2927 = CARTESIAN_POINT('',(-376.9524279757,215.62810300221,
    330.47939198895));
#2928 = CARTESIAN_POINT('',(-376.8099757538,215.70235111829,
    330.05566340359));
#2929 = CARTESIAN_POINT('',(-376.6607716876,215.78085444023,
    329.63464235658));
#2930 = CARTESIAN_POINT('',(-376.5052125206,215.86352335889,
    329.21640930658));
#2931 = CARTESIAN_POINT('',(-375.5414159967,216.3811168355,
    326.73787747332));
#2932 = CARTESIAN_POINT('',(-374.5900694593,216.91354112241,
    324.74023863067));
#2933 = CARTESIAN_POINT('',(-373.5308958391,217.54021449718,
    322.80341736405));
#2934 = CARTESIAN_POINT('',(-372.3991859593,218.25592402357,
    320.92608268338));
#2935 = CARTESIAN_POINT('',(-371.2201857518,219.0564907468,
    319.10565988942));
#2936 = CARTESIAN_POINT('',(-370.0091149204,219.94122557896,
    317.33599178564));
#2937 = CARTESIAN_POINT('',(-368.7730041078,220.91524294821,
    315.60752681762));
#2938 = CARTESIAN_POINT('',(-366.0702287106,223.225317103,
    311.96281093308));
#2939 = CARTESIAN_POINT('',(-364.611161156,224.58083587376,
    310.07617027705));
#2940 = CARTESIAN_POINT('',(-363.1482540736,226.06621542904,
    308.24214760239));
#2941 = CARTESIAN_POINT('',(-361.6904012013,227.693106011,
    306.45868839553));
#2942 = CARTESIAN_POINT('',(-360.2484253426,229.47534389027,
    304.7292153483));
#2943 = CARTESIAN_POINT('',(-358.8367603742,231.42795869328,
    303.06327319914));
#2944 = CARTESIAN_POINT('',(-357.4749077662,233.56633041064,
    301.47702910428));
#2945 = CARTESIAN_POINT('',(-355.7453348054,236.71112946472,
    299.48324951684));
#2946 = CARTESIAN_POINT('',(-355.310415051,237.54209171317,
    298.98383675812));
#2947 = CARTESIAN_POINT('',(-354.8850986246,238.39842414209,
    298.49720377649));
#2948 = CARTESIAN_POINT('',(-354.4705530584,239.28086678818,
    298.02446416135));
#2949 = CARTESIAN_POINT('',(-354.068074302,240.19012559691,
    297.56688080602));
#2950 = CARTESIAN_POINT('',(-353.6790922353,241.12686170216,
    297.12587068724));
#2951 = CARTESIAN_POINT('',(-353.3051761804,242.09168070598,
    296.70300964466));
#2952 = CARTESIAN_POINT('',(-352.6877277187,243.80923137304,
    296.00631453787));
#2953 = CARTESIAN_POINT('',(-352.4362682619,244.54871875793,
    295.72308873176));
#2954 = CARTESIAN_POINT('',(-352.1944649874,245.30343955111,
    295.45119105633));
#2955 = CARTESIAN_POINT('',(-351.9631240357,246.07322460184,
    295.19145532018));
#2956 = CARTESIAN_POINT('',(-351.7430542052,246.85788016134,
    294.94471829743));
#2957 = CARTESIAN_POINT('',(-351.5350664114,247.65718787354,
    294.71182019907));
#2958 = CARTESIAN_POINT('',(-351.339973147,248.47090476595,
    294.49360514425));
#2959 = CARTESIAN_POINT('',(-350.8841562807,250.55129415362,
    293.98426611857));
#2960 = CARTESIAN_POINT('',(-350.6405550197,251.83870023179,
    293.71255074705));
#2961 = CARTESIAN_POINT('',(-350.4317997877,253.15582653727,
    293.48005628384));
#2962 = CARTESIAN_POINT('',(-350.2611845487,254.49740439498,
    293.29026120168));
#2963 = CARTESIAN_POINT('',(-350.1312662699,255.85807059423,
    293.14585145117));
#2964 = CARTESIAN_POINT('',(-350.0438536631,257.23238829271,
    293.04872626581));
#2965 = CARTESIAN_POINT('',(-350.,258.61486962276,293.));
#2966 = CARTESIAN_POINT('',(-350.,260.,293.));
#2967 = PCURVE('',#2155,#2968);
#2968 = DEFINITIONAL_REPRESENTATION('',(#2969),#3070);
#2969 = B_SPLINE_CURVE_WITH_KNOTS('',8,(#2970,#2971,#2972,#2973,#2974,
    #2975,#2976,#2977,#2978,#2979,#2980,#2981,#2982,#2983,#2984,#2985,
    #2986,#2987,#2988,#2989,#2990,#2991,#2992,#2993,#2994,#2995,#2996,
    #2997,#2998,#2999,#3000,#3001,#3002,#3003,#3004,#3005,#3006,#3007,
    #3008,#3009,#3010,#3011,#3012,#3013,#3014,#3015,#3016,#3017,#3018,
    #3019,#3020,#3021,#3022,#3023,#3024,#3025,#3026,#3027,#3028,#3029,
    #3030,#3031,#3032,#3033,#3034,#3035,#3036,#3037,#3038,#3039,#3040,
    #3041,#3042,#3043,#3044,#3045,#3046,#3047,#3048,#3049,#3050,#3051,
    #3052,#3053,#3054,#3055,#3056,#3057,#3058,#3059,#3060,#3061,#3062,
    #3063,#3064,#3065,#3066,#3067,#3068,#3069),.UNSPECIFIED.,.F.,.F.,(9,
    7,7,7,7,7,7,7,7,7,7,7,7,7,9),(0.,5.741422163176E-02,
    9.535327999236E-02,0.14730834246,0.298220735681,0.430213374504,
    0.456745694743,0.499993935932,0.543209981495,0.569730359318,
    0.701467367404,0.852513197552,0.904597683724,0.942561545915,1.),
  .UNSPECIFIED.);
#2970 = CARTESIAN_POINT('',(0.,50.));
#2971 = CARTESIAN_POINT('',(3.076855108389E-02,50.));
#2972 = CARTESIAN_POINT('',(6.147813044309E-02,49.956180875905));
#2973 = CARTESIAN_POINT('',(9.205076774223E-02,49.868837760467));
#2974 = CARTESIAN_POINT('',(0.122408390247,49.739022712997));
#2975 = CARTESIAN_POINT('',(0.152470842503,49.568541622076));
#2976 = CARTESIAN_POINT('',(0.182153949437,49.359947046298));
#2977 = CARTESIAN_POINT('',(0.211367622869,49.116526993038));
#2978 = CARTESIAN_POINT('',(0.258943415652,48.661074827748));
#2979 = CARTESIAN_POINT('',(0.277650000875,48.466165338321));
#2980 = CARTESIAN_POINT('',(0.296133835262,48.258373200489));
#2981 = CARTESIAN_POINT('',(0.314394526225,48.038509530845));
#2982 = CARTESIAN_POINT('',(0.332431248201,47.807383988497));
#2983 = CARTESIAN_POINT('',(0.350242770416,47.565804234503));
#2984 = CARTESIAN_POINT('',(0.367827484647,47.314575391301));
#2985 = CARTESIAN_POINT('',(0.408951270628,46.698342558576));
#2986 = CARTESIAN_POINT('',(0.43229785764,46.325477808839));
#2987 = CARTESIAN_POINT('',(0.455240197937,45.937607671617));
#2988 = CARTESIAN_POINT('',(0.477795027709,45.536291086053));
#2989 = CARTESIAN_POINT('',(0.499978972801,45.122948948887));
#2990 = CARTESIAN_POINT('',(0.521808706085,44.698869551588));
#2991 = CARTESIAN_POINT('',(0.543301104846,44.265214017492));
#2992 = CARTESIAN_POINT('',(0.625971995805,42.538598395939));
#2993 = CARTESIAN_POINT('',(0.68495047761,41.17837812598));
#2994 = CARTESIAN_POINT('',(0.741746315027,39.768282169188));
#2995 = CARTESIAN_POINT('',(0.796688117881,38.327797464996));
#2996 = CARTESIAN_POINT('',(0.850112423215,36.871346534398));
#2997 = CARTESIAN_POINT('',(0.902380463255,35.409736525244));
#2998 = CARTESIAN_POINT('',(0.953884258855,33.951830126119));
#2999 = CARTESIAN_POINT('',(1.049833580048,31.24727175916));
#3000 = CARTESIAN_POINT('',(1.093951378822,30.008413806199));
#3001 = CARTESIAN_POINT('',(1.137912737147,28.794568245434));
#3002 = CARTESIAN_POINT('',(1.182079879117,27.612761550201));
#3003 = CARTESIAN_POINT('',(1.226695006274,26.478249653626));
#3004 = CARTESIAN_POINT('',(1.271914322427,25.416380398929));
#3005 = CARTESIAN_POINT('',(1.317873390733,24.462625685786));
#3006 = CARTESIAN_POINT('',(1.374232033266,23.496788293724));
#3007 = CARTESIAN_POINT('',(1.383709124827,23.341089283389));
#3008 = CARTESIAN_POINT('',(1.39322925164,23.191747500909));
#3009 = CARTESIAN_POINT('',(1.402791585465,23.049160116283));
#3010 = CARTESIAN_POINT('',(1.412395773499,22.913716829447));
#3011 = CARTESIAN_POINT('',(1.422041930985,22.785799277265));
#3012 = CARTESIAN_POINT('',(1.431730633818,22.665780440502));
#3013 = CARTESIAN_POINT('',(1.457326728312,22.371858780224));
#3014 = CARTESIAN_POINT('',(1.473325870176,22.21142216437));
#3015 = CARTESIAN_POINT('',(1.489428768281,22.074803021535));
#3016 = CARTESIAN_POINT('',(1.505610869705,21.963698692758));
#3017 = CARTESIAN_POINT('',(1.5218529953,21.879409878213));
#3018 = CARTESIAN_POINT('',(1.538139786207,21.822839375191));
#3019 = CARTESIAN_POINT('',(1.554458238614,21.794494717703));
#3020 = CARTESIAN_POINT('',(1.587122252285,21.794494717703));
#3021 = CARTESIAN_POINT('',(1.603428608791,21.822797189618));
#3022 = CARTESIAN_POINT('',(1.619703381485,21.879283813125));
#3023 = CARTESIAN_POINT('',(1.635933581312,21.963448549558));
#3024 = CARTESIAN_POINT('',(1.652103872243,22.07439112405));
#3025 = CARTESIAN_POINT('',(1.66819511068,22.210814393837));
#3026 = CARTESIAN_POINT('',(1.684182797012,22.371025602743));
#3027 = CARTESIAN_POINT('',(1.70976372562,22.664577809751));
#3028 = CARTESIAN_POINT('',(1.719448487561,22.784471996336));
#3029 = CARTESIAN_POINT('',(1.729090750084,22.912260890355));
#3030 = CARTESIAN_POINT('',(1.738691085156,23.04757202422));
#3031 = CARTESIAN_POINT('',(1.748249604389,23.190024246156));
#3032 = CARTESIAN_POINT('',(1.757765951642,23.339228312393));
#3033 = CARTESIAN_POINT('',(1.767239295629,23.494787479346));
#3034 = CARTESIAN_POINT('',(1.823505958151,24.45858400322));
#3035 = CARTESIAN_POINT('',(1.86937916074,25.409930540652));
#3036 = CARTESIAN_POINT('',(1.914514024379,26.469104160884));
#3037 = CARTESIAN_POINT('',(1.959045734361,27.600814040662));
#3038 = CARTESIAN_POINT('',(2.003129776803,28.779814248106));
#3039 = CARTESIAN_POINT('',(2.047006879291,29.99088507953));
#3040 = CARTESIAN_POINT('',(2.091037004284,31.226995892183));
#3041 = CARTESIAN_POINT('',(2.186928909681,33.929771289305));
#3042 = CARTESIAN_POINT('',(2.238466460666,35.388838843925));
#3043 = CARTESIAN_POINT('',(2.290766009002,36.851745926401));
#3044 = CARTESIAN_POINT('',(2.344220276526,38.30959879863));
#3045 = CARTESIAN_POINT('',(2.399191188917,39.751574657343));
#3046 = CARTESIAN_POINT('',(2.456015934748,41.163239625702));
#3047 = CARTESIAN_POINT('',(2.515023770491,42.525092233724));
#3048 = CARTESIAN_POINT('',(2.597769605145,44.254665194585));
#3049 = CARTESIAN_POINT('',(2.619307678611,44.689584948971));
#3050 = CARTESIAN_POINT('',(2.641184416403,45.114901375321));
#3051 = CARTESIAN_POINT('',(2.663416836664,45.529446941552));
#3052 = CARTESIAN_POINT('',(2.686021749116,45.931925697934));
#3053 = CARTESIAN_POINT('',(2.709015914343,46.320907764686));
#3054 = CARTESIAN_POINT('',(2.732416203091,46.694823819572));
#3055 = CARTESIAN_POINT('',(2.773604505192,47.312272281223));
#3056 = CARTESIAN_POINT('',(2.791198245251,47.563731738003));
#3057 = CARTESIAN_POINT('',(2.809019037965,47.805535012584));
#3058 = CARTESIAN_POINT('',(2.827065294869,48.03687596421));
#3059 = CARTESIAN_POINT('',(2.845335804798,48.256945794705));
#3060 = CARTESIAN_POINT('',(2.863829761902,48.464933588549));
#3061 = CARTESIAN_POINT('',(2.882546793641,48.66002685296));
#3062 = CARTESIAN_POINT('',(2.930143070326,49.115843719249));
#3063 = CARTESIAN_POINT('',(2.95936728114,49.359444980254));
#3064 = CARTESIAN_POINT('',(2.989061580698,49.568200212212));
#3065 = CARTESIAN_POINT('',(3.019135710995,49.738815451206));
#3066 = CARTESIAN_POINT('',(3.04950534126,49.868733730063));
#3067 = CARTESIAN_POINT('',(3.080090169165,49.956146336854));
#3068 = CARTESIAN_POINT('',(3.11081197854,50.));
#3069 = CARTESIAN_POINT('',(3.14159265359,50.));
#3070 = ( GEOMETRIC_REPRESENTATION_CONTEXT(2) 
PARAMETRIC_REPRESENTATION_CONTEXT() REPRESENTATION_CONTEXT('2D SPACE',''
  ) );
#3071 = PCURVE('',#1897,#3072);
#3072 = DEFINITIONAL_REPRESENTATION('',(#3073),#3174);
#3073 = B_SPLINE_CURVE_WITH_KNOTS('',8,(#3074,#3075,#3076,#3077,#3078,
    #3079,#3080,#3081,#3082,#3083,#3084,#3085,#3086,#3087,#3088,#3089,
    #3090,#3091,#3092,#3093,#3094,#3095,#3096,#3097,#3098,#3099,#3100,
    #3101,#3102,#3103,#3104,#3105,#3106,#3107,#3108,#3109,#3110,#3111,
    #3112,#3113,#3114,#3115,#3116,#3117,#3118,#3119,#3120,#3121,#3122,
    #3123,#3124,#3125,#3126,#3127,#3128,#3129,#3130,#3131,#3132,#3133,
    #3134,#3135,#3136,#3137,#3138,#3139,#3140,#3141,#3142,#3143,#3144,
    #3145,#3146,#3147,#3148,#3149,#3150,#3151,#3152,#3153,#3154,#3155,
    #3156,#3157,#3158,#3159,#3160,#3161,#3162,#3163,#3164,#3165,#3166,
    #3167,#3168,#3169,#3170,#3171,#3172,#3173),.UNSPECIFIED.,.F.,.F.,(9,
    7,7,7,7,7,7,7,7,7,7,7,7,7,9),(0.,5.741422163176E-02,
    9.535327999236E-02,0.14730834246,0.298220735681,0.430213374504,
    0.456745694743,0.499993935932,0.543209981495,0.569730359318,
    0.701467367404,0.852513197552,0.904597683724,0.942561545915,1.),
  .UNSPECIFIED.);
#3074 = CARTESIAN_POINT('',(6.28318530718,95.));
#3075 = CARTESIAN_POINT('',(6.255493611204,95.));
#3076 = CARTESIAN_POINT('',(6.22785498789,94.95131211097));
#3077 = CARTESIAN_POINT('',(6.200347209533,94.854264138188));
#3078 = CARTESIAN_POINT('',(6.173047993733,94.709969177453));
#3079 = CARTESIAN_POINT('',(6.146036578031,94.520323503455));
#3080 = CARTESIAN_POINT('',(6.11939517438,94.288008411745));
#3081 = CARTESIAN_POINT('',(6.09321030343,94.016496014335));
#3082 = CARTESIAN_POINT('',(6.050633660842,93.507566786449));
#3083 = CARTESIAN_POINT('',(6.033910578085,93.28955847432));
#3084 = CARTESIAN_POINT('',(6.017406067391,93.056880999099));
#3085 = CARTESIAN_POINT('',(6.001121748379,92.810377066032));
#3086 = CARTESIAN_POINT('',(5.985059527776,92.550885608827));
#3087 = CARTESIAN_POINT('',(5.969221573923,92.279242259433));
#3088 = CARTESIAN_POINT('',(5.953610291275,91.996279817822));
#3089 = CARTESIAN_POINT('',(5.917163655538,91.300966612232));
#3090 = CARTESIAN_POINT('',(5.896522123574,90.879303426687));
#3091 = CARTESIAN_POINT('',(5.876290940676,90.439566703889));
#3092 = CARTESIAN_POINT('',(5.856457488048,89.983321995953));
#3093 = CARTESIAN_POINT('',(5.837009219357,89.511977591178));
#3094 = CARTESIAN_POINT('',(5.817933593639,89.026789236873));
#3095 = CARTESIAN_POINT('',(5.799218008223,88.528864862183));
#3096 = CARTESIAN_POINT('',(5.727495920724,86.538671091266));
#3097 = CARTESIAN_POINT('',(5.676915759799,84.954507943669));
#3098 = CARTESIAN_POINT('',(5.628877042319,83.290658957456));
#3099 = CARTESIAN_POINT('',(5.583167990164,81.563295999889));
#3100 = CARTESIAN_POINT('',(5.539592860354,79.781979346098));
#3101 = CARTESIAN_POINT('',(5.497978303125,77.950156095431));
#3102 = CARTESIAN_POINT('',(5.458190599701,76.065801114505));
#3103 = CARTESIAN_POINT('',(5.386997237833,72.420790784472));
#3104 = CARTESIAN_POINT('',(5.355465225547,70.689558661841));
#3105 = CARTESIAN_POINT('',(5.325423422258,68.917014670189));
#3106 = CARTESIAN_POINT('',(5.296879211511,67.09355601008));
#3107 = CARTESIAN_POINT('',(5.270053350683,65.21298899356));
#3108 = CARTESIAN_POINT('',(5.245386957676,63.272731927045));
#3109 = CARTESIAN_POINT('',(5.223530021839,61.271464478235));
#3110 = CARTESIAN_POINT('',(5.20160338551,58.78894579607));
#3111 = CARTESIAN_POINT('',(5.198076942131,58.370557273366));
#3112 = CARTESIAN_POINT('',(5.194701882316,57.949378136523));
#3113 = CARTESIAN_POINT('',(5.191486002961,57.525488751293));
#3114 = CARTESIAN_POINT('',(5.188436936921,57.098951072322));
#3115 = CARTESIAN_POINT('',(5.18556215818,56.66980865683));
#3116 = CARTESIAN_POINT('',(5.182868987029,56.2380866783));
#3117 = CARTESIAN_POINT('',(5.176282383832,55.095882363721));
#3118 = CARTESIAN_POINT('',(5.172696724287,54.38026471275));
#3119 = CARTESIAN_POINT('',(5.16965022273,53.658569705309));
#3120 = CARTESIAN_POINT('',(5.16717695658,52.932152387774));
#3121 = CARTESIAN_POINT('',(5.165302796323,52.20215072253));
#3122 = CARTESIAN_POINT('',(5.164045673106,51.469544413309));
#3123 = CARTESIAN_POINT('',(5.163415792181,50.73521396815));
#3124 = CARTESIAN_POINT('',(5.163415792181,49.265333352932));
#3125 = CARTESIAN_POINT('',(5.16404473565,48.531547223707));
#3126 = CARTESIAN_POINT('',(5.165299994873,47.799481065624));
#3127 = CARTESIAN_POINT('',(5.167171394642,47.070014073292));
#3128 = CARTESIAN_POINT('',(5.16964105358,46.344124295084));
#3129 = CARTESIAN_POINT('',(5.172683171523,45.622947509392));
#3130 = CARTESIAN_POINT('',(5.176263762968,44.907835864683));
#3131 = CARTESIAN_POINT('',(5.182842006292,43.76629431934));
#3132 = CARTESIAN_POINT('',(5.185532343081,43.334741930722));
#3133 = CARTESIAN_POINT('',(5.18840418564,42.905766054872));
#3134 = CARTESIAN_POINT('',(5.191450223526,42.479391988951));
#3135 = CARTESIAN_POINT('',(5.194662991984,42.055663403591));
#3136 = CARTESIAN_POINT('',(5.19803486678,41.634642356586));
#3137 = CARTESIAN_POINT('',(5.201558059026,41.216409306582));
#3138 = CARTESIAN_POINT('',(5.223437791625,38.73787747332));
#3139 = CARTESIAN_POINT('',(5.245238492604,36.740238630677));
#3140 = CARTESIAN_POINT('',(5.269840147839,34.803417364039));
#3141 = CARTESIAN_POINT('',(5.296595960509,32.926082683404));
#3142 = CARTESIAN_POINT('',(5.325066415622,31.105659889415));
#3143 = CARTESIAN_POINT('',(5.355030875863,29.335991785649));
#3144 = CARTESIAN_POINT('',(5.386480820846,27.607526817625));
#3145 = CARTESIAN_POINT('',(5.457590419207,23.962810933087));
#3146 = CARTESIAN_POINT('',(5.497387468776,22.076170277054));
#3147 = CARTESIAN_POINT('',(5.539013869726,20.242147602402));
#3148 = CARTESIAN_POINT('',(5.582602758761,18.458688395531));
#3149 = CARTESIAN_POINT('',(5.628327316065,16.729215348309));
#3150 = CARTESIAN_POINT('',(5.676383348094,15.063273199142));
#3151 = CARTESIAN_POINT('',(5.726982845531,13.477029104289));
#3152 = CARTESIAN_POINT('',(5.798763577535,11.483249516847));
#3153 = CARTESIAN_POINT('',(5.817517541585,10.983836758126));
#3154 = CARTESIAN_POINT('',(5.836633066777,10.497203776499));
#3155 = CARTESIAN_POINT('',(5.856122860998,10.024464161354));
#3156 = CARTESIAN_POINT('',(5.875999569141,9.566880806021));
#3157 = CARTESIAN_POINT('',(5.896275840902,9.125870687247));
#3158 = CARTESIAN_POINT('',(5.916964398566,8.703009644663));
#3159 = CARTESIAN_POINT('',(5.953467674566,8.006314537874));
#3160 = CARTESIAN_POINT('',(5.969086768933,7.723088731769));
#3161 = CARTESIAN_POINT('',(5.984932789293,7.451191056337));
#3162 = CARTESIAN_POINT('',(6.001003347307,7.191455320182));
#3163 = CARTESIAN_POINT('',(6.017296290579,6.944718297435));
#3164 = CARTESIAN_POINT('',(6.033809728325,6.711820199076));
#3165 = CARTESIAN_POINT('',(6.050542057048,6.49360514425));
#3166 = CARTESIAN_POINT('',(6.09313684086,5.984266118572));
#3167 = CARTESIAN_POINT('',(6.119331070348,5.712550747051));
#3168 = CARTESIAN_POINT('',(6.145982460261,5.480056283846));
#3169 = CARTESIAN_POINT('',(6.173004332635,5.290261201682));
#3170 = CARTESIAN_POINT('',(6.200314328386,5.145851451171));
#3171 = CARTESIAN_POINT('',(6.227833069308,5.048726265815));
#3172 = CARTESIAN_POINT('',(6.255482699635,5.));
#3173 = CARTESIAN_POINT('',(6.28318530718,5.));
#3174 = ( GEOMETRIC_REPRESENTATION_CONTEXT(2) 
PARAMETRIC_REPRESENTATION_CONTEXT() REPRESENTATION_CONTEXT('2D SPACE',''
  ) );
#3175 = ORIENTED_EDGE('',*,*,#3176,.T.);
#3176 = EDGE_CURVE('',#2863,#3177,#3179,.T.);
#3177 = VERTEX_POINT('',#3178);
#3178 = CARTESIAN_POINT('',(-350.,260.,383.));
#3179 = SURFACE_CURVE('',#3180,(#3281,#3385),.PCURVE_S1.);
#3180 = B_SPLINE_CURVE_WITH_KNOTS('',8,(#3181,#3182,#3183,#3184,#3185,
    #3186,#3187,#3188,#3189,#3190,#3191,#3192,#3193,#3194,#3195,#3196,
    #3197,#3198,#3199,#3200,#3201,#3202,#3203,#3204,#3205,#3206,#3207,
    #3208,#3209,#3210,#3211,#3212,#3213,#3214,#3215,#3216,#3217,#3218,
    #3219,#3220,#3221,#3222,#3223,#3224,#3225,#3226,#3227,#3228,#3229,
    #3230,#3231,#3232,#3233,#3234,#3235,#3236,#3237,#3238,#3239,#3240,
    #3241,#3242,#3243,#3244,#3245,#3246,#3247,#3248,#3249,#3250,#3251,
    #3252,#3253,#3254,#3255,#3256,#3257,#3258,#3259,#3260,#3261,#3262,
    #3263,#3264,#3265,#3266,#3267,#3268,#3269,#3270,#3271,#3272,#3273,
    #3274,#3275,#3276,#3277,#3278,#3279,#3280),.UNSPECIFIED.,.F.,.F.,(9,
    7,7,7,7,7,7,7,7,7,7,7,7,7,9),(0.,5.741422151449E-02,
    9.535327979764E-02,0.147308342896,0.298220736042,0.430213374801,
    0.456745695025,0.49999393619,0.543209981729,0.569730359537,
    0.701467367552,0.852513197617,0.904597683762,0.942561545933,1.),
  .UNSPECIFIED.);
#3181 = CARTESIAN_POINT('',(-350.,260.,293.));
#3182 = CARTESIAN_POINT('',(-350.,261.38458479877,293.));
#3183 = CARTESIAN_POINT('',(-350.043819124,262.76651577814,
    293.04868788903));
#3184 = CARTESIAN_POINT('',(-350.1311622395,264.14028726097,
    293.14573586181));
#3185 = CARTESIAN_POINT('',(-350.260977287,265.50042023051,
    293.29003082254));
#3186 = CARTESIAN_POINT('',(-350.4314583779,266.84148658466,
    293.47967649654));
#3187 = CARTESIAN_POINT('',(-350.6400529537,268.15813169876,
    293.71199158825));
#3188 = CARTESIAN_POINT('',(-350.8834730069,269.44509529687,
    293.98350398566));
#3189 = CARTESIAN_POINT('',(-351.3389251722,271.52463600588,
    294.49243321355));
#3190 = CARTESIAN_POINT('',(-351.5338346616,272.33792127338,
    294.71044152568));
#3191 = CARTESIAN_POINT('',(-351.7416267995,273.13681824611,
    294.9431190009));
#3192 = CARTESIAN_POINT('',(-351.9614904691,273.92108329788,
    295.18962293396));
#3193 = CARTESIAN_POINT('',(-352.1926160115,274.69049735852,
    295.44911439117));
#3194 = CARTESIAN_POINT('',(-352.4341957654,275.44486590819,
    295.72075774056));
#3195 = CARTESIAN_POINT('',(-352.6854246086,276.18401897155,
    296.00372018217));
#3196 = CARTESIAN_POINT('',(-353.3016574464,277.89899718878,
    296.69903339346));
#3197 = CARTESIAN_POINT('',(-353.6745221879,278.86169954709,
    297.12069656963));
#3198 = CARTESIAN_POINT('',(-354.0623923231,279.79645276964,
    297.56043329014));
#3199 = CARTESIAN_POINT('',(-354.4637089141,280.70385707183,
    298.01667800432));
#3200 = CARTESIAN_POINT('',(-354.8770510565,281.58456772942,
    298.48802241507));
#3201 = CARTESIAN_POINT('',(-355.3011304513,282.43928450601,
    298.97321076647));
#3202 = CARTESIAN_POINT('',(-355.7347859769,283.26874108055,
    299.47113513137));
#3203 = CARTESIAN_POINT('',(-357.461401604,286.41181969038,
    301.46132890874));
#3204 = CARTESIAN_POINT('',(-358.8216218739,288.55007663365,
    303.04549205622));
#3205 = CARTESIAN_POINT('',(-360.231717831,290.50274796776,
    304.7093410428));
#3206 = CARTESIAN_POINT('',(-361.6722025347,292.28518636342,
    306.43670399977));
#3207 = CARTESIAN_POINT('',(-363.1286534658,293.91240262406,
    308.21802065418));
#3208 = CARTESIAN_POINT('',(-364.5902634746,295.39822397974,
    310.04984390442));
#3209 = CARTESIAN_POINT('',(-366.0481698739,296.75430469441,
    311.93419888553));
#3210 = CARTESIAN_POINT('',(-368.7527282408,299.06873788084,
    315.57920921549));
#3211 = CARTESIAN_POINT('',(-369.9915861938,300.04591497716,
    317.31044133814));
#3212 = CARTESIAN_POINT('',(-371.2054317547,300.93342762893,
    319.08298533004));
#3213 = CARTESIAN_POINT('',(-372.3872384495,301.73644758571,
    320.90644398956));
#3214 = CARTESIAN_POINT('',(-373.5217503465,302.45429799728,
    322.78701100659));
#3215 = CARTESIAN_POINT('',(-374.583619601,303.08278114392,
    324.72726807301));
#3216 = CARTESIAN_POINT('',(-375.5373743141,303.61666217382,
    326.7285355217));
#3217 = CARTESIAN_POINT('',(-376.5032117062,304.13541219447,
    329.21105420391));
#3218 = CARTESIAN_POINT('',(-376.6589107166,304.21816437331,
    329.62944272662));
#3219 = CARTESIAN_POINT('',(-376.808252499,304.29674797627,
    330.05062186347));
#3220 = CARTESIAN_POINT('',(-376.9508398837,304.37107331477,
    330.4745112487));
#3221 = CARTESIAN_POINT('',(-377.0862831705,304.4410566131,
    330.90104892768));
#3222 = CARTESIAN_POINT('',(-377.2142007227,304.50661803917,
    331.33019134317));
#3223 = CARTESIAN_POINT('',(-377.3342195594,304.56767973507,
    331.76191332169));
#3224 = CARTESIAN_POINT('',(-377.6281412197,304.716234142,
    332.90411763626));
#3225 = CARTESIAN_POINT('',(-377.7885778356,304.79625542478,
    333.61973528723));
#3226 = CARTESIAN_POINT('',(-377.9251969784,304.86362574953,
    334.34143029469));
#3227 = CARTESIAN_POINT('',(-378.0363013072,304.9179273875,
    335.06784761224));
#3228 = CARTESIAN_POINT('',(-378.1205901217,304.95887380911,
    335.79784927747));
#3229 = CARTESIAN_POINT('',(-378.1771606248,304.98627198405,
    336.53045558668));
#3230 = CARTESIAN_POINT('',(-378.2055052822,305.,337.26478603183));
#3231 = CARTESIAN_POINT('',(-378.2055052822,305.,338.73466664708));
#3232 = CARTESIAN_POINT('',(-378.1772028103,304.98629241584,
    339.46845277629));
#3233 = CARTESIAN_POINT('',(-378.1207161868,304.95893486468,
    340.20051893436));
#3234 = CARTESIAN_POINT('',(-378.0365514504,304.91804890428,
    340.92998592669));
#3235 = CARTESIAN_POINT('',(-377.9256088759,304.86382706262,
    341.6558757049));
#3236 = CARTESIAN_POINT('',(-377.7891856061,304.79655512682,
    342.37705249061));
#3237 = CARTESIAN_POINT('',(-377.6289743972,304.71664969127,
    343.09216413533));
#3238 = CARTESIAN_POINT('',(-377.3354221902,304.56829095426,
    344.23370568066));
#3239 = CARTESIAN_POINT('',(-377.2155280036,304.5072967879,
    344.66525806927));
#3240 = CARTESIAN_POINT('',(-377.0877391096,304.44180621471,
    345.09423394512));
#3241 = CARTESIAN_POINT('',(-376.9524279757,304.37189699778,
    345.52060801104));
#3242 = CARTESIAN_POINT('',(-376.8099757538,304.2976488817,
    345.9443365964));
#3243 = CARTESIAN_POINT('',(-376.6607716876,304.21914555976,
    346.36535764341));
#3244 = CARTESIAN_POINT('',(-376.5052125206,304.1364766411,
    346.78359069342));
#3245 = CARTESIAN_POINT('',(-375.5414159967,303.6188831645,
    349.26212252663));
#3246 = CARTESIAN_POINT('',(-374.5900694593,303.08645887758,
    351.25976136943));
#3247 = CARTESIAN_POINT('',(-373.5308958391,302.45978550279,
    353.19658263582));
#3248 = CARTESIAN_POINT('',(-372.3991859593,301.74407597645,
    355.07391731672));
#3249 = CARTESIAN_POINT('',(-371.2201857519,300.94350925319,
    356.89434011048));
#3250 = CARTESIAN_POINT('',(-370.0091149204,300.05877442101,
    358.66400821441));
#3251 = CARTESIAN_POINT('',(-368.7730041078,299.0847570518,
    360.39247318235));
#3252 = CARTESIAN_POINT('',(-366.0702287106,296.77468289699,
    364.03718906692));
#3253 = CARTESIAN_POINT('',(-364.6111611561,295.41916412626,
    365.9238297229));
#3254 = CARTESIAN_POINT('',(-363.1482540735,293.93378457088,
    367.75785239772));
#3255 = CARTESIAN_POINT('',(-361.6904012014,292.30689398912,
    369.54131160428));
#3256 = CARTESIAN_POINT('',(-360.2484253425,290.5246561096,
    371.27078465183));
#3257 = CARTESIAN_POINT('',(-358.8367603743,288.57204130677,
    372.9367268008));
#3258 = CARTESIAN_POINT('',(-357.4749077662,286.43366958933,
    374.52297089572));
#3259 = CARTESIAN_POINT('',(-355.7453348054,283.28887053526,
    376.51675048316));
#3260 = CARTESIAN_POINT('',(-355.310415051,282.45790828681,
    377.01616324187));
#3261 = CARTESIAN_POINT('',(-354.8850986246,281.6015758579,
    377.5027962235));
#3262 = CARTESIAN_POINT('',(-354.4705530584,280.71913321181,
    377.97553583864));
#3263 = CARTESIAN_POINT('',(-354.068074302,279.80987440308,
    378.43311919397));
#3264 = CARTESIAN_POINT('',(-353.6790922353,278.87313829783,
    378.87412931275));
#3265 = CARTESIAN_POINT('',(-353.3051761804,277.908319294,
    379.29699035534));
#3266 = CARTESIAN_POINT('',(-352.6877277187,276.19076862694,
    379.99368546212));
#3267 = CARTESIAN_POINT('',(-352.4362682619,275.45128124206,
    380.27691126823));
#3268 = CARTESIAN_POINT('',(-352.1944649874,274.69656044888,
    380.54880894366));
#3269 = CARTESIAN_POINT('',(-351.9631240357,273.92677539815,
    380.80854467981));
#3270 = CARTESIAN_POINT('',(-351.7430542052,273.14211983865,
    381.05528170256));
#3271 = CARTESIAN_POINT('',(-351.5350664114,272.34281212645,
    381.28817980092));
#3272 = CARTESIAN_POINT('',(-351.339973147,271.52909523404,
    381.50639485575));
#3273 = CARTESIAN_POINT('',(-350.8841562806,269.44870584609,
    382.01573388149));
#3274 = CARTESIAN_POINT('',(-350.6405550197,268.1612997681,
    382.28744925295));
#3275 = CARTESIAN_POINT('',(-350.4317997878,266.84417346288,
    382.51994371611));
#3276 = CARTESIAN_POINT('',(-350.2611845488,265.50259560528,
    382.70973879828));
#3277 = CARTESIAN_POINT('',(-350.1312662699,264.14192940591,
    382.85414854883));
#3278 = CARTESIAN_POINT('',(-350.0438536631,262.76761170718,
    382.9512737342));
#3279 = CARTESIAN_POINT('',(-350.,261.38513037695,383.));
#3280 = CARTESIAN_POINT('',(-350.,260.,383.));
#3281 = PCURVE('',#2155,#3282);
#3282 = DEFINITIONAL_REPRESENTATION('',(#3283),#3384);
#3283 = B_SPLINE_CURVE_WITH_KNOTS('',8,(#3284,#3285,#3286,#3287,#3288,
    #3289,#3290,#3291,#3292,#3293,#3294,#3295,#3296,#3297,#3298,#3299,
    #3300,#3301,#3302,#3303,#3304,#3305,#3306,#3307,#3308,#3309,#3310,
    #3311,#3312,#3313,#3314,#3315,#3316,#3317,#3318,#3319,#3320,#3321,
    #3322,#3323,#3324,#3325,#3326,#3327,#3328,#3329,#3330,#3331,#3332,
    #3333,#3334,#3335,#3336,#3337,#3338,#3339,#3340,#3341,#3342,#3343,
    #3344,#3345,#3346,#3347,#3348,#3349,#3350,#3351,#3352,#3353,#3354,
    #3355,#3356,#3357,#3358,#3359,#3360,#3361,#3362,#3363,#3364,#3365,
    #3366,#3367,#3368,#3369,#3370,#3371,#3372,#3373,#3374,#3375,#3376,
    #3377,#3378,#3379,#3380,#3381,#3382,#3383),.UNSPECIFIED.,.F.,.F.,(9,
    7,7,7,7,7,7,7,7,7,7,7,7,7,9),(0.,5.741422151449E-02,
    9.535327979764E-02,0.147308342896,0.298220736042,0.430213374801,
    0.456745695025,0.49999393619,0.543209981729,0.569730359537,
    0.701467367552,0.852513197617,0.904597683762,0.942561545933,1.),
  .UNSPECIFIED.);
#3284 = CARTESIAN_POINT('',(3.14159265359,50.));
#3285 = CARTESIAN_POINT('',(3.172361204674,50.));
#3286 = CARTESIAN_POINT('',(3.203070784033,49.956180875905));
#3287 = CARTESIAN_POINT('',(3.233643421332,49.868837760467));
#3288 = CARTESIAN_POINT('',(3.264001043836,49.739022712997));
#3289 = CARTESIAN_POINT('',(3.294063496093,49.568541622076));
#3290 = CARTESIAN_POINT('',(3.323746603026,49.359947046298));
#3291 = CARTESIAN_POINT('',(3.352960276459,49.116526993037));
#3292 = CARTESIAN_POINT('',(3.400536069242,48.661074827748));
#3293 = CARTESIAN_POINT('',(3.419242654464,48.466165338321));
#3294 = CARTESIAN_POINT('',(3.437726488852,48.258373200489));
#3295 = CARTESIAN_POINT('',(3.455987179814,48.038509530845));
#3296 = CARTESIAN_POINT('',(3.474023901791,47.807383988497));
#3297 = CARTESIAN_POINT('',(3.491835424006,47.565804234503));
#3298 = CARTESIAN_POINT('',(3.509420138237,47.314575391301));
#3299 = CARTESIAN_POINT('',(3.550543924555,46.698342553525));
#3300 = CARTESIAN_POINT('',(3.573890511073,46.325477812038));
#3301 = CARTESIAN_POINT('',(3.596832851209,45.937607676872));
#3302 = CARTESIAN_POINT('',(3.619387681269,45.536291085855));
#3303 = CARTESIAN_POINT('',(3.641571626675,45.12294894343));
#3304 = CARTESIAN_POINT('',(3.66340135986,44.698869548635));
#3305 = CARTESIAN_POINT('',(3.684893758168,44.265214023081));
#3306 = CARTESIAN_POINT('',(3.767564649396,42.538598395928));
#3307 = CARTESIAN_POINT('',(3.826543131197,41.178378126067));
#3308 = CARTESIAN_POINT('',(3.883338968624,39.768282168989));
#3309 = CARTESIAN_POINT('',(3.938280771462,38.327797465235));
#3310 = CARTESIAN_POINT('',(3.991705076812,36.871346534206));
#3311 = CARTESIAN_POINT('',(4.043973116842,35.409736525346));
#3312 = CARTESIAN_POINT('',(4.095476912446,33.951830126089));
#3313 = CARTESIAN_POINT('',(4.191426233637,31.247271759182));
#3314 = CARTESIAN_POINT('',(4.235544032413,30.008413806198));
#3315 = CARTESIAN_POINT('',(4.27950539074,28.794568245291));
#3316 = CARTESIAN_POINT('',(4.3236725327,27.612761550441));
#3317 = CARTESIAN_POINT('',(4.368287659866,26.478249653494));
#3318 = CARTESIAN_POINT('',(4.413506976019,25.416380398925));
#3319 = CARTESIAN_POINT('',(4.459466044321,24.46262568581));
#3320 = CARTESIAN_POINT('',(4.515824686856,23.496788293728));
#3321 = CARTESIAN_POINT('',(4.525301778416,23.341089283392));
#3322 = CARTESIAN_POINT('',(4.53482190523,23.19174750091));
#3323 = CARTESIAN_POINT('',(4.544384239055,23.049160116282));
#3324 = CARTESIAN_POINT('',(4.553988427089,22.913716829446));
#3325 = CARTESIAN_POINT('',(4.563634584575,22.785799277264));
#3326 = CARTESIAN_POINT('',(4.573323287408,22.665780440503));
#3327 = CARTESIAN_POINT('',(4.598919381902,22.371858780228));
#3328 = CARTESIAN_POINT('',(4.614918523766,22.211422164372));
#3329 = CARTESIAN_POINT('',(4.631021421871,22.074803021533));
#3330 = CARTESIAN_POINT('',(4.647203523295,21.963698692756));
#3331 = CARTESIAN_POINT('',(4.66344564889,21.879409878213));
#3332 = CARTESIAN_POINT('',(4.679732439796,21.822839375193));
#3333 = CARTESIAN_POINT('',(4.696050892203,21.794494717703));
#3334 = CARTESIAN_POINT('',(4.728714905875,21.794494717703));
#3335 = CARTESIAN_POINT('',(4.745021262381,21.822797189619));
#3336 = CARTESIAN_POINT('',(4.761296035075,21.879283813125));
#3337 = CARTESIAN_POINT('',(4.777526234902,21.963448549557));
#3338 = CARTESIAN_POINT('',(4.793696525833,22.074391124048));
#3339 = CARTESIAN_POINT('',(4.809787764269,22.210814393837));
#3340 = CARTESIAN_POINT('',(4.825775450602,22.371025602746));
#3341 = CARTESIAN_POINT('',(4.851356379209,22.664577809751));
#3342 = CARTESIAN_POINT('',(4.861041141151,22.784471996336));
#3343 = CARTESIAN_POINT('',(4.870683403673,22.912260890354));
#3344 = CARTESIAN_POINT('',(4.880283738746,23.047572024218));
#3345 = CARTESIAN_POINT('',(4.889842257979,23.190024246155));
#3346 = CARTESIAN_POINT('',(4.899358605232,23.339228312395));
#3347 = CARTESIAN_POINT('',(4.908831949219,23.49478747935));
#3348 = CARTESIAN_POINT('',(4.96509861174,24.458584003201));
#3349 = CARTESIAN_POINT('',(5.010971814332,25.409930540689));
#3350 = CARTESIAN_POINT('',(5.056106677966,26.469104160854));
#3351 = CARTESIAN_POINT('',(5.100638387955,27.60081404069));
#3352 = CARTESIAN_POINT('',(5.144722430389,28.779814248067));
#3353 = CARTESIAN_POINT('',(5.188599532883,29.990885079568));
#3354 = CARTESIAN_POINT('',(5.232629657873,31.226995892166));
#3355 = CARTESIAN_POINT('',(5.328521563271,33.929771289311));
#3356 = CARTESIAN_POINT('',(5.380059114253,35.388838843893));
#3357 = CARTESIAN_POINT('',(5.432358662598,36.851745926499));
#3358 = CARTESIAN_POINT('',(5.485812930106,38.309598798483));
#3359 = CARTESIAN_POINT('',(5.540783842515,39.751574657461));
#3360 = CARTESIAN_POINT('',(5.597608588335,41.163239625653));
#3361 = CARTESIAN_POINT('',(5.656616424081,42.525092233736));
#3362 = CARTESIAN_POINT('',(5.739362258735,44.254665194591));
#3363 = CARTESIAN_POINT('',(5.760900332201,44.689584948975));
#3364 = CARTESIAN_POINT('',(5.782777069992,45.114901375322));
#3365 = CARTESIAN_POINT('',(5.805009490254,45.529446941551));
#3366 = CARTESIAN_POINT('',(5.827614402705,45.931925697934));
#3367 = CARTESIAN_POINT('',(5.850608567933,46.320907764688));
#3368 = CARTESIAN_POINT('',(5.874008856681,46.694823819575));
#3369 = CARTESIAN_POINT('',(5.915197158782,47.312272281224));
#3370 = CARTESIAN_POINT('',(5.932790898841,47.563731738004));
#3371 = CARTESIAN_POINT('',(5.950611691555,47.805535012584));
#3372 = CARTESIAN_POINT('',(5.968657948458,48.03687596421));
#3373 = CARTESIAN_POINT('',(5.986928458388,48.256945794705));
#3374 = CARTESIAN_POINT('',(6.005422415491,48.464933588549));
#3375 = CARTESIAN_POINT('',(6.024139447231,48.660026852959));
#3376 = CARTESIAN_POINT('',(6.071735723922,49.115843719311));
#3377 = CARTESIAN_POINT('',(6.100959934732,49.359444980259));
#3378 = CARTESIAN_POINT('',(6.130654234284,49.568200212175));
#3379 = CARTESIAN_POINT('',(6.160728364579,49.738815451177));
#3380 = CARTESIAN_POINT('',(6.191097994847,49.868733730067));
#3381 = CARTESIAN_POINT('',(6.221682822758,49.956146336872));
#3382 = CARTESIAN_POINT('',(6.252404632136,50.));
#3383 = CARTESIAN_POINT('',(6.28318530718,50.));
#3384 = ( GEOMETRIC_REPRESENTATION_CONTEXT(2) 
PARAMETRIC_REPRESENTATION_CONTEXT() REPRESENTATION_CONTEXT('2D SPACE',''
  ) );
#3385 = PCURVE('',#1897,#3386);
#3386 = DEFINITIONAL_REPRESENTATION('',(#3387),#3488);
#3387 = B_SPLINE_CURVE_WITH_KNOTS('',8,(#3388,#3389,#3390,#3391,#3392,
    #3393,#3394,#3395,#3396,#3397,#3398,#3399,#3400,#3401,#3402,#3403,
    #3404,#3405,#3406,#3407,#3408,#3409,#3410,#3411,#3412,#3413,#3414,
    #3415,#3416,#3417,#3418,#3419,#3420,#3421,#3422,#3423,#3424,#3425,
    #3426,#3427,#3428,#3429,#3430,#3431,#3432,#3433,#3434,#3435,#3436,
    #3437,#3438,#3439,#3440,#3441,#3442,#3443,#3444,#3445,#3446,#3447,
    #3448,#3449,#3450,#3451,#3452,#3453,#3454,#3455,#3456,#3457,#3458,
    #3459,#3460,#3461,#3462,#3463,#3464,#3465,#3466,#3467,#3468,#3469,
    #3470,#3471,#3472,#3473,#3474,#3475,#3476,#3477,#3478,#3479,#3480,
    #3481,#3482,#3483,#3484,#3485,#3486,#3487),.UNSPECIFIED.,.F.,.F.,(9,
    7,7,7,7,7,7,7,7,7,7,7,7,7,9),(0.,5.741422151449E-02,
    9.535327979764E-02,0.147308342896,0.298220736042,0.430213374801,
    0.456745695025,0.49999393619,0.543209981729,0.569730359537,
    0.701467367552,0.852513197617,0.904597683762,0.942561545933,1.),
  .UNSPECIFIED.);
#3388 = CARTESIAN_POINT('',(0.,5.));
#3389 = CARTESIAN_POINT('',(2.769169597552E-02,5.));
#3390 = CARTESIAN_POINT('',(5.533031929006E-02,5.04868788903));
#3391 = CARTESIAN_POINT('',(8.283809764693E-02,5.145735861813));
#3392 = CARTESIAN_POINT('',(0.110137313447,5.290030822547));
#3393 = CARTESIAN_POINT('',(0.137148729148,5.479676496544));
#3394 = CARTESIAN_POINT('',(0.1637901328,5.711991588255));
#3395 = CARTESIAN_POINT('',(0.189975003749,5.983503985666));
#3396 = CARTESIAN_POINT('',(0.232551646338,6.492433213551));
#3397 = CARTESIAN_POINT('',(0.249274729095,6.71044152568));
#3398 = CARTESIAN_POINT('',(0.265779239789,6.943119000901));
#3399 = CARTESIAN_POINT('',(0.282063558801,7.189622933969));
#3400 = CARTESIAN_POINT('',(0.298125779404,7.449114391174));
#3401 = CARTESIAN_POINT('',(0.313963733257,7.720757740568));
#3402 = CARTESIAN_POINT('',(0.329575015904,8.003720182179));
#3403 = CARTESIAN_POINT('',(0.366021651941,8.699033393466));
#3404 = CARTESIAN_POINT('',(0.386663183469,9.120696569636));
#3405 = CARTESIAN_POINT('',(0.406894366224,9.560433290144));
#3406 = CARTESIAN_POINT('',(0.426727819102,10.016678004327));
#3407 = CARTESIAN_POINT('',(0.446176088071,10.488022415078));
#3408 = CARTESIAN_POINT('',(0.465251713704,10.97321076647));
#3409 = CARTESIAN_POINT('',(0.483967298725,11.471135131375));
#3410 = CARTESIAN_POINT('',(0.555689386456,13.461328908747));
#3411 = CARTESIAN_POINT('',(0.606269547377,15.045492056227));
#3412 = CARTESIAN_POINT('',(0.654308264866,16.709341042797));
#3413 = CARTESIAN_POINT('',(0.700017317009,18.436703999784));
#3414 = CARTESIAN_POINT('',(0.743592446831,20.218020654179));
#3415 = CARTESIAN_POINT('',(0.785207004052,22.049843904422));
#3416 = CARTESIAN_POINT('',(0.82499470748,23.934198885536));
#3417 = CARTESIAN_POINT('',(0.896188069346,27.579209215498));
#3418 = CARTESIAN_POINT('',(0.927720081633,29.310441338148));
#3419 = CARTESIAN_POINT('',(0.957761884926,31.082985330043));
#3420 = CARTESIAN_POINT('',(0.986306095661,32.906443989562));
#3421 = CARTESIAN_POINT('',(1.013131956501,34.787011006597));
#3422 = CARTESIAN_POINT('',(1.037798349503,36.727268073012));
#3423 = CARTESIAN_POINT('',(1.05965528534,38.728535521705));
#3424 = CARTESIAN_POINT('',(1.08158192167,41.211054203919));
#3425 = CARTESIAN_POINT('',(1.085108365048,41.629442726624));
#3426 = CARTESIAN_POINT('',(1.088483424864,42.050621863474));
#3427 = CARTESIAN_POINT('',(1.091699304219,42.474511248709));
#3428 = CARTESIAN_POINT('',(1.094748370259,42.901048927682));
#3429 = CARTESIAN_POINT('',(1.097623148999,43.330191343172));
#3430 = CARTESIAN_POINT('',(1.100316320151,43.761913321697));
#3431 = CARTESIAN_POINT('',(1.106902923348,44.904117636262));
#3432 = CARTESIAN_POINT('',(1.110488582892,45.619735287237));
#3433 = CARTESIAN_POINT('',(1.11353508445,46.341430294698));
#3434 = CARTESIAN_POINT('',(1.116008350599,47.067847612244));
#3435 = CARTESIAN_POINT('',(1.117882510857,47.797849277477));
#3436 = CARTESIAN_POINT('',(1.119139634074,48.53045558668));
#3437 = CARTESIAN_POINT('',(1.119769514999,49.264786031837));
#3438 = CARTESIAN_POINT('',(1.119769514999,50.734666647083));
#3439 = CARTESIAN_POINT('',(1.119140571529,51.468452776296));
#3440 = CARTESIAN_POINT('',(1.117885312306,52.200518934369));
#3441 = CARTESIAN_POINT('',(1.116013912538,52.929985926697));
#3442 = CARTESIAN_POINT('',(1.1135442536,53.655875704908));
#3443 = CARTESIAN_POINT('',(1.110502135657,54.37705249061));
#3444 = CARTESIAN_POINT('',(1.106921544212,55.092164135332));
#3445 = CARTESIAN_POINT('',(1.100343300887,56.233705680661));
#3446 = CARTESIAN_POINT('',(1.097652964099,56.665258069277));
#3447 = CARTESIAN_POINT('',(1.094781121539,57.094233945124));
#3448 = CARTESIAN_POINT('',(1.091735083654,57.520608011044));
#3449 = CARTESIAN_POINT('',(1.088522315195,57.944336596408));
#3450 = CARTESIAN_POINT('',(1.0851504404,58.365357643419));
#3451 = CARTESIAN_POINT('',(1.081627248153,58.783590693427));
#3452 = CARTESIAN_POINT('',(1.059747515555,61.26212252663));
#3453 = CARTESIAN_POINT('',(1.037946814575,63.25976136943));
#3454 = CARTESIAN_POINT('',(1.013345159342,65.196582635853));
#3455 = CARTESIAN_POINT('',(0.986589346669,67.073917316684));
#3456 = CARTESIAN_POINT('',(0.958118891559,68.894340110511));
#3457 = CARTESIAN_POINT('',(0.928154431316,70.664008214408));
#3458 = CARTESIAN_POINT('',(0.896704486334,72.392473182353));
#3459 = CARTESIAN_POINT('',(0.825594887972,76.037189066921));
#3460 = CARTESIAN_POINT('',(0.785797838404,77.923829722899));
#3461 = CARTESIAN_POINT('',(0.744171437451,79.757852397736));
#3462 = CARTESIAN_POINT('',(0.700582548422,81.541311604269));
#3463 = CARTESIAN_POINT('',(0.654857991112,83.270784651845));
#3464 = CARTESIAN_POINT('',(0.606801959087,84.936726800797));
#3465 = CARTESIAN_POINT('',(0.556202461648,86.522970895725));
#3466 = CARTESIAN_POINT('',(0.484421729644,88.51675048316));
#3467 = CARTESIAN_POINT('',(0.465667765594,89.016163241878));
#3468 = CARTESIAN_POINT('',(0.446552240402,89.502796223502));
#3469 = CARTESIAN_POINT('',(0.427062446182,89.975535838646));
#3470 = CARTESIAN_POINT('',(0.407185738039,90.433119193979));
#3471 = CARTESIAN_POINT('',(0.386909466277,90.874129312755));
#3472 = CARTESIAN_POINT('',(0.366220908613,91.29699035534));
#3473 = CARTESIAN_POINT('',(0.329717632614,91.993685462127));
#3474 = CARTESIAN_POINT('',(0.314098538246,92.276911268232));
#3475 = CARTESIAN_POINT('',(0.298252517887,92.548808943663));
#3476 = CARTESIAN_POINT('',(0.282181959873,92.808544679818));
#3477 = CARTESIAN_POINT('',(0.265889016601,93.055281702565));
#3478 = CARTESIAN_POINT('',(0.249375578855,93.288179800923));
#3479 = CARTESIAN_POINT('',(0.232643250131,93.50639485575));
#3480 = CARTESIAN_POINT('',(0.190048466314,94.015733881496));
#3481 = CARTESIAN_POINT('',(0.163854236829,94.287449252955));
#3482 = CARTESIAN_POINT('',(0.137202846921,94.519943716113));
#3483 = CARTESIAN_POINT('',(0.11018097455,94.709738798285));
#3484 = CARTESIAN_POINT('',(8.287097879635E-02,94.854148548832));
#3485 = CARTESIAN_POINT('',(5.535223786985E-02,94.951273734206));
#3486 = CARTESIAN_POINT('',(2.770260753901E-02,95.));
#3487 = CARTESIAN_POINT('',(0.,95.));
#3488 = ( GEOMETRIC_REPRESENTATION_CONTEXT(2) 
PARAMETRIC_REPRESENTATION_CONTEXT() REPRESENTATION_CONTEXT('2D SPACE',''
  ) );
#3489 = ORIENTED_EDGE('',*,*,#3490,.T.);
#3490 = EDGE_CURVE('',#3177,#3491,#3493,.T.);
#3491 = VERTEX_POINT('',#3492);
#3492 = CARTESIAN_POINT('',(280.,260.,383.));
#3493 = SEAM_CURVE('',#3494,(#3498,#3505),.PCURVE_S1.);
#3494 = LINE('',#3495,#3496);
#3495 = CARTESIAN_POINT('',(-400.,260.,383.));
#3496 = VECTOR('',#3497,1.);
#3497 = DIRECTION('',(1.,0.,0.));
#3498 = PCURVE('',#2155,#3499);
#3499 = DEFINITIONAL_REPRESENTATION('',(#3500),#3504);
#3500 = LINE('',#3501,#3502);
#3501 = CARTESIAN_POINT('',(0.,-0.));
#3502 = VECTOR('',#3503,1.);
#3503 = DIRECTION('',(0.,1.));
#3504 = ( GEOMETRIC_REPRESENTATION_CONTEXT(2) 
PARAMETRIC_REPRESENTATION_CONTEXT() REPRESENTATION_CONTEXT('2D SPACE',''
  ) );
#3505 = PCURVE('',#2155,#3506);
#3506 = DEFINITIONAL_REPRESENTATION('',(#3507),#3511);
#3507 = LINE('',#3508,#3509);
#3508 = CARTESIAN_POINT('',(6.28318530718,-0.));
#3509 = VECTOR('',#3510,1.);
#3510 = DIRECTION('',(0.,1.));
#3511 = ( GEOMETRIC_REPRESENTATION_CONTEXT(2) 
PARAMETRIC_REPRESENTATION_CONTEXT() REPRESENTATION_CONTEXT('2D SPACE',''
  ) );
#3512 = ORIENTED_EDGE('',*,*,#3513,.F.);
#3513 = EDGE_CURVE('',#3514,#3491,#3516,.T.);
#3514 = VERTEX_POINT('',#3515);
#3515 = CARTESIAN_POINT('',(294.64466094067,224.64466094067,
    310.16117818585));
#3516 = SURFACE_CURVE('',#3517,(#3730,#3946),.PCURVE_S1.);
#3517 = B_SPLINE_CURVE_WITH_KNOTS('',8,(#3518,#3519,#3520,#3521,#3522,
    #3523,#3524,#3525,#3526,#3527,#3528,#3529,#3530,#3531,#3532,#3533,
    #3534,#3535,#3536,#3537,#3538,#3539,#3540,#3541,#3542,#3543,#3544,
    #3545,#3546,#3547,#3548,#3549,#3550,#3551,#3552,#3553,#3554,#3555,
    #3556,#3557,#3558,#3559,#3560,#3561,#3562,#3563,#3564,#3565,#3566,
    #3567,#3568,#3569,#3570,#3571,#3572,#3573,#3574,#3575,#3576,#3577,
    #3578,#3579,#3580,#3581,#3582,#3583,#3584,#3585,#3586,#3587,#3588,
    #3589,#3590,#3591,#3592,#3593,#3594,#3595,#3596,#3597,#3598,#3599,
    #3600,#3601,#3602,#3603,#3604,#3605,#3606,#3607,#3608,#3609,#3610,
    #3611,#3612,#3613,#3614,#3615,#3616,#3617,#3618,#3619,#3620,#3621,
    #3622,#3623,#3624,#3625,#3626,#3627,#3628,#3629,#3630,#3631,#3632,
    #3633,#3634,#3635,#3636,#3637,#3638,#3639,#3640,#3641,#3642,#3643,
    #3644,#3645,#3646,#3647,#3648,#3649,#3650,#3651,#3652,#3653,#3654,
    #3655,#3656,#3657,#3658,#3659,#3660,#3661,#3662,#3663,#3664,#3665,
    #3666,#3667,#3668,#3669,#3670,#3671,#3672,#3673,#3674,#3675,#3676,
    #3677,#3678,#3679,#3680,#3681,#3682,#3683,#3684,#3685,#3686,#3687,
    #3688,#3689,#3690,#3691,#3692,#3693,#3694,#3695,#3696,#3697,#3698,
    #3699,#3700,#3701,#3702,#3703,#3704,#3705,#3706,#3707,#3708,#3709,
    #3710,#3711,#3712,#3713,#3714,#3715,#3716,#3717,#3718,#3719,#3720,
    #3721,#3722,#3723,#3724,#3725,#3726,#3727,#3728,#3729),
  .UNSPECIFIED.,.T.,.F.,(9,7,7,7,7,7,7,7,7,7,7,7,7,7,7,7,7,7,7,7,7,7,7,7
    ,7,7,7,7,7,7,9),(0.,2.870447278293E-02,4.767225876299E-02,
    7.364740316523E-02,0.149096665859,0.215086920653,0.228351861701,
    0.249973995182,0.271580032329,0.284839002718,0.350701453884,
    0.426217428905,0.452257278883,0.471237465665,0.481012405898,
    0.499991052682,0.518969699465,0.528733167921,0.547701648295,
    0.573677743267,0.64912976801,0.715122438578,0.72838786523,
    0.750010790257,0.771617618361,0.784877074135,0.850741936401,
    0.92626067592,0.952301479168,0.97128236078,1.),.UNSPECIFIED.);
#3518 = CARTESIAN_POINT('',(280.,260.,383.));
#3519 = CARTESIAN_POINT('',(280.,258.61541520122,383.));
#3520 = CARTESIAN_POINT('',(280.04381912409,257.23348422186,
    382.95131211097));
#3521 = CARTESIAN_POINT('',(280.13116223953,255.85971273902,
    382.85426413818));
#3522 = CARTESIAN_POINT('',(280.260977287,254.49957976948,
    382.70996917745));
#3523 = CARTESIAN_POINT('',(280.43145837792,253.15851341533,
    382.52032350345));
#3524 = CARTESIAN_POINT('',(280.6400529537,251.84186830124,
    382.28800841174));
#3525 = CARTESIAN_POINT('',(280.88347300696,250.55490470312,
    382.01649601433));
#3526 = CARTESIAN_POINT('',(281.33892517225,248.47536399411,
    381.50756678644));
#3527 = CARTESIAN_POINT('',(281.53383466167,247.66207872661,
    381.28955847432));
#3528 = CARTESIAN_POINT('',(281.74162679951,246.86318175388,
    381.05688099909));
#3529 = CARTESIAN_POINT('',(281.96149046915,246.07891670212,
    380.81037706603));
#3530 = CARTESIAN_POINT('',(282.1926160115,245.30950264147,
    380.55088560882));
#3531 = CARTESIAN_POINT('',(282.43419576549,244.5551340918,
    380.27924225943));
#3532 = CARTESIAN_POINT('',(282.68542460869,243.81598102844,
    379.99627981782));
#3533 = CARTESIAN_POINT('',(283.30165744646,242.10100281125,
    379.30096660654));
#3534 = CARTESIAN_POINT('',(283.67452218795,241.13830045291,
    378.87930343037));
#3535 = CARTESIAN_POINT('',(284.06239232313,240.20354723034,
    378.43956670984));
#3536 = CARTESIAN_POINT('',(284.46370891416,239.29614292813,
    377.98332199565));
#3537 = CARTESIAN_POINT('',(284.87705105658,238.41543227055,
    377.5119775849));
#3538 = CARTESIAN_POINT('',(285.30113045136,237.56071549399,
    377.02678923353));
#3539 = CARTESIAN_POINT('',(285.7347859769,236.73125891947,
    376.52886486864));
#3540 = CARTESIAN_POINT('',(287.46140160409,233.58818030956,
    374.53867109122));
#3541 = CARTESIAN_POINT('',(288.82162187385,231.44992336644,
    372.95450794389));
#3542 = CARTESIAN_POINT('',(290.23171783116,229.49725203209,
    371.29065895694));
#3543 = CARTESIAN_POINT('',(291.67220253458,227.71481363669,
    369.56329600052));
#3544 = CARTESIAN_POINT('',(293.12865346595,226.08759737583,
    367.78197934556));
#3545 = CARTESIAN_POINT('',(294.59026347455,224.60177602032,
    365.95015609572));
#3546 = CARTESIAN_POINT('',(296.04816987395,223.24569530554,
    364.0658011144));
#3547 = CARTESIAN_POINT('',(298.75272824079,220.93126211917,
    360.42079078453));
#3548 = CARTESIAN_POINT('',(299.99158619389,219.95408502274,
    358.6895586617));
#3549 = CARTESIAN_POINT('',(301.20543175457,219.0665723712,
    356.91701467021));
#3550 = CARTESIAN_POINT('',(302.38723844974,218.26355241411,
    355.09355601005));
#3551 = CARTESIAN_POINT('',(303.52175034637,217.54570200283,
    353.2129889937));
#3552 = CARTESIAN_POINT('',(304.58361960114,216.91721885602,
    351.2727319268));
#3553 = CARTESIAN_POINT('',(305.53737431418,216.38333782617,
    349.27146447832));
#3554 = CARTESIAN_POINT('',(306.50321170627,215.86458780552,
    346.78894579606));
#3555 = CARTESIAN_POINT('',(306.65891071661,215.78183562668,
    346.37055727335));
#3556 = CARTESIAN_POINT('',(306.80825249909,215.70325202371,
    345.94937813651));
#3557 = CARTESIAN_POINT('',(306.95083988372,215.62892668522,
    345.52548875127));
#3558 = CARTESIAN_POINT('',(307.08628317055,215.55894338688,
    345.0989510723));
#3559 = CARTESIAN_POINT('',(307.21420072274,215.49338196082,
    344.6698086568));
#3560 = CARTESIAN_POINT('',(307.3342195595,215.43232026491,
    344.23808667828));
#3561 = CARTESIAN_POINT('',(307.62814121977,215.28376585799,
    343.09588236372));
#3562 = CARTESIAN_POINT('',(307.78857783563,215.20374457521,
    342.38026471274));
#3563 = CARTESIAN_POINT('',(307.92519697847,215.13637425046,
    341.65856970529));
#3564 = CARTESIAN_POINT('',(308.03630130724,215.0820726125,
    340.93215238775));
#3565 = CARTESIAN_POINT('',(308.12059012178,215.04112619089,
    340.20215072251));
#3566 = CARTESIAN_POINT('',(308.1771606248,215.01372801594,
    339.46954441331));
#3567 = CARTESIAN_POINT('',(308.20550528229,215.,338.73521396816));
#3568 = CARTESIAN_POINT('',(308.20550528229,215.,337.26533335293));
#3569 = CARTESIAN_POINT('',(308.17720281038,215.01370758415,
    336.5315472237));
#3570 = CARTESIAN_POINT('',(308.12071618687,215.04106513531,
    335.79948106562));
#3571 = CARTESIAN_POINT('',(308.03655145044,215.08195109571,
    335.07001407329));
#3572 = CARTESIAN_POINT('',(307.92560887595,215.13617293738,
    334.34412429508));
#3573 = CARTESIAN_POINT('',(307.78918560616,215.20344487317,
    333.62294750939));
#3574 = CARTESIAN_POINT('',(307.62897439725,215.28335030872,
    332.90783586468));
#3575 = CARTESIAN_POINT('',(307.33542219024,215.43170904573,
    331.76629431933));
#3576 = CARTESIAN_POINT('',(307.21552800366,215.49270321209,
    331.33474193072));
#3577 = CARTESIAN_POINT('',(307.08773910964,215.55819378528,
    330.90576605487));
#3578 = CARTESIAN_POINT('',(306.95242797578,215.62810300221,
    330.47939198895));
#3579 = CARTESIAN_POINT('',(306.80997575384,215.70235111829,
    330.05566340359));
#3580 = CARTESIAN_POINT('',(306.6607716876,215.78085444023,
    329.63464235658));
#3581 = CARTESIAN_POINT('',(306.50521252065,215.86352335889,
    329.21640930657));
#3582 = CARTESIAN_POINT('',(305.54141599676,216.38111683551,
    326.73787747327));
#3583 = CARTESIAN_POINT('',(304.59006945936,216.9135411224,
    324.74023863071));
#3584 = CARTESIAN_POINT('',(303.53089583914,217.54021449715,
    322.80341736411));
#3585 = CARTESIAN_POINT('',(302.39918595929,218.25592402361,
    320.92608268325));
#3586 = CARTESIAN_POINT('',(301.22018575189,219.0564907468,
    319.10565988947));
#3587 = CARTESIAN_POINT('',(300.00911492047,219.94122557895,
    317.33599178564));
#3588 = CARTESIAN_POINT('',(298.77300410781,220.91524294821,
    315.60752681762));
#3589 = CARTESIAN_POINT('',(296.07022871069,223.225317103,
    311.96281093308));
#3590 = CARTESIAN_POINT('',(294.61116115604,224.58083587379,
    310.07617027701));
#3591 = CARTESIAN_POINT('',(293.14825407361,226.06621542901,
    308.24214760241));
#3592 = CARTESIAN_POINT('',(291.69040120133,227.69310601105,
    306.45868839549));
#3593 = CARTESIAN_POINT('',(290.24842534266,229.47534389024,
    304.72921534831));
#3594 = CARTESIAN_POINT('',(288.83676037427,231.42795869333,
    303.06327319911));
#3595 = CARTESIAN_POINT('',(287.47490776626,233.56633041066,
    301.47702910427));
#3596 = CARTESIAN_POINT('',(285.74533480539,236.71112946476,
    299.48324951682));
#3597 = CARTESIAN_POINT('',(285.31041505101,237.54209171321,
    298.9838367581));
#3598 = CARTESIAN_POINT('',(284.88509862466,238.39842414211,
    298.49720377648));
#3599 = CARTESIAN_POINT('',(284.47055305843,239.28086678821,
    298.02446416134));
#3600 = CARTESIAN_POINT('',(284.06807430205,240.19012559694,
    297.566880806));
#3601 = CARTESIAN_POINT('',(283.67909223529,241.12686170221,
    297.12587068722));
#3602 = CARTESIAN_POINT('',(283.3051761804,242.09168070605,
    296.70300964463));
#3603 = CARTESIAN_POINT('',(282.68772771877,243.80923137304,
    296.00631453787));
#3604 = CARTESIAN_POINT('',(282.43626826198,244.54871875795,
    295.72308873175));
#3605 = CARTESIAN_POINT('',(282.19446498739,245.30343955116,
    295.45119105631));
#3606 = CARTESIAN_POINT('',(281.96312403577,246.07322460192,
    295.19145532016));
#3607 = CARTESIAN_POINT('',(281.74305420528,246.85788016139,
    294.94471829742));
#3608 = CARTESIAN_POINT('',(281.53506641145,247.65718787353,
    294.71182019908));
#3609 = CARTESIAN_POINT('',(281.33997314705,248.4709047659,
    294.49360514426));
#3610 = CARTESIAN_POINT('',(281.06517318491,249.72511663749,
    294.18653808438));
#3611 = CARTESIAN_POINT('',(280.97540985658,250.15514957159,
    294.08629151949));
#3612 = CARTESIAN_POINT('',(280.88942659066,250.58873417394,
    293.99031722399));
#3613 = CARTESIAN_POINT('',(280.8073466568,251.02574100078,
    293.8987448169));
#3614 = CARTESIAN_POINT('',(280.72928796073,251.46603903336,
    293.81169824922));
#3615 = CARTESIAN_POINT('',(280.65536304423,251.90949567799,
    293.72929580388));
#3616 = CARTESIAN_POINT('',(280.58567908515,252.35597676603,
    293.65165009577));
#3617 = CARTESIAN_POINT('',(280.39347396842,253.67782559465,
    293.43755730215));
#3618 = CARTESIAN_POINT('',(280.28292353864,254.56158616931,
    293.31451763633));
#3619 = CARTESIAN_POINT('',(280.18957545633,255.4548399251,
    293.21069236718));
#3620 = CARTESIAN_POINT('',(280.11414815978,256.35578283229,
    293.12684168398));
#3621 = CARTESIAN_POINT('',(280.05718876216,257.26259845765,
    293.06354303009));
#3622 = CARTESIAN_POINT('',(280.01907213639,258.17346123787,
    293.02119146058));
#3623 = CARTESIAN_POINT('',(280.,259.08653975301,293.));
#3624 = CARTESIAN_POINT('',(280.,260.91346024698,293.));
#3625 = CARTESIAN_POINT('',(280.01907213639,261.82653876212,
    293.02119146058));
#3626 = CARTESIAN_POINT('',(280.05718876216,262.73740154234,
    293.06354303009));
#3627 = CARTESIAN_POINT('',(280.11414815978,263.6442171677,
    293.12684168398));
#3628 = CARTESIAN_POINT('',(280.18957545633,264.54516007489,
    293.21069236718));
#3629 = CARTESIAN_POINT('',(280.28292353864,265.43841383068,
    293.31451763633));
#3630 = CARTESIAN_POINT('',(280.39347396842,266.32217440534,
    293.43755730215));
#3631 = CARTESIAN_POINT('',(280.58560240135,267.64349585785,
    293.65156467948));
#3632 = CARTESIAN_POINT('',(280.65519945234,268.08945611065,
    293.72911352076));
#3633 = CARTESIAN_POINT('',(280.72902760605,268.53239903906,
    293.81140803765));
#3634 = CARTESIAN_POINT('',(280.80698007534,268.97219101487,
    293.89833602626));
#3635 = CARTESIAN_POINT('',(280.88894473017,269.40869994711,
    293.98977963673));
#3636 = CARTESIAN_POINT('',(280.97480409766,269.84179528207,
    294.08561537322));
#3637 = CARTESIAN_POINT('',(281.06443536205,270.2713480033,
    294.18571409393));
#3638 = CARTESIAN_POINT('',(281.33892517233,271.52463600625,
    294.49243321364));
#3639 = CARTESIAN_POINT('',(281.53383466172,272.33792127353,
    294.71044152573));
#3640 = CARTESIAN_POINT('',(281.74162679948,273.13681824595,
    294.94311900086));
#3641 = CARTESIAN_POINT('',(281.96149046907,273.92108329759,
    295.18962293387));
#3642 = CARTESIAN_POINT('',(282.19261601144,274.69049735836,
    295.4491143911));
#3643 = CARTESIAN_POINT('',(282.43419576552,275.44486590829,
    295.72075774059));
#3644 = CARTESIAN_POINT('',(282.6854246088,276.18401897183,
    296.00372018229));
#3645 = CARTESIAN_POINT('',(283.30165744143,277.89899717476,
    296.69903338778));
#3646 = CARTESIAN_POINT('',(283.67452219116,278.86169955316,
    297.12069657332));
#3647 = CARTESIAN_POINT('',(284.06239232837,279.79645278257,
    297.5604332961));
#3648 = CARTESIAN_POINT('',(284.46370891393,280.70385707347,
    298.01667800403));
#3649 = CARTESIAN_POINT('',(284.8770510511,281.58456771831,
    298.48802240881));
#3650 = CARTESIAN_POINT('',(285.30113044841,282.43928449841,
    298.97321076313));
#3651 = CARTESIAN_POINT('',(285.73478598252,283.26874109076,
    299.47113513783));
#3652 = CARTESIAN_POINT('',(287.46140160403,286.41181969031,
    301.4613289087));
#3653 = CARTESIAN_POINT('',(288.821621874,288.5500766338,303.04549205631
    ));
#3654 = CARTESIAN_POINT('',(290.23171783094,290.50274796759,
    304.70934104271));
#3655 = CARTESIAN_POINT('',(291.67220253487,292.28518636363,
    306.43670399992));
#3656 = CARTESIAN_POINT('',(293.12865346569,293.9124026239,
    308.21802065403));
#3657 = CARTESIAN_POINT('',(294.59026347472,295.39822397982,
    310.04984390451));
#3658 = CARTESIAN_POINT('',(296.0481698739,296.75430469441,
    311.93419888553));
#3659 = CARTESIAN_POINT('',(298.75272824085,299.06873788087,
    315.57920921554));
#3660 = CARTESIAN_POINT('',(299.9915861938,300.04591497714,
    317.31044133814));
#3661 = CARTESIAN_POINT('',(301.20543175466,300.93342762896,
    319.08298532999));
#3662 = CARTESIAN_POINT('',(302.38723844966,301.7364475857,
    320.90644398967));
#3663 = CARTESIAN_POINT('',(303.52175034647,302.4542979973,
    322.7870110066));
#3664 = CARTESIAN_POINT('',(304.58361960107,303.08278114391,
    324.72726807298));
#3665 = CARTESIAN_POINT('',(305.53737431421,303.61666217384,
    326.72853552176));
#3666 = CARTESIAN_POINT('',(306.50321170628,304.13541219447,
    329.21105420394));
#3667 = CARTESIAN_POINT('',(306.65891071661,304.21816437332,
    329.62944272665));
#3668 = CARTESIAN_POINT('',(306.80825249909,304.29674797628,
    330.0506218635));
#3669 = CARTESIAN_POINT('',(306.95083988372,304.37107331477,
    330.47451124873));
#3670 = CARTESIAN_POINT('',(307.08628317056,304.44105661311,
    330.9010489277));
#3671 = CARTESIAN_POINT('',(307.21420072274,304.50661803918,
    331.33019134319));
#3672 = CARTESIAN_POINT('',(307.3342195595,304.56767973508,
    331.76191332172));
#3673 = CARTESIAN_POINT('',(307.62814121978,304.716234142,332.9041176363
    ));
#3674 = CARTESIAN_POINT('',(307.78857783563,304.79625542478,
    333.61973528726));
#3675 = CARTESIAN_POINT('',(307.92519697846,304.86362574953,
    334.3414302947));
#3676 = CARTESIAN_POINT('',(308.03630130724,304.91792738749,
    335.06784761224));
#3677 = CARTESIAN_POINT('',(308.12059012178,304.95887380911,
    335.79784927748));
#3678 = CARTESIAN_POINT('',(308.1771606248,304.98627198405,
    336.53045558669));
#3679 = CARTESIAN_POINT('',(308.20550528229,305.,337.26478603185));
#3680 = CARTESIAN_POINT('',(308.20550528229,305.,338.73466664706));
#3681 = CARTESIAN_POINT('',(308.17720281038,304.98629241584,
    339.46845277629));
#3682 = CARTESIAN_POINT('',(308.12071618687,304.95893486468,
    340.20051893437));
#3683 = CARTESIAN_POINT('',(308.03655145044,304.91804890428,
    340.9299859267));
#3684 = CARTESIAN_POINT('',(307.92560887594,304.86382706262,
    341.65587570491));
#3685 = CARTESIAN_POINT('',(307.78918560616,304.79655512682,
    342.37705249061));
#3686 = CARTESIAN_POINT('',(307.62897439725,304.71664969127,
    343.09216413531));
#3687 = CARTESIAN_POINT('',(307.33542219024,304.56829095426,
    344.23370568066));
#3688 = CARTESIAN_POINT('',(307.21552800366,304.5072967879,
    344.66525806927));
#3689 = CARTESIAN_POINT('',(307.08773910964,304.44180621471,
    345.09423394512));
#3690 = CARTESIAN_POINT('',(306.95242797578,304.37189699778,
    345.52060801104));
#3691 = CARTESIAN_POINT('',(306.80997575384,304.2976488817,
    345.9443365964));
#3692 = CARTESIAN_POINT('',(306.6607716876,304.21914555976,
    346.36535764341));
#3693 = CARTESIAN_POINT('',(306.50521252065,304.1364766411,
    346.78359069341));
#3694 = CARTESIAN_POINT('',(305.54141599675,303.61888316448,
    349.26212252674));
#3695 = CARTESIAN_POINT('',(304.59006945934,303.08645887758,
    351.2597613693));
#3696 = CARTESIAN_POINT('',(303.53089583921,302.45978550285,
    353.19658263583));
#3697 = CARTESIAN_POINT('',(302.39918595921,301.74407597637,
    355.07391731678));
#3698 = CARTESIAN_POINT('',(301.22018575197,300.94350925321,
    356.89434011047));
#3699 = CARTESIAN_POINT('',(300.00911492044,300.05877442102,
    358.66400821439));
#3700 = CARTESIAN_POINT('',(298.77300410781,299.08475705179,
    360.39247318237));
#3701 = CARTESIAN_POINT('',(296.07022871069,296.77468289699,
    364.0371890669));
#3702 = CARTESIAN_POINT('',(294.61116115602,295.41916412617,
    365.92382972295));
#3703 = CARTESIAN_POINT('',(293.14825407361,293.93378457105,
    367.75785239773));
#3704 = CARTESIAN_POINT('',(291.69040120139,292.30689398889,
    369.54131160422));
#3705 = CARTESIAN_POINT('',(290.24842534262,290.52465610981,
    371.27078465187));
#3706 = CARTESIAN_POINT('',(288.83676037425,288.57204130659,
    372.93672680086));
#3707 = CARTESIAN_POINT('',(287.47490776629,286.43366958938,
    374.52297089569));
#3708 = CARTESIAN_POINT('',(285.74533480538,283.28887053522,
    376.51675048318));
#3709 = CARTESIAN_POINT('',(285.31041505101,282.45790828678,
    377.01616324189));
#3710 = CARTESIAN_POINT('',(284.88509862468,281.6015758579,
    377.5027962235));
#3711 = CARTESIAN_POINT('',(284.47055305845,280.71913321182,
    377.97553583864));
#3712 = CARTESIAN_POINT('',(284.06807430206,279.80987440307,
    378.43311919398));
#3713 = CARTESIAN_POINT('',(283.67909223529,278.87313829778,
    378.87412931277));
#3714 = CARTESIAN_POINT('',(283.30517618039,277.90831929393,
    379.29699035536));
#3715 = CARTESIAN_POINT('',(282.68772771876,276.19076862691,
    379.99368546213));
#3716 = CARTESIAN_POINT('',(282.43626826198,275.45128124204,
    380.27691126824));
#3717 = CARTESIAN_POINT('',(282.19446498741,274.69656044886,
    380.54880894367));
#3718 = CARTESIAN_POINT('',(281.96312403578,273.92677539813,
    380.80854467982));
#3719 = CARTESIAN_POINT('',(281.74305420529,273.14211983864,
    381.05528170256));
#3720 = CARTESIAN_POINT('',(281.53506641145,272.34281212644,
    381.28817980092));
#3721 = CARTESIAN_POINT('',(281.33997314704,271.52909523404,
    381.50639485575));
#3722 = CARTESIAN_POINT('',(280.88415628054,269.44870584544,
    382.01573388165));
#3723 = CARTESIAN_POINT('',(280.64055501972,268.16129976786,
    382.28744925296));
#3724 = CARTESIAN_POINT('',(280.4317997879,266.84417346323,
    382.51994371602));
#3725 = CARTESIAN_POINT('',(280.26118454888,265.50259560588,
    382.70973879821));
#3726 = CARTESIAN_POINT('',(280.13126626992,264.14192940624,
    382.85414854884));
#3727 = CARTESIAN_POINT('',(280.04385366308,262.76761170691,
    382.95127373425));
#3728 = CARTESIAN_POINT('',(280.,261.38513037629,383.));
#3729 = CARTESIAN_POINT('',(280.,260.,383.));
#3730 = PCURVE('',#2155,#3731);
#3731 = DEFINITIONAL_REPRESENTATION('',(#3732),#3945);
#3732 = B_SPLINE_CURVE_WITH_KNOTS('',8,(#3733,#3734,#3735,#3736,#3737,
    #3738,#3739,#3740,#3741,#3742,#3743,#3744,#3745,#3746,#3747,#3748,
    #3749,#3750,#3751,#3752,#3753,#3754,#3755,#3756,#3757,#3758,#3759,
    #3760,#3761,#3762,#3763,#3764,#3765,#3766,#3767,#3768,#3769,#3770,
    #3771,#3772,#3773,#3774,#3775,#3776,#3777,#3778,#3779,#3780,#3781,
    #3782,#3783,#3784,#3785,#3786,#3787,#3788,#3789,#3790,#3791,#3792,
    #3793,#3794,#3795,#3796,#3797,#3798,#3799,#3800,#3801,#3802,#3803,
    #3804,#3805,#3806,#3807,#3808,#3809,#3810,#3811,#3812,#3813,#3814,
    #3815,#3816,#3817,#3818,#3819,#3820,#3821,#3822,#3823,#3824,#3825,
    #3826,#3827,#3828,#3829,#3830,#3831,#3832,#3833,#3834,#3835,#3836,
    #3837,#3838,#3839,#3840,#3841,#3842,#3843,#3844,#3845,#3846,#3847,
    #3848,#3849,#3850,#3851,#3852,#3853,#3854,#3855,#3856,#3857,#3858,
    #3859,#3860,#3861,#3862,#3863,#3864,#3865,#3866,#3867,#3868,#3869,
    #3870,#3871,#3872,#3873,#3874,#3875,#3876,#3877,#3878,#3879,#3880,
    #3881,#3882,#3883,#3884,#3885,#3886,#3887,#3888,#3889,#3890,#3891,
    #3892,#3893,#3894,#3895,#3896,#3897,#3898,#3899,#3900,#3901,#3902,
    #3903,#3904,#3905,#3906,#3907,#3908,#3909,#3910,#3911,#3912,#3913,
    #3914,#3915,#3916,#3917,#3918,#3919,#3920,#3921,#3922,#3923,#3924,
    #3925,#3926,#3927,#3928,#3929,#3930,#3931,#3932,#3933,#3934,#3935,
    #3936,#3937,#3938,#3939,#3940,#3941,#3942,#3943,#3944),
  .UNSPECIFIED.,.F.,.F.,(9,7,7,7,7,7,7,7,7,7,7,7,7,7,7,7,7,7,7,7,7,7,7,7
    ,7,7,7,7,7,7,9),(0.,2.870447278293E-02,4.767225876299E-02,
    7.364740316523E-02,0.149096665859,0.215086920653,0.228351861701,
    0.249973995182,0.271580032329,0.284839002718,0.350701453884,
    0.426217428905,0.452257278883,0.471237465665,0.481012405898,
    0.499991052682,0.518969699465,0.528733167921,0.547701648295,
    0.573677743267,0.64912976801,0.715122438578,0.72838786523,
    0.750010790257,0.771617618361,0.784877074135,0.850741936401,
    0.92626067592,0.952301479168,0.97128236078,1.),.UNSPECIFIED.);
#3733 = CARTESIAN_POINT('',(0.,680.));
#3734 = CARTESIAN_POINT('',(3.076855108396E-02,680.));
#3735 = CARTESIAN_POINT('',(6.147813044307E-02,680.04381912409));
#3736 = CARTESIAN_POINT('',(9.205076774223E-02,680.13116223953));
#3737 = CARTESIAN_POINT('',(0.122408390247,680.260977287));
#3738 = CARTESIAN_POINT('',(0.152470842503,680.43145837792));
#3739 = CARTESIAN_POINT('',(0.182153949437,680.6400529537));
#3740 = CARTESIAN_POINT('',(0.211367622869,680.88347300696));
#3741 = CARTESIAN_POINT('',(0.258943415652,681.33892517225));
#3742 = CARTESIAN_POINT('',(0.277650000875,681.53383466167));
#3743 = CARTESIAN_POINT('',(0.296133835262,681.74162679951));
#3744 = CARTESIAN_POINT('',(0.314394526225,681.96149046915));
#3745 = CARTESIAN_POINT('',(0.332431248201,682.1926160115));
#3746 = CARTESIAN_POINT('',(0.350242770416,682.43419576549));
#3747 = CARTESIAN_POINT('',(0.367827484647,682.68542460869));
#3748 = CARTESIAN_POINT('',(0.408951270964,683.30165744646));
#3749 = CARTESIAN_POINT('',(0.432297857483,683.67452218795));
#3750 = CARTESIAN_POINT('',(0.455240197619,684.06239232313));
#3751 = CARTESIAN_POINT('',(0.47779502768,684.46370891416));
#3752 = CARTESIAN_POINT('',(0.499978973086,684.87705105658));
#3753 = CARTESIAN_POINT('',(0.52180870627,685.30113045136));
#3754 = CARTESIAN_POINT('',(0.543301104577,685.7347859769));
#3755 = CARTESIAN_POINT('',(0.625971995807,687.46140160409));
#3756 = CARTESIAN_POINT('',(0.684950477603,688.82162187385));
#3757 = CARTESIAN_POINT('',(0.741746315042,690.23171783116));
#3758 = CARTESIAN_POINT('',(0.796688117864,691.67220253458));
#3759 = CARTESIAN_POINT('',(0.850112423229,693.12865346595));
#3760 = CARTESIAN_POINT('',(0.902380463248,694.59026347455));
#3761 = CARTESIAN_POINT('',(0.953884258858,696.04816987395));
#3762 = CARTESIAN_POINT('',(1.049833580046,698.75272824079));
#3763 = CARTESIAN_POINT('',(1.093951378826,699.99158619389));
#3764 = CARTESIAN_POINT('',(1.137912737146,701.20543175457));
#3765 = CARTESIAN_POINT('',(1.182079879117,702.38723844974));
#3766 = CARTESIAN_POINT('',(1.226695006271,703.52175034637));
#3767 = CARTESIAN_POINT('',(1.271914322433,704.58361960114));
#3768 = CARTESIAN_POINT('',(1.317873390731,705.53737431418));
#3769 = CARTESIAN_POINT('',(1.374232033266,706.50321170627));
#3770 = CARTESIAN_POINT('',(1.383709124827,706.65891071661));
#3771 = CARTESIAN_POINT('',(1.39322925164,706.80825249909));
#3772 = CARTESIAN_POINT('',(1.402791585465,706.95083988372));
#3773 = CARTESIAN_POINT('',(1.412395773499,707.08628317055));
#3774 = CARTESIAN_POINT('',(1.422041930986,707.21420072274));
#3775 = CARTESIAN_POINT('',(1.431730633818,707.3342195595));
#3776 = CARTESIAN_POINT('',(1.457326728312,707.62814121977));
#3777 = CARTESIAN_POINT('',(1.473325870176,707.78857783563));
#3778 = CARTESIAN_POINT('',(1.489428768282,707.92519697847));
#3779 = CARTESIAN_POINT('',(1.505610869705,708.03630130724));
#3780 = CARTESIAN_POINT('',(1.521852995301,708.12059012178));
#3781 = CARTESIAN_POINT('',(1.538139786207,708.1771606248));
#3782 = CARTESIAN_POINT('',(1.554458238613,708.20550528229));
#3783 = CARTESIAN_POINT('',(1.587122252285,708.20550528229));
#3784 = CARTESIAN_POINT('',(1.603428608791,708.17720281038));
#3785 = CARTESIAN_POINT('',(1.619703381485,708.12071618687));
#3786 = CARTESIAN_POINT('',(1.635933581312,708.03655145044));
#3787 = CARTESIAN_POINT('',(1.652103872243,707.92560887595));
#3788 = CARTESIAN_POINT('',(1.66819511068,707.78918560616));
#3789 = CARTESIAN_POINT('',(1.684182797012,707.62897439725));
#3790 = CARTESIAN_POINT('',(1.70976372562,707.33542219024));
#3791 = CARTESIAN_POINT('',(1.719448487561,707.21552800366));
#3792 = CARTESIAN_POINT('',(1.729090750084,707.08773910964));
#3793 = CARTESIAN_POINT('',(1.738691085156,706.95242797578));
#3794 = CARTESIAN_POINT('',(1.748249604389,706.80997575384));
#3795 = CARTESIAN_POINT('',(1.757765951642,706.6607716876));
#3796 = CARTESIAN_POINT('',(1.767239295629,706.50521252065));
#3797 = CARTESIAN_POINT('',(1.823505958152,705.54141599676));
#3798 = CARTESIAN_POINT('',(1.869379160739,704.59006945936));
#3799 = CARTESIAN_POINT('',(1.914514024377,703.53089583914));
#3800 = CARTESIAN_POINT('',(1.959045734366,702.39918595929));
#3801 = CARTESIAN_POINT('',(2.003129776801,701.22018575189));
#3802 = CARTESIAN_POINT('',(2.047006879291,700.00911492047));
#3803 = CARTESIAN_POINT('',(2.091037004284,698.77300410781));
#3804 = CARTESIAN_POINT('',(2.186928909681,696.07022871069));
#3805 = CARTESIAN_POINT('',(2.238466460666,694.61116115604));
#3806 = CARTESIAN_POINT('',(2.290766009004,693.14825407361));
#3807 = CARTESIAN_POINT('',(2.344220276524,691.69040120133));
#3808 = CARTESIAN_POINT('',(2.399191188919,690.24842534266));
#3809 = CARTESIAN_POINT('',(2.456015934748,688.83676037427));
#3810 = CARTESIAN_POINT('',(2.515023770491,687.47490776626));
#3811 = CARTESIAN_POINT('',(2.597769605146,685.74533480539));
#3812 = CARTESIAN_POINT('',(2.619307678612,685.31041505101));
#3813 = CARTESIAN_POINT('',(2.641184416403,684.88509862466));
#3814 = CARTESIAN_POINT('',(2.663416836665,684.47055305843));
#3815 = CARTESIAN_POINT('',(2.686021749116,684.06807430205));
#3816 = CARTESIAN_POINT('',(2.709015914344,683.67909223529));
#3817 = CARTESIAN_POINT('',(2.732416203092,683.3051761804));
#3818 = CARTESIAN_POINT('',(2.773604505192,682.68772771877));
#3819 = CARTESIAN_POINT('',(2.791198245252,682.43626826198));
#3820 = CARTESIAN_POINT('',(2.809019037967,682.19446498739));
#3821 = CARTESIAN_POINT('',(2.82706529487,681.96312403577));
#3822 = CARTESIAN_POINT('',(2.845335804799,681.74305420528));
#3823 = CARTESIAN_POINT('',(2.863829761901,681.53506641145));
#3824 = CARTESIAN_POINT('',(2.88254679364,681.33997314705));
#3825 = CARTESIAN_POINT('',(2.911241333045,681.06517318491));
#3826 = CARTESIAN_POINT('',(2.921053231961,680.97540985658));
#3827 = CARTESIAN_POINT('',(2.930920634821,680.88942659066));
#3828 = CARTESIAN_POINT('',(2.940841547037,680.8073466568));
#3829 = CARTESIAN_POINT('',(2.950814030153,680.72928796073));
#3830 = CARTESIAN_POINT('',(2.960836201852,680.65536304423));
#3831 = CARTESIAN_POINT('',(2.970906235952,680.58567908515));
#3832 = CARTESIAN_POINT('',(3.000663443192,680.39347396842));
#3833 = CARTESIAN_POINT('',(3.020487086056,680.28292353864));
#3834 = CARTESIAN_POINT('',(3.040462248993,680.18957545633));
#3835 = CARTESIAN_POINT('',(3.060559110397,680.11414815978));
#3836 = CARTESIAN_POINT('',(3.080748762474,680.05718876216));
#3837 = CARTESIAN_POINT('',(3.101002904652,680.01907213639));
#3838 = CARTESIAN_POINT('',(3.12129353699,680.));
#3839 = CARTESIAN_POINT('',(3.161891770189,680.));
#3840 = CARTESIAN_POINT('',(3.182182402527,680.01907213639));
#3841 = CARTESIAN_POINT('',(3.202436544705,680.05718876216));
#3842 = CARTESIAN_POINT('',(3.222626196783,680.11414815978));
#3843 = CARTESIAN_POINT('',(3.242723058187,680.18957545633));
#3844 = CARTESIAN_POINT('',(3.262698221124,680.28292353864));
#3845 = CARTESIAN_POINT('',(3.282521863988,680.39347396842));
#3846 = CARTESIAN_POINT('',(3.312267199038,680.58560240135));
#3847 = CARTESIAN_POINT('',(3.322325463756,680.65519945234));
#3848 = CARTESIAN_POINT('',(3.332335977358,680.72902760605));
#3849 = CARTESIAN_POINT('',(3.342296921724,680.80698007534));
#3850 = CARTESIAN_POINT('',(3.352206422178,680.88894473017));
#3851 = CARTESIAN_POINT('',(3.362062547493,680.97480409766));
#3852 = CARTESIAN_POINT('',(3.371863309892,681.06443536205));
#3853 = CARTESIAN_POINT('',(3.40053606925,681.33892517233));
#3854 = CARTESIAN_POINT('',(3.419242654468,681.53383466172));
#3855 = CARTESIAN_POINT('',(3.437726488848,681.74162679947));
#3856 = CARTESIAN_POINT('',(3.455987179808,681.96149046907));
#3857 = CARTESIAN_POINT('',(3.474023901787,682.19261601144));
#3858 = CARTESIAN_POINT('',(3.491835424009,682.43419576552));
#3859 = CARTESIAN_POINT('',(3.509420138243,682.6854246088));
#3860 = CARTESIAN_POINT('',(3.550543924219,683.30165744143));
#3861 = CARTESIAN_POINT('',(3.573890511231,683.67452219116));
#3862 = CARTESIAN_POINT('',(3.596832851526,684.06239232837));
#3863 = CARTESIAN_POINT('',(3.619387681298,684.46370891393));
#3864 = CARTESIAN_POINT('',(3.64157162639,684.8770510511));
#3865 = CARTESIAN_POINT('',(3.663401359675,685.30113044841));
#3866 = CARTESIAN_POINT('',(3.684893758437,685.73478598252));
#3867 = CARTESIAN_POINT('',(3.767564649394,687.46140160403));
#3868 = CARTESIAN_POINT('',(3.8265431312,688.821621874));
#3869 = CARTESIAN_POINT('',(3.883338968624,690.23171783094));
#3870 = CARTESIAN_POINT('',(3.938280771462,691.67220253487));
#3871 = CARTESIAN_POINT('',(3.99170507681,693.12865346569));
#3872 = CARTESIAN_POINT('',(4.043973116843,694.59026347472));
#3873 = CARTESIAN_POINT('',(4.095476912446,696.0481698739));
#3874 = CARTESIAN_POINT('',(4.191426233638,698.75272824085));
#3875 = CARTESIAN_POINT('',(4.235544032411,699.9915861938));
#3876 = CARTESIAN_POINT('',(4.279505390745,701.20543175466));
#3877 = CARTESIAN_POINT('',(4.323672532696,702.38723844966));
#3878 = CARTESIAN_POINT('',(4.368287659871,703.52175034647));
#3879 = CARTESIAN_POINT('',(4.413506976017,704.58361960107));
#3880 = CARTESIAN_POINT('',(4.459466044322,705.53737431421));
#3881 = CARTESIAN_POINT('',(4.515824686856,706.50321170628));
#3882 = CARTESIAN_POINT('',(4.525301778417,706.65891071661));
#3883 = CARTESIAN_POINT('',(4.53482190523,706.80825249909));
#3884 = CARTESIAN_POINT('',(4.544384239055,706.95083988372));
#3885 = CARTESIAN_POINT('',(4.553988427089,707.08628317056));
#3886 = CARTESIAN_POINT('',(4.563634584576,707.21420072274));
#3887 = CARTESIAN_POINT('',(4.573323287408,707.3342195595));
#3888 = CARTESIAN_POINT('',(4.598919381903,707.62814121978));
#3889 = CARTESIAN_POINT('',(4.614918523766,707.78857783563));
#3890 = CARTESIAN_POINT('',(4.631021421871,707.92519697846));
#3891 = CARTESIAN_POINT('',(4.647203523295,708.03630130724));
#3892 = CARTESIAN_POINT('',(4.66344564889,708.12059012178));
#3893 = CARTESIAN_POINT('',(4.679732439797,708.1771606248));
#3894 = CARTESIAN_POINT('',(4.696050892204,708.20550528229));
#3895 = CARTESIAN_POINT('',(4.728714905875,708.20550528229));
#3896 = CARTESIAN_POINT('',(4.745021262381,708.17720281038));
#3897 = CARTESIAN_POINT('',(4.761296035075,708.12071618687));
#3898 = CARTESIAN_POINT('',(4.777526234902,708.03655145044));
#3899 = CARTESIAN_POINT('',(4.793696525833,707.92560887595));
#3900 = CARTESIAN_POINT('',(4.80978776427,707.78918560616));
#3901 = CARTESIAN_POINT('',(4.825775450602,707.62897439725));
#3902 = CARTESIAN_POINT('',(4.851356379209,707.33542219024));
#3903 = CARTESIAN_POINT('',(4.861041141151,707.21552800366));
#3904 = CARTESIAN_POINT('',(4.870683403673,707.08773910964));
#3905 = CARTESIAN_POINT('',(4.880283738746,706.95242797578));
#3906 = CARTESIAN_POINT('',(4.889842257979,706.80997575384));
#3907 = CARTESIAN_POINT('',(4.899358605232,706.6607716876));
#3908 = CARTESIAN_POINT('',(4.908831949219,706.50521252065));
#3909 = CARTESIAN_POINT('',(4.965098611742,705.54141599675));
#3910 = CARTESIAN_POINT('',(5.010971814327,704.59006945934));
#3911 = CARTESIAN_POINT('',(5.056106677971,703.53089583921));
#3912 = CARTESIAN_POINT('',(5.10063838795,702.39918595921));
#3913 = CARTESIAN_POINT('',(5.144722430394,701.22018575197));
#3914 = CARTESIAN_POINT('',(5.188599532881,700.00911492044));
#3915 = CARTESIAN_POINT('',(5.232629657873,698.77300410781));
#3916 = CARTESIAN_POINT('',(5.328521563271,696.07022871069));
#3917 = CARTESIAN_POINT('',(5.380059114256,694.61116115602));
#3918 = CARTESIAN_POINT('',(5.432358662594,693.14825407361));
#3919 = CARTESIAN_POINT('',(5.485812930111,691.69040120139));
#3920 = CARTESIAN_POINT('',(5.54078384251,690.24842534262));
#3921 = CARTESIAN_POINT('',(5.597608588339,688.83676037425));
#3922 = CARTESIAN_POINT('',(5.65661642408,687.47490776629));
#3923 = CARTESIAN_POINT('',(5.739362258736,685.74533480538));
#3924 = CARTESIAN_POINT('',(5.760900332202,685.31041505101));
#3925 = CARTESIAN_POINT('',(5.782777069992,684.88509862468));
#3926 = CARTESIAN_POINT('',(5.805009490254,684.47055305845));
#3927 = CARTESIAN_POINT('',(5.827614402706,684.06807430206));
#3928 = CARTESIAN_POINT('',(5.850608567934,683.67909223529));
#3929 = CARTESIAN_POINT('',(5.874008856682,683.30517618039));
#3930 = CARTESIAN_POINT('',(5.915197158783,682.68772771876));
#3931 = CARTESIAN_POINT('',(5.932790898842,682.43626826198));
#3932 = CARTESIAN_POINT('',(5.950611691556,682.1944649874));
#3933 = CARTESIAN_POINT('',(5.968657948459,681.96312403578));
#3934 = CARTESIAN_POINT('',(5.986928458388,681.74305420529));
#3935 = CARTESIAN_POINT('',(6.005422415492,681.53506641144));
#3936 = CARTESIAN_POINT('',(6.024139447231,681.33997314704));
#3937 = CARTESIAN_POINT('',(6.071735723937,680.88415628054));
#3938 = CARTESIAN_POINT('',(6.100959934737,680.64055501972));
#3939 = CARTESIAN_POINT('',(6.130654234276,680.4317997879));
#3940 = CARTESIAN_POINT('',(6.160728364566,680.26118454888));
#3941 = CARTESIAN_POINT('',(6.191097994839,680.13126626992));
#3942 = CARTESIAN_POINT('',(6.221682822763,680.04385366308));
#3943 = CARTESIAN_POINT('',(6.252404632151,680.));
#3944 = CARTESIAN_POINT('',(6.28318530718,680.));
#3945 = ( GEOMETRIC_REPRESENTATION_CONTEXT(2) 
PARAMETRIC_REPRESENTATION_CONTEXT() REPRESENTATION_CONTEXT('2D SPACE',''
  ) );
#3946 = PCURVE('',#3947,#3952);
#3947 = CYLINDRICAL_SURFACE('',#3948,50.);
#3948 = AXIS2_PLACEMENT_3D('',#3949,#3950,#3951);
#3949 = CARTESIAN_POINT('',(330.,260.,288.));
#3950 = DIRECTION('',(0.,0.,1.));
#3951 = DIRECTION('',(1.,0.,-0.));
#3952 = DEFINITIONAL_REPRESENTATION('',(#3953),#4166);
#3953 = B_SPLINE_CURVE_WITH_KNOTS('',8,(#3954,#3955,#3956,#3957,#3958,
    #3959,#3960,#3961,#3962,#3963,#3964,#3965,#3966,#3967,#3968,#3969,
    #3970,#3971,#3972,#3973,#3974,#3975,#3976,#3977,#3978,#3979,#3980,
    #3981,#3982,#3983,#3984,#3985,#3986,#3987,#3988,#3989,#3990,#3991,
    #3992,#3993,#3994,#3995,#3996,#3997,#3998,#3999,#4000,#4001,#4002,
    #4003,#4004,#4005,#4006,#4007,#4008,#4009,#4010,#4011,#4012,#4013,
    #4014,#4015,#4016,#4017,#4018,#4019,#4020,#4021,#4022,#4023,#4024,
    #4025,#4026,#4027,#4028,#4029,#4030,#4031,#4032,#4033,#4034,#4035,
    #4036,#4037,#4038,#4039,#4040,#4041,#4042,#4043,#4044,#4045,#4046,
    #4047,#4048,#4049,#4050,#4051,#4052,#4053,#4054,#4055,#4056,#4057,
    #4058,#4059,#4060,#4061,#4062,#4063,#4064,#4065,#4066,#4067,#4068,
    #4069,#4070,#4071,#4072,#4073,#4074,#4075,#4076,#4077,#4078,#4079,
    #4080,#4081,#4082,#4083,#4084,#4085,#4086,#4087,#4088,#4089,#4090,
    #4091,#4092,#4093,#4094,#4095,#4096,#4097,#4098,#4099,#4100,#4101,
    #4102,#4103,#4104,#4105,#4106,#4107,#4108,#4109,#4110,#4111,#4112,
    #4113,#4114,#4115,#4116,#4117,#4118,#4119,#4120,#4121,#4122,#4123,
    #4124,#4125,#4126,#4127,#4128,#4129,#4130,#4131,#4132,#4133,#4134,
    #4135,#4136,#4137,#4138,#4139,#4140,#4141,#4142,#4143,#4144,#4145,
    #4146,#4147,#4148,#4149,#4150,#4151,#4152,#4153,#4154,#4155,#4156,
    #4157,#4158,#4159,#4160,#4161,#4162,#4163,#4164,#4165),
  .UNSPECIFIED.,.T.,.F.,(9,7,7,7,7,7,7,7,7,7,7,7,7,7,7,7,7,7,7,7,7,7,7,7
    ,7,7,7,7,7,7,9),(0.,2.870447278293E-02,4.767225876299E-02,
    7.364740316523E-02,0.149096665859,0.215086920653,0.228351861701,
    0.249973995182,0.271580032329,0.284839002718,0.350701453884,
    0.426217428905,0.452257278883,0.471237465665,0.481012405898,
    0.499991052682,0.518969699465,0.528733167921,0.547701648295,
    0.573677743267,0.64912976801,0.715122438578,0.72838786523,
    0.750010790257,0.771617618361,0.784877074135,0.850741936401,
    0.92626067592,0.952301479168,0.97128236078,1.),.UNSPECIFIED.);
#3954 = CARTESIAN_POINT('',(3.14159265359,95.));
#3955 = CARTESIAN_POINT('',(3.169284349565,95.));
#3956 = CARTESIAN_POINT('',(3.19692297288,94.95131211097));
#3957 = CARTESIAN_POINT('',(3.224430751237,94.854264138187));
#3958 = CARTESIAN_POINT('',(3.251729967037,94.709969177453));
#3959 = CARTESIAN_POINT('',(3.278741382738,94.520323503456));
#3960 = CARTESIAN_POINT('',(3.305382786389,94.288008411745));
#3961 = CARTESIAN_POINT('',(3.331567657339,94.016496014334));
#3962 = CARTESIAN_POINT('',(3.374144299928,93.507566786449));
#3963 = CARTESIAN_POINT('',(3.390867382685,93.28955847432));
#3964 = CARTESIAN_POINT('',(3.407371893379,93.056880999099));
#3965 = CARTESIAN_POINT('',(3.423656212391,92.810377066032));
#3966 = CARTESIAN_POINT('',(3.439718432994,92.550885608827));
#3967 = CARTESIAN_POINT('',(3.455556386846,92.279242259432));
#3968 = CARTESIAN_POINT('',(3.471167669494,91.996279817821));
#3969 = CARTESIAN_POINT('',(3.50761430553,91.300966606549));
#3970 = CARTESIAN_POINT('',(3.528255837058,90.879303430373));
#3971 = CARTESIAN_POINT('',(3.548487019814,90.439566709849));
#3972 = CARTESIAN_POINT('',(3.568320472693,89.983321995655));
#3973 = CARTESIAN_POINT('',(3.587768741661,89.511977584908));
#3974 = CARTESIAN_POINT('',(3.606844367293,89.026789233535));
#3975 = CARTESIAN_POINT('',(3.625559952314,88.528864868647));
#3976 = CARTESIAN_POINT('',(3.697282040047,86.538671091225));
#3977 = CARTESIAN_POINT('',(3.747862200964,84.954507943895));
#3978 = CARTESIAN_POINT('',(3.795900918463,83.290658956921));
#3979 = CARTESIAN_POINT('',(3.841609970591,81.563296000555));
#3980 = CARTESIAN_POINT('',(3.885185100427,79.78197934554));
#3981 = CARTESIAN_POINT('',(3.926799657639,77.95015609573));
#3982 = CARTESIAN_POINT('',(3.966587361071,76.065801114401));
#3983 = CARTESIAN_POINT('',(4.037780722935,72.420790784532));
#3984 = CARTESIAN_POINT('',(4.069312735226,70.689558661714));
#3985 = CARTESIAN_POINT('',(4.099354538509,68.91701467019));
#3986 = CARTESIAN_POINT('',(4.12789874926,67.093556010096));
#3987 = CARTESIAN_POINT('',(4.154724610084,65.212988993678));
#3988 = CARTESIAN_POINT('',(4.179391003095,63.272731926816));
#3989 = CARTESIAN_POINT('',(4.20124793893,61.271464478321));
#3990 = CARTESIAN_POINT('',(4.22317457526,58.788945796063));
#3991 = CARTESIAN_POINT('',(4.226701018638,58.370557273359));
#3992 = CARTESIAN_POINT('',(4.230076078454,57.94937813651));
#3993 = CARTESIAN_POINT('',(4.233291957809,57.525488751274));
#3994 = CARTESIAN_POINT('',(4.236341023849,57.0989510723));
#3995 = CARTESIAN_POINT('',(4.239215802589,56.669808656809));
#3996 = CARTESIAN_POINT('',(4.241908973741,56.238086678283));
#3997 = CARTESIAN_POINT('',(4.248495576938,55.095882363728));
#3998 = CARTESIAN_POINT('',(4.252081236482,54.380264712745));
#3999 = CARTESIAN_POINT('',(4.25512773804,53.65856970529));
#4000 = CARTESIAN_POINT('',(4.257601004189,52.93215238775));
#4001 = CARTESIAN_POINT('',(4.259475164447,52.202150722515));
#4002 = CARTESIAN_POINT('',(4.260732287664,51.46954441331));
#4003 = CARTESIAN_POINT('',(4.261362168588,50.735213968163));
#4004 = CARTESIAN_POINT('',(4.261362168588,49.265333352931));
#4005 = CARTESIAN_POINT('',(4.260733225119,48.531547223707));
#4006 = CARTESIAN_POINT('',(4.259477965896,47.799481065625));
#4007 = CARTESIAN_POINT('',(4.257606566127,47.070014073293));
#4008 = CARTESIAN_POINT('',(4.25513690719,46.344124295085));
#4009 = CARTESIAN_POINT('',(4.252094789247,45.622947509393));
#4010 = CARTESIAN_POINT('',(4.248514197802,44.907835864682));
#4011 = CARTESIAN_POINT('',(4.241935954477,43.766294319336));
#4012 = CARTESIAN_POINT('',(4.239245617689,43.33474193072));
#4013 = CARTESIAN_POINT('',(4.236373775129,42.905766054874));
#4014 = CARTESIAN_POINT('',(4.233327737243,42.479391988954));
#4015 = CARTESIAN_POINT('',(4.230114968785,42.055663403592));
#4016 = CARTESIAN_POINT('',(4.22674309399,41.634642356583));
#4017 = CARTESIAN_POINT('',(4.223219901743,41.216409306576));
#4018 = CARTESIAN_POINT('',(4.201340169144,38.737877473273));
#4019 = CARTESIAN_POINT('',(4.179539468165,36.740238630718));
#4020 = CARTESIAN_POINT('',(4.154937812933,34.803417364105));
#4021 = CARTESIAN_POINT('',(4.128182000257,32.926082683274));
#4022 = CARTESIAN_POINT('',(4.099711545149,31.105659889462));
#4023 = CARTESIAN_POINT('',(4.069747084906,29.335991785645));
#4024 = CARTESIAN_POINT('',(4.038297139924,27.607526817621));
#4025 = CARTESIAN_POINT('',(3.967187541562,23.962810933088));
#4026 = CARTESIAN_POINT('',(3.927390491991,22.076170277021));
#4027 = CARTESIAN_POINT('',(3.885764091048,20.242147602408));
#4028 = CARTESIAN_POINT('',(3.842175202001,18.458688395511));
#4029 = CARTESIAN_POINT('',(3.796450644709,16.7292153483));
#4030 = CARTESIAN_POINT('',(3.748394612673,15.063273199116));
#4031 = CARTESIAN_POINT('',(3.697795115238,13.477029104279));
#4032 = CARTESIAN_POINT('',(3.626014383234,11.483249516822));
#4033 = CARTESIAN_POINT('',(3.607260419183,10.983836758106));
#4034 = CARTESIAN_POINT('',(3.588144893991,10.497203776485));
#4035 = CARTESIAN_POINT('',(3.568655099771,10.024464161341));
#4036 = CARTESIAN_POINT('',(3.548778391628,9.566880806004));
#4037 = CARTESIAN_POINT('',(3.528502119866,9.125870687223));
#4038 = CARTESIAN_POINT('',(3.507813562202,8.703009644637));
#4039 = CARTESIAN_POINT('',(3.471310286204,8.006314537875));
#4040 = CARTESIAN_POINT('',(3.455691191836,7.723088731759));
#4041 = CARTESIAN_POINT('',(3.439845171475,7.451191056316));
#4042 = CARTESIAN_POINT('',(3.423774613461,7.19145532016));
#4043 = CARTESIAN_POINT('',(3.40748167019,6.944718297424));
#4044 = CARTESIAN_POINT('',(3.390968232445,6.711820199081));
#4045 = CARTESIAN_POINT('',(3.374235903722,6.493605144262));
#4046 = CARTESIAN_POINT('',(3.348556632408,6.186538084386));
#4047 = CARTESIAN_POINT('',(3.339771038575,6.086291519495));
#4048 = CARTESIAN_POINT('',(3.330931220414,5.990317223991));
#4049 = CARTESIAN_POINT('',(3.322039165866,5.898744816907));
#4050 = CARTESIAN_POINT('',(3.313096823456,5.811698249228));
#4051 = CARTESIAN_POINT('',(3.304106102296,5.729295803889));
#4052 = CARTESIAN_POINT('',(3.295068872082,5.651650095772));
#4053 = CARTESIAN_POINT('',(3.268353879043,5.437557302156));
#4054 = CARTESIAN_POINT('',(3.250544457873,5.314517636333));
#4055 = CARTESIAN_POINT('',(3.232588306419,5.21069236718));
#4056 = CARTESIAN_POINT('',(3.214514133432,5.126841683988));
#4057 = CARTESIAN_POINT('',(3.196349976103,5.063543030096));
#4058 = CARTESIAN_POINT('',(3.178123426587,5.021191460589));
#4059 = CARTESIAN_POINT('',(3.159861858529,5.));
#4060 = CARTESIAN_POINT('',(3.12332344865,5.));
#4061 = CARTESIAN_POINT('',(3.105061880593,5.021191460589));
#4062 = CARTESIAN_POINT('',(3.086835331077,5.063543030096));
#4063 = CARTESIAN_POINT('',(3.068671173748,5.126841683988));
#4064 = CARTESIAN_POINT('',(3.050597000761,5.21069236718));
#4065 = CARTESIAN_POINT('',(3.032640849307,5.314517636333));
#4066 = CARTESIAN_POINT('',(3.014831428136,5.437557302156));
#4067 = CARTESIAN_POINT('',(2.98812709354,5.65156467948));
#4068 = CARTESIAN_POINT('',(2.97910042173,5.729113520766));
#4069 = CARTESIAN_POINT('',(2.970120150474,5.811408037657));
#4070 = CARTESIAN_POINT('',(2.961188141433,5.898336026266));
#4071 = CARTESIAN_POINT('',(2.95230629611,5.989779636734));
#4072 = CARTESIAN_POINT('',(2.943476555845,6.085615373225));
#4073 = CARTESIAN_POINT('',(2.934700901822,6.185714093935));
#4074 = CARTESIAN_POINT('',(2.909041007245,6.49243321364));
#4075 = CARTESIAN_POINT('',(2.892317924492,6.71044152573));
#4076 = CARTESIAN_POINT('',(2.875813413804,6.943119000866));
#4077 = CARTESIAN_POINT('',(2.859529094795,7.189622933878));
#4078 = CARTESIAN_POINT('',(2.84346687419,7.449114391106));
#4079 = CARTESIAN_POINT('',(2.827628920331,7.720757740596));
#4080 = CARTESIAN_POINT('',(2.81201763768,8.003720182292));
#4081 = CARTESIAN_POINT('',(2.775571001947,8.699033387782));
#4082 = CARTESIAN_POINT('',(2.754929469984,9.120696573322));
#4083 = CARTESIAN_POINT('',(2.734698287086,9.560433296107));
#4084 = CARTESIAN_POINT('',(2.714864834459,10.016678004034));
#4085 = CARTESIAN_POINT('',(2.695416565767,10.488022408813));
#4086 = CARTESIAN_POINT('',(2.676340940049,10.973210763134));
#4087 = CARTESIAN_POINT('',(2.657625354632,11.471135137839));
#4088 = CARTESIAN_POINT('',(2.585903267135,13.461328908703));
#4089 = CARTESIAN_POINT('',(2.53532310621,15.045492056317));
#4090 = CARTESIAN_POINT('',(2.487284388726,16.709341042701));
#4091 = CARTESIAN_POINT('',(2.441575336578,18.436703999948));
#4092 = CARTESIAN_POINT('',(2.398000206762,20.21802065402));
#4093 = CARTESIAN_POINT('',(2.356385649536,22.049843904519));
#4094 = CARTESIAN_POINT('',(2.31659794611,23.934198885532));
#4095 = CARTESIAN_POINT('',(2.245404584243,27.579209215549));
#4096 = CARTESIAN_POINT('',(2.213872571957,29.310441338143));
#4097 = CARTESIAN_POINT('',(2.183830768666,31.08298533));
#4098 = CARTESIAN_POINT('',(2.155286557925,32.906443989663));
#4099 = CARTESIAN_POINT('',(2.128460697091,34.787011006609));
#4100 = CARTESIAN_POINT('',(2.103794304087,36.727268072978));
#4101 = CARTESIAN_POINT('',(2.081937368249,38.728535521767));
#4102 = CARTESIAN_POINT('',(2.06001073192,41.211054203946));
#4103 = CARTESIAN_POINT('',(2.056484288541,41.629442726652));
#4104 = CARTESIAN_POINT('',(2.053109228726,42.050621863501));
#4105 = CARTESIAN_POINT('',(2.049893349371,42.474511248735));
#4106 = CARTESIAN_POINT('',(2.046844283331,42.901048927706));
#4107 = CARTESIAN_POINT('',(2.04396950459,43.330191343195));
#4108 = CARTESIAN_POINT('',(2.041276333439,43.761913321722));
#4109 = CARTESIAN_POINT('',(2.034689730242,44.904117636301));
#4110 = CARTESIAN_POINT('',(2.031104070698,45.619735287264));
#4111 = CARTESIAN_POINT('',(2.02805756914,46.341430294705));
#4112 = CARTESIAN_POINT('',(2.02558430299,47.06784761224));
#4113 = CARTESIAN_POINT('',(2.023710142733,47.79784927748));
#4114 = CARTESIAN_POINT('',(2.022453019516,48.530455586696));
#4115 = CARTESIAN_POINT('',(2.021823138591,49.264786031857));
#4116 = CARTESIAN_POINT('',(2.021823138591,50.734666647066));
#4117 = CARTESIAN_POINT('',(2.022452082061,51.468452776296));
#4118 = CARTESIAN_POINT('',(2.023707341283,52.200518934377));
#4119 = CARTESIAN_POINT('',(2.025578741052,52.929985926707));
#4120 = CARTESIAN_POINT('',(2.02804839999,53.655875704917));
#4121 = CARTESIAN_POINT('',(2.031090517933,54.37705249061));
#4122 = CARTESIAN_POINT('',(2.034671109378,55.092164135314));
#4123 = CARTESIAN_POINT('',(2.041249352702,56.23370568066));
#4124 = CARTESIAN_POINT('',(2.043939689491,56.665258069279));
#4125 = CARTESIAN_POINT('',(2.04681153205,57.094233945129));
#4126 = CARTESIAN_POINT('',(2.049857569936,57.520608011049));
#4127 = CARTESIAN_POINT('',(2.053070338394,57.944336596409));
#4128 = CARTESIAN_POINT('',(2.05644221319,58.365357643414));
#4129 = CARTESIAN_POINT('',(2.059965405437,58.783590693419));
#4130 = CARTESIAN_POINT('',(2.081845138036,61.262122526749));
#4131 = CARTESIAN_POINT('',(2.103645839014,63.259761369307));
#4132 = CARTESIAN_POINT('',(2.128247494247,65.196582635816));
#4133 = CARTESIAN_POINT('',(2.155003306922,67.073917316808));
#4134 = CARTESIAN_POINT('',(2.183473762031,68.894340110457));
#4135 = CARTESIAN_POINT('',(2.213438222274,70.664008214397));
#4136 = CARTESIAN_POINT('',(2.244888167256,72.392473182373));
#4137 = CARTESIAN_POINT('',(2.315997765618,76.037189066909));
#4138 = CARTESIAN_POINT('',(2.355794815188,77.923829722954));
#4139 = CARTESIAN_POINT('',(2.397421216137,79.75785239774));
#4140 = CARTESIAN_POINT('',(2.44101010517,81.541311604213));
#4141 = CARTESIAN_POINT('',(2.486734662476,83.270784651883));
#4142 = CARTESIAN_POINT('',(2.534790694506,84.936726800858));
#4143 = CARTESIAN_POINT('',(2.585390191941,86.522970895693));
#4144 = CARTESIAN_POINT('',(2.657170923946,88.516750483188));
#4145 = CARTESIAN_POINT('',(2.675924887996,89.016163241892));
#4146 = CARTESIAN_POINT('',(2.695040413188,89.5027962235));
#4147 = CARTESIAN_POINT('',(2.714530207408,89.975535838642));
#4148 = CARTESIAN_POINT('',(2.734406915551,90.433119193986));
#4149 = CARTESIAN_POINT('',(2.754683187314,90.874129312778));
#4150 = CARTESIAN_POINT('',(2.775371744978,91.296990355369));
#4151 = CARTESIAN_POINT('',(2.811875020977,91.993685462138));
#4152 = CARTESIAN_POINT('',(2.827494115344,92.276911268241));
#4153 = CARTESIAN_POINT('',(2.843340135704,92.54880894367));
#4154 = CARTESIAN_POINT('',(2.859410693717,92.808544679823));
#4155 = CARTESIAN_POINT('',(2.875703636989,93.055281702568));
#4156 = CARTESIAN_POINT('',(2.892217074735,93.288179800926));
#4157 = CARTESIAN_POINT('',(2.908949403458,93.50639485575));
#4158 = CARTESIAN_POINT('',(2.951544187289,94.015733881656));
#4159 = CARTESIAN_POINT('',(2.977738416765,94.287449252967));
#4160 = CARTESIAN_POINT('',(3.004389806661,94.51994371602));
#4161 = CARTESIAN_POINT('',(3.031411679028,94.709738798213));
#4162 = CARTESIAN_POINT('',(3.058721674787,94.854148548841));
#4163 = CARTESIAN_POINT('',(3.086240415725,94.951273734251));
#4164 = CARTESIAN_POINT('',(3.113890046064,95.));
#4165 = CARTESIAN_POINT('',(3.14159265359,95.));
#4166 = ( GEOMETRIC_REPRESENTATION_CONTEXT(2) 
PARAMETRIC_REPRESENTATION_CONTEXT() REPRESENTATION_CONTEXT('2D SPACE',''
  ) );
#4167 = ORIENTED_EDGE('',*,*,#4168,.F.);
#4168 = EDGE_CURVE('',#4169,#3514,#4171,.T.);
#4169 = VERTEX_POINT('',#4170);
#4170 = CARTESIAN_POINT('',(294.64466094067,224.64466094067,
    365.83882181415));
#4171 = SURFACE_CURVE('',#4172,(#4177,#4204),.PCURVE_S1.);
#4172 = ELLIPSE('',#4173,63.639610306789,45.);
#4173 = AXIS2_PLACEMENT_3D('',#4174,#4175,#4176);
#4174 = CARTESIAN_POINT('',(330.,260.,338.));
#4175 = DIRECTION('',(0.707106781187,-0.707106781187,0.));
#4176 = DIRECTION('',(0.707106781187,0.707106781187,0.));
#4177 = PCURVE('',#2155,#4178);
#4178 = DEFINITIONAL_REPRESENTATION('',(#4179),#4203);
#4179 = B_SPLINE_CURVE_WITH_KNOTS('',8,(#4180,#4181,#4182,#4183,#4184,
    #4185,#4186,#4187,#4188,#4189,#4190,#4191,#4192,#4193,#4194,#4195,
    #4196,#4197,#4198,#4199,#4200,#4201,#4202),.UNSPECIFIED.,.F.,.F.,(9,
    7,7,9),(1.570796320128,2.356194485192,3.534291732789,4.712388980385)
  ,.UNSPECIFIED.);
#4180 = CARTESIAN_POINT('',(-6.666667218269E-09,730.0000003));
#4181 = CARTESIAN_POINT('',(9.817476396635E-02,725.58213562151));
#4182 = CARTESIAN_POINT('',(0.196349534599,721.16427100504));
#4183 = CARTESIAN_POINT('',(0.294524305232,716.8112908059));
#4184 = CARTESIAN_POINT('',(0.392699075865,712.58808101428));
#4185 = CARTESIAN_POINT('',(0.490873846498,708.55752347457));
#4186 = CARTESIAN_POINT('',(0.589048617131,704.77850024939));
#4187 = CARTESIAN_POINT('',(0.687223387764,701.30409709384));
#4188 = CARTESIAN_POINT('',(0.932660314347,693.49434187349));
#4189 = CARTESIAN_POINT('',(1.079922470296,689.59711592394));
#4190 = CARTESIAN_POINT('',(1.227184626247,686.64336422062));
#4191 = CARTESIAN_POINT('',(1.374446782196,684.75144631695));
#4192 = CARTESIAN_POINT('',(1.521708938141,683.99250036338));
#4193 = CARTESIAN_POINT('',(1.668971094093,684.38388134201));
#4194 = CARTESIAN_POINT('',(1.816233250044,685.88945558091));
#4195 = CARTESIAN_POINT('',(2.110757561943,690.96138640696));
#4196 = CARTESIAN_POINT('',(2.258019717893,694.5277431322));
#4197 = CARTESIAN_POINT('',(2.405281873842,699.04068724531));
#4198 = CARTESIAN_POINT('',(2.552544029792,704.36875319387));
#4199 = CARTESIAN_POINT('',(2.699806185741,710.33859621919));
#4200 = CARTESIAN_POINT('',(2.847068341691,716.74640578159));
#4201 = CARTESIAN_POINT('',(2.99433049764,723.37320298227));
#4202 = CARTESIAN_POINT('',(3.14159265359,730.));
#4203 = ( GEOMETRIC_REPRESENTATION_CONTEXT(2) 
PARAMETRIC_REPRESENTATION_CONTEXT() REPRESENTATION_CONTEXT('2D SPACE',''
  ) );
#4204 = PCURVE('',#4205,#4210);
#4205 = CYLINDRICAL_SURFACE('',#4206,45.);
#4206 = AXIS2_PLACEMENT_3D('',#4207,#4208,#4209);
#4207 = CARTESIAN_POINT('',(330.,260.,338.));
#4208 = DIRECTION('',(0.,-1.,0.));
#4209 = DIRECTION('',(0.,-0.,-1.));
#4210 = DEFINITIONAL_REPRESENTATION('',(#4211),#4235);
#4211 = B_SPLINE_CURVE_WITH_KNOTS('',8,(#4212,#4213,#4214,#4215,#4216,
    #4217,#4218,#4219,#4220,#4221,#4222,#4223,#4224,#4225,#4226,#4227,
    #4228,#4229,#4230,#4231,#4232,#4233,#4234),.UNSPECIFIED.,.F.,.F.,(9,
    7,7,9),(1.570796320128,2.356194485192,3.534291732789,4.712388980385)
  ,.UNSPECIFIED.);
#4212 = CARTESIAN_POINT('',(3.141592646923,-3.000000106113E-07));
#4213 = CARTESIAN_POINT('',(3.239767417556,4.417864378486));
#4214 = CARTESIAN_POINT('',(3.337942188189,8.835728994966));
#4215 = CARTESIAN_POINT('',(3.436116958822,13.188709194156));
#4216 = CARTESIAN_POINT('',(3.534291729455,17.411918985701));
#4217 = CARTESIAN_POINT('',(3.632466500088,21.442476525363));
#4218 = CARTESIAN_POINT('',(3.730641270721,25.221499750635));
#4219 = CARTESIAN_POINT('',(3.828816041354,28.695902906154));
#4220 = CARTESIAN_POINT('',(4.074252967937,36.505658126507));
#4221 = CARTESIAN_POINT('',(4.221515123887,40.402884076721));
#4222 = CARTESIAN_POINT('',(4.368777279839,43.356635775213));
#4223 = CARTESIAN_POINT('',(4.516039435788,45.248553685058));
#4224 = CARTESIAN_POINT('',(4.663301591738,46.007499632076));
#4225 = CARTESIAN_POINT('',(4.810563747685,45.616118658108));
#4226 = CARTESIAN_POINT('',(4.957825903634,44.110544419085));
#4227 = CARTESIAN_POINT('',(5.252350215533,39.038613593035));
#4228 = CARTESIAN_POINT('',(5.399612371482,35.472256866473));
#4229 = CARTESIAN_POINT('',(5.546874527435,30.959312755047));
#4230 = CARTESIAN_POINT('',(5.694136683377,25.631246800447));
#4231 = CARTESIAN_POINT('',(5.841398839335,19.661403780847));
#4232 = CARTESIAN_POINT('',(5.98866099528,13.253594217764));
#4233 = CARTESIAN_POINT('',(6.13592315123,6.626797017728));
#4234 = CARTESIAN_POINT('',(6.28318530718,0.));
#4235 = ( GEOMETRIC_REPRESENTATION_CONTEXT(2) 
PARAMETRIC_REPRESENTATION_CONTEXT() REPRESENTATION_CONTEXT('2D SPACE',''
  ) );
#4236 = ORIENTED_EDGE('',*,*,#4237,.F.);
#4237 = EDGE_CURVE('',#3491,#4169,#4238,.T.);
#4238 = SURFACE_CURVE('',#4239,(#4452,#4668),.PCURVE_S1.);
#4239 = B_SPLINE_CURVE_WITH_KNOTS('',8,(#4240,#4241,#4242,#4243,#4244,
    #4245,#4246,#4247,#4248,#4249,#4250,#4251,#4252,#4253,#4254,#4255,
    #4256,#4257,#4258,#4259,#4260,#4261,#4262,#4263,#4264,#4265,#4266,
    #4267,#4268,#4269,#4270,#4271,#4272,#4273,#4274,#4275,#4276,#4277,
    #4278,#4279,#4280,#4281,#4282,#4283,#4284,#4285,#4286,#4287,#4288,
    #4289,#4290,#4291,#4292,#4293,#4294,#4295,#4296,#4297,#4298,#4299,
    #4300,#4301,#4302,#4303,#4304,#4305,#4306,#4307,#4308,#4309,#4310,
    #4311,#4312,#4313,#4314,#4315,#4316,#4317,#4318,#4319,#4320,#4321,
    #4322,#4323,#4324,#4325,#4326,#4327,#4328,#4329,#4330,#4331,#4332,
    #4333,#4334,#4335,#4336,#4337,#4338,#4339,#4340,#4341,#4342,#4343,
    #4344,#4345,#4346,#4347,#4348,#4349,#4350,#4351,#4352,#4353,#4354,
    #4355,#4356,#4357,#4358,#4359,#4360,#4361,#4362,#4363,#4364,#4365,
    #4366,#4367,#4368,#4369,#4370,#4371,#4372,#4373,#4374,#4375,#4376,
    #4377,#4378,#4379,#4380,#4381,#4382,#4383,#4384,#4385,#4386,#4387,
    #4388,#4389,#4390,#4391,#4392,#4393,#4394,#4395,#4396,#4397,#4398,
    #4399,#4400,#4401,#4402,#4403,#4404,#4405,#4406,#4407,#4408,#4409,
    #4410,#4411,#4412,#4413,#4414,#4415,#4416,#4417,#4418,#4419,#4420,
    #4421,#4422,#4423,#4424,#4425,#4426,#4427,#4428,#4429,#4430,#4431,
    #4432,#4433,#4434,#4435,#4436,#4437,#4438,#4439,#4440,#4441,#4442,
    #4443,#4444,#4445,#4446,#4447,#4448,#4449,#4450,#4451),
  .UNSPECIFIED.,.T.,.F.,(9,7,7,7,7,7,7,7,7,7,7,7,7,7,7,7,7,7,7,7,7,7,7,7
    ,7,7,7,7,7,7,9),(0.,2.870447278293E-02,4.767225876299E-02,
    7.364740316523E-02,0.149096665859,0.215086920653,0.228351861701,
    0.249973995182,0.271580032329,0.284839002718,0.350701453884,
    0.426217428905,0.452257278883,0.471237465665,0.481012405898,
    0.499991052682,0.518969699465,0.528733167921,0.547701648295,
    0.573677743267,0.64912976801,0.715122438578,0.72838786523,
    0.750010790257,0.771617618361,0.784877074135,0.850741936401,
    0.92626067592,0.952301479168,0.97128236078,1.),.UNSPECIFIED.);
#4240 = CARTESIAN_POINT('',(280.,260.,383.));
#4241 = CARTESIAN_POINT('',(280.,258.61541520122,383.));
#4242 = CARTESIAN_POINT('',(280.04381912409,257.23348422186,
    382.95131211097));
#4243 = CARTESIAN_POINT('',(280.13116223953,255.85971273902,
    382.85426413818));
#4244 = CARTESIAN_POINT('',(280.260977287,254.49957976948,
    382.70996917745));
#4245 = CARTESIAN_POINT('',(280.43145837792,253.15851341533,
    382.52032350345));
#4246 = CARTESIAN_POINT('',(280.6400529537,251.84186830124,
    382.28800841174));
#4247 = CARTESIAN_POINT('',(280.88347300696,250.55490470312,
    382.01649601433));
#4248 = CARTESIAN_POINT('',(281.33892517225,248.47536399411,
    381.50756678644));
#4249 = CARTESIAN_POINT('',(281.53383466167,247.66207872661,
    381.28955847432));
#4250 = CARTESIAN_POINT('',(281.74162679951,246.86318175388,
    381.05688099909));
#4251 = CARTESIAN_POINT('',(281.96149046915,246.07891670212,
    380.81037706603));
#4252 = CARTESIAN_POINT('',(282.1926160115,245.30950264147,
    380.55088560882));
#4253 = CARTESIAN_POINT('',(282.43419576549,244.5551340918,
    380.27924225943));
#4254 = CARTESIAN_POINT('',(282.68542460869,243.81598102844,
    379.99627981782));
#4255 = CARTESIAN_POINT('',(283.30165744646,242.10100281125,
    379.30096660654));
#4256 = CARTESIAN_POINT('',(283.67452218795,241.13830045291,
    378.87930343037));
#4257 = CARTESIAN_POINT('',(284.06239232313,240.20354723034,
    378.43956670984));
#4258 = CARTESIAN_POINT('',(284.46370891416,239.29614292813,
    377.98332199565));
#4259 = CARTESIAN_POINT('',(284.87705105658,238.41543227055,
    377.5119775849));
#4260 = CARTESIAN_POINT('',(285.30113045136,237.56071549399,
    377.02678923353));
#4261 = CARTESIAN_POINT('',(285.7347859769,236.73125891947,
    376.52886486864));
#4262 = CARTESIAN_POINT('',(287.46140160409,233.58818030956,
    374.53867109122));
#4263 = CARTESIAN_POINT('',(288.82162187385,231.44992336644,
    372.95450794389));
#4264 = CARTESIAN_POINT('',(290.23171783116,229.49725203209,
    371.29065895694));
#4265 = CARTESIAN_POINT('',(291.67220253458,227.71481363669,
    369.56329600052));
#4266 = CARTESIAN_POINT('',(293.12865346595,226.08759737583,
    367.78197934556));
#4267 = CARTESIAN_POINT('',(294.59026347455,224.60177602032,
    365.95015609572));
#4268 = CARTESIAN_POINT('',(296.04816987395,223.24569530554,
    364.0658011144));
#4269 = CARTESIAN_POINT('',(298.75272824079,220.93126211917,
    360.42079078453));
#4270 = CARTESIAN_POINT('',(299.99158619389,219.95408502274,
    358.6895586617));
#4271 = CARTESIAN_POINT('',(301.20543175457,219.0665723712,
    356.91701467021));
#4272 = CARTESIAN_POINT('',(302.38723844974,218.26355241411,
    355.09355601005));
#4273 = CARTESIAN_POINT('',(303.52175034637,217.54570200283,
    353.2129889937));
#4274 = CARTESIAN_POINT('',(304.58361960114,216.91721885602,
    351.2727319268));
#4275 = CARTESIAN_POINT('',(305.53737431418,216.38333782617,
    349.27146447832));
#4276 = CARTESIAN_POINT('',(306.50321170627,215.86458780552,
    346.78894579606));
#4277 = CARTESIAN_POINT('',(306.65891071661,215.78183562668,
    346.37055727335));
#4278 = CARTESIAN_POINT('',(306.80825249909,215.70325202371,
    345.94937813651));
#4279 = CARTESIAN_POINT('',(306.95083988372,215.62892668522,
    345.52548875127));
#4280 = CARTESIAN_POINT('',(307.08628317055,215.55894338688,
    345.0989510723));
#4281 = CARTESIAN_POINT('',(307.21420072274,215.49338196082,
    344.6698086568));
#4282 = CARTESIAN_POINT('',(307.3342195595,215.43232026491,
    344.23808667828));
#4283 = CARTESIAN_POINT('',(307.62814121977,215.28376585799,
    343.09588236372));
#4284 = CARTESIAN_POINT('',(307.78857783563,215.20374457521,
    342.38026471274));
#4285 = CARTESIAN_POINT('',(307.92519697847,215.13637425046,
    341.65856970529));
#4286 = CARTESIAN_POINT('',(308.03630130724,215.0820726125,
    340.93215238775));
#4287 = CARTESIAN_POINT('',(308.12059012178,215.04112619089,
    340.20215072251));
#4288 = CARTESIAN_POINT('',(308.1771606248,215.01372801594,
    339.46954441331));
#4289 = CARTESIAN_POINT('',(308.20550528229,215.,338.73521396816));
#4290 = CARTESIAN_POINT('',(308.20550528229,215.,337.26533335293));
#4291 = CARTESIAN_POINT('',(308.17720281038,215.01370758415,
    336.5315472237));
#4292 = CARTESIAN_POINT('',(308.12071618687,215.04106513531,
    335.79948106562));
#4293 = CARTESIAN_POINT('',(308.03655145044,215.08195109571,
    335.07001407329));
#4294 = CARTESIAN_POINT('',(307.92560887595,215.13617293738,
    334.34412429508));
#4295 = CARTESIAN_POINT('',(307.78918560616,215.20344487317,
    333.62294750939));
#4296 = CARTESIAN_POINT('',(307.62897439725,215.28335030872,
    332.90783586468));
#4297 = CARTESIAN_POINT('',(307.33542219024,215.43170904573,
    331.76629431933));
#4298 = CARTESIAN_POINT('',(307.21552800366,215.49270321209,
    331.33474193072));
#4299 = CARTESIAN_POINT('',(307.08773910964,215.55819378528,
    330.90576605487));
#4300 = CARTESIAN_POINT('',(306.95242797578,215.62810300221,
    330.47939198895));
#4301 = CARTESIAN_POINT('',(306.80997575384,215.70235111829,
    330.05566340359));
#4302 = CARTESIAN_POINT('',(306.6607716876,215.78085444023,
    329.63464235658));
#4303 = CARTESIAN_POINT('',(306.50521252065,215.86352335889,
    329.21640930657));
#4304 = CARTESIAN_POINT('',(305.54141599676,216.38111683551,
    326.73787747327));
#4305 = CARTESIAN_POINT('',(304.59006945936,216.9135411224,
    324.74023863071));
#4306 = CARTESIAN_POINT('',(303.53089583914,217.54021449715,
    322.80341736411));
#4307 = CARTESIAN_POINT('',(302.39918595929,218.25592402361,
    320.92608268325));
#4308 = CARTESIAN_POINT('',(301.22018575189,219.0564907468,
    319.10565988947));
#4309 = CARTESIAN_POINT('',(300.00911492047,219.94122557895,
    317.33599178564));
#4310 = CARTESIAN_POINT('',(298.77300410781,220.91524294821,
    315.60752681762));
#4311 = CARTESIAN_POINT('',(296.07022871069,223.225317103,
    311.96281093308));
#4312 = CARTESIAN_POINT('',(294.61116115604,224.58083587379,
    310.07617027701));
#4313 = CARTESIAN_POINT('',(293.14825407361,226.06621542901,
    308.24214760241));
#4314 = CARTESIAN_POINT('',(291.69040120133,227.69310601105,
    306.45868839549));
#4315 = CARTESIAN_POINT('',(290.24842534266,229.47534389024,
    304.72921534831));
#4316 = CARTESIAN_POINT('',(288.83676037427,231.42795869333,
    303.06327319911));
#4317 = CARTESIAN_POINT('',(287.47490776626,233.56633041066,
    301.47702910427));
#4318 = CARTESIAN_POINT('',(285.74533480539,236.71112946476,
    299.48324951682));
#4319 = CARTESIAN_POINT('',(285.31041505101,237.54209171321,
    298.9838367581));
#4320 = CARTESIAN_POINT('',(284.88509862466,238.39842414211,
    298.49720377648));
#4321 = CARTESIAN_POINT('',(284.47055305843,239.28086678821,
    298.02446416134));
#4322 = CARTESIAN_POINT('',(284.06807430205,240.19012559694,
    297.566880806));
#4323 = CARTESIAN_POINT('',(283.67909223529,241.12686170221,
    297.12587068722));
#4324 = CARTESIAN_POINT('',(283.3051761804,242.09168070605,
    296.70300964463));
#4325 = CARTESIAN_POINT('',(282.68772771877,243.80923137304,
    296.00631453787));
#4326 = CARTESIAN_POINT('',(282.43626826198,244.54871875795,
    295.72308873175));
#4327 = CARTESIAN_POINT('',(282.19446498739,245.30343955116,
    295.45119105631));
#4328 = CARTESIAN_POINT('',(281.96312403577,246.07322460192,
    295.19145532016));
#4329 = CARTESIAN_POINT('',(281.74305420528,246.85788016139,
    294.94471829742));
#4330 = CARTESIAN_POINT('',(281.53506641145,247.65718787353,
    294.71182019908));
#4331 = CARTESIAN_POINT('',(281.33997314705,248.4709047659,
    294.49360514426));
#4332 = CARTESIAN_POINT('',(281.06517318491,249.72511663749,
    294.18653808438));
#4333 = CARTESIAN_POINT('',(280.97540985658,250.15514957159,
    294.08629151949));
#4334 = CARTESIAN_POINT('',(280.88942659066,250.58873417394,
    293.99031722399));
#4335 = CARTESIAN_POINT('',(280.8073466568,251.02574100078,
    293.8987448169));
#4336 = CARTESIAN_POINT('',(280.72928796073,251.46603903336,
    293.81169824922));
#4337 = CARTESIAN_POINT('',(280.65536304423,251.90949567799,
    293.72929580388));
#4338 = CARTESIAN_POINT('',(280.58567908515,252.35597676603,
    293.65165009577));
#4339 = CARTESIAN_POINT('',(280.39347396842,253.67782559465,
    293.43755730215));
#4340 = CARTESIAN_POINT('',(280.28292353864,254.56158616931,
    293.31451763633));
#4341 = CARTESIAN_POINT('',(280.18957545633,255.4548399251,
    293.21069236718));
#4342 = CARTESIAN_POINT('',(280.11414815978,256.35578283229,
    293.12684168398));
#4343 = CARTESIAN_POINT('',(280.05718876216,257.26259845765,
    293.06354303009));
#4344 = CARTESIAN_POINT('',(280.01907213639,258.17346123787,
    293.02119146058));
#4345 = CARTESIAN_POINT('',(280.,259.08653975301,293.));
#4346 = CARTESIAN_POINT('',(280.,260.91346024698,293.));
#4347 = CARTESIAN_POINT('',(280.01907213639,261.82653876212,
    293.02119146058));
#4348 = CARTESIAN_POINT('',(280.05718876216,262.73740154234,
    293.06354303009));
#4349 = CARTESIAN_POINT('',(280.11414815978,263.6442171677,
    293.12684168398));
#4350 = CARTESIAN_POINT('',(280.18957545633,264.54516007489,
    293.21069236718));
#4351 = CARTESIAN_POINT('',(280.28292353864,265.43841383068,
    293.31451763633));
#4352 = CARTESIAN_POINT('',(280.39347396842,266.32217440534,
    293.43755730215));
#4353 = CARTESIAN_POINT('',(280.58560240135,267.64349585785,
    293.65156467948));
#4354 = CARTESIAN_POINT('',(280.65519945234,268.08945611065,
    293.72911352076));
#4355 = CARTESIAN_POINT('',(280.72902760605,268.53239903906,
    293.81140803765));
#4356 = CARTESIAN_POINT('',(280.80698007534,268.97219101487,
    293.89833602626));
#4357 = CARTESIAN_POINT('',(280.88894473017,269.40869994711,
    293.98977963673));
#4358 = CARTESIAN_POINT('',(280.97480409766,269.84179528207,
    294.08561537322));
#4359 = CARTESIAN_POINT('',(281.06443536205,270.2713480033,
    294.18571409393));
#4360 = CARTESIAN_POINT('',(281.33892517233,271.52463600625,
    294.49243321364));
#4361 = CARTESIAN_POINT('',(281.53383466172,272.33792127353,
    294.71044152573));
#4362 = CARTESIAN_POINT('',(281.74162679948,273.13681824595,
    294.94311900086));
#4363 = CARTESIAN_POINT('',(281.96149046907,273.92108329759,
    295.18962293387));
#4364 = CARTESIAN_POINT('',(282.19261601144,274.69049735836,
    295.4491143911));
#4365 = CARTESIAN_POINT('',(282.43419576552,275.44486590829,
    295.72075774059));
#4366 = CARTESIAN_POINT('',(282.6854246088,276.18401897183,
    296.00372018229));
#4367 = CARTESIAN_POINT('',(283.30165744143,277.89899717476,
    296.69903338778));
#4368 = CARTESIAN_POINT('',(283.67452219116,278.86169955316,
    297.12069657332));
#4369 = CARTESIAN_POINT('',(284.06239232837,279.79645278257,
    297.5604332961));
#4370 = CARTESIAN_POINT('',(284.46370891393,280.70385707347,
    298.01667800403));
#4371 = CARTESIAN_POINT('',(284.8770510511,281.58456771831,
    298.48802240881));
#4372 = CARTESIAN_POINT('',(285.30113044841,282.43928449841,
    298.97321076313));
#4373 = CARTESIAN_POINT('',(285.73478598252,283.26874109076,
    299.47113513783));
#4374 = CARTESIAN_POINT('',(287.46140160403,286.41181969031,
    301.4613289087));
#4375 = CARTESIAN_POINT('',(288.821621874,288.5500766338,303.04549205631
    ));
#4376 = CARTESIAN_POINT('',(290.23171783094,290.50274796759,
    304.70934104271));
#4377 = CARTESIAN_POINT('',(291.67220253487,292.28518636363,
    306.43670399992));
#4378 = CARTESIAN_POINT('',(293.12865346569,293.9124026239,
    308.21802065403));
#4379 = CARTESIAN_POINT('',(294.59026347472,295.39822397982,
    310.04984390451));
#4380 = CARTESIAN_POINT('',(296.0481698739,296.75430469441,
    311.93419888553));
#4381 = CARTESIAN_POINT('',(298.75272824085,299.06873788087,
    315.57920921554));
#4382 = CARTESIAN_POINT('',(299.9915861938,300.04591497714,
    317.31044133814));
#4383 = CARTESIAN_POINT('',(301.20543175466,300.93342762896,
    319.08298532999));
#4384 = CARTESIAN_POINT('',(302.38723844966,301.7364475857,
    320.90644398967));
#4385 = CARTESIAN_POINT('',(303.52175034647,302.4542979973,
    322.7870110066));
#4386 = CARTESIAN_POINT('',(304.58361960107,303.08278114391,
    324.72726807298));
#4387 = CARTESIAN_POINT('',(305.53737431421,303.61666217384,
    326.72853552176));
#4388 = CARTESIAN_POINT('',(306.50321170628,304.13541219447,
    329.21105420394));
#4389 = CARTESIAN_POINT('',(306.65891071661,304.21816437332,
    329.62944272665));
#4390 = CARTESIAN_POINT('',(306.80825249909,304.29674797628,
    330.0506218635));
#4391 = CARTESIAN_POINT('',(306.95083988372,304.37107331477,
    330.47451124873));
#4392 = CARTESIAN_POINT('',(307.08628317056,304.44105661311,
    330.9010489277));
#4393 = CARTESIAN_POINT('',(307.21420072274,304.50661803918,
    331.33019134319));
#4394 = CARTESIAN_POINT('',(307.3342195595,304.56767973508,
    331.76191332172));
#4395 = CARTESIAN_POINT('',(307.62814121978,304.716234142,332.9041176363
    ));
#4396 = CARTESIAN_POINT('',(307.78857783563,304.79625542478,
    333.61973528726));
#4397 = CARTESIAN_POINT('',(307.92519697846,304.86362574953,
    334.3414302947));
#4398 = CARTESIAN_POINT('',(308.03630130724,304.91792738749,
    335.06784761224));
#4399 = CARTESIAN_POINT('',(308.12059012178,304.95887380911,
    335.79784927748));
#4400 = CARTESIAN_POINT('',(308.1771606248,304.98627198405,
    336.53045558669));
#4401 = CARTESIAN_POINT('',(308.20550528229,305.,337.26478603185));
#4402 = CARTESIAN_POINT('',(308.20550528229,305.,338.73466664706));
#4403 = CARTESIAN_POINT('',(308.17720281038,304.98629241584,
    339.46845277629));
#4404 = CARTESIAN_POINT('',(308.12071618687,304.95893486468,
    340.20051893437));
#4405 = CARTESIAN_POINT('',(308.03655145044,304.91804890428,
    340.9299859267));
#4406 = CARTESIAN_POINT('',(307.92560887594,304.86382706262,
    341.65587570491));
#4407 = CARTESIAN_POINT('',(307.78918560616,304.79655512682,
    342.37705249061));
#4408 = CARTESIAN_POINT('',(307.62897439725,304.71664969127,
    343.09216413531));
#4409 = CARTESIAN_POINT('',(307.33542219024,304.56829095426,
    344.23370568066));
#4410 = CARTESIAN_POINT('',(307.21552800366,304.5072967879,
    344.66525806927));
#4411 = CARTESIAN_POINT('',(307.08773910964,304.44180621471,
    345.09423394512));
#4412 = CARTESIAN_POINT('',(306.95242797578,304.37189699778,
    345.52060801104));
#4413 = CARTESIAN_POINT('',(306.80997575384,304.2976488817,
    345.9443365964));
#4414 = CARTESIAN_POINT('',(306.6607716876,304.21914555976,
    346.36535764341));
#4415 = CARTESIAN_POINT('',(306.50521252065,304.1364766411,
    346.78359069341));
#4416 = CARTESIAN_POINT('',(305.54141599675,303.61888316448,
    349.26212252674));
#4417 = CARTESIAN_POINT('',(304.59006945934,303.08645887758,
    351.2597613693));
#4418 = CARTESIAN_POINT('',(303.53089583921,302.45978550285,
    353.19658263583));
#4419 = CARTESIAN_POINT('',(302.39918595921,301.74407597637,
    355.07391731678));
#4420 = CARTESIAN_POINT('',(301.22018575197,300.94350925321,
    356.89434011047));
#4421 = CARTESIAN_POINT('',(300.00911492044,300.05877442102,
    358.66400821439));
#4422 = CARTESIAN_POINT('',(298.77300410781,299.08475705179,
    360.39247318237));
#4423 = CARTESIAN_POINT('',(296.07022871069,296.77468289699,
    364.0371890669));
#4424 = CARTESIAN_POINT('',(294.61116115602,295.41916412617,
    365.92382972295));
#4425 = CARTESIAN_POINT('',(293.14825407361,293.93378457105,
    367.75785239773));
#4426 = CARTESIAN_POINT('',(291.69040120139,292.30689398889,
    369.54131160422));
#4427 = CARTESIAN_POINT('',(290.24842534262,290.52465610981,
    371.27078465187));
#4428 = CARTESIAN_POINT('',(288.83676037425,288.57204130659,
    372.93672680086));
#4429 = CARTESIAN_POINT('',(287.47490776629,286.43366958938,
    374.52297089569));
#4430 = CARTESIAN_POINT('',(285.74533480538,283.28887053522,
    376.51675048318));
#4431 = CARTESIAN_POINT('',(285.31041505101,282.45790828678,
    377.01616324189));
#4432 = CARTESIAN_POINT('',(284.88509862468,281.6015758579,
    377.5027962235));
#4433 = CARTESIAN_POINT('',(284.47055305845,280.71913321182,
    377.97553583864));
#4434 = CARTESIAN_POINT('',(284.06807430206,279.80987440307,
    378.43311919398));
#4435 = CARTESIAN_POINT('',(283.67909223529,278.87313829778,
    378.87412931277));
#4436 = CARTESIAN_POINT('',(283.30517618039,277.90831929393,
    379.29699035536));
#4437 = CARTESIAN_POINT('',(282.68772771876,276.19076862691,
    379.99368546213));
#4438 = CARTESIAN_POINT('',(282.43626826198,275.45128124204,
    380.27691126824));
#4439 = CARTESIAN_POINT('',(282.19446498741,274.69656044886,
    380.54880894367));
#4440 = CARTESIAN_POINT('',(281.96312403578,273.92677539813,
    380.80854467982));
#4441 = CARTESIAN_POINT('',(281.74305420529,273.14211983864,
    381.05528170256));
#4442 = CARTESIAN_POINT('',(281.53506641145,272.34281212644,
    381.28817980092));
#4443 = CARTESIAN_POINT('',(281.33997314704,271.52909523404,
    381.50639485575));
#4444 = CARTESIAN_POINT('',(280.88415628054,269.44870584544,
    382.01573388165));
#4445 = CARTESIAN_POINT('',(280.64055501972,268.16129976786,
    382.28744925296));
#4446 = CARTESIAN_POINT('',(280.4317997879,266.84417346323,
    382.51994371602));
#4447 = CARTESIAN_POINT('',(280.26118454888,265.50259560588,
    382.70973879821));
#4448 = CARTESIAN_POINT('',(280.13126626992,264.14192940624,
    382.85414854884));
#4449 = CARTESIAN_POINT('',(280.04385366308,262.76761170691,
    382.95127373425));
#4450 = CARTESIAN_POINT('',(280.,261.38513037629,383.));
#4451 = CARTESIAN_POINT('',(280.,260.,383.));
#4452 = PCURVE('',#2155,#4453);
#4453 = DEFINITIONAL_REPRESENTATION('',(#4454),#4667);
#4454 = B_SPLINE_CURVE_WITH_KNOTS('',8,(#4455,#4456,#4457,#4458,#4459,
    #4460,#4461,#4462,#4463,#4464,#4465,#4466,#4467,#4468,#4469,#4470,
    #4471,#4472,#4473,#4474,#4475,#4476,#4477,#4478,#4479,#4480,#4481,
    #4482,#4483,#4484,#4485,#4486,#4487,#4488,#4489,#4490,#4491,#4492,
    #4493,#4494,#4495,#4496,#4497,#4498,#4499,#4500,#4501,#4502,#4503,
    #4504,#4505,#4506,#4507,#4508,#4509,#4510,#4511,#4512,#4513,#4514,
    #4515,#4516,#4517,#4518,#4519,#4520,#4521,#4522,#4523,#4524,#4525,
    #4526,#4527,#4528,#4529,#4530,#4531,#4532,#4533,#4534,#4535,#4536,
    #4537,#4538,#4539,#4540,#4541,#4542,#4543,#4544,#4545,#4546,#4547,
    #4548,#4549,#4550,#4551,#4552,#4553,#4554,#4555,#4556,#4557,#4558,
    #4559,#4560,#4561,#4562,#4563,#4564,#4565,#4566,#4567,#4568,#4569,
    #4570,#4571,#4572,#4573,#4574,#4575,#4576,#4577,#4578,#4579,#4580,
    #4581,#4582,#4583,#4584,#4585,#4586,#4587,#4588,#4589,#4590,#4591,
    #4592,#4593,#4594,#4595,#4596,#4597,#4598,#4599,#4600,#4601,#4602,
    #4603,#4604,#4605,#4606,#4607,#4608,#4609,#4610,#4611,#4612,#4613,
    #4614,#4615,#4616,#4617,#4618,#4619,#4620,#4621,#4622,#4623,#4624,
    #4625,#4626,#4627,#4628,#4629,#4630,#4631,#4632,#4633,#4634,#4635,
    #4636,#4637,#4638,#4639,#4640,#4641,#4642,#4643,#4644,#4645,#4646,
    #4647,#4648,#4649,#4650,#4651,#4652,#4653,#4654,#4655,#4656,#4657,
    #4658,#4659,#4660,#4661,#4662,#4663,#4664,#4665,#4666),
  .UNSPECIFIED.,.F.,.F.,(9,7,7,7,7,7,7,7,7,7,7,7,7,7,7,7,7,7,7,7,7,7,7,7
    ,7,7,7,7,7,7,9),(0.,2.870447278293E-02,4.767225876299E-02,
    7.364740316523E-02,0.149096665859,0.215086920653,0.228351861701,
    0.249973995182,0.271580032329,0.284839002718,0.350701453884,
    0.426217428905,0.452257278883,0.471237465665,0.481012405898,
    0.499991052682,0.518969699465,0.528733167921,0.547701648295,
    0.573677743267,0.64912976801,0.715122438578,0.72838786523,
    0.750010790257,0.771617618361,0.784877074135,0.850741936401,
    0.92626067592,0.952301479168,0.97128236078,1.),.UNSPECIFIED.);
#4455 = CARTESIAN_POINT('',(0.,680.));
#4456 = CARTESIAN_POINT('',(3.076855108396E-02,680.));
#4457 = CARTESIAN_POINT('',(6.147813044307E-02,680.04381912409));
#4458 = CARTESIAN_POINT('',(9.205076774223E-02,680.13116223953));
#4459 = CARTESIAN_POINT('',(0.122408390247,680.260977287));
#4460 = CARTESIAN_POINT('',(0.152470842503,680.43145837792));
#4461 = CARTESIAN_POINT('',(0.182153949437,680.6400529537));
#4462 = CARTESIAN_POINT('',(0.211367622869,680.88347300696));
#4463 = CARTESIAN_POINT('',(0.258943415652,681.33892517225));
#4464 = CARTESIAN_POINT('',(0.277650000875,681.53383466167));
#4465 = CARTESIAN_POINT('',(0.296133835262,681.74162679951));
#4466 = CARTESIAN_POINT('',(0.314394526225,681.96149046915));
#4467 = CARTESIAN_POINT('',(0.332431248201,682.1926160115));
#4468 = CARTESIAN_POINT('',(0.350242770416,682.43419576549));
#4469 = CARTESIAN_POINT('',(0.367827484647,682.68542460869));
#4470 = CARTESIAN_POINT('',(0.408951270964,683.30165744646));
#4471 = CARTESIAN_POINT('',(0.432297857483,683.67452218795));
#4472 = CARTESIAN_POINT('',(0.455240197619,684.06239232313));
#4473 = CARTESIAN_POINT('',(0.47779502768,684.46370891416));
#4474 = CARTESIAN_POINT('',(0.499978973086,684.87705105658));
#4475 = CARTESIAN_POINT('',(0.52180870627,685.30113045136));
#4476 = CARTESIAN_POINT('',(0.543301104577,685.7347859769));
#4477 = CARTESIAN_POINT('',(0.625971995807,687.46140160409));
#4478 = CARTESIAN_POINT('',(0.684950477603,688.82162187385));
#4479 = CARTESIAN_POINT('',(0.741746315042,690.23171783116));
#4480 = CARTESIAN_POINT('',(0.796688117864,691.67220253458));
#4481 = CARTESIAN_POINT('',(0.850112423229,693.12865346595));
#4482 = CARTESIAN_POINT('',(0.902380463248,694.59026347455));
#4483 = CARTESIAN_POINT('',(0.953884258858,696.04816987395));
#4484 = CARTESIAN_POINT('',(1.049833580046,698.75272824079));
#4485 = CARTESIAN_POINT('',(1.093951378826,699.99158619389));
#4486 = CARTESIAN_POINT('',(1.137912737146,701.20543175457));
#4487 = CARTESIAN_POINT('',(1.182079879117,702.38723844974));
#4488 = CARTESIAN_POINT('',(1.226695006271,703.52175034637));
#4489 = CARTESIAN_POINT('',(1.271914322433,704.58361960114));
#4490 = CARTESIAN_POINT('',(1.317873390731,705.53737431418));
#4491 = CARTESIAN_POINT('',(1.374232033266,706.50321170627));
#4492 = CARTESIAN_POINT('',(1.383709124827,706.65891071661));
#4493 = CARTESIAN_POINT('',(1.39322925164,706.80825249909));
#4494 = CARTESIAN_POINT('',(1.402791585465,706.95083988372));
#4495 = CARTESIAN_POINT('',(1.412395773499,707.08628317055));
#4496 = CARTESIAN_POINT('',(1.422041930986,707.21420072274));
#4497 = CARTESIAN_POINT('',(1.431730633818,707.3342195595));
#4498 = CARTESIAN_POINT('',(1.457326728312,707.62814121977));
#4499 = CARTESIAN_POINT('',(1.473325870176,707.78857783563));
#4500 = CARTESIAN_POINT('',(1.489428768282,707.92519697847));
#4501 = CARTESIAN_POINT('',(1.505610869705,708.03630130724));
#4502 = CARTESIAN_POINT('',(1.521852995301,708.12059012178));
#4503 = CARTESIAN_POINT('',(1.538139786207,708.1771606248));
#4504 = CARTESIAN_POINT('',(1.554458238613,708.20550528229));
#4505 = CARTESIAN_POINT('',(1.587122252285,708.20550528229));
#4506 = CARTESIAN_POINT('',(1.603428608791,708.17720281038));
#4507 = CARTESIAN_POINT('',(1.619703381485,708.12071618687));
#4508 = CARTESIAN_POINT('',(1.635933581312,708.03655145044));
#4509 = CARTESIAN_POINT('',(1.652103872243,707.92560887595));
#4510 = CARTESIAN_POINT('',(1.66819511068,707.78918560616));
#4511 = CARTESIAN_POINT('',(1.684182797012,707.62897439725));
#4512 = CARTESIAN_POINT('',(1.70976372562,707.33542219024));
#4513 = CARTESIAN_POINT('',(1.719448487561,707.21552800366));
#4514 = CARTESIAN_POINT('',(1.729090750084,707.08773910964));
#4515 = CARTESIAN_POINT('',(1.738691085156,706.95242797578));
#4516 = CARTESIAN_POINT('',(1.748249604389,706.80997575384));
#4517 = CARTESIAN_POINT('',(1.757765951642,706.6607716876));
#4518 = CARTESIAN_POINT('',(1.767239295629,706.50521252065));
#4519 = CARTESIAN_POINT('',(1.823505958152,705.54141599676));
#4520 = CARTESIAN_POINT('',(1.869379160739,704.59006945936));
#4521 = CARTESIAN_POINT('',(1.914514024377,703.53089583914));
#4522 = CARTESIAN_POINT('',(1.959045734366,702.39918595929));
#4523 = CARTESIAN_POINT('',(2.003129776801,701.22018575189));
#4524 = CARTESIAN_POINT('',(2.047006879291,700.00911492047));
#4525 = CARTESIAN_POINT('',(2.091037004284,698.77300410781));
#4526 = CARTESIAN_POINT('',(2.186928909681,696.07022871069));
#4527 = CARTESIAN_POINT('',(2.238466460666,694.61116115604));
#4528 = CARTESIAN_POINT('',(2.290766009004,693.14825407361));
#4529 = CARTESIAN_POINT('',(2.344220276524,691.69040120133));
#4530 = CARTESIAN_POINT('',(2.399191188919,690.24842534266));
#4531 = CARTESIAN_POINT('',(2.456015934748,688.83676037427));
#4532 = CARTESIAN_POINT('',(2.515023770491,687.47490776626));
#4533 = CARTESIAN_POINT('',(2.597769605146,685.74533480539));
#4534 = CARTESIAN_POINT('',(2.619307678612,685.31041505101));
#4535 = CARTESIAN_POINT('',(2.641184416403,684.88509862466));
#4536 = CARTESIAN_POINT('',(2.663416836665,684.47055305843));
#4537 = CARTESIAN_POINT('',(2.686021749116,684.06807430205));
#4538 = CARTESIAN_POINT('',(2.709015914344,683.67909223529));
#4539 = CARTESIAN_POINT('',(2.732416203092,683.3051761804));
#4540 = CARTESIAN_POINT('',(2.773604505192,682.68772771877));
#4541 = CARTESIAN_POINT('',(2.791198245252,682.43626826198));
#4542 = CARTESIAN_POINT('',(2.809019037967,682.19446498739));
#4543 = CARTESIAN_POINT('',(2.82706529487,681.96312403577));
#4544 = CARTESIAN_POINT('',(2.845335804799,681.74305420528));
#4545 = CARTESIAN_POINT('',(2.863829761901,681.53506641145));
#4546 = CARTESIAN_POINT('',(2.88254679364,681.33997314705));
#4547 = CARTESIAN_POINT('',(2.911241333045,681.06517318491));
#4548 = CARTESIAN_POINT('',(2.921053231961,680.97540985658));
#4549 = CARTESIAN_POINT('',(2.930920634821,680.88942659066));
#4550 = CARTESIAN_POINT('',(2.940841547037,680.8073466568));
#4551 = CARTESIAN_POINT('',(2.950814030153,680.72928796073));
#4552 = CARTESIAN_POINT('',(2.960836201852,680.65536304423));
#4553 = CARTESIAN_POINT('',(2.970906235952,680.58567908515));
#4554 = CARTESIAN_POINT('',(3.000663443192,680.39347396842));
#4555 = CARTESIAN_POINT('',(3.020487086056,680.28292353864));
#4556 = CARTESIAN_POINT('',(3.040462248993,680.18957545633));
#4557 = CARTESIAN_POINT('',(3.060559110397,680.11414815978));
#4558 = CARTESIAN_POINT('',(3.080748762474,680.05718876216));
#4559 = CARTESIAN_POINT('',(3.101002904652,680.01907213639));
#4560 = CARTESIAN_POINT('',(3.12129353699,680.));
#4561 = CARTESIAN_POINT('',(3.161891770189,680.));
#4562 = CARTESIAN_POINT('',(3.182182402527,680.01907213639));
#4563 = CARTESIAN_POINT('',(3.202436544705,680.05718876216));
#4564 = CARTESIAN_POINT('',(3.222626196783,680.11414815978));
#4565 = CARTESIAN_POINT('',(3.242723058187,680.18957545633));
#4566 = CARTESIAN_POINT('',(3.262698221124,680.28292353864));
#4567 = CARTESIAN_POINT('',(3.282521863988,680.39347396842));
#4568 = CARTESIAN_POINT('',(3.312267199038,680.58560240135));
#4569 = CARTESIAN_POINT('',(3.322325463756,680.65519945234));
#4570 = CARTESIAN_POINT('',(3.332335977358,680.72902760605));
#4571 = CARTESIAN_POINT('',(3.342296921724,680.80698007534));
#4572 = CARTESIAN_POINT('',(3.352206422178,680.88894473017));
#4573 = CARTESIAN_POINT('',(3.362062547493,680.97480409766));
#4574 = CARTESIAN_POINT('',(3.371863309892,681.06443536205));
#4575 = CARTESIAN_POINT('',(3.40053606925,681.33892517233));
#4576 = CARTESIAN_POINT('',(3.419242654468,681.53383466172));
#4577 = CARTESIAN_POINT('',(3.437726488848,681.74162679947));
#4578 = CARTESIAN_POINT('',(3.455987179808,681.96149046907));
#4579 = CARTESIAN_POINT('',(3.474023901787,682.19261601144));
#4580 = CARTESIAN_POINT('',(3.491835424009,682.43419576552));
#4581 = CARTESIAN_POINT('',(3.509420138243,682.6854246088));
#4582 = CARTESIAN_POINT('',(3.550543924219,683.30165744143));
#4583 = CARTESIAN_POINT('',(3.573890511231,683.67452219116));
#4584 = CARTESIAN_POINT('',(3.596832851526,684.06239232837));
#4585 = CARTESIAN_POINT('',(3.619387681298,684.46370891393));
#4586 = CARTESIAN_POINT('',(3.64157162639,684.8770510511));
#4587 = CARTESIAN_POINT('',(3.663401359675,685.30113044841));
#4588 = CARTESIAN_POINT('',(3.684893758437,685.73478598252));
#4589 = CARTESIAN_POINT('',(3.767564649394,687.46140160403));
#4590 = CARTESIAN_POINT('',(3.8265431312,688.821621874));
#4591 = CARTESIAN_POINT('',(3.883338968624,690.23171783094));
#4592 = CARTESIAN_POINT('',(3.938280771462,691.67220253487));
#4593 = CARTESIAN_POINT('',(3.99170507681,693.12865346569));
#4594 = CARTESIAN_POINT('',(4.043973116843,694.59026347472));
#4595 = CARTESIAN_POINT('',(4.095476912446,696.0481698739));
#4596 = CARTESIAN_POINT('',(4.191426233638,698.75272824085));
#4597 = CARTESIAN_POINT('',(4.235544032411,699.9915861938));
#4598 = CARTESIAN_POINT('',(4.279505390745,701.20543175466));
#4599 = CARTESIAN_POINT('',(4.323672532696,702.38723844966));
#4600 = CARTESIAN_POINT('',(4.368287659871,703.52175034647));
#4601 = CARTESIAN_POINT('',(4.413506976017,704.58361960107));
#4602 = CARTESIAN_POINT('',(4.459466044322,705.53737431421));
#4603 = CARTESIAN_POINT('',(4.515824686856,706.50321170628));
#4604 = CARTESIAN_POINT('',(4.525301778417,706.65891071661));
#4605 = CARTESIAN_POINT('',(4.53482190523,706.80825249909));
#4606 = CARTESIAN_POINT('',(4.544384239055,706.95083988372));
#4607 = CARTESIAN_POINT('',(4.553988427089,707.08628317056));
#4608 = CARTESIAN_POINT('',(4.563634584576,707.21420072274));
#4609 = CARTESIAN_POINT('',(4.573323287408,707.3342195595));
#4610 = CARTESIAN_POINT('',(4.598919381903,707.62814121978));
#4611 = CARTESIAN_POINT('',(4.614918523766,707.78857783563));
#4612 = CARTESIAN_POINT('',(4.631021421871,707.92519697846));
#4613 = CARTESIAN_POINT('',(4.647203523295,708.03630130724));
#4614 = CARTESIAN_POINT('',(4.66344564889,708.12059012178));
#4615 = CARTESIAN_POINT('',(4.679732439797,708.1771606248));
#4616 = CARTESIAN_POINT('',(4.696050892204,708.20550528229));
#4617 = CARTESIAN_POINT('',(4.728714905875,708.20550528229));
#4618 = CARTESIAN_POINT('',(4.745021262381,708.17720281038));
#4619 = CARTESIAN_POINT('',(4.761296035075,708.12071618687));
#4620 = CARTESIAN_POINT('',(4.777526234902,708.03655145044));
#4621 = CARTESIAN_POINT('',(4.793696525833,707.92560887595));
#4622 = CARTESIAN_POINT('',(4.80978776427,707.78918560616));
#4623 = CARTESIAN_POINT('',(4.825775450602,707.62897439725));
#4624 = CARTESIAN_POINT('',(4.851356379209,707.33542219024));
#4625 = CARTESIAN_POINT('',(4.861041141151,707.21552800366));
#4626 = CARTESIAN_POINT('',(4.870683403673,707.08773910964));
#4627 = CARTESIAN_POINT('',(4.880283738746,706.95242797578));
#4628 = CARTESIAN_POINT('',(4.889842257979,706.80997575384));
#4629 = CARTESIAN_POINT('',(4.899358605232,706.6607716876));
#4630 = CARTESIAN_POINT('',(4.908831949219,706.50521252065));
#4631 = CARTESIAN_POINT('',(4.965098611742,705.54141599675));
#4632 = CARTESIAN_POINT('',(5.010971814327,704.59006945934));
#4633 = CARTESIAN_POINT('',(5.056106677971,703.53089583921));
#4634 = CARTESIAN_POINT('',(5.10063838795,702.39918595921));
#4635 = CARTESIAN_POINT('',(5.144722430394,701.22018575197));
#4636 = CARTESIAN_POINT('',(5.188599532881,700.00911492044));
#4637 = CARTESIAN_POINT('',(5.232629657873,698.77300410781));
#4638 = CARTESIAN_POINT('',(5.328521563271,696.07022871069));
#4639 = CARTESIAN_POINT('',(5.380059114256,694.61116115602));
#4640 = CARTESIAN_POINT('',(5.432358662594,693.14825407361));
#4641 = CARTESIAN_POINT('',(5.485812930111,691.69040120139));
#4642 = CARTESIAN_POINT('',(5.54078384251,690.24842534262));
#4643 = CARTESIAN_POINT('',(5.597608588339,688.83676037425));
#4644 = CARTESIAN_POINT('',(5.65661642408,687.47490776629));
#4645 = CARTESIAN_POINT('',(5.739362258736,685.74533480538));
#4646 = CARTESIAN_POINT('',(5.760900332202,685.31041505101));
#4647 = CARTESIAN_POINT('',(5.782777069992,684.88509862468));
#4648 = CARTESIAN_POINT('',(5.805009490254,684.47055305845));
#4649 = CARTESIAN_POINT('',(5.827614402706,684.06807430206));
#4650 = CARTESIAN_POINT('',(5.850608567934,683.67909223529));
#4651 = CARTESIAN_POINT('',(5.874008856682,683.30517618039));
#4652 = CARTESIAN_POINT('',(5.915197158783,682.68772771876));
#4653 = CARTESIAN_POINT('',(5.932790898842,682.43626826198));
#4654 = CARTESIAN_POINT('',(5.950611691556,682.1944649874));
#4655 = CARTESIAN_POINT('',(5.968657948459,681.96312403578));
#4656 = CARTESIAN_POINT('',(5.986928458388,681.74305420529));
#4657 = CARTESIAN_POINT('',(6.005422415492,681.53506641144));
#4658 = CARTESIAN_POINT('',(6.024139447231,681.33997314704));
#4659 = CARTESIAN_POINT('',(6.071735723937,680.88415628054));
#4660 = CARTESIAN_POINT('',(6.100959934737,680.64055501972));
#4661 = CARTESIAN_POINT('',(6.130654234276,680.4317997879));
#4662 = CARTESIAN_POINT('',(6.160728364566,680.26118454888));
#4663 = CARTESIAN_POINT('',(6.191097994839,680.13126626992));
#4664 = CARTESIAN_POINT('',(6.221682822763,680.04385366308));
#4665 = CARTESIAN_POINT('',(6.252404632151,680.));
#4666 = CARTESIAN_POINT('',(6.28318530718,680.));
#4667 = ( GEOMETRIC_REPRESENTATION_CONTEXT(2) 
PARAMETRIC_REPRESENTATION_CONTEXT() REPRESENTATION_CONTEXT('2D SPACE',''
  ) );
#4668 = PCURVE('',#3947,#4669);
#4669 = DEFINITIONAL_REPRESENTATION('',(#4670),#4883);
#4670 = B_SPLINE_CURVE_WITH_KNOTS('',8,(#4671,#4672,#4673,#4674,#4675,
    #4676,#4677,#4678,#4679,#4680,#4681,#4682,#4683,#4684,#4685,#4686,
    #4687,#4688,#4689,#4690,#4691,#4692,#4693,#4694,#4695,#4696,#4697,
    #4698,#4699,#4700,#4701,#4702,#4703,#4704,#4705,#4706,#4707,#4708,
    #4709,#4710,#4711,#4712,#4713,#4714,#4715,#4716,#4717,#4718,#4719,
    #4720,#4721,#4722,#4723,#4724,#4725,#4726,#4727,#4728,#4729,#4730,
    #4731,#4732,#4733,#4734,#4735,#4736,#4737,#4738,#4739,#4740,#4741,
    #4742,#4743,#4744,#4745,#4746,#4747,#4748,#4749,#4750,#4751,#4752,
    #4753,#4754,#4755,#4756,#4757,#4758,#4759,#4760,#4761,#4762,#4763,
    #4764,#4765,#4766,#4767,#4768,#4769,#4770,#4771,#4772,#4773,#4774,
    #4775,#4776,#4777,#4778,#4779,#4780,#4781,#4782,#4783,#4784,#4785,
    #4786,#4787,#4788,#4789,#4790,#4791,#4792,#4793,#4794,#4795,#4796,
    #4797,#4798,#4799,#4800,#4801,#4802,#4803,#4804,#4805,#4806,#4807,
    #4808,#4809,#4810,#4811,#4812,#4813,#4814,#4815,#4816,#4817,#4818,
    #4819,#4820,#4821,#4822,#4823,#4824,#4825,#4826,#4827,#4828,#4829,
    #4830,#4831,#4832,#4833,#4834,#4835,#4836,#4837,#4838,#4839,#4840,
    #4841,#4842,#4843,#4844,#4845,#4846,#4847,#4848,#4849,#4850,#4851,
    #4852,#4853,#4854,#4855,#4856,#4857,#4858,#4859,#4860,#4861,#4862,
    #4863,#4864,#4865,#4866,#4867,#4868,#4869,#4870,#4871,#4872,#4873,
    #4874,#4875,#4876,#4877,#4878,#4879,#4880,#4881,#4882),
  .UNSPECIFIED.,.T.,.F.,(9,7,7,7,7,7,7,7,7,7,7,7,7,7,7,7,7,7,7,7,7,7,7,7
    ,7,7,7,7,7,7,9),(0.,2.870447278293E-02,4.767225876299E-02,
    7.364740316523E-02,0.149096665859,0.215086920653,0.228351861701,
    0.249973995182,0.271580032329,0.284839002718,0.350701453884,
    0.426217428905,0.452257278883,0.471237465665,0.481012405898,
    0.499991052682,0.518969699465,0.528733167921,0.547701648295,
    0.573677743267,0.64912976801,0.715122438578,0.72838786523,
    0.750010790257,0.771617618361,0.784877074135,0.850741936401,
    0.92626067592,0.952301479168,0.97128236078,1.),.UNSPECIFIED.);
#4671 = CARTESIAN_POINT('',(3.14159265359,95.));
#4672 = CARTESIAN_POINT('',(3.169284349565,95.));
#4673 = CARTESIAN_POINT('',(3.19692297288,94.95131211097));
#4674 = CARTESIAN_POINT('',(3.224430751237,94.854264138187));
#4675 = CARTESIAN_POINT('',(3.251729967037,94.709969177453));
#4676 = CARTESIAN_POINT('',(3.278741382738,94.520323503456));
#4677 = CARTESIAN_POINT('',(3.305382786389,94.288008411745));
#4678 = CARTESIAN_POINT('',(3.331567657339,94.016496014334));
#4679 = CARTESIAN_POINT('',(3.374144299928,93.507566786449));
#4680 = CARTESIAN_POINT('',(3.390867382685,93.28955847432));
#4681 = CARTESIAN_POINT('',(3.407371893379,93.056880999099));
#4682 = CARTESIAN_POINT('',(3.423656212391,92.810377066032));
#4683 = CARTESIAN_POINT('',(3.439718432994,92.550885608827));
#4684 = CARTESIAN_POINT('',(3.455556386846,92.279242259432));
#4685 = CARTESIAN_POINT('',(3.471167669494,91.996279817821));
#4686 = CARTESIAN_POINT('',(3.50761430553,91.300966606549));
#4687 = CARTESIAN_POINT('',(3.528255837058,90.879303430373));
#4688 = CARTESIAN_POINT('',(3.548487019814,90.439566709849));
#4689 = CARTESIAN_POINT('',(3.568320472693,89.983321995655));
#4690 = CARTESIAN_POINT('',(3.587768741661,89.511977584908));
#4691 = CARTESIAN_POINT('',(3.606844367293,89.026789233535));
#4692 = CARTESIAN_POINT('',(3.625559952314,88.528864868647));
#4693 = CARTESIAN_POINT('',(3.697282040047,86.538671091225));
#4694 = CARTESIAN_POINT('',(3.747862200964,84.954507943895));
#4695 = CARTESIAN_POINT('',(3.795900918463,83.290658956921));
#4696 = CARTESIAN_POINT('',(3.841609970591,81.563296000555));
#4697 = CARTESIAN_POINT('',(3.885185100427,79.78197934554));
#4698 = CARTESIAN_POINT('',(3.926799657639,77.95015609573));
#4699 = CARTESIAN_POINT('',(3.966587361071,76.065801114401));
#4700 = CARTESIAN_POINT('',(4.037780722935,72.420790784532));
#4701 = CARTESIAN_POINT('',(4.069312735226,70.689558661714));
#4702 = CARTESIAN_POINT('',(4.099354538509,68.91701467019));
#4703 = CARTESIAN_POINT('',(4.12789874926,67.093556010096));
#4704 = CARTESIAN_POINT('',(4.154724610084,65.212988993678));
#4705 = CARTESIAN_POINT('',(4.179391003095,63.272731926816));
#4706 = CARTESIAN_POINT('',(4.20124793893,61.271464478321));
#4707 = CARTESIAN_POINT('',(4.22317457526,58.788945796063));
#4708 = CARTESIAN_POINT('',(4.226701018638,58.370557273359));
#4709 = CARTESIAN_POINT('',(4.230076078454,57.94937813651));
#4710 = CARTESIAN_POINT('',(4.233291957809,57.525488751274));
#4711 = CARTESIAN_POINT('',(4.236341023849,57.0989510723));
#4712 = CARTESIAN_POINT('',(4.239215802589,56.669808656809));
#4713 = CARTESIAN_POINT('',(4.241908973741,56.238086678283));
#4714 = CARTESIAN_POINT('',(4.248495576938,55.095882363728));
#4715 = CARTESIAN_POINT('',(4.252081236482,54.380264712745));
#4716 = CARTESIAN_POINT('',(4.25512773804,53.65856970529));
#4717 = CARTESIAN_POINT('',(4.257601004189,52.93215238775));
#4718 = CARTESIAN_POINT('',(4.259475164447,52.202150722515));
#4719 = CARTESIAN_POINT('',(4.260732287664,51.46954441331));
#4720 = CARTESIAN_POINT('',(4.261362168588,50.735213968163));
#4721 = CARTESIAN_POINT('',(4.261362168588,49.265333352931));
#4722 = CARTESIAN_POINT('',(4.260733225119,48.531547223707));
#4723 = CARTESIAN_POINT('',(4.259477965896,47.799481065625));
#4724 = CARTESIAN_POINT('',(4.257606566127,47.070014073293));
#4725 = CARTESIAN_POINT('',(4.25513690719,46.344124295085));
#4726 = CARTESIAN_POINT('',(4.252094789247,45.622947509393));
#4727 = CARTESIAN_POINT('',(4.248514197802,44.907835864682));
#4728 = CARTESIAN_POINT('',(4.241935954477,43.766294319336));
#4729 = CARTESIAN_POINT('',(4.239245617689,43.33474193072));
#4730 = CARTESIAN_POINT('',(4.236373775129,42.905766054874));
#4731 = CARTESIAN_POINT('',(4.233327737243,42.479391988954));
#4732 = CARTESIAN_POINT('',(4.230114968785,42.055663403592));
#4733 = CARTESIAN_POINT('',(4.22674309399,41.634642356583));
#4734 = CARTESIAN_POINT('',(4.223219901743,41.216409306576));
#4735 = CARTESIAN_POINT('',(4.201340169144,38.737877473273));
#4736 = CARTESIAN_POINT('',(4.179539468165,36.740238630718));
#4737 = CARTESIAN_POINT('',(4.154937812933,34.803417364105));
#4738 = CARTESIAN_POINT('',(4.128182000257,32.926082683274));
#4739 = CARTESIAN_POINT('',(4.099711545149,31.105659889462));
#4740 = CARTESIAN_POINT('',(4.069747084906,29.335991785645));
#4741 = CARTESIAN_POINT('',(4.038297139924,27.607526817621));
#4742 = CARTESIAN_POINT('',(3.967187541562,23.962810933088));
#4743 = CARTESIAN_POINT('',(3.927390491991,22.076170277021));
#4744 = CARTESIAN_POINT('',(3.885764091048,20.242147602408));
#4745 = CARTESIAN_POINT('',(3.842175202001,18.458688395511));
#4746 = CARTESIAN_POINT('',(3.796450644709,16.7292153483));
#4747 = CARTESIAN_POINT('',(3.748394612673,15.063273199116));
#4748 = CARTESIAN_POINT('',(3.697795115238,13.477029104279));
#4749 = CARTESIAN_POINT('',(3.626014383234,11.483249516822));
#4750 = CARTESIAN_POINT('',(3.607260419183,10.983836758106));
#4751 = CARTESIAN_POINT('',(3.588144893991,10.497203776485));
#4752 = CARTESIAN_POINT('',(3.568655099771,10.024464161341));
#4753 = CARTESIAN_POINT('',(3.548778391628,9.566880806004));
#4754 = CARTESIAN_POINT('',(3.528502119866,9.125870687223));
#4755 = CARTESIAN_POINT('',(3.507813562202,8.703009644637));
#4756 = CARTESIAN_POINT('',(3.471310286204,8.006314537875));
#4757 = CARTESIAN_POINT('',(3.455691191836,7.723088731759));
#4758 = CARTESIAN_POINT('',(3.439845171475,7.451191056316));
#4759 = CARTESIAN_POINT('',(3.423774613461,7.19145532016));
#4760 = CARTESIAN_POINT('',(3.40748167019,6.944718297424));
#4761 = CARTESIAN_POINT('',(3.390968232445,6.711820199081));
#4762 = CARTESIAN_POINT('',(3.374235903722,6.493605144262));
#4763 = CARTESIAN_POINT('',(3.348556632408,6.186538084386));
#4764 = CARTESIAN_POINT('',(3.339771038575,6.086291519495));
#4765 = CARTESIAN_POINT('',(3.330931220414,5.990317223991));
#4766 = CARTESIAN_POINT('',(3.322039165866,5.898744816907));
#4767 = CARTESIAN_POINT('',(3.313096823456,5.811698249228));
#4768 = CARTESIAN_POINT('',(3.304106102296,5.729295803889));
#4769 = CARTESIAN_POINT('',(3.295068872082,5.651650095772));
#4770 = CARTESIAN_POINT('',(3.268353879043,5.437557302156));
#4771 = CARTESIAN_POINT('',(3.250544457873,5.314517636333));
#4772 = CARTESIAN_POINT('',(3.232588306419,5.21069236718));
#4773 = CARTESIAN_POINT('',(3.214514133432,5.126841683988));
#4774 = CARTESIAN_POINT('',(3.196349976103,5.063543030096));
#4775 = CARTESIAN_POINT('',(3.178123426587,5.021191460589));
#4776 = CARTESIAN_POINT('',(3.159861858529,5.));
#4777 = CARTESIAN_POINT('',(3.12332344865,5.));
#4778 = CARTESIAN_POINT('',(3.105061880593,5.021191460589));
#4779 = CARTESIAN_POINT('',(3.086835331077,5.063543030096));
#4780 = CARTESIAN_POINT('',(3.068671173748,5.126841683988));
#4781 = CARTESIAN_POINT('',(3.050597000761,5.21069236718));
#4782 = CARTESIAN_POINT('',(3.032640849307,5.314517636333));
#4783 = CARTESIAN_POINT('',(3.014831428136,5.437557302156));
#4784 = CARTESIAN_POINT('',(2.98812709354,5.65156467948));
#4785 = CARTESIAN_POINT('',(2.97910042173,5.729113520766));
#4786 = CARTESIAN_POINT('',(2.970120150474,5.811408037657));
#4787 = CARTESIAN_POINT('',(2.961188141433,5.898336026266));
#4788 = CARTESIAN_POINT('',(2.95230629611,5.989779636734));
#4789 = CARTESIAN_POINT('',(2.943476555845,6.085615373225));
#4790 = CARTESIAN_POINT('',(2.934700901822,6.185714093935));
#4791 = CARTESIAN_POINT('',(2.909041007245,6.49243321364));
#4792 = CARTESIAN_POINT('',(2.892317924492,6.71044152573));
#4793 = CARTESIAN_POINT('',(2.875813413804,6.943119000866));
#4794 = CARTESIAN_POINT('',(2.859529094795,7.189622933878));
#4795 = CARTESIAN_POINT('',(2.84346687419,7.449114391106));
#4796 = CARTESIAN_POINT('',(2.827628920331,7.720757740596));
#4797 = CARTESIAN_POINT('',(2.81201763768,8.003720182292));
#4798 = CARTESIAN_POINT('',(2.775571001947,8.699033387782));
#4799 = CARTESIAN_POINT('',(2.754929469984,9.120696573322));
#4800 = CARTESIAN_POINT('',(2.734698287086,9.560433296107));
#4801 = CARTESIAN_POINT('',(2.714864834459,10.016678004034));
#4802 = CARTESIAN_POINT('',(2.695416565767,10.488022408813));
#4803 = CARTESIAN_POINT('',(2.676340940049,10.973210763134));
#4804 = CARTESIAN_POINT('',(2.657625354632,11.471135137839));
#4805 = CARTESIAN_POINT('',(2.585903267135,13.461328908703));
#4806 = CARTESIAN_POINT('',(2.53532310621,15.045492056317));
#4807 = CARTESIAN_POINT('',(2.487284388726,16.709341042701));
#4808 = CARTESIAN_POINT('',(2.441575336578,18.436703999948));
#4809 = CARTESIAN_POINT('',(2.398000206762,20.21802065402));
#4810 = CARTESIAN_POINT('',(2.356385649536,22.049843904519));
#4811 = CARTESIAN_POINT('',(2.31659794611,23.934198885532));
#4812 = CARTESIAN_POINT('',(2.245404584243,27.579209215549));
#4813 = CARTESIAN_POINT('',(2.213872571957,29.310441338143));
#4814 = CARTESIAN_POINT('',(2.183830768666,31.08298533));
#4815 = CARTESIAN_POINT('',(2.155286557925,32.906443989663));
#4816 = CARTESIAN_POINT('',(2.128460697091,34.787011006609));
#4817 = CARTESIAN_POINT('',(2.103794304087,36.727268072978));
#4818 = CARTESIAN_POINT('',(2.081937368249,38.728535521767));
#4819 = CARTESIAN_POINT('',(2.06001073192,41.211054203946));
#4820 = CARTESIAN_POINT('',(2.056484288541,41.629442726652));
#4821 = CARTESIAN_POINT('',(2.053109228726,42.050621863501));
#4822 = CARTESIAN_POINT('',(2.049893349371,42.474511248735));
#4823 = CARTESIAN_POINT('',(2.046844283331,42.901048927706));
#4824 = CARTESIAN_POINT('',(2.04396950459,43.330191343195));
#4825 = CARTESIAN_POINT('',(2.041276333439,43.761913321722));
#4826 = CARTESIAN_POINT('',(2.034689730242,44.904117636301));
#4827 = CARTESIAN_POINT('',(2.031104070698,45.619735287264));
#4828 = CARTESIAN_POINT('',(2.02805756914,46.341430294705));
#4829 = CARTESIAN_POINT('',(2.02558430299,47.06784761224));
#4830 = CARTESIAN_POINT('',(2.023710142733,47.79784927748));
#4831 = CARTESIAN_POINT('',(2.022453019516,48.530455586696));
#4832 = CARTESIAN_POINT('',(2.021823138591,49.264786031857));
#4833 = CARTESIAN_POINT('',(2.021823138591,50.734666647066));
#4834 = CARTESIAN_POINT('',(2.022452082061,51.468452776296));
#4835 = CARTESIAN_POINT('',(2.023707341283,52.200518934377));
#4836 = CARTESIAN_POINT('',(2.025578741052,52.929985926707));
#4837 = CARTESIAN_POINT('',(2.02804839999,53.655875704917));
#4838 = CARTESIAN_POINT('',(2.031090517933,54.37705249061));
#4839 = CARTESIAN_POINT('',(2.034671109378,55.092164135314));
#4840 = CARTESIAN_POINT('',(2.041249352702,56.23370568066));
#4841 = CARTESIAN_POINT('',(2.043939689491,56.665258069279));
#4842 = CARTESIAN_POINT('',(2.04681153205,57.094233945129));
#4843 = CARTESIAN_POINT('',(2.049857569936,57.520608011049));
#4844 = CARTESIAN_POINT('',(2.053070338394,57.944336596409));
#4845 = CARTESIAN_POINT('',(2.05644221319,58.365357643414));
#4846 = CARTESIAN_POINT('',(2.059965405437,58.783590693419));
#4847 = CARTESIAN_POINT('',(2.081845138036,61.262122526749));
#4848 = CARTESIAN_POINT('',(2.103645839014,63.259761369307));
#4849 = CARTESIAN_POINT('',(2.128247494247,65.196582635816));
#4850 = CARTESIAN_POINT('',(2.155003306922,67.073917316808));
#4851 = CARTESIAN_POINT('',(2.183473762031,68.894340110457));
#4852 = CARTESIAN_POINT('',(2.213438222274,70.664008214397));
#4853 = CARTESIAN_POINT('',(2.244888167256,72.392473182373));
#4854 = CARTESIAN_POINT('',(2.315997765618,76.037189066909));
#4855 = CARTESIAN_POINT('',(2.355794815188,77.923829722954));
#4856 = CARTESIAN_POINT('',(2.397421216137,79.75785239774));
#4857 = CARTESIAN_POINT('',(2.44101010517,81.541311604213));
#4858 = CARTESIAN_POINT('',(2.486734662476,83.270784651883));
#4859 = CARTESIAN_POINT('',(2.534790694506,84.936726800858));
#4860 = CARTESIAN_POINT('',(2.585390191941,86.522970895693));
#4861 = CARTESIAN_POINT('',(2.657170923946,88.516750483188));
#4862 = CARTESIAN_POINT('',(2.675924887996,89.016163241892));
#4863 = CARTESIAN_POINT('',(2.695040413188,89.5027962235));
#4864 = CARTESIAN_POINT('',(2.714530207408,89.975535838642));
#4865 = CARTESIAN_POINT('',(2.734406915551,90.433119193986));
#4866 = CARTESIAN_POINT('',(2.754683187314,90.874129312778));
#4867 = CARTESIAN_POINT('',(2.775371744978,91.296990355369));
#4868 = CARTESIAN_POINT('',(2.811875020977,91.993685462138));
#4869 = CARTESIAN_POINT('',(2.827494115344,92.276911268241));
#4870 = CARTESIAN_POINT('',(2.843340135704,92.54880894367));
#4871 = CARTESIAN_POINT('',(2.859410693717,92.808544679823));
#4872 = CARTESIAN_POINT('',(2.875703636989,93.055281702568));
#4873 = CARTESIAN_POINT('',(2.892217074735,93.288179800926));
#4874 = CARTESIAN_POINT('',(2.908949403458,93.50639485575));
#4875 = CARTESIAN_POINT('',(2.951544187289,94.015733881656));
#4876 = CARTESIAN_POINT('',(2.977738416765,94.287449252967));
#4877 = CARTESIAN_POINT('',(3.004389806661,94.51994371602));
#4878 = CARTESIAN_POINT('',(3.031411679028,94.709738798213));
#4879 = CARTESIAN_POINT('',(3.058721674787,94.854148548841));
#4880 = CARTESIAN_POINT('',(3.086240415725,94.951273734251));
#4881 = CARTESIAN_POINT('',(3.113890046064,95.));
#4882 = CARTESIAN_POINT('',(3.14159265359,95.));
#4883 = ( GEOMETRIC_REPRESENTATION_CONTEXT(2) 
PARAMETRIC_REPRESENTATION_CONTEXT() REPRESENTATION_CONTEXT('2D SPACE',''
  ) );
#4884 = ORIENTED_EDGE('',*,*,#3490,.F.);
#4885 = ORIENTED_EDGE('',*,*,#4886,.T.);
#4886 = EDGE_CURVE('',#3177,#2119,#4887,.T.);
#4887 = SURFACE_CURVE('',#4888,(#4989,#5093),.PCURVE_S1.);
#4888 = B_SPLINE_CURVE_WITH_KNOTS('',8,(#4889,#4890,#4891,#4892,#4893,
    #4894,#4895,#4896,#4897,#4898,#4899,#4900,#4901,#4902,#4903,#4904,
    #4905,#4906,#4907,#4908,#4909,#4910,#4911,#4912,#4913,#4914,#4915,
    #4916,#4917,#4918,#4919,#4920,#4921,#4922,#4923,#4924,#4925,#4926,
    #4927,#4928,#4929,#4930,#4931,#4932,#4933,#4934,#4935,#4936,#4937,
    #4938,#4939,#4940,#4941,#4942,#4943,#4944,#4945,#4946,#4947,#4948,
    #4949,#4950,#4951,#4952,#4953,#4954,#4955,#4956,#4957,#4958,#4959,
    #4960,#4961,#4962,#4963,#4964,#4965,#4966,#4967,#4968,#4969,#4970,
    #4971,#4972,#4973,#4974,#4975,#4976,#4977,#4978,#4979,#4980,#4981,
    #4982,#4983,#4984,#4985,#4986,#4987,#4988),.UNSPECIFIED.,.F.,.F.,(9,
    7,7,7,7,7,7,7,7,7,7,7,7,7,9),(0.,5.741422163176E-02,
    9.535327999236E-02,0.14730834246,0.298220735681,0.430213374504,
    0.456745694743,0.499993935932,0.543209981495,0.569730359318,
    0.701467367404,0.852513197552,0.904597683724,0.942561545915,1.),
  .UNSPECIFIED.);
#4889 = CARTESIAN_POINT('',(-350.,260.,383.));
#4890 = CARTESIAN_POINT('',(-350.,258.61541520122,383.));
#4891 = CARTESIAN_POINT('',(-350.043819124,257.23348422185,
    382.95131211097));
#4892 = CARTESIAN_POINT('',(-350.1311622395,255.85971273902,
    382.85426413818));
#4893 = CARTESIAN_POINT('',(-350.260977287,254.49957976948,
    382.70996917745));
#4894 = CARTESIAN_POINT('',(-350.4314583779,253.15851341533,
    382.52032350345));
#4895 = CARTESIAN_POINT('',(-350.6400529537,251.84186830123,
    382.28800841174));
#4896 = CARTESIAN_POINT('',(-350.8834730069,250.55490470312,
    382.01649601433));
#4897 = CARTESIAN_POINT('',(-351.3389251722,248.47536399411,
    381.50756678644));
#4898 = CARTESIAN_POINT('',(-351.5338346616,247.66207872661,
    381.28955847432));
#4899 = CARTESIAN_POINT('',(-351.7416267995,246.86318175388,
    381.05688099909));
#4900 = CARTESIAN_POINT('',(-351.9614904691,246.07891670212,
    380.81037706603));
#4901 = CARTESIAN_POINT('',(-352.1926160115,245.30950264147,
    380.55088560882));
#4902 = CARTESIAN_POINT('',(-352.4341957654,244.5551340918,
    380.27924225943));
#4903 = CARTESIAN_POINT('',(-352.6854246086,243.81598102844,
    379.99627981782));
#4904 = CARTESIAN_POINT('',(-353.3016574414,242.10100282526,
    379.30096661223));
#4905 = CARTESIAN_POINT('',(-353.6745221911,241.13830044685,
    378.87930342668));
#4906 = CARTESIAN_POINT('',(-354.0623923283,240.2035472174,
    378.43956670388));
#4907 = CARTESIAN_POINT('',(-354.4637089139,239.2961429265,
    377.98332199595));
#4908 = CARTESIAN_POINT('',(-354.8770510511,238.41543228167,
    377.51197759117));
#4909 = CARTESIAN_POINT('',(-355.3011304484,237.5607155016,
    377.02678923687));
#4910 = CARTESIAN_POINT('',(-355.7347859825,236.73125890926,
    376.52886486218));
#4911 = CARTESIAN_POINT('',(-357.461401604,233.58818030963,
    374.53867109126));
#4912 = CARTESIAN_POINT('',(-358.821621874,231.44992336619,
    372.95450794367));
#4913 = CARTESIAN_POINT('',(-360.2317178308,229.49725203256,
    371.29065895744));
#4914 = CARTESIAN_POINT('',(-361.672202535,227.7148136362,369.5632959999
    ));
#4915 = CARTESIAN_POINT('',(-363.1286534656,226.08759737619,
    367.78197934608));
#4916 = CARTESIAN_POINT('',(-364.5902634747,224.60177602014,
    365.95015609543));
#4917 = CARTESIAN_POINT('',(-366.0481698738,223.24569530561,
    364.0658011145));
#4918 = CARTESIAN_POINT('',(-368.7527282408,220.93126211913,
    360.42079078447));
#4919 = CARTESIAN_POINT('',(-369.9915861938,219.95408502283,
    358.68955866184));
#4920 = CARTESIAN_POINT('',(-371.2054317545,219.06657237118,
    356.91701467018));
#4921 = CARTESIAN_POINT('',(-372.3872384498,218.26355241407,
    355.09355601009));
#4922 = CARTESIAN_POINT('',(-373.5217503463,217.54570200284,
    353.21298899355));
#4923 = CARTESIAN_POINT('',(-374.583619601,216.91721885606,
    351.27273192704));
#4924 = CARTESIAN_POINT('',(-375.5373743142,216.38333782616,
    349.27146447823));
#4925 = CARTESIAN_POINT('',(-376.5032117062,215.86458780552,
    346.78894579607));
#4926 = CARTESIAN_POINT('',(-376.6589107166,215.78183562668,
    346.37055727336));
#4927 = CARTESIAN_POINT('',(-376.808252499,215.70325202372,
    345.94937813652));
#4928 = CARTESIAN_POINT('',(-376.9508398837,215.62892668523,
    345.52548875129));
#4929 = CARTESIAN_POINT('',(-377.0862831705,215.55894338689,
    345.09895107232));
#4930 = CARTESIAN_POINT('',(-377.2142007227,215.49338196082,
    344.66980865683));
#4931 = CARTESIAN_POINT('',(-377.3342195594,215.43232026492,
    344.2380866783));
#4932 = CARTESIAN_POINT('',(-377.6281412197,215.28376585799,
    343.09588236372));
#4933 = CARTESIAN_POINT('',(-377.7885778356,215.20374457521,
    342.38026471275));
#4934 = CARTESIAN_POINT('',(-377.9251969784,215.13637425046,
    341.6585697053));
#4935 = CARTESIAN_POINT('',(-378.0363013072,215.0820726125,
    340.93215238777));
#4936 = CARTESIAN_POINT('',(-378.1205901217,215.04112619089,
    340.20215072253));
#4937 = CARTESIAN_POINT('',(-378.1771606248,215.01372801594,
    339.4695444133));
#4938 = CARTESIAN_POINT('',(-378.2055052822,215.,338.73521396815));
#4939 = CARTESIAN_POINT('',(-378.2055052822,215.,337.26533335293));
#4940 = CARTESIAN_POINT('',(-378.1772028103,215.01370758415,
    336.5315472237));
#4941 = CARTESIAN_POINT('',(-378.1207161868,215.04106513531,
    335.79948106562));
#4942 = CARTESIAN_POINT('',(-378.0365514504,215.08195109571,
    335.07001407329));
#4943 = CARTESIAN_POINT('',(-377.9256088759,215.13617293738,
    334.34412429508));
#4944 = CARTESIAN_POINT('',(-377.7891856061,215.20344487317,
    333.62294750939));
#4945 = CARTESIAN_POINT('',(-377.6289743972,215.28335030872,
    332.90783586468));
#4946 = CARTESIAN_POINT('',(-377.3354221902,215.43170904573,
    331.76629431934));
#4947 = CARTESIAN_POINT('',(-377.2155280036,215.49270321209,
    331.33474193072));
#4948 = CARTESIAN_POINT('',(-377.0877391096,215.55819378528,
    330.90576605487));
#4949 = CARTESIAN_POINT('',(-376.9524279757,215.62810300221,
    330.47939198895));
#4950 = CARTESIAN_POINT('',(-376.8099757538,215.70235111829,
    330.05566340359));
#4951 = CARTESIAN_POINT('',(-376.6607716876,215.78085444023,
    329.63464235658));
#4952 = CARTESIAN_POINT('',(-376.5052125206,215.86352335889,
    329.21640930658));
#4953 = CARTESIAN_POINT('',(-375.5414159967,216.3811168355,
    326.73787747332));
#4954 = CARTESIAN_POINT('',(-374.5900694593,216.91354112241,
    324.74023863067));
#4955 = CARTESIAN_POINT('',(-373.5308958391,217.54021449718,
    322.80341736405));
#4956 = CARTESIAN_POINT('',(-372.3991859593,218.25592402357,
    320.92608268338));
#4957 = CARTESIAN_POINT('',(-371.2201857518,219.0564907468,
    319.10565988942));
#4958 = CARTESIAN_POINT('',(-370.0091149204,219.94122557896,
    317.33599178564));
#4959 = CARTESIAN_POINT('',(-368.7730041078,220.91524294821,
    315.60752681762));
#4960 = CARTESIAN_POINT('',(-366.0702287106,223.225317103,
    311.96281093308));
#4961 = CARTESIAN_POINT('',(-364.611161156,224.58083587376,
    310.07617027705));
#4962 = CARTESIAN_POINT('',(-363.1482540736,226.06621542904,
    308.24214760239));
#4963 = CARTESIAN_POINT('',(-361.6904012013,227.693106011,
    306.45868839553));
#4964 = CARTESIAN_POINT('',(-360.2484253426,229.47534389027,
    304.7292153483));
#4965 = CARTESIAN_POINT('',(-358.8367603742,231.42795869328,
    303.06327319914));
#4966 = CARTESIAN_POINT('',(-357.4749077662,233.56633041064,
    301.47702910428));
#4967 = CARTESIAN_POINT('',(-355.7453348054,236.71112946472,
    299.48324951684));
#4968 = CARTESIAN_POINT('',(-355.310415051,237.54209171317,
    298.98383675812));
#4969 = CARTESIAN_POINT('',(-354.8850986246,238.39842414209,
    298.49720377649));
#4970 = CARTESIAN_POINT('',(-354.4705530584,239.28086678818,
    298.02446416135));
#4971 = CARTESIAN_POINT('',(-354.068074302,240.19012559691,
    297.56688080602));
#4972 = CARTESIAN_POINT('',(-353.6790922353,241.12686170216,
    297.12587068724));
#4973 = CARTESIAN_POINT('',(-353.3051761804,242.09168070598,
    296.70300964466));
#4974 = CARTESIAN_POINT('',(-352.6877277187,243.80923137304,
    296.00631453787));
#4975 = CARTESIAN_POINT('',(-352.4362682619,244.54871875793,
    295.72308873176));
#4976 = CARTESIAN_POINT('',(-352.1944649874,245.30343955111,
    295.45119105633));
#4977 = CARTESIAN_POINT('',(-351.9631240357,246.07322460184,
    295.19145532018));
#4978 = CARTESIAN_POINT('',(-351.7430542052,246.85788016134,
    294.94471829743));
#4979 = CARTESIAN_POINT('',(-351.5350664114,247.65718787354,
    294.71182019907));
#4980 = CARTESIAN_POINT('',(-351.339973147,248.47090476595,
    294.49360514425));
#4981 = CARTESIAN_POINT('',(-350.8841562807,250.55129415362,
    293.98426611857));
#4982 = CARTESIAN_POINT('',(-350.6405550197,251.83870023179,
    293.71255074705));
#4983 = CARTESIAN_POINT('',(-350.4317997877,253.15582653727,
    293.48005628384));
#4984 = CARTESIAN_POINT('',(-350.2611845487,254.49740439498,
    293.29026120168));
#4985 = CARTESIAN_POINT('',(-350.1312662699,255.85807059423,
    293.14585145117));
#4986 = CARTESIAN_POINT('',(-350.0438536631,257.23238829271,
    293.04872626581));
#4987 = CARTESIAN_POINT('',(-350.,258.61486962276,293.));
#4988 = CARTESIAN_POINT('',(-350.,260.,293.));
#4989 = PCURVE('',#2155,#4990);
#4990 = DEFINITIONAL_REPRESENTATION('',(#4991),#5092);
#4991 = B_SPLINE_CURVE_WITH_KNOTS('',8,(#4992,#4993,#4994,#4995,#4996,
    #4997,#4998,#4999,#5000,#5001,#5002,#5003,#5004,#5005,#5006,#5007,
    #5008,#5009,#5010,#5011,#5012,#5013,#5014,#5015,#5016,#5017,#5018,
    #5019,#5020,#5021,#5022,#5023,#5024,#5025,#5026,#5027,#5028,#5029,
    #5030,#5031,#5032,#5033,#5034,#5035,#5036,#5037,#5038,#5039,#5040,
    #5041,#5042,#5043,#5044,#5045,#5046,#5047,#5048,#5049,#5050,#5051,
    #5052,#5053,#5054,#5055,#5056,#5057,#5058,#5059,#5060,#5061,#5062,
    #5063,#5064,#5065,#5066,#5067,#5068,#5069,#5070,#5071,#5072,#5073,
    #5074,#5075,#5076,#5077,#5078,#5079,#5080,#5081,#5082,#5083,#5084,
    #5085,#5086,#5087,#5088,#5089,#5090,#5091),.UNSPECIFIED.,.F.,.F.,(9,
    7,7,7,7,7,7,7,7,7,7,7,7,7,9),(0.,5.741422163176E-02,
    9.535327999236E-02,0.14730834246,0.298220735681,0.430213374504,
    0.456745694743,0.499993935932,0.543209981495,0.569730359318,
    0.701467367404,0.852513197552,0.904597683724,0.942561545915,1.),
  .UNSPECIFIED.);
#4992 = CARTESIAN_POINT('',(0.,50.));
#4993 = CARTESIAN_POINT('',(3.076855108389E-02,50.));
#4994 = CARTESIAN_POINT('',(6.147813044309E-02,49.956180875905));
#4995 = CARTESIAN_POINT('',(9.205076774223E-02,49.868837760467));
#4996 = CARTESIAN_POINT('',(0.122408390247,49.739022712997));
#4997 = CARTESIAN_POINT('',(0.152470842503,49.568541622076));
#4998 = CARTESIAN_POINT('',(0.182153949437,49.359947046298));
#4999 = CARTESIAN_POINT('',(0.211367622869,49.116526993038));
#5000 = CARTESIAN_POINT('',(0.258943415652,48.661074827748));
#5001 = CARTESIAN_POINT('',(0.277650000875,48.466165338321));
#5002 = CARTESIAN_POINT('',(0.296133835262,48.258373200489));
#5003 = CARTESIAN_POINT('',(0.314394526225,48.038509530845));
#5004 = CARTESIAN_POINT('',(0.332431248201,47.807383988497));
#5005 = CARTESIAN_POINT('',(0.350242770416,47.565804234503));
#5006 = CARTESIAN_POINT('',(0.367827484647,47.314575391301));
#5007 = CARTESIAN_POINT('',(0.408951270628,46.698342558576));
#5008 = CARTESIAN_POINT('',(0.43229785764,46.325477808839));
#5009 = CARTESIAN_POINT('',(0.455240197937,45.937607671617));
#5010 = CARTESIAN_POINT('',(0.477795027709,45.536291086053));
#5011 = CARTESIAN_POINT('',(0.499978972801,45.122948948887));
#5012 = CARTESIAN_POINT('',(0.521808706085,44.698869551588));
#5013 = CARTESIAN_POINT('',(0.543301104846,44.265214017492));
#5014 = CARTESIAN_POINT('',(0.625971995805,42.538598395939));
#5015 = CARTESIAN_POINT('',(0.68495047761,41.17837812598));
#5016 = CARTESIAN_POINT('',(0.741746315027,39.768282169188));
#5017 = CARTESIAN_POINT('',(0.796688117881,38.327797464996));
#5018 = CARTESIAN_POINT('',(0.850112423215,36.871346534398));
#5019 = CARTESIAN_POINT('',(0.902380463255,35.409736525244));
#5020 = CARTESIAN_POINT('',(0.953884258855,33.951830126119));
#5021 = CARTESIAN_POINT('',(1.049833580048,31.24727175916));
#5022 = CARTESIAN_POINT('',(1.093951378822,30.008413806199));
#5023 = CARTESIAN_POINT('',(1.137912737147,28.794568245434));
#5024 = CARTESIAN_POINT('',(1.182079879117,27.612761550201));
#5025 = CARTESIAN_POINT('',(1.226695006274,26.478249653626));
#5026 = CARTESIAN_POINT('',(1.271914322427,25.416380398929));
#5027 = CARTESIAN_POINT('',(1.317873390733,24.462625685786));
#5028 = CARTESIAN_POINT('',(1.374232033266,23.496788293724));
#5029 = CARTESIAN_POINT('',(1.383709124827,23.341089283389));
#5030 = CARTESIAN_POINT('',(1.39322925164,23.191747500909));
#5031 = CARTESIAN_POINT('',(1.402791585465,23.049160116283));
#5032 = CARTESIAN_POINT('',(1.412395773499,22.913716829447));
#5033 = CARTESIAN_POINT('',(1.422041930985,22.785799277265));
#5034 = CARTESIAN_POINT('',(1.431730633818,22.665780440502));
#5035 = CARTESIAN_POINT('',(1.457326728312,22.371858780224));
#5036 = CARTESIAN_POINT('',(1.473325870176,22.21142216437));
#5037 = CARTESIAN_POINT('',(1.489428768281,22.074803021535));
#5038 = CARTESIAN_POINT('',(1.505610869705,21.963698692758));
#5039 = CARTESIAN_POINT('',(1.5218529953,21.879409878213));
#5040 = CARTESIAN_POINT('',(1.538139786207,21.822839375191));
#5041 = CARTESIAN_POINT('',(1.554458238614,21.794494717703));
#5042 = CARTESIAN_POINT('',(1.587122252285,21.794494717703));
#5043 = CARTESIAN_POINT('',(1.603428608791,21.822797189618));
#5044 = CARTESIAN_POINT('',(1.619703381485,21.879283813125));
#5045 = CARTESIAN_POINT('',(1.635933581312,21.963448549558));
#5046 = CARTESIAN_POINT('',(1.652103872243,22.07439112405));
#5047 = CARTESIAN_POINT('',(1.66819511068,22.210814393837));
#5048 = CARTESIAN_POINT('',(1.684182797012,22.371025602743));
#5049 = CARTESIAN_POINT('',(1.70976372562,22.664577809751));
#5050 = CARTESIAN_POINT('',(1.719448487561,22.784471996336));
#5051 = CARTESIAN_POINT('',(1.729090750084,22.912260890355));
#5052 = CARTESIAN_POINT('',(1.738691085156,23.04757202422));
#5053 = CARTESIAN_POINT('',(1.748249604389,23.190024246156));
#5054 = CARTESIAN_POINT('',(1.757765951642,23.339228312393));
#5055 = CARTESIAN_POINT('',(1.767239295629,23.494787479346));
#5056 = CARTESIAN_POINT('',(1.823505958151,24.45858400322));
#5057 = CARTESIAN_POINT('',(1.86937916074,25.409930540652));
#5058 = CARTESIAN_POINT('',(1.914514024379,26.469104160884));
#5059 = CARTESIAN_POINT('',(1.959045734361,27.600814040662));
#5060 = CARTESIAN_POINT('',(2.003129776803,28.779814248106));
#5061 = CARTESIAN_POINT('',(2.047006879291,29.99088507953));
#5062 = CARTESIAN_POINT('',(2.091037004284,31.226995892183));
#5063 = CARTESIAN_POINT('',(2.186928909681,33.929771289305));
#5064 = CARTESIAN_POINT('',(2.238466460666,35.388838843925));
#5065 = CARTESIAN_POINT('',(2.290766009002,36.851745926401));
#5066 = CARTESIAN_POINT('',(2.344220276526,38.30959879863));
#5067 = CARTESIAN_POINT('',(2.399191188917,39.751574657343));
#5068 = CARTESIAN_POINT('',(2.456015934748,41.163239625702));
#5069 = CARTESIAN_POINT('',(2.515023770491,42.525092233724));
#5070 = CARTESIAN_POINT('',(2.597769605145,44.254665194585));
#5071 = CARTESIAN_POINT('',(2.619307678611,44.689584948971));
#5072 = CARTESIAN_POINT('',(2.641184416403,45.114901375321));
#5073 = CARTESIAN_POINT('',(2.663416836664,45.529446941552));
#5074 = CARTESIAN_POINT('',(2.686021749116,45.931925697934));
#5075 = CARTESIAN_POINT('',(2.709015914343,46.320907764686));
#5076 = CARTESIAN_POINT('',(2.732416203091,46.694823819572));
#5077 = CARTESIAN_POINT('',(2.773604505192,47.312272281223));
#5078 = CARTESIAN_POINT('',(2.791198245251,47.563731738003));
#5079 = CARTESIAN_POINT('',(2.809019037965,47.805535012584));
#5080 = CARTESIAN_POINT('',(2.827065294869,48.03687596421));
#5081 = CARTESIAN_POINT('',(2.845335804798,48.256945794705));
#5082 = CARTESIAN_POINT('',(2.863829761902,48.464933588549));
#5083 = CARTESIAN_POINT('',(2.882546793641,48.66002685296));
#5084 = CARTESIAN_POINT('',(2.930143070326,49.115843719249));
#5085 = CARTESIAN_POINT('',(2.95936728114,49.359444980254));
#5086 = CARTESIAN_POINT('',(2.989061580698,49.568200212212));
#5087 = CARTESIAN_POINT('',(3.019135710995,49.738815451206));
#5088 = CARTESIAN_POINT('',(3.04950534126,49.868733730063));
#5089 = CARTESIAN_POINT('',(3.080090169165,49.956146336854));
#5090 = CARTESIAN_POINT('',(3.11081197854,50.));
#5091 = CARTESIAN_POINT('',(3.14159265359,50.));
#5092 = ( GEOMETRIC_REPRESENTATION_CONTEXT(2) 
PARAMETRIC_REPRESENTATION_CONTEXT() REPRESENTATION_CONTEXT('2D SPACE',''
  ) );
#5093 = PCURVE('',#1897,#5094);
#5094 = DEFINITIONAL_REPRESENTATION('',(#5095),#5196);
#5095 = B_SPLINE_CURVE_WITH_KNOTS('',8,(#5096,#5097,#5098,#5099,#5100,
    #5101,#5102,#5103,#5104,#5105,#5106,#5107,#5108,#5109,#5110,#5111,
    #5112,#5113,#5114,#5115,#5116,#5117,#5118,#5119,#5120,#5121,#5122,
    #5123,#5124,#5125,#5126,#5127,#5128,#5129,#5130,#5131,#5132,#5133,
    #5134,#5135,#5136,#5137,#5138,#5139,#5140,#5141,#5142,#5143,#5144,
    #5145,#5146,#5147,#5148,#5149,#5150,#5151,#5152,#5153,#5154,#5155,
    #5156,#5157,#5158,#5159,#5160,#5161,#5162,#5163,#5164,#5165,#5166,
    #5167,#5168,#5169,#5170,#5171,#5172,#5173,#5174,#5175,#5176,#5177,
    #5178,#5179,#5180,#5181,#5182,#5183,#5184,#5185,#5186,#5187,#5188,
    #5189,#5190,#5191,#5192,#5193,#5194,#5195),.UNSPECIFIED.,.F.,.F.,(9,
    7,7,7,7,7,7,7,7,7,7,7,7,7,9),(0.,5.741422163176E-02,
    9.535327999236E-02,0.14730834246,0.298220735681,0.430213374504,
    0.456745694743,0.499993935932,0.543209981495,0.569730359318,
    0.701467367404,0.852513197552,0.904597683724,0.942561545915,1.),
  .UNSPECIFIED.);
#5096 = CARTESIAN_POINT('',(6.28318530718,95.));
#5097 = CARTESIAN_POINT('',(6.255493611204,95.));
#5098 = CARTESIAN_POINT('',(6.22785498789,94.95131211097));
#5099 = CARTESIAN_POINT('',(6.200347209533,94.854264138188));
#5100 = CARTESIAN_POINT('',(6.173047993733,94.709969177453));
#5101 = CARTESIAN_POINT('',(6.146036578031,94.520323503455));
#5102 = CARTESIAN_POINT('',(6.11939517438,94.288008411745));
#5103 = CARTESIAN_POINT('',(6.09321030343,94.016496014335));
#5104 = CARTESIAN_POINT('',(6.050633660842,93.507566786449));
#5105 = CARTESIAN_POINT('',(6.033910578085,93.28955847432));
#5106 = CARTESIAN_POINT('',(6.017406067391,93.056880999099));
#5107 = CARTESIAN_POINT('',(6.001121748379,92.810377066032));
#5108 = CARTESIAN_POINT('',(5.985059527776,92.550885608827));
#5109 = CARTESIAN_POINT('',(5.969221573923,92.279242259433));
#5110 = CARTESIAN_POINT('',(5.953610291275,91.996279817822));
#5111 = CARTESIAN_POINT('',(5.917163655538,91.300966612232));
#5112 = CARTESIAN_POINT('',(5.896522123574,90.879303426687));
#5113 = CARTESIAN_POINT('',(5.876290940676,90.439566703889));
#5114 = CARTESIAN_POINT('',(5.856457488048,89.983321995953));
#5115 = CARTESIAN_POINT('',(5.837009219357,89.511977591178));
#5116 = CARTESIAN_POINT('',(5.817933593639,89.026789236873));
#5117 = CARTESIAN_POINT('',(5.799218008223,88.528864862183));
#5118 = CARTESIAN_POINT('',(5.727495920724,86.538671091266));
#5119 = CARTESIAN_POINT('',(5.676915759799,84.954507943669));
#5120 = CARTESIAN_POINT('',(5.628877042319,83.290658957456));
#5121 = CARTESIAN_POINT('',(5.583167990164,81.563295999889));
#5122 = CARTESIAN_POINT('',(5.539592860354,79.781979346098));
#5123 = CARTESIAN_POINT('',(5.497978303125,77.950156095431));
#5124 = CARTESIAN_POINT('',(5.458190599701,76.065801114505));
#5125 = CARTESIAN_POINT('',(5.386997237833,72.420790784472));
#5126 = CARTESIAN_POINT('',(5.355465225547,70.689558661841));
#5127 = CARTESIAN_POINT('',(5.325423422258,68.917014670189));
#5128 = CARTESIAN_POINT('',(5.296879211511,67.09355601008));
#5129 = CARTESIAN_POINT('',(5.270053350683,65.21298899356));
#5130 = CARTESIAN_POINT('',(5.245386957676,63.272731927045));
#5131 = CARTESIAN_POINT('',(5.223530021839,61.271464478235));
#5132 = CARTESIAN_POINT('',(5.20160338551,58.78894579607));
#5133 = CARTESIAN_POINT('',(5.198076942131,58.370557273366));
#5134 = CARTESIAN_POINT('',(5.194701882316,57.949378136523));
#5135 = CARTESIAN_POINT('',(5.191486002961,57.525488751293));
#5136 = CARTESIAN_POINT('',(5.188436936921,57.098951072322));
#5137 = CARTESIAN_POINT('',(5.18556215818,56.66980865683));
#5138 = CARTESIAN_POINT('',(5.182868987029,56.2380866783));
#5139 = CARTESIAN_POINT('',(5.176282383832,55.095882363721));
#5140 = CARTESIAN_POINT('',(5.172696724287,54.38026471275));
#5141 = CARTESIAN_POINT('',(5.16965022273,53.658569705309));
#5142 = CARTESIAN_POINT('',(5.16717695658,52.932152387774));
#5143 = CARTESIAN_POINT('',(5.165302796323,52.20215072253));
#5144 = CARTESIAN_POINT('',(5.164045673106,51.469544413309));
#5145 = CARTESIAN_POINT('',(5.163415792181,50.73521396815));
#5146 = CARTESIAN_POINT('',(5.163415792181,49.265333352932));
#5147 = CARTESIAN_POINT('',(5.16404473565,48.531547223707));
#5148 = CARTESIAN_POINT('',(5.165299994873,47.799481065624));
#5149 = CARTESIAN_POINT('',(5.167171394642,47.070014073292));
#5150 = CARTESIAN_POINT('',(5.16964105358,46.344124295084));
#5151 = CARTESIAN_POINT('',(5.172683171523,45.622947509392));
#5152 = CARTESIAN_POINT('',(5.176263762968,44.907835864683));
#5153 = CARTESIAN_POINT('',(5.182842006292,43.76629431934));
#5154 = CARTESIAN_POINT('',(5.185532343081,43.334741930722));
#5155 = CARTESIAN_POINT('',(5.18840418564,42.905766054872));
#5156 = CARTESIAN_POINT('',(5.191450223526,42.479391988951));
#5157 = CARTESIAN_POINT('',(5.194662991984,42.055663403591));
#5158 = CARTESIAN_POINT('',(5.19803486678,41.634642356586));
#5159 = CARTESIAN_POINT('',(5.201558059026,41.216409306582));
#5160 = CARTESIAN_POINT('',(5.223437791625,38.73787747332));
#5161 = CARTESIAN_POINT('',(5.245238492604,36.740238630677));
#5162 = CARTESIAN_POINT('',(5.269840147839,34.803417364039));
#5163 = CARTESIAN_POINT('',(5.296595960509,32.926082683404));
#5164 = CARTESIAN_POINT('',(5.325066415622,31.105659889415));
#5165 = CARTESIAN_POINT('',(5.355030875863,29.335991785649));
#5166 = CARTESIAN_POINT('',(5.386480820846,27.607526817625));
#5167 = CARTESIAN_POINT('',(5.457590419207,23.962810933087));
#5168 = CARTESIAN_POINT('',(5.497387468776,22.076170277054));
#5169 = CARTESIAN_POINT('',(5.539013869726,20.242147602402));
#5170 = CARTESIAN_POINT('',(5.582602758761,18.458688395531));
#5171 = CARTESIAN_POINT('',(5.628327316065,16.729215348309));
#5172 = CARTESIAN_POINT('',(5.676383348094,15.063273199142));
#5173 = CARTESIAN_POINT('',(5.726982845531,13.477029104289));
#5174 = CARTESIAN_POINT('',(5.798763577535,11.483249516847));
#5175 = CARTESIAN_POINT('',(5.817517541585,10.983836758126));
#5176 = CARTESIAN_POINT('',(5.836633066777,10.497203776499));
#5177 = CARTESIAN_POINT('',(5.856122860998,10.024464161354));
#5178 = CARTESIAN_POINT('',(5.875999569141,9.566880806021));
#5179 = CARTESIAN_POINT('',(5.896275840902,9.125870687247));
#5180 = CARTESIAN_POINT('',(5.916964398566,8.703009644663));
#5181 = CARTESIAN_POINT('',(5.953467674566,8.006314537874));
#5182 = CARTESIAN_POINT('',(5.969086768933,7.723088731769));
#5183 = CARTESIAN_POINT('',(5.984932789293,7.451191056337));
#5184 = CARTESIAN_POINT('',(6.001003347307,7.191455320182));
#5185 = CARTESIAN_POINT('',(6.017296290579,6.944718297435));
#5186 = CARTESIAN_POINT('',(6.033809728325,6.711820199076));
#5187 = CARTESIAN_POINT('',(6.050542057048,6.49360514425));
#5188 = CARTESIAN_POINT('',(6.09313684086,5.984266118572));
#5189 = CARTESIAN_POINT('',(6.119331070348,5.712550747051));
#5190 = CARTESIAN_POINT('',(6.145982460261,5.480056283846));
#5191 = CARTESIAN_POINT('',(6.173004332635,5.290261201682));
#5192 = CARTESIAN_POINT('',(6.200314328386,5.145851451171));
#5193 = CARTESIAN_POINT('',(6.227833069308,5.048726265815));
#5194 = CARTESIAN_POINT('',(6.255482699635,5.));
#5195 = CARTESIAN_POINT('',(6.28318530718,5.));
#5196 = ( GEOMETRIC_REPRESENTATION_CONTEXT(2) 
PARAMETRIC_REPRESENTATION_CONTEXT() REPRESENTATION_CONTEXT('2D SPACE',''
  ) );
#5197 = ADVANCED_FACE('',(#5198),#4205,.T.);
#5198 = FACE_BOUND('',#5199,.T.);
#5199 = EDGE_LOOP('',(#5200,#5857,#5880,#6528,#6529,#7177,#7178,#7828));
#5200 = ORIENTED_EDGE('',*,*,#5201,.F.);
#5201 = EDGE_CURVE('',#5202,#5204,#5206,.T.);
#5202 = VERTEX_POINT('',#5203);
#5203 = CARTESIAN_POINT('',(330.,125.,293.));
#5204 = VERTEX_POINT('',#5205);
#5205 = CARTESIAN_POINT('',(294.6680860252,110.37874863357,
    365.86854597709));
#5206 = SURFACE_CURVE('',#5207,(#5420,#5636),.PCURVE_S1.);
#5207 = B_SPLINE_CURVE_WITH_KNOTS('',8,(#5208,#5209,#5210,#5211,#5212,
    #5213,#5214,#5215,#5216,#5217,#5218,#5219,#5220,#5221,#5222,#5223,
    #5224,#5225,#5226,#5227,#5228,#5229,#5230,#5231,#5232,#5233,#5234,
    #5235,#5236,#5237,#5238,#5239,#5240,#5241,#5242,#5243,#5244,#5245,
    #5246,#5247,#5248,#5249,#5250,#5251,#5252,#5253,#5254,#5255,#5256,
    #5257,#5258,#5259,#5260,#5261,#5262,#5263,#5264,#5265,#5266,#5267,
    #5268,#5269,#5270,#5271,#5272,#5273,#5274,#5275,#5276,#5277,#5278,
    #5279,#5280,#5281,#5282,#5283,#5284,#5285,#5286,#5287,#5288,#5289,
    #5290,#5291,#5292,#5293,#5294,#5295,#5296,#5297,#5298,#5299,#5300,
    #5301,#5302,#5303,#5304,#5305,#5306,#5307,#5308,#5309,#5310,#5311,
    #5312,#5313,#5314,#5315,#5316,#5317,#5318,#5319,#5320,#5321,#5322,
    #5323,#5324,#5325,#5326,#5327,#5328,#5329,#5330,#5331,#5332,#5333,
    #5334,#5335,#5336,#5337,#5338,#5339,#5340,#5341,#5342,#5343,#5344,
    #5345,#5346,#5347,#5348,#5349,#5350,#5351,#5352,#5353,#5354,#5355,
    #5356,#5357,#5358,#5359,#5360,#5361,#5362,#5363,#5364,#5365,#5366,
    #5367,#5368,#5369,#5370,#5371,#5372,#5373,#5374,#5375,#5376,#5377,
    #5378,#5379,#5380,#5381,#5382,#5383,#5384,#5385,#5386,#5387,#5388,
    #5389,#5390,#5391,#5392,#5393,#5394,#5395,#5396,#5397,#5398,#5399,
    #5400,#5401,#5402,#5403,#5404,#5405,#5406,#5407,#5408,#5409,#5410,
    #5411,#5412,#5413,#5414,#5415,#5416,#5417,#5418,#5419),
  .UNSPECIFIED.,.T.,.F.,(9,7,7,7,7,7,7,7,7,7,7,7,7,7,7,7,7,7,7,7,7,7,7,7
    ,7,7,7,7,7,7,9),(0.,2.870534726561E-02,4.767371110629E-02,
    7.364964685833E-02,0.14910120816,0.215093473389,0.228358818562,
    0.249981610777,0.271588307915,0.284847686353,0.350892844171,
    0.426429245338,0.452265428423,0.471245609623,0.481020545713,
    0.499999181976,0.518977818319,0.528741280081,0.547709745031,
    0.57368555066,0.649318534769,0.715326543315,0.728582507143,
    0.750013919821,0.771620477435,0.784879767217,0.850743804938,
    0.926261599058,0.952302076309,0.971282720305,1.),.UNSPECIFIED.);
#5208 = CARTESIAN_POINT('',(330.,125.,293.));
#5209 = CARTESIAN_POINT('',(331.38458479877,125.,293.));
#5210 = CARTESIAN_POINT('',(332.76651577813,124.9561808759,
    293.04868788903));
#5211 = CARTESIAN_POINT('',(334.14028726097,124.86883776046,
    293.14573586181));
#5212 = CARTESIAN_POINT('',(335.50042023051,124.73902271299,
    293.29003082254));
#5213 = CARTESIAN_POINT('',(336.84148658466,124.56854162207,
    293.47967649654));
#5214 = CARTESIAN_POINT('',(338.15813169875,124.35994704629,
    293.71199158825));
#5215 = CARTESIAN_POINT('',(339.44509529687,124.11652699303,
    293.98350398566));
#5216 = CARTESIAN_POINT('',(341.52463600616,123.66107482768,
    294.49243321362));
#5217 = CARTESIAN_POINT('',(342.33792127349,123.46616533828,
    294.71044152571));
#5218 = CARTESIAN_POINT('',(343.13681824599,123.25837320051,
    294.94311900087));
#5219 = CARTESIAN_POINT('',(343.92108329766,123.0385095309,
    295.18962293389));
#5220 = CARTESIAN_POINT('',(344.6904973584,122.80738398854,
    295.44911439112));
#5221 = CARTESIAN_POINT('',(345.44486590827,122.56580423448,
    295.72075774058));
#5222 = CARTESIAN_POINT('',(346.18401897177,122.31457539122,
    296.00372018226));
#5223 = CARTESIAN_POINT('',(347.89899718873,121.69834255354,
    296.69903339344));
#5224 = CARTESIAN_POINT('',(348.86169954707,121.32547781204,
    297.12069656962));
#5225 = CARTESIAN_POINT('',(349.79645276966,120.93760767686,
    297.56043329015));
#5226 = CARTESIAN_POINT('',(350.70385707187,120.53629108583,
    298.01667800434));
#5227 = CARTESIAN_POINT('',(351.58456772945,120.12294894341,
    298.48802241509));
#5228 = CARTESIAN_POINT('',(352.439284506,119.69886954863,
    298.97321076646));
#5229 = CARTESIAN_POINT('',(353.26874108051,119.2652140231,
    299.47113513134));
#5230 = CARTESIAN_POINT('',(356.41181969035,117.53859839594,
    301.46132890872));
#5231 = CARTESIAN_POINT('',(358.55007663375,116.17837812602,
    303.04549205628));
#5232 = CARTESIAN_POINT('',(360.50274796762,114.76828216901,
    304.70934104272));
#5233 = CARTESIAN_POINT('',(362.28518636355,113.32779746521,
    306.43670399987));
#5234 = CARTESIAN_POINT('',(363.91240262395,111.87134653425,
    308.21802065406));
#5235 = CARTESIAN_POINT('',(365.39822397981,110.40973652528,
    310.04984390451));
#5236 = CARTESIAN_POINT('',(366.75430469439,108.95183012611,
    311.9341988855));
#5237 = CARTESIAN_POINT('',(369.06873788087,106.24727175914,
    315.57920921555));
#5238 = CARTESIAN_POINT('',(370.04591497712,105.00841380622,
    317.31044133811));
#5239 = CARTESIAN_POINT('',(370.93342762892,103.79456824539,
    319.0829853299));
#5240 = CARTESIAN_POINT('',(371.73644758579,102.61276155023,
    320.90644398981));
#5241 = CARTESIAN_POINT('',(372.45429799725,101.47824965359,
    322.78701100653));
#5242 = CARTESIAN_POINT('',(373.0827811439,100.41638039894,
    324.72726807289));
#5243 = CARTESIAN_POINT('',(373.61666217384,99.462625685776,
    326.72853552179));
#5244 = CARTESIAN_POINT('',(374.13541219447,98.496788293725,
    329.21105420392));
#5245 = CARTESIAN_POINT('',(374.21816437331,98.341089283389,
    329.62944272663));
#5246 = CARTESIAN_POINT('',(374.29674797628,98.191747500907,
    330.05062186348));
#5247 = CARTESIAN_POINT('',(374.37107331477,98.04916011628,
    330.47451124871));
#5248 = CARTESIAN_POINT('',(374.4410566131,97.913716829445,
    330.90104892768));
#5249 = CARTESIAN_POINT('',(374.50661803917,97.785799277263,
    331.33019134317));
#5250 = CARTESIAN_POINT('',(374.56767973507,97.665780440502,
    331.7619133217));
#5251 = CARTESIAN_POINT('',(374.716234142,97.371858780226,
    332.90411763627));
#5252 = CARTESIAN_POINT('',(374.79625542478,97.21142216437,
    333.61973528724));
#5253 = CARTESIAN_POINT('',(374.86362574953,97.074803021532,
    334.3414302947));
#5254 = CARTESIAN_POINT('',(374.91792738749,96.963698692756,
    335.06784761224));
#5255 = CARTESIAN_POINT('',(374.95887380911,96.879409878213,
    335.79784927747));
#5256 = CARTESIAN_POINT('',(374.98627198405,96.822839375192,
    336.53045558668));
#5257 = CARTESIAN_POINT('',(375.,96.794494717703,337.26478603184));
#5258 = CARTESIAN_POINT('',(375.,96.794494717703,338.73466670649));
#5259 = CARTESIAN_POINT('',(374.98629241362,96.822797194196,
    339.46845288741));
#5260 = CARTESIAN_POINT('',(374.95893485854,96.87928382581,
    340.20051908532));
#5261 = CARTESIAN_POINT('',(374.91804889344,96.963448571853,
    340.92998610122));
#5262 = CARTESIAN_POINT('',(374.86382704772,97.07439115443,
    341.65587588194));
#5263 = CARTESIAN_POINT('',(374.79655511048,97.210814426741,
    342.37705264367));
#5264 = CARTESIAN_POINT('',(374.71664967874,97.371025627548,
    343.09216423177));
#5265 = CARTESIAN_POINT('',(374.56829094905,97.664577820069,
    344.23370572078));
#5266 = CARTESIAN_POINT('',(374.50729677819,97.784472015405,
    344.66525813701));
#5267 = CARTESIAN_POINT('',(374.44180620166,97.912260915766,
    345.09423402846));
#5268 = CARTESIAN_POINT('',(374.37189698293,98.047572052842,
    345.52060809847));
#5269 = CARTESIAN_POINT('',(374.29764886696,98.190024274263,
    345.94433667697));
#5270 = CARTESIAN_POINT('',(374.21914554736,98.339228335777,
    346.36535770672));
#5271 = CARTESIAN_POINT('',(374.13647663353,98.494787493443,
    346.78359072966));
#5272 = CARTESIAN_POINT('',(373.61770127497,99.460784767076,
    349.26778208566));
#5273 = CARTESIAN_POINT('',(373.08352877185,100.41516647139,
    351.27076030474));
#5274 = CARTESIAN_POINT('',(372.45459539305,101.47787776323,
    353.21263041195));
#5275 = CARTESIAN_POINT('',(371.73614905895,102.61334987742,
    355.09471182656));
#5276 = CARTESIAN_POINT('',(370.93240087159,103.79617141689,
    356.91958793078));
#5277 = CARTESIAN_POINT('',(370.04403027588,105.01105551746,
    358.69346702029));
#5278 = CARTESIAN_POINT('',(369.06584819564,106.25096931395,
    360.42597770696));
#5279 = CARTESIAN_POINT('',(366.74845076627,108.95830262348,
    364.07429057181));
#5280 = CARTESIAN_POINT('',(365.39032889117,110.41788330993,
    365.96054124324));
#5281 = CARTESIAN_POINT('',(363.90215146349,111.88112581226,
    367.79414243547));
#5282 = CARTESIAN_POINT('',(362.27220675634,113.33915208346,
    369.57712493116));
#5283 = CARTESIAN_POINT('',(360.48660235546,114.78111681322,
    371.30601516371));
#5284 = CARTESIAN_POINT('',(358.5302609332,116.19253165414,
    372.97119053516));
#5285 = CARTESIAN_POINT('',(356.38776757556,117.55380918824,
    374.55637890117));
#5286 = CARTESIAN_POINT('',(353.24341052945,119.27842904056,
    376.54403592193));
#5287 = CARTESIAN_POINT('',(352.4177602505,119.70950356958,
    377.03895203819));
#5288 = CARTESIAN_POINT('',(351.56710035528,120.1310821441,
    377.52124764002));
#5289 = CARTESIAN_POINT('',(350.69071215931,120.54201840151,
    377.98982807839));
#5290 = CARTESIAN_POINT('',(349.78791010704,120.94104193163,
    378.44345457557));
#5291 = CARTESIAN_POINT('',(348.85805205045,121.32675295494,
    378.88073956455));
#5292 = CARTESIAN_POINT('',(347.90054952769,121.69761700078,
    379.3001420284));
#5293 = CARTESIAN_POINT('',(346.19076862707,122.31227228118,
    379.99368546207));
#5294 = CARTESIAN_POINT('',(345.45128124211,122.56373173799,
    380.27691126822));
#5295 = CARTESIAN_POINT('',(344.6965604488,122.80553501261,
    380.54880894369));
#5296 = CARTESIAN_POINT('',(343.92677539801,123.03687596424,
    380.80854467986));
#5297 = CARTESIAN_POINT('',(343.14211983857,123.25694579472,
    381.05528170258));
#5298 = CARTESIAN_POINT('',(342.34281212652,123.46493358852,
    381.2881798009));
#5299 = CARTESIAN_POINT('',(341.52909523421,123.66002685292,
    381.5063948557));
#5300 = CARTESIAN_POINT('',(340.27488341778,123.93482680297,
    381.81346190208));
#5301 = CARTESIAN_POINT('',(339.84485044799,124.02459013746,
    381.91370847384));
#5302 = CARTESIAN_POINT('',(339.41126579462,124.11057341352,
    382.00968278066));
#5303 = CARTESIAN_POINT('',(338.97425894667,124.1926533527,
    382.1012551937));
#5304 = CARTESIAN_POINT('',(338.5339609376,124.27071204601,
    382.18830175831));
#5305 = CARTESIAN_POINT('',(338.09050434541,124.34463695391,
    382.27070419406));
#5306 = CARTESIAN_POINT('',(337.64402329259,124.41432090632,
    382.34834989473));
#5307 = CARTESIAN_POINT('',(336.32217440537,124.60652603157,
    382.56244269783));
#5308 = CARTESIAN_POINT('',(335.43841383069,124.71707646135,
    382.68548236366));
#5309 = CARTESIAN_POINT('',(334.54516007488,124.81042454366,
    382.78930763282));
#5310 = CARTESIAN_POINT('',(333.64421716767,124.88585184022,
    382.87315831601));
#5311 = CARTESIAN_POINT('',(332.73740154233,124.94281123783,
    382.9364569699));
#5312 = CARTESIAN_POINT('',(331.82653876214,124.9809278636,
    382.9788085394));
#5313 = CARTESIAN_POINT('',(330.91346024702,125.,383.));
#5314 = CARTESIAN_POINT('',(329.08653974913,125.,383.));
#5315 = CARTESIAN_POINT('',(328.17346124,124.98092786387,382.9788085397)
  );
#5316 = CARTESIAN_POINT('',(327.26259846151,124.94281123798,
    382.93645697006));
#5317 = CARTESIAN_POINT('',(326.35578283241,124.88585183999,
    382.87315831576));
#5318 = CARTESIAN_POINT('',(325.45483992137,124.81042454327,
    382.78930763238));
#5319 = CARTESIAN_POINT('',(324.56158616709,124.7170764613,
    382.68548236361));
#5320 = CARTESIAN_POINT('',(323.67782559829,124.6065260321,
    382.56244269843));
#5321 = CARTESIAN_POINT('',(322.35650420107,124.41439760721,
    382.34843533006));
#5322 = CARTESIAN_POINT('',(321.9105439134,124.34480054961,
    382.2708864814));
#5323 = CARTESIAN_POINT('',(321.46760093262,124.27097238731,
    382.18859195493));
#5324 = CARTESIAN_POINT('',(321.02780893299,124.1930199152,
    382.10166396318));
#5325 = CARTESIAN_POINT('',(320.59130002126,124.11105526557,
    382.01022035853));
#5326 = CARTESIAN_POINT('',(320.15820473667,124.02519590809,
    381.91438463321));
#5327 = CARTESIAN_POINT('',(319.72865205097,123.93556464983,
    381.81428591934));
#5328 = CARTESIAN_POINT('',(318.47536399383,123.66107482768,
    381.50756678638));
#5329 = CARTESIAN_POINT('',(317.6620787265,123.46616533828,
    381.28955847428));
#5330 = CARTESIAN_POINT('',(316.86318175401,123.25837320051,
    381.05688099912));
#5331 = CARTESIAN_POINT('',(316.07891670234,123.0385095309,
    380.8103770661));
#5332 = CARTESIAN_POINT('',(315.3095026416,122.80738398854,
    380.55088560888));
#5333 = CARTESIAN_POINT('',(314.55513409173,122.56580423448,
    380.27924225941));
#5334 = CARTESIAN_POINT('',(313.81598102823,122.31457539122,
    379.99627981773));
#5335 = CARTESIAN_POINT('',(312.10101305986,121.69834623611,
    379.3009707617));
#5336 = CARTESIAN_POINT('',(311.13831354003,121.32548307483,
    378.87930937871));
#5337 = CARTESIAN_POINT('',(310.20355769404,120.93761240421,
    378.4395720781));
#5338 = CARTESIAN_POINT('',(309.29614750311,120.53629354715,
    377.98332481934));
#5339 = CARTESIAN_POINT('',(308.41543011878,120.12294823198,
    377.511976802));
#5340 = CARTESIAN_POINT('',(307.56070841765,119.69886606083,
    377.02678525174));
#5341 = CARTESIAN_POINT('',(306.73125155613,119.26520997813,
    376.52886020618));
#5342 = CARTESIAN_POINT('',(303.5825680011,117.53551533604,
    374.53511738393));
#5343 = CARTESIAN_POINT('',(301.43963876613,116.17183635484,
    372.94688919145));
#5344 = CARTESIAN_POINT('',(299.48314090597,114.75809224543,
    371.27863543093));
#5345 = CARTESIAN_POINT('',(297.69761789912,113.31389827584,
    369.54662853944));
#5346 = CARTESIAN_POINT('',(296.06796233113,111.8537641793,
    367.76047389582));
#5347 = CARTESIAN_POINT('',(294.58026533915,110.38856112965,
    365.92361297269));
#5348 = CARTESIAN_POINT('',(293.22281747579,108.92721336522,
    364.03397364973));
#5349 = CARTESIAN_POINT('',(290.90908265298,106.21946727205,
    360.38211585842));
#5350 = CARTESIAN_POINT('',(289.9334475224,104.98075669371,
    358.64962457459));
#5351 = CARTESIAN_POINT('',(289.04745385275,103.76723895962,
    356.8757250292));
#5352 = CARTESIAN_POINT('',(288.24596822952,102.58599783427,
    355.05078271011));
#5353 = CARTESIAN_POINT('',(287.52971796294,101.45240268688,
    353.16860793812));
#5354 = CARTESIAN_POINT('',(286.9029396323,100.3919566309,
    351.22663023631));
#5355 = CARTESIAN_POINT('',(286.37089565651,99.440296837709,
    349.2235100769));
#5356 = CARTESIAN_POINT('',(285.85465341658,98.478111555091,
    346.73890646636));
#5357 = CARTESIAN_POINT('',(285.77239009515,98.323174919702,
    346.32049886359));
#5358 = CARTESIAN_POINT('',(285.69429685402,98.174620572722,
    345.89930528629));
#5359 = CARTESIAN_POINT('',(285.62046364343,98.032846007714,
    345.47540812624));
#5360 = CARTESIAN_POINT('',(285.55097436911,97.898240823777,
    345.04887118089));
#5361 = CARTESIAN_POINT('',(285.48590887791,97.771186129456,
    344.61973966736));
#5362 = CARTESIAN_POINT('',(285.4253449434,97.652053946651,
    344.18804023639));
#5363 = CARTESIAN_POINT('',(285.27884770547,97.361995585461,
    343.05169780949));
#5364 = CARTESIAN_POINT('',(285.20019773788,97.204228434899,
    342.34209524231));
#5365 = CARTESIAN_POINT('',(285.1339919148,97.069928272961,
    341.62655938571));
#5366 = CARTESIAN_POINT('',(285.08063464143,96.960738545687,
    340.90641118806));
#5367 = CARTESIAN_POINT('',(285.04040371511,96.877918139687,
    340.18276287726));
#5368 = CARTESIAN_POINT('',(285.0134862538,96.822340208075,
    339.45657461388));
#5369 = CARTESIAN_POINT('',(285.,96.794494717703,338.72871136515));
#5370 = CARTESIAN_POINT('',(285.,96.794494717703,337.26533335291));
#5371 = CARTESIAN_POINT('',(285.01370758415,96.822797189619,
    336.53154722369));
#5372 = CARTESIAN_POINT('',(285.04106513531,96.879283813125,
    335.79948106563));
#5373 = CARTESIAN_POINT('',(285.08195109571,96.963448549556,
    335.0700140733));
#5374 = CARTESIAN_POINT('',(285.13617293737,97.074391124047,
    334.34412429509));
#5375 = CARTESIAN_POINT('',(285.20344487317,97.210814393838,
    333.62294750938));
#5376 = CARTESIAN_POINT('',(285.28335030872,97.371025602747,
    332.90783586466));
#5377 = CARTESIAN_POINT('',(285.43170904573,97.66457780975,
    331.76629431934));
#5378 = CARTESIAN_POINT('',(285.49270321209,97.784471996336,
    331.33474193072));
#5379 = CARTESIAN_POINT('',(285.55819378528,97.912260890355,
    330.90576605487));
#5380 = CARTESIAN_POINT('',(285.62810300221,98.04757202422,
    330.47939198895));
#5381 = CARTESIAN_POINT('',(285.70235111829,98.190024246156,
    330.05566340359));
#5382 = CARTESIAN_POINT('',(285.78085444023,98.339228312393,
    329.63464235658));
#5383 = CARTESIAN_POINT('',(285.86352335889,98.494787479348,
    329.21640930657));
#5384 = CARTESIAN_POINT('',(286.38111683551,99.45858400324,
    326.73787747326));
#5385 = CARTESIAN_POINT('',(286.91354112238,100.40993054059,
    324.74023863082));
#5386 = CARTESIAN_POINT('',(287.54021449722,101.46910416094,
    322.80341736383));
#5387 = CARTESIAN_POINT('',(288.25592402353,102.6008140406,
    320.92608268358));
#5388 = CARTESIAN_POINT('',(289.05649074686,103.77981424817,
    319.10565988926));
#5389 = CARTESIAN_POINT('',(289.94122557891,104.99088507947,
    317.33599178573));
#5390 = CARTESIAN_POINT('',(290.91524294823,106.2269958922,
    315.60752681759));
#5391 = CARTESIAN_POINT('',(293.225317103,108.9297712893,311.96281093309
    ));
#5392 = CARTESIAN_POINT('',(294.58083587377,110.38883884393,
    310.07617027703));
#5393 = CARTESIAN_POINT('',(296.06621542904,111.85174592641,
    308.24214760238));
#5394 = CARTESIAN_POINT('',(297.69310601099,113.3095987986,
    306.45868839555));
#5395 = CARTESIAN_POINT('',(299.47534389027,114.75157465736,
    304.72921534828));
#5396 = CARTESIAN_POINT('',(301.4279586933,116.1632396257,
    303.06327319913));
#5397 = CARTESIAN_POINT('',(303.56633041065,117.52509223372,
    301.47702910428));
#5398 = CARTESIAN_POINT('',(306.71112946477,119.25466519461,
    299.48324951681));
#5399 = CARTESIAN_POINT('',(307.5420917132,119.68958494898,
    298.98383675811));
#5400 = CARTESIAN_POINT('',(308.39842414208,120.11490137531,
    298.4972037765));
#5401 = CARTESIAN_POINT('',(309.28086678816,120.52944694154,
    298.02446416136));
#5402 = CARTESIAN_POINT('',(310.19012559691,120.93192569793,
    297.56688080602));
#5403 = CARTESIAN_POINT('',(311.1268617022,121.3209077647,
    297.12587068722));
#5404 = CARTESIAN_POINT('',(312.09168070605,121.69482381959,
    296.70300964463));
#5405 = CARTESIAN_POINT('',(313.80923137306,122.31227228122,
    296.00631453786));
#5406 = CARTESIAN_POINT('',(314.54871875794,122.563731738,
    295.72308873176));
#5407 = CARTESIAN_POINT('',(315.30343955112,122.80553501258,
    295.45119105633));
#5408 = CARTESIAN_POINT('',(316.07322460185,123.03687596421,
    295.19145532017));
#5409 = CARTESIAN_POINT('',(316.85788016135,123.2569457947,
    294.94471829743));
#5410 = CARTESIAN_POINT('',(317.65718787354,123.46493358855,
    294.71182019907));
#5411 = CARTESIAN_POINT('',(318.47090476595,123.66002685295,
    294.49360514425));
#5412 = CARTESIAN_POINT('',(320.55129415377,124.11584371928,
    293.98426611853));
#5413 = CARTESIAN_POINT('',(321.83870023184,124.35944498025,
    293.71255074704));
#5414 = CARTESIAN_POINT('',(323.15582653718,124.56820021219,
    293.48005628386));
#5415 = CARTESIAN_POINT('',(324.49740439483,124.73881545119,
    293.29026120169));
#5416 = CARTESIAN_POINT('',(325.85807059415,124.86873373006,
    293.14585145116));
#5417 = CARTESIAN_POINT('',(327.23238829276,124.95614633686,
    293.0487262658));
#5418 = CARTESIAN_POINT('',(328.61486962291,125.,293.));
#5419 = CARTESIAN_POINT('',(330.,125.,293.));
#5420 = PCURVE('',#4205,#5421);
#5421 = DEFINITIONAL_REPRESENTATION('',(#5422),#5635);
#5422 = B_SPLINE_CURVE_WITH_KNOTS('',8,(#5423,#5424,#5425,#5426,#5427,
    #5428,#5429,#5430,#5431,#5432,#5433,#5434,#5435,#5436,#5437,#5438,
    #5439,#5440,#5441,#5442,#5443,#5444,#5445,#5446,#5447,#5448,#5449,
    #5450,#5451,#5452,#5453,#5454,#5455,#5456,#5457,#5458,#5459,#5460,
    #5461,#5462,#5463,#5464,#5465,#5466,#5467,#5468,#5469,#5470,#5471,
    #5472,#5473,#5474,#5475,#5476,#5477,#5478,#5479,#5480,#5481,#5482,
    #5483,#5484,#5485,#5486,#5487,#5488,#5489,#5490,#5491,#5492,#5493,
    #5494,#5495,#5496,#5497,#5498,#5499,#5500,#5501,#5502,#5503,#5504,
    #5505,#5506,#5507,#5508,#5509,#5510,#5511,#5512,#5513,#5514,#5515,
    #5516,#5517,#5518,#5519,#5520,#5521,#5522,#5523,#5524,#5525,#5526,
    #5527,#5528,#5529,#5530,#5531,#5532,#5533,#5534,#5535,#5536,#5537,
    #5538,#5539,#5540,#5541,#5542,#5543,#5544,#5545,#5546,#5547,#5548,
    #5549,#5550,#5551,#5552,#5553,#5554,#5555,#5556,#5557,#5558,#5559,
    #5560,#5561,#5562,#5563,#5564,#5565,#5566,#5567,#5568,#5569,#5570,
    #5571,#5572,#5573,#5574,#5575,#5576,#5577,#5578,#5579,#5580,#5581,
    #5582,#5583,#5584,#5585,#5586,#5587,#5588,#5589,#5590,#5591,#5592,
    #5593,#5594,#5595,#5596,#5597,#5598,#5599,#5600,#5601,#5602,#5603,
    #5604,#5605,#5606,#5607,#5608,#5609,#5610,#5611,#5612,#5613,#5614,
    #5615,#5616,#5617,#5618,#5619,#5620,#5621,#5622,#5623,#5624,#5625,
    #5626,#5627,#5628,#5629,#5630,#5631,#5632,#5633,#5634),
  .UNSPECIFIED.,.F.,.F.,(9,7,7,7,7,7,7,7,7,7,7,7,7,7,7,7,7,7,7,7,7,7,7,7
    ,7,7,7,7,7,7,9),(0.,2.870534726561E-02,4.767371110629E-02,
    7.364964685833E-02,0.14910120816,0.215093473389,0.228358818562,
    0.249981610777,0.271588307915,0.284847686353,0.350892844171,
    0.426429245338,0.452265428423,0.471245609623,0.481020545713,
    0.499999181976,0.518977818319,0.528741280081,0.547709745031,
    0.57368555066,0.649318534769,0.715326543315,0.728582507143,
    0.750013919821,0.771620477435,0.784879767217,0.850743804938,
    0.926261599058,0.952302076309,0.971282720305,1.),.UNSPECIFIED.);
#5423 = CARTESIAN_POINT('',(0.,135.));
#5424 = CARTESIAN_POINT('',(3.076855108392E-02,135.));
#5425 = CARTESIAN_POINT('',(6.147813044306E-02,135.04381912409));
#5426 = CARTESIAN_POINT('',(9.205076774224E-02,135.13116223953));
#5427 = CARTESIAN_POINT('',(0.122408390247,135.260977287));
#5428 = CARTESIAN_POINT('',(0.152470842503,135.43145837792));
#5429 = CARTESIAN_POINT('',(0.182153949437,135.6400529537));
#5430 = CARTESIAN_POINT('',(0.211367622869,135.88347300696));
#5431 = CARTESIAN_POINT('',(0.258943415659,136.33892517231));
#5432 = CARTESIAN_POINT('',(0.277650000877,136.53383466171));
#5433 = CARTESIAN_POINT('',(0.296133835259,136.74162679948));
#5434 = CARTESIAN_POINT('',(0.314394526219,136.96149046909));
#5435 = CARTESIAN_POINT('',(0.332431248198,137.19261601145));
#5436 = CARTESIAN_POINT('',(0.350242770418,137.43419576551));
#5437 = CARTESIAN_POINT('',(0.367827484652,137.68542460877));
#5438 = CARTESIAN_POINT('',(0.408951270964,138.30165744645));
#5439 = CARTESIAN_POINT('',(0.432297857482,138.67452218795));
#5440 = CARTESIAN_POINT('',(0.455240197619,139.06239232313));
#5441 = CARTESIAN_POINT('',(0.47779502768,139.46370891416));
#5442 = CARTESIAN_POINT('',(0.499978973086,139.87705105658));
#5443 = CARTESIAN_POINT('',(0.52180870627,140.30113045136));
#5444 = CARTESIAN_POINT('',(0.543301104577,140.73478597689));
#5445 = CARTESIAN_POINT('',(0.625971995805,142.46140160405));
#5446 = CARTESIAN_POINT('',(0.684950477609,143.82162187398));
#5447 = CARTESIAN_POINT('',(0.741746315034,145.23171783096));
#5448 = CARTESIAN_POINT('',(0.796688117873,146.67220253481));
#5449 = CARTESIAN_POINT('',(0.85011242322,148.12865346572));
#5450 = CARTESIAN_POINT('',(0.902380463254,149.59026347471));
#5451 = CARTESIAN_POINT('',(0.953884258855,151.04816987388));
#5452 = CARTESIAN_POINT('',(1.049833580048,153.75272824085));
#5453 = CARTESIAN_POINT('',(1.093951378822,154.99158619377));
#5454 = CARTESIAN_POINT('',(1.137912737148,156.2054317546));
#5455 = CARTESIAN_POINT('',(1.182079879116,157.38723844977));
#5456 = CARTESIAN_POINT('',(1.226695006276,158.52175034639));
#5457 = CARTESIAN_POINT('',(1.271914322426,159.58361960105));
#5458 = CARTESIAN_POINT('',(1.317873390733,160.53737431422));
#5459 = CARTESIAN_POINT('',(1.374232033266,161.50321170627));
#5460 = CARTESIAN_POINT('',(1.383709124827,161.65891071661));
#5461 = CARTESIAN_POINT('',(1.39322925164,161.80825249909));
#5462 = CARTESIAN_POINT('',(1.402791585465,161.95083988372));
#5463 = CARTESIAN_POINT('',(1.412395773499,162.08628317055));
#5464 = CARTESIAN_POINT('',(1.422041930985,162.21420072273));
#5465 = CARTESIAN_POINT('',(1.431730633818,162.33421955949));
#5466 = CARTESIAN_POINT('',(1.457326728312,162.62814121977));
#5467 = CARTESIAN_POINT('',(1.473325870176,162.78857783562));
#5468 = CARTESIAN_POINT('',(1.489428768281,162.92519697846));
#5469 = CARTESIAN_POINT('',(1.505610869705,163.03630130724));
#5470 = CARTESIAN_POINT('',(1.521852995301,163.12059012178));
#5471 = CARTESIAN_POINT('',(1.538139786207,163.1771606248));
#5472 = CARTESIAN_POINT('',(1.554458238614,163.20550528229));
#5473 = CARTESIAN_POINT('',(1.587122253606,163.20550528229));
#5474 = CARTESIAN_POINT('',(1.603428611261,163.1772028058));
#5475 = CARTESIAN_POINT('',(1.619703384841,163.12071617419));
#5476 = CARTESIAN_POINT('',(1.635933585196,163.03655142814));
#5477 = CARTESIAN_POINT('',(1.652103876189,162.92560884557));
#5478 = CARTESIAN_POINT('',(1.6681951141,162.78918557325));
#5479 = CARTESIAN_POINT('',(1.684182799173,162.62897437245));
#5480 = CARTESIAN_POINT('',(1.709763726519,162.33542217993));
#5481 = CARTESIAN_POINT('',(1.719448489081,162.21552798459));
#5482 = CARTESIAN_POINT('',(1.729090751958,162.08773908423));
#5483 = CARTESIAN_POINT('',(1.738691087127,161.95242794715));
#5484 = CARTESIAN_POINT('',(1.748249606209,161.80997572573));
#5485 = CARTESIAN_POINT('',(1.757765953075,161.66077166422));
#5486 = CARTESIAN_POINT('',(1.767239296452,161.50521250655));
#5487 = CARTESIAN_POINT('',(1.823634439251,160.53921523292));
#5488 = CARTESIAN_POINT('',(1.869631730986,159.5848335286));
#5489 = CARTESIAN_POINT('',(1.914887978437,158.52212223676));
#5490 = CARTESIAN_POINT('',(1.959538985618,157.38665012258));
#5491 = CARTESIAN_POINT('',(2.003741220518,156.2038285831));
#5492 = CARTESIAN_POINT('',(2.047737432861,154.98894448253));
#5493 = CARTESIAN_POINT('',(2.091890800718,153.74903068604));
#5494 = CARTESIAN_POINT('',(2.187937388194,151.04169737651));
#5495 = CARTESIAN_POINT('',(2.239501569914,149.58211669006));
#5496 = CARTESIAN_POINT('',(2.29183277198,148.11887418775));
#5497 = CARTESIAN_POINT('',(2.345324606761,146.66084791651));
#5498 = CARTESIAN_POINT('',(2.400339695311,145.21888318678));
#5499 = CARTESIAN_POINT('',(2.457215801113,143.80746834585));
#5500 = CARTESIAN_POINT('',(2.516282730849,142.44619081175));
#5501 = CARTESIAN_POINT('',(2.598947490879,140.72157095944));
#5502 = CARTESIAN_POINT('',(2.620333055428,140.29049643041));
#5503 = CARTESIAN_POINT('',(2.642052816513,139.86891785589));
#5504 = CARTESIAN_POINT('',(2.664123304609,139.45798159848));
#5505 = CARTESIAN_POINT('',(2.686560861969,139.05895806837));
#5506 = CARTESIAN_POINT('',(2.709381795325,138.67324704505));
#5507 = CARTESIAN_POINT('',(2.732602528588,138.30238299921));
#5508 = CARTESIAN_POINT('',(2.773604505189,137.68772771882));
#5509 = CARTESIAN_POINT('',(2.79119824525,137.436268262));
#5510 = CARTESIAN_POINT('',(2.809019037967,137.19446498738));
#5511 = CARTESIAN_POINT('',(2.827065294872,136.96312403575));
#5512 = CARTESIAN_POINT('',(2.8453358048,136.74305420528));
#5513 = CARTESIAN_POINT('',(2.8638297619,136.53506641147));
#5514 = CARTESIAN_POINT('',(2.882546793637,136.33997314707));
#5515 = CARTESIAN_POINT('',(2.91124133178,136.06517319702));
#5516 = CARTESIAN_POINT('',(2.921053231504,135.97540986253));
#5517 = CARTESIAN_POINT('',(2.930920635527,135.88942658647));
#5518 = CARTESIAN_POINT('',(2.940841548229,135.80734664729));
#5519 = CARTESIAN_POINT('',(2.950814030819,135.72928795398));
#5520 = CARTESIAN_POINT('',(2.960836201333,135.65536304608));
#5521 = CARTESIAN_POINT('',(2.970906234632,135.58567909367));
#5522 = CARTESIAN_POINT('',(3.000663443191,135.39347396842));
#5523 = CARTESIAN_POINT('',(3.020487086056,135.28292353864));
#5524 = CARTESIAN_POINT('',(3.040462248993,135.18957545633));
#5525 = CARTESIAN_POINT('',(3.060559110397,135.11414815978));
#5526 = CARTESIAN_POINT('',(3.080748762475,135.05718876216));
#5527 = CARTESIAN_POINT('',(3.101002904652,135.01907213639));
#5528 = CARTESIAN_POINT('',(3.121293536989,135.));
#5529 = CARTESIAN_POINT('',(3.161891770276,135.));
#5530 = CARTESIAN_POINT('',(3.182182402479,135.01907213612));
#5531 = CARTESIAN_POINT('',(3.202436544619,135.05718876201));
#5532 = CARTESIAN_POINT('',(3.222626196781,135.11414816));
#5533 = CARTESIAN_POINT('',(3.24272305827,135.18957545672));
#5534 = CARTESIAN_POINT('',(3.262698221173,135.28292353869));
#5535 = CARTESIAN_POINT('',(3.282521863906,135.39347396789));
#5536 = CARTESIAN_POINT('',(3.312267197711,135.58560239278));
#5537 = CARTESIAN_POINT('',(3.322325463222,135.65519945038));
#5538 = CARTESIAN_POINT('',(3.332335978008,135.72902761268));
#5539 = CARTESIAN_POINT('',(3.342296922906,135.80698008479));
#5540 = CARTESIAN_POINT('',(3.352206422888,135.88894473442));
#5541 = CARTESIAN_POINT('',(3.362062547056,135.9748040919));
#5542 = CARTESIAN_POINT('',(3.37186330865,136.06443535016));
#5543 = CARTESIAN_POINT('',(3.400536069248,136.33892517231));
#5544 = CARTESIAN_POINT('',(3.419242654467,136.53383466171));
#5545 = CARTESIAN_POINT('',(3.437726488849,136.74162679948));
#5546 = CARTESIAN_POINT('',(3.455987179809,136.96149046909));
#5547 = CARTESIAN_POINT('',(3.474023901787,137.19261601145));
#5548 = CARTESIAN_POINT('',(3.491835424008,137.43419576551));
#5549 = CARTESIAN_POINT('',(3.509420138242,137.68542460877));
#5550 = CARTESIAN_POINT('',(3.550543678801,138.30165376388));
#5551 = CARTESIAN_POINT('',(3.573890191609,138.67451692516));
#5552 = CARTESIAN_POINT('',(3.5968325899,139.06238759578));
#5553 = CARTESIAN_POINT('',(3.619387562112,139.46370645284));
#5554 = CARTESIAN_POINT('',(3.641571676989,139.87705176801));
#5555 = CARTESIAN_POINT('',(3.663401540346,140.30113393916));
#5556 = CARTESIAN_POINT('',(3.684893951842,140.73479002187));
#5557 = CARTESIAN_POINT('',(3.767712267258,142.46448466395));
#5558 = CARTESIAN_POINT('',(3.826826797235,143.82816364516));
#5559 = CARTESIAN_POINT('',(3.883749399975,145.24190775454));
#5560 = CARTESIAN_POINT('',(3.938810852312,146.68610172418));
#5561 = CARTESIAN_POINT('',(3.992349896999,148.14623582067));
#5562 = CARTESIAN_POINT('',(4.044730209522,149.61143887035));
#5563 = CARTESIAN_POINT('',(4.096346485891,151.07278663477));
#5564 = CARTESIAN_POINT('',(4.192415993028,153.78053272794));
#5565 = CARTESIAN_POINT('',(4.2365413248,155.01924330628));
#5566 = CARTESIAN_POINT('',(4.280514481067,156.23276104036));
#5567 = CARTESIAN_POINT('',(4.324697962144,157.41400216573));
#5568 = CARTESIAN_POINT('',(4.36933363672,158.5475973131));
#5569 = CARTESIAN_POINT('',(4.414577504775,159.60804336909));
#5570 = CARTESIAN_POINT('',(4.460565691819,160.55970316229));
#5571 = CARTESIAN_POINT('',(4.516958323996,161.5218884449));
#5572 = CARTESIAN_POINT('',(4.526433730052,161.67682508029));
#5573 = CARTESIAN_POINT('',(4.535952180243,161.82537942727));
#5574 = CARTESIAN_POINT('',(4.54551280219,161.96715399228));
#5575 = CARTESIAN_POINT('',(4.555115203402,162.10175917622));
#5576 = CARTESIAN_POINT('',(4.564759463744,162.22881387054));
#5577 = CARTESIAN_POINT('',(4.574446127922,162.34794605334));
#5578 = CARTESIAN_POINT('',(4.599907166198,162.63800441453));
#5579 = CARTESIAN_POINT('',(4.615770152629,162.7957715651));
#5580 = CARTESIAN_POINT('',(4.631734487677,162.93007172704));
#5581 = CARTESIAN_POINT('',(4.647776245225,163.03926145431));
#5582 = CARTESIAN_POINT('',(4.663876664841,163.12208186031));
#5583 = CARTESIAN_POINT('',(4.68002065746,163.17765979192));
#5584 = CARTESIAN_POINT('',(4.696195394492,163.20550528229));
#5585 = CARTESIAN_POINT('',(4.728714905876,163.20550528229));
#5586 = CARTESIAN_POINT('',(4.745021262381,163.17720281038));
#5587 = CARTESIAN_POINT('',(4.761296035075,163.12071618687));
#5588 = CARTESIAN_POINT('',(4.777526234902,163.03655145044));
#5589 = CARTESIAN_POINT('',(4.793696525833,162.92560887595));
#5590 = CARTESIAN_POINT('',(4.80978776427,162.78918560616));
#5591 = CARTESIAN_POINT('',(4.825775450602,162.62897439725));
#5592 = CARTESIAN_POINT('',(4.851356379209,162.33542219025));
#5593 = CARTESIAN_POINT('',(4.861041141151,162.21552800366));
#5594 = CARTESIAN_POINT('',(4.870683403673,162.08773910964));
#5595 = CARTESIAN_POINT('',(4.880283738746,161.95242797578));
#5596 = CARTESIAN_POINT('',(4.889842257979,161.80997575384));
#5597 = CARTESIAN_POINT('',(4.899358605232,161.6607716876));
#5598 = CARTESIAN_POINT('',(4.908831949219,161.50521252065));
#5599 = CARTESIAN_POINT('',(4.965098611742,160.54141599676));
#5600 = CARTESIAN_POINT('',(5.010971814328,159.5900694594));
#5601 = CARTESIAN_POINT('',(5.056106677968,158.53089583904));
#5602 = CARTESIAN_POINT('',(5.100638387955,157.39918595939));
#5603 = CARTESIAN_POINT('',(5.14472243039,156.22018575182));
#5604 = CARTESIAN_POINT('',(5.18859953288,155.00911492052));
#5605 = CARTESIAN_POINT('',(5.232629657874,153.77300410779));
#5606 = CARTESIAN_POINT('',(5.328521563271,151.07022871069));
#5607 = CARTESIAN_POINT('',(5.380059114256,149.61116115606));
#5608 = CARTESIAN_POINT('',(5.432358662592,148.14825407357));
#5609 = CARTESIAN_POINT('',(5.485812930115,146.6904012014));
#5610 = CARTESIAN_POINT('',(5.540783842508,145.24842534263));
#5611 = CARTESIAN_POINT('',(5.597608588338,143.83676037429));
#5612 = CARTESIAN_POINT('',(5.656616424081,142.47490776627));
#5613 = CARTESIAN_POINT('',(5.739362258736,140.74533480538));
#5614 = CARTESIAN_POINT('',(5.760900332202,140.31041505101));
#5615 = CARTESIAN_POINT('',(5.782777069992,139.88509862468));
#5616 = CARTESIAN_POINT('',(5.805009490253,139.47055305845));
#5617 = CARTESIAN_POINT('',(5.827614402705,139.06807430206));
#5618 = CARTESIAN_POINT('',(5.850608567934,138.67909223529));
#5619 = CARTESIAN_POINT('',(5.874008856682,138.3051761804));
#5620 = CARTESIAN_POINT('',(5.915197158782,137.68772771877));
#5621 = CARTESIAN_POINT('',(5.932790898841,137.43626826199));
#5622 = CARTESIAN_POINT('',(5.950611691555,137.19446498741));
#5623 = CARTESIAN_POINT('',(5.968657948459,136.96312403578));
#5624 = CARTESIAN_POINT('',(5.986928458388,136.74305420529));
#5625 = CARTESIAN_POINT('',(6.005422415492,136.53506641145));
#5626 = CARTESIAN_POINT('',(6.024139447231,136.33997314704));
#5627 = CARTESIAN_POINT('',(6.071735723919,135.88415628071));
#5628 = CARTESIAN_POINT('',(6.100959934731,135.64055501974));
#5629 = CARTESIAN_POINT('',(6.130654234286,135.4317997878));
#5630 = CARTESIAN_POINT('',(6.160728364582,135.2611845488));
#5631 = CARTESIAN_POINT('',(6.191097994848,135.13126626993));
#5632 = CARTESIAN_POINT('',(6.221682822757,135.04385366313));
#5633 = CARTESIAN_POINT('',(6.252404632133,135.));
#5634 = CARTESIAN_POINT('',(6.28318530718,135.));
#5635 = ( GEOMETRIC_REPRESENTATION_CONTEXT(2) 
PARAMETRIC_REPRESENTATION_CONTEXT() REPRESENTATION_CONTEXT('2D SPACE',''
  ) );
#5636 = PCURVE('',#5637,#5642);
#5637 = CYLINDRICAL_SURFACE('',#5638,50.);
#5638 = AXIS2_PLACEMENT_3D('',#5639,#5640,#5641);
#5639 = CARTESIAN_POINT('',(330.,75.,288.));
#5640 = DIRECTION('',(0.,0.,1.));
#5641 = DIRECTION('',(1.,0.,-0.));
#5642 = DEFINITIONAL_REPRESENTATION('',(#5643),#5856);
#5643 = B_SPLINE_CURVE_WITH_KNOTS('',8,(#5644,#5645,#5646,#5647,#5648,
    #5649,#5650,#5651,#5652,#5653,#5654,#5655,#5656,#5657,#5658,#5659,
    #5660,#5661,#5662,#5663,#5664,#5665,#5666,#5667,#5668,#5669,#5670,
    #5671,#5672,#5673,#5674,#5675,#5676,#5677,#5678,#5679,#5680,#5681,
    #5682,#5683,#5684,#5685,#5686,#5687,#5688,#5689,#5690,#5691,#5692,
    #5693,#5694,#5695,#5696,#5697,#5698,#5699,#5700,#5701,#5702,#5703,
    #5704,#5705,#5706,#5707,#5708,#5709,#5710,#5711,#5712,#5713,#5714,
    #5715,#5716,#5717,#5718,#5719,#5720,#5721,#5722,#5723,#5724,#5725,
    #5726,#5727,#5728,#5729,#5730,#5731,#5732,#5733,#5734,#5735,#5736,
    #5737,#5738,#5739,#5740,#5741,#5742,#5743,#5744,#5745,#5746,#5747,
    #5748,#5749,#5750,#5751,#5752,#5753,#5754,#5755,#5756,#5757,#5758,
    #5759,#5760,#5761,#5762,#5763,#5764,#5765,#5766,#5767,#5768,#5769,
    #5770,#5771,#5772,#5773,#5774,#5775,#5776,#5777,#5778,#5779,#5780,
    #5781,#5782,#5783,#5784,#5785,#5786,#5787,#5788,#5789,#5790,#5791,
    #5792,#5793,#5794,#5795,#5796,#5797,#5798,#5799,#5800,#5801,#5802,
    #5803,#5804,#5805,#5806,#5807,#5808,#5809,#5810,#5811,#5812,#5813,
    #5814,#5815,#5816,#5817,#5818,#5819,#5820,#5821,#5822,#5823,#5824,
    #5825,#5826,#5827,#5828,#5829,#5830,#5831,#5832,#5833,#5834,#5835,
    #5836,#5837,#5838,#5839,#5840,#5841,#5842,#5843,#5844,#5845,#5846,
    #5847,#5848,#5849,#5850,#5851,#5852,#5853,#5854,#5855),
  .UNSPECIFIED.,.T.,.F.,(9,7,7,7,7,7,7,7,7,7,7,7,7,7,7,7,7,7,7,7,7,7,7,7
    ,7,7,7,7,7,7,9),(0.,2.870534726561E-02,4.767371110629E-02,
    7.364964685833E-02,0.14910120816,0.215093473389,0.228358818562,
    0.249981610777,0.271588307915,0.284847686353,0.350892844171,
    0.426429245338,0.452265428423,0.471245609623,0.481020545713,
    0.499999181976,0.518977818319,0.528741280081,0.547709745031,
    0.57368555066,0.649318534769,0.715326543315,0.728582507143,
    0.750013919821,0.771620477435,0.784879767217,0.850743804938,
    0.926261599058,0.952302076309,0.971282720305,1.),.UNSPECIFIED.);
#5644 = CARTESIAN_POINT('',(1.570796326795,5.));
#5645 = CARTESIAN_POINT('',(1.543104630819,5.));
#5646 = CARTESIAN_POINT('',(1.515466007505,5.04868788903));
#5647 = CARTESIAN_POINT('',(1.487958229148,5.145735861813));
#5648 = CARTESIAN_POINT('',(1.460659013348,5.290030822547));
#5649 = CARTESIAN_POINT('',(1.433647597647,5.479676496544));
#5650 = CARTESIAN_POINT('',(1.407006193995,5.711991588255));
#5651 = CARTESIAN_POINT('',(1.380821323046,5.983503985666));
#5652 = CARTESIAN_POINT('',(1.338244680451,6.49243321362));
#5653 = CARTESIAN_POINT('',(1.321521597698,6.710441525718));
#5654 = CARTESIAN_POINT('',(1.305017087009,6.943119000874));
#5655 = CARTESIAN_POINT('',(1.288732767999,7.189622933898));
#5656 = CARTESIAN_POINT('',(1.272670547394,7.449114391121));
#5657 = CARTESIAN_POINT('',(1.256832593537,7.720757740589));
#5658 = CARTESIAN_POINT('',(1.241221310886,8.003720182266));
#5659 = CARTESIAN_POINT('',(1.204774674855,8.699033393446));
#5660 = CARTESIAN_POINT('',(1.184133143327,9.120696569624));
#5661 = CARTESIAN_POINT('',(1.163901960571,9.560433290151));
#5662 = CARTESIAN_POINT('',(1.144068507692,10.016678004348));
#5663 = CARTESIAN_POINT('',(1.124620238724,10.488022415095));
#5664 = CARTESIAN_POINT('',(1.105544613091,10.973210766465));
#5665 = CARTESIAN_POINT('',(1.086829028071,11.471135131349));
#5666 = CARTESIAN_POINT('',(1.015106940339,13.461328908724));
#5667 = CARTESIAN_POINT('',(0.964526779416,15.045492056286));
#5668 = CARTESIAN_POINT('',(0.91648806193,16.709341042726));
#5669 = CARTESIAN_POINT('',(0.870779009785,18.436703999877));
#5670 = CARTESIAN_POINT('',(0.827203879966,20.218020654064));
#5671 = CARTESIAN_POINT('',(0.785589322741,22.049843904515));
#5672 = CARTESIAN_POINT('',(0.745801619316,23.934198885506));
#5673 = CARTESIAN_POINT('',(0.674608257448,27.579209215551));
#5674 = CARTESIAN_POINT('',(0.643076245163,29.310441338118));
#5675 = CARTESIAN_POINT('',(0.613034441872,31.082985329897));
#5676 = CARTESIAN_POINT('',(0.584490231128,32.906443989827));
#5677 = CARTESIAN_POINT('',(0.557664370297,34.78701100653));
#5678 = CARTESIAN_POINT('',(0.532997977292,36.727268072898));
#5679 = CARTESIAN_POINT('',(0.511141041454,38.72853552179));
#5680 = CARTESIAN_POINT('',(0.489214405125,41.211054203928));
#5681 = CARTESIAN_POINT('',(0.485687961747,41.629442726634));
#5682 = CARTESIAN_POINT('',(0.482312901931,42.050621863482));
#5683 = CARTESIAN_POINT('',(0.479097022576,42.474511248716));
#5684 = CARTESIAN_POINT('',(0.476047956536,42.901048927688));
#5685 = CARTESIAN_POINT('',(0.473173177796,43.330191343176));
#5686 = CARTESIAN_POINT('',(0.470480006644,43.761913321702));
#5687 = CARTESIAN_POINT('',(0.463893403447,44.904117636272));
#5688 = CARTESIAN_POINT('',(0.460307743903,45.619735287246));
#5689 = CARTESIAN_POINT('',(0.457261242345,46.341430294701));
#5690 = CARTESIAN_POINT('',(0.454787976196,47.067847612243));
#5691 = CARTESIAN_POINT('',(0.452913815938,47.797849277477));
#5692 = CARTESIAN_POINT('',(0.451656692721,48.530455586683));
#5693 = CARTESIAN_POINT('',(0.451026811796,49.264786031841));
#5694 = CARTESIAN_POINT('',(0.451026811796,50.734666706492));
#5695 = CARTESIAN_POINT('',(0.451655755367,51.46845288741));
#5696 = CARTESIAN_POINT('',(0.45291101477,52.200519085324));
#5697 = CARTESIAN_POINT('',(0.454782414753,52.929986101228));
#5698 = CARTESIAN_POINT('',(0.457252073871,53.65587588194));
#5699 = CARTESIAN_POINT('',(0.460294191873,54.377052643673));
#5700 = CARTESIAN_POINT('',(0.463874783139,55.092164231777));
#5701 = CARTESIAN_POINT('',(0.470453026139,56.233705720786));
#5702 = CARTESIAN_POINT('',(0.473143363124,56.665258137018));
#5703 = CARTESIAN_POINT('',(0.476015205827,57.094234028464));
#5704 = CARTESIAN_POINT('',(0.479061243786,57.52060809848));
#5705 = CARTESIAN_POINT('',(0.482274012234,57.944336676976));
#5706 = CARTESIAN_POINT('',(0.485645886924,58.365357706725));
#5707 = CARTESIAN_POINT('',(0.489169078962,58.783590729669));
#5708 = CARTESIAN_POINT('',(0.511098772122,61.267782085663));
#5709 = CARTESIAN_POINT('',(0.532969494989,63.270760304737));
#5710 = CARTESIAN_POINT('',(0.557654944857,65.212630411965));
#5711 = CARTESIAN_POINT('',(0.584503341545,67.094711826559));
#5712 = CARTESIAN_POINT('',(0.613072440859,68.919587930789));
#5713 = CARTESIAN_POINT('',(0.643141053725,70.693467020291));
#5714 = CARTESIAN_POINT('',(0.674702020064,72.42597770696));
#5715 = CARTESIAN_POINT('',(0.745976095279,76.074290571816));
#5716 = CARTESIAN_POINT('',(0.785815990994,77.960541243242));
#5717 = CARTESIAN_POINT('',(0.827486764971,79.794142435485));
#5718 = CARTESIAN_POINT('',(0.871123157307,81.577124931151));
#5719 = CARTESIAN_POINT('',(0.916899514559,83.306015163722));
#5720 = CARTESIAN_POINT('',(0.965012554031,84.971190535158));
#5721 = CARTESIAN_POINT('',(1.015675015294,86.556378901176));
#5722 = CARTESIAN_POINT('',(1.087400310326,88.544035921931));
#5723 = CARTESIAN_POINT('',(1.106024576352,89.03895203819));
#5724 = CARTESIAN_POINT('',(1.125005395304,89.52124764002));
#5725 = CARTESIAN_POINT('',(1.144355104255,89.989828078394));
#5726 = CARTESIAN_POINT('',(1.164085987992,90.443454575579));
#5727 = CARTESIAN_POINT('',(1.184210344392,90.880739564552));
#5728 = CARTESIAN_POINT('',(1.204740549802,91.3001420284));
#5729 = CARTESIAN_POINT('',(1.241078694179,91.993685462077));
#5730 = CARTESIAN_POINT('',(1.256697788548,92.276911268221));
#5731 = CARTESIAN_POINT('',(1.27254380891,92.548808943696));
#5732 = CARTESIAN_POINT('',(1.288614366925,92.808544679861));
#5733 = CARTESIAN_POINT('',(1.304907310195,93.055281702581));
#5734 = CARTESIAN_POINT('',(1.321420747939,93.2881798009));
#5735 = CARTESIAN_POINT('',(1.33815307666,93.506394855708));
#5736 = CARTESIAN_POINT('',(1.363832346845,93.81346190208));
#5737 = CARTESIAN_POINT('',(1.372617941403,93.913708473846));
#5738 = CARTESIAN_POINT('',(1.381457760604,94.009682780667));
#5739 = CARTESIAN_POINT('',(1.390349815588,94.101255193703));
#5740 = CARTESIAN_POINT('',(1.399292157525,94.188301758314));
#5741 = CARTESIAN_POINT('',(1.408282877621,94.270704194067));
#5742 = CARTESIAN_POINT('',(1.417320107118,94.348349894732));
#5743 = CARTESIAN_POINT('',(1.444035101341,94.562442697838));
#5744 = CARTESIAN_POINT('',(1.461844522512,94.685482363666));
#5745 = CARTESIAN_POINT('',(1.479800673966,94.789307632822));
#5746 = CARTESIAN_POINT('',(1.497874846953,94.873158316014));
#5747 = CARTESIAN_POINT('',(1.516039004282,94.936456969904));
#5748 = CARTESIAN_POINT('',(1.534265553797,94.978808539409));
#5749 = CARTESIAN_POINT('',(1.552527121854,95.));
#5750 = CARTESIAN_POINT('',(1.589065531812,95.));
#5751 = CARTESIAN_POINT('',(1.607327099749,94.978808539705));
#5752 = CARTESIAN_POINT('',(1.625553649231,94.936456970069));
#5753 = CARTESIAN_POINT('',(1.643717806635,94.873158315767));
#5754 = CARTESIAN_POINT('',(1.661791979699,94.789307632388));
#5755 = CARTESIAN_POINT('',(1.679748131122,94.685482363618));
#5756 = CARTESIAN_POINT('',(1.697557552175,94.562442698433));
#5757 = CARTESIAN_POINT('',(1.724261885654,94.348435330064));
#5758 = CARTESIAN_POINT('',(1.733288558174,94.2708864814));
#5759 = CARTESIAN_POINT('',(1.742268830492,94.188591954938));
#5760 = CARTESIAN_POINT('',(1.751200840012,94.101663963189));
#5761 = CARTESIAN_POINT('',(1.760082684913,94.010220358532));
#5762 = CARTESIAN_POINT('',(1.76891242415,93.914384633215));
#5763 = CARTESIAN_POINT('',(1.777688077452,93.814285919349));
#5764 = CARTESIAN_POINT('',(1.803347973138,93.507566786381));
#5765 = CARTESIAN_POINT('',(1.820071055892,93.289558474283));
#5766 = CARTESIAN_POINT('',(1.836575566581,93.056880999127));
#5767 = CARTESIAN_POINT('',(1.852859885591,92.810377066103));
#5768 = CARTESIAN_POINT('',(1.868922106196,92.550885608881));
#5769 = CARTESIAN_POINT('',(1.884760060053,92.279242259413));
#5770 = CARTESIAN_POINT('',(1.900371342704,91.996279817736));
#5771 = CARTESIAN_POINT('',(1.936817760932,91.300970761702));
#5772 = CARTESIAN_POINT('',(1.9574592281,90.879309378717));
#5773 = CARTESIAN_POINT('',(1.977690463368,90.439572078107));
#5774 = CARTESIAN_POINT('',(1.997524042214,89.983324819343));
#5775 = CARTESIAN_POINT('',(2.016972459857,89.511976802008));
#5776 = CARTESIAN_POINT('',(2.036048198332,89.026785251744));
#5777 = CARTESIAN_POINT('',(2.054763793543,88.528860206188));
#5778 = CARTESIAN_POINT('',(2.126613780835,86.535117383933));
#5779 = CARTESIAN_POINT('',(2.177309148875,84.946889191454));
#5780 = CARTESIAN_POINT('',(2.225451742954,83.278635430948));
#5781 = CARTESIAN_POINT('',(2.271254638539,81.54662853943));
#5782 = CARTESIAN_POINT('',(2.314914678649,79.760473895841));
#5783 = CARTESIAN_POINT('',(2.356606008036,77.923612972689));
#5784 = CARTESIAN_POINT('',(2.396462584965,76.03397364973));
#5785 = CARTESIAN_POINT('',(2.467695323886,72.382115858429));
#5786 = CARTESIAN_POINT('',(2.499205974326,70.649624574591));
#5787 = CARTESIAN_POINT('',(2.529224629394,68.875725029204));
#5788 = CARTESIAN_POINT('',(2.557742316579,67.050782710104));
#5789 = CARTESIAN_POINT('',(2.584535670731,65.168607938128));
#5790 = CARTESIAN_POINT('',(2.609160301851,63.226630236312));
#5791 = CARTESIAN_POINT('',(2.630962777016,61.223510076907));
#5792 = CARTESIAN_POINT('',(2.652801335287,58.738906466363));
#5793 = CARTESIAN_POINT('',(2.656309726868,58.320498863599));
#5794 = CARTESIAN_POINT('',(2.659666283792,57.899305286295));
#5795 = CARTESIAN_POINT('',(2.66286319911,57.47540812624));
#5796 = CARTESIAN_POINT('',(2.665892838823,57.048871180892));
#5797 = CARTESIAN_POINT('',(2.668747736649,56.619739667359));
#5798 = CARTESIAN_POINT('',(2.671420588799,56.188040236391));
#5799 = CARTESIAN_POINT('',(2.677919674692,55.051697809495));
#5800 = CARTESIAN_POINT('',(2.681445319214,54.342095242314));
#5801 = CARTESIAN_POINT('',(2.68443992531,53.626559385716));
#5802 = CARTESIAN_POINT('',(2.686870496006,52.906411188061));
#5803 = CARTESIAN_POINT('',(2.688711987434,52.182762877266));
#5804 = CARTESIAN_POINT('',(2.689947053449,51.456574613885));
#5805 = CARTESIAN_POINT('',(2.690565841794,50.728711365151));
#5806 = CARTESIAN_POINT('',(2.690565841794,49.265333352913));
#5807 = CARTESIAN_POINT('',(2.689936898324,48.531547223697));
#5808 = CARTESIAN_POINT('',(2.688681639101,47.799481065631));
#5809 = CARTESIAN_POINT('',(2.686810239333,47.070014073308));
#5810 = CARTESIAN_POINT('',(2.684340580395,46.344124295094));
#5811 = CARTESIAN_POINT('',(2.681298462452,45.622947509387));
#5812 = CARTESIAN_POINT('',(2.677717871007,44.907835864668));
#5813 = CARTESIAN_POINT('',(2.671139627682,43.766294319343));
#5814 = CARTESIAN_POINT('',(2.668449290894,43.334741930723));
#5815 = CARTESIAN_POINT('',(2.665577448334,42.905766054872));
#5816 = CARTESIAN_POINT('',(2.662531410448,42.479391988951));
#5817 = CARTESIAN_POINT('',(2.65931864199,42.055663403591));
#5818 = CARTESIAN_POINT('',(2.655946767195,41.634642356584));
#5819 = CARTESIAN_POINT('',(2.652423574948,41.216409306579));
#5820 = CARTESIAN_POINT('',(2.630543842349,38.737877473269));
#5821 = CARTESIAN_POINT('',(2.608743141371,36.740238630825));
#5822 = CARTESIAN_POINT('',(2.584141486135,34.803417363834));
#5823 = CARTESIAN_POINT('',(2.557385673465,32.926082683588));
#5824 = CARTESIAN_POINT('',(2.528915218351,31.105659889261));
#5825 = CARTESIAN_POINT('',(2.498950758113,29.335991785737));
#5826 = CARTESIAN_POINT('',(2.467500813128,27.607526817596));
#5827 = CARTESIAN_POINT('',(2.396391214767,23.962810933091));
#5828 = CARTESIAN_POINT('',(2.356594165197,22.076170277037));
#5829 = CARTESIAN_POINT('',(2.314967764249,20.242147602383));
#5830 = CARTESIAN_POINT('',(2.271378875213,18.458688395567));
#5831 = CARTESIAN_POINT('',(2.22565431791,16.729215348276));
#5832 = CARTESIAN_POINT('',(2.17759828588,15.063273199137));
#5833 = CARTESIAN_POINT('',(2.126998788443,13.477029104285));
#5834 = CARTESIAN_POINT('',(2.055218056438,11.483249516816));
#5835 = CARTESIAN_POINT('',(2.036464092389,10.983836758113));
#5836 = CARTESIAN_POINT('',(2.017348567197,10.497203776506));
#5837 = CARTESIAN_POINT('',(1.997858772977,10.024464161365));
#5838 = CARTESIAN_POINT('',(1.977982064834,9.56688080602));
#5839 = CARTESIAN_POINT('',(1.957705793071,9.125870687227));
#5840 = CARTESIAN_POINT('',(1.937017235407,8.703009644637));
#5841 = CARTESIAN_POINT('',(1.900513959408,8.006314537868));
#5842 = CARTESIAN_POINT('',(1.884894865041,7.723088731763));
#5843 = CARTESIAN_POINT('',(1.869048844681,7.451191056333));
#5844 = CARTESIAN_POINT('',(1.852978286667,7.191455320179));
#5845 = CARTESIAN_POINT('',(1.836685343396,6.944718297434));
#5846 = CARTESIAN_POINT('',(1.82017190565,6.711820199075));
#5847 = CARTESIAN_POINT('',(1.803439576926,6.49360514425));
#5848 = CARTESIAN_POINT('',(1.760844793111,5.984266118535));
#5849 = CARTESIAN_POINT('',(1.734650563625,5.712550747049));
#5850 = CARTESIAN_POINT('',(1.707999173715,5.480056283869));
#5851 = CARTESIAN_POINT('',(1.680977301342,5.290261201699));
#5852 = CARTESIAN_POINT('',(1.65366730559,5.145851451169));
#5853 = CARTESIAN_POINT('',(1.626148564666,5.048726265804));
#5854 = CARTESIAN_POINT('',(1.598498934337,5.));
#5855 = CARTESIAN_POINT('',(1.570796326795,5.));
#5856 = ( GEOMETRIC_REPRESENTATION_CONTEXT(2) 
PARAMETRIC_REPRESENTATION_CONTEXT() REPRESENTATION_CONTEXT('2D SPACE',''
  ) );
#5857 = ORIENTED_EDGE('',*,*,#5858,.F.);
#5858 = EDGE_CURVE('',#5859,#5202,#5861,.T.);
#5859 = VERTEX_POINT('',#5860);
#5860 = CARTESIAN_POINT('',(330.,210.,293.));
#5861 = SEAM_CURVE('',#5862,(#5866,#5873),.PCURVE_S1.);
#5862 = LINE('',#5863,#5864);
#5863 = CARTESIAN_POINT('',(330.,260.,293.));
#5864 = VECTOR('',#5865,1.);
#5865 = DIRECTION('',(0.,-1.,0.));
#5866 = PCURVE('',#4205,#5867);
#5867 = DEFINITIONAL_REPRESENTATION('',(#5868),#5872);
#5868 = LINE('',#5869,#5870);
#5869 = CARTESIAN_POINT('',(6.28318530718,-0.));
#5870 = VECTOR('',#5871,1.);
#5871 = DIRECTION('',(0.,1.));
#5872 = ( GEOMETRIC_REPRESENTATION_CONTEXT(2) 
PARAMETRIC_REPRESENTATION_CONTEXT() REPRESENTATION_CONTEXT('2D SPACE',''
  ) );
#5873 = PCURVE('',#4205,#5874);
#5874 = DEFINITIONAL_REPRESENTATION('',(#5875),#5879);
#5875 = LINE('',#5876,#5877);
#5876 = CARTESIAN_POINT('',(0.,-0.));
#5877 = VECTOR('',#5878,1.);
#5878 = DIRECTION('',(0.,1.));
#5879 = ( GEOMETRIC_REPRESENTATION_CONTEXT(2) 
PARAMETRIC_REPRESENTATION_CONTEXT() REPRESENTATION_CONTEXT('2D SPACE',''
  ) );
#5880 = ORIENTED_EDGE('',*,*,#5881,.T.);
#5881 = EDGE_CURVE('',#5859,#4169,#5882,.T.);
#5882 = SURFACE_CURVE('',#5883,(#6096,#6312),.PCURVE_S1.);
#5883 = B_SPLINE_CURVE_WITH_KNOTS('',8,(#5884,#5885,#5886,#5887,#5888,
    #5889,#5890,#5891,#5892,#5893,#5894,#5895,#5896,#5897,#5898,#5899,
    #5900,#5901,#5902,#5903,#5904,#5905,#5906,#5907,#5908,#5909,#5910,
    #5911,#5912,#5913,#5914,#5915,#5916,#5917,#5918,#5919,#5920,#5921,
    #5922,#5923,#5924,#5925,#5926,#5927,#5928,#5929,#5930,#5931,#5932,
    #5933,#5934,#5935,#5936,#5937,#5938,#5939,#5940,#5941,#5942,#5943,
    #5944,#5945,#5946,#5947,#5948,#5949,#5950,#5951,#5952,#5953,#5954,
    #5955,#5956,#5957,#5958,#5959,#5960,#5961,#5962,#5963,#5964,#5965,
    #5966,#5967,#5968,#5969,#5970,#5971,#5972,#5973,#5974,#5975,#5976,
    #5977,#5978,#5979,#5980,#5981,#5982,#5983,#5984,#5985,#5986,#5987,
    #5988,#5989,#5990,#5991,#5992,#5993,#5994,#5995,#5996,#5997,#5998,
    #5999,#6000,#6001,#6002,#6003,#6004,#6005,#6006,#6007,#6008,#6009,
    #6010,#6011,#6012,#6013,#6014,#6015,#6016,#6017,#6018,#6019,#6020,
    #6021,#6022,#6023,#6024,#6025,#6026,#6027,#6028,#6029,#6030,#6031,
    #6032,#6033,#6034,#6035,#6036,#6037,#6038,#6039,#6040,#6041,#6042,
    #6043,#6044,#6045,#6046,#6047,#6048,#6049,#6050,#6051,#6052,#6053,
    #6054,#6055,#6056,#6057,#6058,#6059,#6060,#6061,#6062,#6063,#6064,
    #6065,#6066,#6067,#6068,#6069,#6070,#6071,#6072,#6073,#6074,#6075,
    #6076,#6077,#6078,#6079,#6080,#6081,#6082,#6083,#6084,#6085,#6086,
    #6087,#6088,#6089,#6090,#6091,#6092,#6093,#6094,#6095),
  .UNSPECIFIED.,.T.,.F.,(9,7,7,7,7,7,7,7,7,7,7,7,7,7,7,7,7,7,7,7,7,7,7,7
    ,7,7,7,7,7,7,9),(0.,2.870534340353E-02,4.767370469133E-02,
    7.364963658027E-02,0.149101187623,0.215093443877,0.228358787245,
    0.249981576518,0.271588270717,0.284847647351,0.350892796185,
    0.42642918708,0.452265366306,0.471245544907,0.481020480927,
    0.499999119529,0.51897775821,0.528741221176,0.547709688474,
    0.573685497014,0.649318490642,0.715326507495,0.728582472991,
    0.750013888367,0.771620448699,0.784879740149,0.850743786157,
    0.926261589778,0.952302070305,0.97128271669,1.),.UNSPECIFIED.);
#5884 = CARTESIAN_POINT('',(330.,210.,293.));
#5885 = CARTESIAN_POINT('',(331.38458479877,210.,293.));
#5886 = CARTESIAN_POINT('',(332.76651577814,210.04381912409,
    293.04868788903));
#5887 = CARTESIAN_POINT('',(334.14028726097,210.13116223953,
    293.14573586181));
#5888 = CARTESIAN_POINT('',(335.50042023051,210.260977287,
    293.29003082254));
#5889 = CARTESIAN_POINT('',(336.84148658466,210.43145837792,
    293.47967649654));
#5890 = CARTESIAN_POINT('',(338.15813169876,210.6400529537,
    293.71199158825));
#5891 = CARTESIAN_POINT('',(339.44509529687,210.88347300696,
    293.98350398566));
#5892 = CARTESIAN_POINT('',(341.52463600613,211.3389251723,
    294.49243321361));
#5893 = CARTESIAN_POINT('',(342.33792127348,211.5338346617,
    294.71044152571));
#5894 = CARTESIAN_POINT('',(343.136818246,211.74162679948,
    294.94311900087));
#5895 = CARTESIAN_POINT('',(343.92108329768,211.9614904691,
    295.1896229339));
#5896 = CARTESIAN_POINT('',(344.69049735841,212.19261601146,
    295.44911439112));
#5897 = CARTESIAN_POINT('',(345.44486590826,212.43419576551,
    295.72075774058));
#5898 = CARTESIAN_POINT('',(346.18401897174,212.68542460876,
    296.00372018225));
#5899 = CARTESIAN_POINT('',(347.89899717476,213.30165744143,
    296.69903338778));
#5900 = CARTESIAN_POINT('',(348.86169955316,213.67452219116,
    297.12069657332));
#5901 = CARTESIAN_POINT('',(349.79645278257,214.06239232837,
    297.5604332961));
#5902 = CARTESIAN_POINT('',(350.70385707346,214.46370891393,
    298.01667800403));
#5903 = CARTESIAN_POINT('',(351.5845677183,214.8770510511,
    298.48802240881));
#5904 = CARTESIAN_POINT('',(352.4392844984,215.30113044841,
    298.97321076313));
#5905 = CARTESIAN_POINT('',(353.26874109075,215.73478598252,
    299.47113513783));
#5906 = CARTESIAN_POINT('',(356.41181969039,217.46140160407,
    301.46132890875));
#5907 = CARTESIAN_POINT('',(358.55007663361,218.82162187391,
    303.0454920562));
#5908 = CARTESIAN_POINT('',(360.50274796779,220.23171783101,
    304.70934104279));
#5909 = CARTESIAN_POINT('',(362.28518636341,221.67220253476,
    306.43670399979));
#5910 = CARTESIAN_POINT('',(363.91240262408,223.12865346582,
    308.21802065421));
#5911 = CARTESIAN_POINT('',(365.3982239797,224.5902634746,
    310.04984390436));
#5912 = CARTESIAN_POINT('',(366.75430469442,226.04816987392,
    311.93419888555));
#5913 = CARTESIAN_POINT('',(369.06873788081,228.75272824078,
    315.57920921545));
#5914 = CARTESIAN_POINT('',(370.04591497723,229.99158619383,
    317.31044133818));
#5915 = CARTESIAN_POINT('',(370.93342762883,231.20543175472,
    319.08298533009));
#5916 = CARTESIAN_POINT('',(371.73644758582,232.3872384495,
    320.90644398946));
#5917 = CARTESIAN_POINT('',(372.45429799718,233.5217503465,
    322.78701100657));
#5918 = CARTESIAN_POINT('',(373.08278114397,234.58361960111,
    324.72726807312));
#5919 = CARTESIAN_POINT('',(373.61666217381,235.53737431416,
    326.72853552163));
#5920 = CARTESIAN_POINT('',(374.13541219447,236.50321170627,
    329.21105420391));
#5921 = CARTESIAN_POINT('',(374.21816437331,236.6589107166,
    329.62944272662));
#5922 = CARTESIAN_POINT('',(374.29674797627,236.80825249909,
    330.05062186347));
#5923 = CARTESIAN_POINT('',(374.37107331477,236.95083988371,
    330.4745112487));
#5924 = CARTESIAN_POINT('',(374.4410566131,237.08628317055,
    330.90104892767));
#5925 = CARTESIAN_POINT('',(374.50661803917,237.21420072273,
    331.33019134316));
#5926 = CARTESIAN_POINT('',(374.56767973507,237.33421955949,
    331.76191332169));
#5927 = CARTESIAN_POINT('',(374.716234142,237.62814121977,
    332.90411763626));
#5928 = CARTESIAN_POINT('',(374.79625542478,237.78857783562,
    333.61973528724));
#5929 = CARTESIAN_POINT('',(374.86362574953,237.92519697846,
    334.34143029468));
#5930 = CARTESIAN_POINT('',(374.91792738749,238.03630130724,
    335.06784761222));
#5931 = CARTESIAN_POINT('',(374.95887380911,238.12059012178,
    335.79784927747));
#5932 = CARTESIAN_POINT('',(374.98627198405,238.1771606248,
    336.53045558668));
#5933 = CARTESIAN_POINT('',(375.,238.20550528229,337.26478603184));
#5934 = CARTESIAN_POINT('',(375.,238.20550528229,338.73466670649));
#5935 = CARTESIAN_POINT('',(374.98629241362,238.1772028058,
    339.4684528874));
#5936 = CARTESIAN_POINT('',(374.95893485854,238.12071617419,
    340.20051908532));
#5937 = CARTESIAN_POINT('',(374.91804889344,238.03655142814,
    340.92998610123));
#5938 = CARTESIAN_POINT('',(374.86382704772,237.92560884557,
    341.65587588194));
#5939 = CARTESIAN_POINT('',(374.79655511048,237.78918557325,
    342.37705264367));
#5940 = CARTESIAN_POINT('',(374.71664967874,237.62897437245,
    343.09216423177));
#5941 = CARTESIAN_POINT('',(374.56829094905,237.33542217993,
    344.23370572078));
#5942 = CARTESIAN_POINT('',(374.50729677819,237.21552798459,
    344.66525813701));
#5943 = CARTESIAN_POINT('',(374.44180620166,237.08773908423,
    345.09423402846));
#5944 = CARTESIAN_POINT('',(374.37189698293,236.95242794715,
    345.52060809847));
#5945 = CARTESIAN_POINT('',(374.29764886696,236.80997572573,
    345.94433667697));
#5946 = CARTESIAN_POINT('',(374.21914554736,236.66077166422,
    346.36535770672));
#5947 = CARTESIAN_POINT('',(374.13647663353,236.50521250655,
    346.78359072966));
#5948 = CARTESIAN_POINT('',(373.61770127496,235.5392152329,
    349.26778208571));
#5949 = CARTESIAN_POINT('',(373.0835287719,234.58483352862,
    351.2707603046));
#5950 = CARTESIAN_POINT('',(372.45459539293,233.52212223677,
    353.21263041216));
#5951 = CARTESIAN_POINT('',(371.73614905911,232.38665012257,
    355.09471182631));
#5952 = CARTESIAN_POINT('',(370.93240087147,231.20382858309,
    356.91958793098));
#5953 = CARTESIAN_POINT('',(370.04403027592,229.98894448255,
    358.6934670202));
#5954 = CARTESIAN_POINT('',(369.06584819564,228.74903068603,
    360.42597770697));
#5955 = CARTESIAN_POINT('',(366.74845076624,226.04169737647,
    364.07429057186));
#5956 = CARTESIAN_POINT('',(365.39032889125,224.58211669013,
    365.96054124311));
#5957 = CARTESIAN_POINT('',(363.90215146334,223.11887418766,
    367.7941424357));
#5958 = CARTESIAN_POINT('',(362.27220675658,221.66084791662,
    369.57712493085));
#5959 = CARTESIAN_POINT('',(360.48660235525,220.21888318668,
    371.30601516396));
#5960 = CARTESIAN_POINT('',(358.53026093327,218.80746834589,
    372.97119053508));
#5961 = CARTESIAN_POINT('',(356.38776757557,217.44619081175,
    374.55637890117));
#5962 = CARTESIAN_POINT('',(353.24341054013,215.7215709653,
    376.54403591517));
#5963 = CARTESIAN_POINT('',(352.41776024302,215.2904964275,
    377.03895204148));
#5964 = CARTESIAN_POINT('',(351.56710034364,214.86891785017,
    377.52124764657));
#5965 = CARTESIAN_POINT('',(350.69071216014,214.45798159794,
    377.98982807906));
#5966 = CARTESIAN_POINT('',(349.78791011972,214.05895807354,
    378.4434545697));
#5967 = CARTESIAN_POINT('',(348.85805205751,213.67324704864,
    378.88073956042));
#5968 = CARTESIAN_POINT('',(347.90054951553,213.30238299484,
    379.30014203333));
#5969 = CARTESIAN_POINT('',(346.19076862701,212.6877277188,
    379.99368546209));
#5970 = CARTESIAN_POINT('',(345.45128124208,212.436268262,
    380.27691126822));
#5971 = CARTESIAN_POINT('',(344.69656044883,212.19446498739,
    380.54880894368));
#5972 = CARTESIAN_POINT('',(343.92677539806,211.96312403576,
    380.80854467984));
#5973 = CARTESIAN_POINT('',(343.1421198386,211.74305420528,
    381.05528170257));
#5974 = CARTESIAN_POINT('',(342.34281212649,211.53506641146,
    381.28817980091));
#5975 = CARTESIAN_POINT('',(341.52909523415,211.33997314706,
    381.50639485572));
#5976 = CARTESIAN_POINT('',(340.27488336251,211.06517318491,
    381.81346191561));
#5977 = CARTESIAN_POINT('',(339.84485042841,210.97540985658,
    381.9137084805));
#5978 = CARTESIAN_POINT('',(339.41126582605,210.88942659066,
    382.009682776));
#5979 = CARTESIAN_POINT('',(338.97425899922,210.8073466568,
    382.10125518309));
#5980 = CARTESIAN_POINT('',(338.53396096664,210.72928796073,
    382.18830175077));
#5981 = CARTESIAN_POINT('',(338.090504322,210.65536304423,
    382.27070419611));
#5982 = CARTESIAN_POINT('',(337.64402323397,210.58567908515,
    382.34834990422));
#5983 = CARTESIAN_POINT('',(336.32217440537,210.39347396842,
    382.56244269783));
#5984 = CARTESIAN_POINT('',(335.43841383069,210.28292353864,
    382.68548236366));
#5985 = CARTESIAN_POINT('',(334.54516007488,210.18957545633,
    382.78930763282));
#5986 = CARTESIAN_POINT('',(333.64421716767,210.11414815978,
    382.87315831601));
#5987 = CARTESIAN_POINT('',(332.73740154233,210.05718876216,
    382.9364569699));
#5988 = CARTESIAN_POINT('',(331.82653876214,210.01907213639,
    382.9788085394));
#5989 = CARTESIAN_POINT('',(330.91346024701,210.,383.));
#5990 = CARTESIAN_POINT('',(329.08653974916,210.,383.));
#5991 = CARTESIAN_POINT('',(328.17346124001,210.01907213612,
    382.9788085397));
#5992 = CARTESIAN_POINT('',(327.26259846149,210.05718876201,
    382.93645697006));
#5993 = CARTESIAN_POINT('',(326.35578283238,210.11414816,382.87315831576
    ));
#5994 = CARTESIAN_POINT('',(325.45483992136,210.18957545672,
    382.78930763238));
#5995 = CARTESIAN_POINT('',(324.5615861671,210.28292353869,
    382.68548236361));
#5996 = CARTESIAN_POINT('',(323.67782559832,210.39347396789,
    382.56244269843));
#5997 = CARTESIAN_POINT('',(322.35650420107,210.58560239278,
    382.34843533006));
#5998 = CARTESIAN_POINT('',(321.9105439134,210.65519945038,
    382.2708864814));
#5999 = CARTESIAN_POINT('',(321.46760093262,210.72902761268,
    382.18859195493));
#6000 = CARTESIAN_POINT('',(321.02780893299,210.80698008479,
    382.10166396318));
#6001 = CARTESIAN_POINT('',(320.59130002125,210.88894473442,
    382.01022035853));
#6002 = CARTESIAN_POINT('',(320.15820473667,210.9748040919,
    381.91438463321));
#6003 = CARTESIAN_POINT('',(319.72865205097,211.06443535016,
    381.81428591934));
#6004 = CARTESIAN_POINT('',(318.47536399331,211.33892517242,
    381.50756678625));
#6005 = CARTESIAN_POINT('',(317.66207872629,211.53383466177,
    381.28955847421));
#6006 = CARTESIAN_POINT('',(316.86318175424,211.74162679944,
    381.05688099917));
#6007 = CARTESIAN_POINT('',(316.07891670275,211.96149046897,
    380.81037706623));
#6008 = CARTESIAN_POINT('',(315.30950264183,212.19261601136,
    380.55088560897));
#6009 = CARTESIAN_POINT('',(314.55513409157,212.43419576555,
    380.27924225937));
#6010 = CARTESIAN_POINT('',(313.81598102782,212.68542460891,
    379.99627981757));
#6011 = CARTESIAN_POINT('',(312.10101307205,213.3016537595,
    379.30097076664));
#6012 = CARTESIAN_POINT('',(311.13831353261,213.67451692892,
    378.8793093744));
#6013 = CARTESIAN_POINT('',(310.20355768105,214.06238760107,
    378.4395720721));
#6014 = CARTESIAN_POINT('',(309.2961475024,214.46370645221,
    377.98332482011));
#6015 = CARTESIAN_POINT('',(308.41543013085,214.87705176209,
    377.5119768088));
#6016 = CARTESIAN_POINT('',(307.56070842531,215.30113393619,
    377.0267852551));
#6017 = CARTESIAN_POINT('',(306.73125154503,215.73479002797,
    376.52886019915));
#6018 = CARTESIAN_POINT('',(303.58256800114,217.46448466393,
    374.53511738395));
#6019 = CARTESIAN_POINT('',(301.43963876605,218.82816364519,
    372.9468891914));
#6020 = CARTESIAN_POINT('',(299.48314090601,220.24190775456,
    371.27863543098));
#6021 = CARTESIAN_POINT('',(297.6976178991,221.68610172415,
    369.54662853938));
#6022 = CARTESIAN_POINT('',(296.06796233118,223.14623582064,
    367.76047389593));
#6023 = CARTESIAN_POINT('',(294.5802653391,224.6114388704,365.9236129726
    ));
#6024 = CARTESIAN_POINT('',(293.22281747581,226.07278663475,
    364.03397364975));
#6025 = CARTESIAN_POINT('',(290.90908265297,228.78053272794,
    360.38211585842));
#6026 = CARTESIAN_POINT('',(289.93344752244,230.01924330623,
    358.6496245747));
#6027 = CARTESIAN_POINT('',(289.04745385262,231.23276104053,
    356.87572502885));
#6028 = CARTESIAN_POINT('',(288.24596822968,232.41400216552,
    355.05078271056));
#6029 = CARTESIAN_POINT('',(287.52971796284,233.54759731323,
    353.16860793782));
#6030 = CARTESIAN_POINT('',(286.90293963233,234.60804336906,
    351.22663023641));
#6031 = CARTESIAN_POINT('',(286.37089565651,235.5597031623,
    349.22351007688));
#6032 = CARTESIAN_POINT('',(285.85465341658,236.52188844491,
    346.73890646635));
#6033 = CARTESIAN_POINT('',(285.77239009515,236.67682508029,
    346.32049886359));
#6034 = CARTESIAN_POINT('',(285.69429685402,236.82537942727,
    345.89930528629));
#6035 = CARTESIAN_POINT('',(285.62046364343,236.96715399228,
    345.47540812624));
#6036 = CARTESIAN_POINT('',(285.55097436911,237.10175917622,
    345.04887118089));
#6037 = CARTESIAN_POINT('',(285.4859088779,237.22881387054,
    344.61973966735));
#6038 = CARTESIAN_POINT('',(285.4253449434,237.34794605335,
    344.18804023638));
#6039 = CARTESIAN_POINT('',(285.27884770547,237.63800441454,
    343.05169780949));
#6040 = CARTESIAN_POINT('',(285.20019773788,237.7957715651,
    342.34209524231));
#6041 = CARTESIAN_POINT('',(285.1339919148,237.93007172704,
    341.62655938571));
#6042 = CARTESIAN_POINT('',(285.08063464143,238.03926145431,
    340.90641118805));
#6043 = CARTESIAN_POINT('',(285.04040371511,238.12208186031,
    340.18276287726));
#6044 = CARTESIAN_POINT('',(285.0134862538,238.17765979192,
    339.45657461389));
#6045 = CARTESIAN_POINT('',(285.,238.20550528229,338.72871136515));
#6046 = CARTESIAN_POINT('',(285.,238.20550528229,337.26533335293));
#6047 = CARTESIAN_POINT('',(285.01370758415,238.17720281038,
    336.5315472237));
#6048 = CARTESIAN_POINT('',(285.04106513531,238.12071618687,
    335.79948106562));
#6049 = CARTESIAN_POINT('',(285.08195109571,238.03655145044,
    335.07001407328));
#6050 = CARTESIAN_POINT('',(285.13617293738,237.92560887594,
    334.34412429508));
#6051 = CARTESIAN_POINT('',(285.20344487317,237.78918560616,
    333.62294750939));
#6052 = CARTESIAN_POINT('',(285.28335030872,237.62897439725,
    332.90783586469));
#6053 = CARTESIAN_POINT('',(285.43170904573,237.33542219024,
    331.76629431933));
#6054 = CARTESIAN_POINT('',(285.49270321209,237.21552800366,
    331.33474193072));
#6055 = CARTESIAN_POINT('',(285.55819378528,237.08773910964,
    330.90576605487));
#6056 = CARTESIAN_POINT('',(285.62810300221,236.95242797578,
    330.47939198895));
#6057 = CARTESIAN_POINT('',(285.70235111829,236.80997575384,
    330.05566340359));
#6058 = CARTESIAN_POINT('',(285.78085444023,236.6607716876,
    329.63464235658));
#6059 = CARTESIAN_POINT('',(285.86352335889,236.50521252065,
    329.21640930657));
#6060 = CARTESIAN_POINT('',(286.38111683551,235.54141599676,
    326.73787747327));
#6061 = CARTESIAN_POINT('',(286.91354112238,234.59006945939,
    324.7402386308));
#6062 = CARTESIAN_POINT('',(287.54021449722,233.53089583904,
    322.80341736388));
#6063 = CARTESIAN_POINT('',(288.25592402352,232.39918595942,
    320.92608268356));
#6064 = CARTESIAN_POINT('',(289.05649074687,231.2201857518,
    319.10565988927));
#6065 = CARTESIAN_POINT('',(289.94122557892,230.00911492051,
    317.33599178571));
#6066 = CARTESIAN_POINT('',(290.91524294821,228.77300410781,
    315.60752681761));
#6067 = CARTESIAN_POINT('',(293.225317103,226.07022871069,
    311.96281093308));
#6068 = CARTESIAN_POINT('',(294.58083587374,224.61116115608,
    310.07617027706));
#6069 = CARTESIAN_POINT('',(296.06621542911,223.14825407354,
    308.24214760232));
#6070 = CARTESIAN_POINT('',(297.69310601089,221.69040120145,
    306.45868839564));
#6071 = CARTESIAN_POINT('',(299.47534389035,220.2484253426,
    304.72921534822));
#6072 = CARTESIAN_POINT('',(301.42795869326,218.83676037431,
    303.06327319916));
#6073 = CARTESIAN_POINT('',(303.56633041065,217.47490776627,
    301.47702910428));
#6074 = CARTESIAN_POINT('',(306.71112946476,215.74533480539,
    299.48324951682));
#6075 = CARTESIAN_POINT('',(307.54209171319,215.31041505102,
    298.98383675812));
#6076 = CARTESIAN_POINT('',(308.39842414207,214.88509862469,
    298.49720377651));
#6077 = CARTESIAN_POINT('',(309.28086678815,214.47055305846,
    298.02446416137));
#6078 = CARTESIAN_POINT('',(310.1901255969,214.06807430207,
    297.56688080602));
#6079 = CARTESIAN_POINT('',(311.12686170218,213.6790922353,
    297.12587068723));
#6080 = CARTESIAN_POINT('',(312.09168070603,213.30517618041,
    296.70300964464));
#6081 = CARTESIAN_POINT('',(313.80923137305,212.68772771877,
    296.00631453787));
#6082 = CARTESIAN_POINT('',(314.54871875793,212.43626826199,
    295.72308873176));
#6083 = CARTESIAN_POINT('',(315.30343955111,212.19446498741,
    295.45119105633));
#6084 = CARTESIAN_POINT('',(316.07322460185,211.96312403579,
    295.19145532018));
#6085 = CARTESIAN_POINT('',(316.85788016134,211.74305420529,
    294.94471829743));
#6086 = CARTESIAN_POINT('',(317.65718787354,211.53506641145,
    294.71182019907));
#6087 = CARTESIAN_POINT('',(318.47090476595,211.33997314704,
    294.49360514425));
#6088 = CARTESIAN_POINT('',(320.5512941539,210.88415628068,
    293.9842661185));
#6089 = CARTESIAN_POINT('',(321.83870023189,210.64055501974,
    293.71255074704));
#6090 = CARTESIAN_POINT('',(323.15582653711,210.43179978782,
    293.48005628388));
#6091 = CARTESIAN_POINT('',(324.49740439472,210.26118454882,
    293.29026120171));
#6092 = CARTESIAN_POINT('',(325.85807059408,210.13126626993,
    293.14585145116));
#6093 = CARTESIAN_POINT('',(327.23238829282,210.04385366312,
    293.04872626579));
#6094 = CARTESIAN_POINT('',(328.61486962305,210.,293.));
#6095 = CARTESIAN_POINT('',(330.,210.,293.));
#6096 = PCURVE('',#4205,#6097);
#6097 = DEFINITIONAL_REPRESENTATION('',(#6098),#6311);
#6098 = B_SPLINE_CURVE_WITH_KNOTS('',8,(#6099,#6100,#6101,#6102,#6103,
    #6104,#6105,#6106,#6107,#6108,#6109,#6110,#6111,#6112,#6113,#6114,
    #6115,#6116,#6117,#6118,#6119,#6120,#6121,#6122,#6123,#6124,#6125,
    #6126,#6127,#6128,#6129,#6130,#6131,#6132,#6133,#6134,#6135,#6136,
    #6137,#6138,#6139,#6140,#6141,#6142,#6143,#6144,#6145,#6146,#6147,
    #6148,#6149,#6150,#6151,#6152,#6153,#6154,#6155,#6156,#6157,#6158,
    #6159,#6160,#6161,#6162,#6163,#6164,#6165,#6166,#6167,#6168,#6169,
    #6170,#6171,#6172,#6173,#6174,#6175,#6176,#6177,#6178,#6179,#6180,
    #6181,#6182,#6183,#6184,#6185,#6186,#6187,#6188,#6189,#6190,#6191,
    #6192,#6193,#6194,#6195,#6196,#6197,#6198,#6199,#6200,#6201,#6202,
    #6203,#6204,#6205,#6206,#6207,#6208,#6209,#6210,#6211,#6212,#6213,
    #6214,#6215,#6216,#6217,#6218,#6219,#6220,#6221,#6222,#6223,#6224,
    #6225,#6226,#6227,#6228,#6229,#6230,#6231,#6232,#6233,#6234,#6235,
    #6236,#6237,#6238,#6239,#6240,#6241,#6242,#6243,#6244,#6245,#6246,
    #6247,#6248,#6249,#6250,#6251,#6252,#6253,#6254,#6255,#6256,#6257,
    #6258,#6259,#6260,#6261,#6262,#6263,#6264,#6265,#6266,#6267,#6268,
    #6269,#6270,#6271,#6272,#6273,#6274,#6275,#6276,#6277,#6278,#6279,
    #6280,#6281,#6282,#6283,#6284,#6285,#6286,#6287,#6288,#6289,#6290,
    #6291,#6292,#6293,#6294,#6295,#6296,#6297,#6298,#6299,#6300,#6301,
    #6302,#6303,#6304,#6305,#6306,#6307,#6308,#6309,#6310),
  .UNSPECIFIED.,.F.,.F.,(9,7,7,7,7,7,7,7,7,7,7,7,7,7,7,7,7,7,7,7,7,7,7,7
    ,7,7,7,7,7,7,9),(0.,2.870534340353E-02,4.767370469133E-02,
    7.364963658027E-02,0.149101187623,0.215093443877,0.228358787245,
    0.249981576518,0.271588270717,0.284847647351,0.350892796185,
    0.42642918708,0.452265366306,0.471245544907,0.481020480927,
    0.499999119529,0.51897775821,0.528741221176,0.547709688474,
    0.573685497014,0.649318490642,0.715326507495,0.728582472991,
    0.750013888367,0.771620448699,0.784879740149,0.850743786157,
    0.926261589778,0.952302070305,0.97128271669,1.),.UNSPECIFIED.);
#6099 = CARTESIAN_POINT('',(0.,50.));
#6100 = CARTESIAN_POINT('',(3.076855108388E-02,50.));
#6101 = CARTESIAN_POINT('',(6.147813044314E-02,49.956180875905));
#6102 = CARTESIAN_POINT('',(9.205076774224E-02,49.868837760467));
#6103 = CARTESIAN_POINT('',(0.122408390247,49.739022712997));
#6104 = CARTESIAN_POINT('',(0.152470842503,49.568541622076));
#6105 = CARTESIAN_POINT('',(0.182153949437,49.359947046297));
#6106 = CARTESIAN_POINT('',(0.211367622869,49.116526993037));
#6107 = CARTESIAN_POINT('',(0.258943415658,48.661074827695));
#6108 = CARTESIAN_POINT('',(0.277650000877,48.466165338291));
#6109 = CARTESIAN_POINT('',(0.296133835259,48.258373200511));
#6110 = CARTESIAN_POINT('',(0.31439452622,48.0385095309));
#6111 = CARTESIAN_POINT('',(0.332431248198,47.807383988538));
#6112 = CARTESIAN_POINT('',(0.350242770418,47.565804234486));
#6113 = CARTESIAN_POINT('',(0.367827484651,47.314575391233));
#6114 = CARTESIAN_POINT('',(0.408951270629,46.698342558564));
#6115 = CARTESIAN_POINT('',(0.432297857641,46.325477808832));
#6116 = CARTESIAN_POINT('',(0.455240197936,45.937607671621));
#6117 = CARTESIAN_POINT('',(0.477795027709,45.536291086066));
#6118 = CARTESIAN_POINT('',(0.499978972801,45.122948948897));
#6119 = CARTESIAN_POINT('',(0.521808706086,44.698869551584));
#6120 = CARTESIAN_POINT('',(0.543301104847,44.265214017477));
#6121 = CARTESIAN_POINT('',(0.625971995806,42.538598395922));
#6122 = CARTESIAN_POINT('',(0.684950477606,41.178378126082));
#6123 = CARTESIAN_POINT('',(0.741746315036,39.768282168997));
#6124 = CARTESIAN_POINT('',(0.796688117871,38.327797465218));
#6125 = CARTESIAN_POINT('',(0.850112423224,36.871346534186));
#6126 = CARTESIAN_POINT('',(0.90238046325,35.409736525389));
#6127 = CARTESIAN_POINT('',(0.953884258856,33.951830126072));
#6128 = CARTESIAN_POINT('',(1.049833580046,31.247271759213));
#6129 = CARTESIAN_POINT('',(1.093951378824,30.008413806162));
#6130 = CARTESIAN_POINT('',(1.137912737152,28.794568245272));
#6131 = CARTESIAN_POINT('',(1.182079879107,27.612761550506));
#6132 = CARTESIAN_POINT('',(1.226695006276,26.478249653485));
#6133 = CARTESIAN_POINT('',(1.271914322431,25.416380398886));
#6134 = CARTESIAN_POINT('',(1.31787339073,24.462625685837));
#6135 = CARTESIAN_POINT('',(1.374232033266,23.496788293728));
#6136 = CARTESIAN_POINT('',(1.383709124827,23.341089283392));
#6137 = CARTESIAN_POINT('',(1.39322925164,23.19174750091));
#6138 = CARTESIAN_POINT('',(1.402791585465,23.049160116283));
#6139 = CARTESIAN_POINT('',(1.412395773499,22.913716829448));
#6140 = CARTESIAN_POINT('',(1.422041930985,22.785799277267));
#6141 = CARTESIAN_POINT('',(1.431730633818,22.665780440504));
#6142 = CARTESIAN_POINT('',(1.457326728312,22.371858780227));
#6143 = CARTESIAN_POINT('',(1.473325870176,22.211422164372));
#6144 = CARTESIAN_POINT('',(1.489428768281,22.074803021535));
#6145 = CARTESIAN_POINT('',(1.505610869705,21.963698692758));
#6146 = CARTESIAN_POINT('',(1.5218529953,21.879409878213));
#6147 = CARTESIAN_POINT('',(1.538139786207,21.822839375191));
#6148 = CARTESIAN_POINT('',(1.554458238614,21.794494717703));
#6149 = CARTESIAN_POINT('',(1.587122253606,21.794494717703));
#6150 = CARTESIAN_POINT('',(1.603428611261,21.822797194195));
#6151 = CARTESIAN_POINT('',(1.619703384841,21.87928382581));
#6152 = CARTESIAN_POINT('',(1.635933585196,21.963448571853));
#6153 = CARTESIAN_POINT('',(1.652103876189,22.07439115443));
#6154 = CARTESIAN_POINT('',(1.6681951141,22.210814426741));
#6155 = CARTESIAN_POINT('',(1.684182799173,22.371025627548));
#6156 = CARTESIAN_POINT('',(1.709763726519,22.66457782007));
#6157 = CARTESIAN_POINT('',(1.719448489081,22.784472015406));
#6158 = CARTESIAN_POINT('',(1.729090751958,22.912260915766));
#6159 = CARTESIAN_POINT('',(1.738691087127,23.047572052842));
#6160 = CARTESIAN_POINT('',(1.748249606209,23.190024274262));
#6161 = CARTESIAN_POINT('',(1.757765953075,23.339228335777));
#6162 = CARTESIAN_POINT('',(1.767239296452,23.494787493442));
#6163 = CARTESIAN_POINT('',(1.823634439252,24.460784767098));
#6164 = CARTESIAN_POINT('',(1.869631730984,25.415166471363));
#6165 = CARTESIAN_POINT('',(1.914887978439,26.477877763263));
#6166 = CARTESIAN_POINT('',(1.959538985616,27.613349877379));
#6167 = CARTESIAN_POINT('',(2.00374122052,28.796171416944));
#6168 = CARTESIAN_POINT('',(2.04773743286,30.011055517436));
#6169 = CARTESIAN_POINT('',(2.091890800719,31.250969313965));
#6170 = CARTESIAN_POINT('',(2.187937388195,33.958302623522));
#6171 = CARTESIAN_POINT('',(2.239501569912,35.417883309862));
#6172 = CARTESIAN_POINT('',(2.291832771982,36.881125812355));
#6173 = CARTESIAN_POINT('',(2.345324606759,38.339152083345));
#6174 = CARTESIAN_POINT('',(2.400339695314,39.781116813337));
#6175 = CARTESIAN_POINT('',(2.457215801112,41.192531654104));
#6176 = CARTESIAN_POINT('',(2.516282730849,42.553809188245));
#6177 = CARTESIAN_POINT('',(2.598947490598,44.278429034697));
#6178 = CARTESIAN_POINT('',(2.62033305561,44.709503572495));
#6179 = CARTESIAN_POINT('',(2.642052816811,45.131082149826));
#6180 = CARTESIAN_POINT('',(2.664123304599,45.542018402051));
#6181 = CARTESIAN_POINT('',(2.686560861658,45.941041926458));
#6182 = CARTESIAN_POINT('',(2.709381795143,46.326752951354));
#6183 = CARTESIAN_POINT('',(2.73260252888,46.697617005159));
#6184 = CARTESIAN_POINT('',(2.77360450519,47.312272281199));
#6185 = CARTESIAN_POINT('',(2.791198245251,47.563731737999));
#6186 = CARTESIAN_POINT('',(2.809019037967,47.805535012603));
#6187 = CARTESIAN_POINT('',(2.827065294871,48.036875964234));
#6188 = CARTESIAN_POINT('',(2.845335804799,48.256945794715));
#6189 = CARTESIAN_POINT('',(2.863829761901,48.464933588536));
#6190 = CARTESIAN_POINT('',(2.882546793639,48.660026852936));
#6191 = CARTESIAN_POINT('',(2.911241333045,48.934826815089));
#6192 = CARTESIAN_POINT('',(2.92105323196,49.024590143414));
#6193 = CARTESIAN_POINT('',(2.930920634821,49.110573409338));
#6194 = CARTESIAN_POINT('',(2.940841547037,49.192653343196));
#6195 = CARTESIAN_POINT('',(2.950814030153,49.270712039264));
#6196 = CARTESIAN_POINT('',(2.960836201852,49.344636955761));
#6197 = CARTESIAN_POINT('',(2.970906235952,49.414320914848));
#6198 = CARTESIAN_POINT('',(3.000663443191,49.606526031572));
#6199 = CARTESIAN_POINT('',(3.020487086056,49.717076461353));
#6200 = CARTESIAN_POINT('',(3.040462248993,49.810424543669));
#6201 = CARTESIAN_POINT('',(3.060559110397,49.88585184022));
#6202 = CARTESIAN_POINT('',(3.080748762475,49.942811237838));
#6203 = CARTESIAN_POINT('',(3.101002904652,49.980927863607));
#6204 = CARTESIAN_POINT('',(3.121293536989,50.));
#6205 = CARTESIAN_POINT('',(3.161891770275,50.));
#6206 = CARTESIAN_POINT('',(3.182182402479,49.980927863874));
#6207 = CARTESIAN_POINT('',(3.20243654462,49.942811237986));
#6208 = CARTESIAN_POINT('',(3.222626196781,49.885851839997));
#6209 = CARTESIAN_POINT('',(3.242723058271,49.810424543276));
#6210 = CARTESIAN_POINT('',(3.262698221173,49.71707646131));
#6211 = CARTESIAN_POINT('',(3.282521863905,49.60652603211));
#6212 = CARTESIAN_POINT('',(3.312267197711,49.414397607214));
#6213 = CARTESIAN_POINT('',(3.322325463222,49.344800549613));
#6214 = CARTESIAN_POINT('',(3.332335978008,49.270972387316));
#6215 = CARTESIAN_POINT('',(3.342296922906,49.193019915209));
#6216 = CARTESIAN_POINT('',(3.352206422888,49.111055265575));
#6217 = CARTESIAN_POINT('',(3.362062547056,49.025195908092));
#6218 = CARTESIAN_POINT('',(3.37186330865,48.935564649831));
#6219 = CARTESIAN_POINT('',(3.40053606926,48.661074827574));
#6220 = CARTESIAN_POINT('',(3.419242654472,48.466165338224));
#6221 = CARTESIAN_POINT('',(3.437726488843,48.258373200561));
#6222 = CARTESIAN_POINT('',(3.455987179799,48.038509531025));
#6223 = CARTESIAN_POINT('',(3.474023901782,47.807383988632));
#6224 = CARTESIAN_POINT('',(3.491835424012,47.565804234449));
#6225 = CARTESIAN_POINT('',(3.509420138251,47.314575391081));
#6226 = CARTESIAN_POINT('',(3.550543678509,46.698346240491));
#6227 = CARTESIAN_POINT('',(3.5738901918,46.325483071075));
#6228 = CARTESIAN_POINT('',(3.596832590219,45.937612398923));
#6229 = CARTESIAN_POINT('',(3.619387562118,45.536293547785));
#6230 = CARTESIAN_POINT('',(3.64157167668,45.122948237909));
#6231 = CARTESIAN_POINT('',(3.66340154016,44.698866063806));
#6232 = CARTESIAN_POINT('',(3.684893952134,44.265209972029));
#6233 = CARTESIAN_POINT('',(3.767712267257,42.535515336067));
#6234 = CARTESIAN_POINT('',(3.826826797235,41.171836354805));
#6235 = CARTESIAN_POINT('',(3.883749399981,39.758092245449));
#6236 = CARTESIAN_POINT('',(3.938810852302,38.313898275829));
#6237 = CARTESIAN_POINT('',(3.992349897004,36.853764179369));
#6238 = CARTESIAN_POINT('',(4.044730209522,35.388561129589));
#6239 = CARTESIAN_POINT('',(4.09634648589,33.927213365244));
#6240 = CARTESIAN_POINT('',(4.192415993028,31.219467272052));
#6241 = CARTESIAN_POINT('',(4.236541324797,29.980756693775));
#6242 = CARTESIAN_POINT('',(4.280514481074,28.767238959444));
#6243 = CARTESIAN_POINT('',(4.324697962135,27.5859978345));
#6244 = CARTESIAN_POINT('',(4.369333636725,26.452402686745));
#6245 = CARTESIAN_POINT('',(4.414577504773,25.391956630945));
#6246 = CARTESIAN_POINT('',(4.460565691819,24.4402968377));
#6247 = CARTESIAN_POINT('',(4.516958323996,23.478111555088));
#6248 = CARTESIAN_POINT('',(4.526433730052,23.323174919701));
#6249 = CARTESIAN_POINT('',(4.535952180243,23.174620572722));
#6250 = CARTESIAN_POINT('',(4.54551280219,23.032846007715));
#6251 = CARTESIAN_POINT('',(4.555115203402,22.898240823777));
#6252 = CARTESIAN_POINT('',(4.564759463744,22.771186129455));
#6253 = CARTESIAN_POINT('',(4.574446127922,22.65205394665));
#6254 = CARTESIAN_POINT('',(4.599907166198,22.361995585461));
#6255 = CARTESIAN_POINT('',(4.615770152629,22.2042284349));
#6256 = CARTESIAN_POINT('',(4.631734487678,22.06992827296));
#6257 = CARTESIAN_POINT('',(4.647776245225,21.960738545686));
#6258 = CARTESIAN_POINT('',(4.663876664841,21.877918139687));
#6259 = CARTESIAN_POINT('',(4.680020657459,21.822340208076));
#6260 = CARTESIAN_POINT('',(4.696195394492,21.794494717703));
#6261 = CARTESIAN_POINT('',(4.728714905875,21.794494717703));
#6262 = CARTESIAN_POINT('',(4.745021262381,21.822797189617));
#6263 = CARTESIAN_POINT('',(4.761296035075,21.879283813125));
#6264 = CARTESIAN_POINT('',(4.777526234902,21.963448549559));
#6265 = CARTESIAN_POINT('',(4.793696525833,22.074391124051));
#6266 = CARTESIAN_POINT('',(4.809787764269,22.210814393837));
#6267 = CARTESIAN_POINT('',(4.825775450601,22.371025602741));
#6268 = CARTESIAN_POINT('',(4.85135637921,22.664577809752));
#6269 = CARTESIAN_POINT('',(4.861041141151,22.784471996337));
#6270 = CARTESIAN_POINT('',(4.870683403673,22.912260890355));
#6271 = CARTESIAN_POINT('',(4.880283738746,23.047572024218));
#6272 = CARTESIAN_POINT('',(4.889842257979,23.190024246155));
#6273 = CARTESIAN_POINT('',(4.899358605232,23.339228312393));
#6274 = CARTESIAN_POINT('',(4.908831949219,23.494787479348));
#6275 = CARTESIAN_POINT('',(4.965098611742,24.458584003237));
#6276 = CARTESIAN_POINT('',(5.010971814324,25.409930540607));
#6277 = CARTESIAN_POINT('',(5.056106677979,26.469104160936));
#6278 = CARTESIAN_POINT('',(5.100638387939,27.6008140406));
#6279 = CARTESIAN_POINT('',(5.144722430402,28.77981424818));
#6280 = CARTESIAN_POINT('',(5.188599532877,29.990885079488));
#6281 = CARTESIAN_POINT('',(5.232629657874,31.22699589219));
#6282 = CARTESIAN_POINT('',(5.328521563271,33.929771289304));
#6283 = CARTESIAN_POINT('',(5.380059114255,35.388838843911));
#6284 = CARTESIAN_POINT('',(5.432358662593,36.851745926471));
#6285 = CARTESIAN_POINT('',(5.485812930113,38.309598798528));
#6286 = CARTESIAN_POINT('',(5.540783842509,39.751574657414));
#6287 = CARTESIAN_POINT('',(5.597608588337,41.163239625682));
#6288 = CARTESIAN_POINT('',(5.656616424081,42.525092233728));
#6289 = CARTESIAN_POINT('',(5.739362258735,44.254665194606));
#6290 = CARTESIAN_POINT('',(5.760900332201,44.689584948977));
#6291 = CARTESIAN_POINT('',(5.782777069992,45.11490137531));
#6292 = CARTESIAN_POINT('',(5.805009490253,45.529446941538));
#6293 = CARTESIAN_POINT('',(5.827614402705,45.93192569793));
#6294 = CARTESIAN_POINT('',(5.850608567934,46.320907764697));
#6295 = CARTESIAN_POINT('',(5.874008856681,46.69482381959));
#6296 = CARTESIAN_POINT('',(5.915197158782,47.312272281225));
#6297 = CARTESIAN_POINT('',(5.932790898841,47.563731738004));
#6298 = CARTESIAN_POINT('',(5.950611691555,47.805535012585));
#6299 = CARTESIAN_POINT('',(5.968657948458,48.03687596421));
#6300 = CARTESIAN_POINT('',(5.986928458388,48.256945794705));
#6301 = CARTESIAN_POINT('',(6.005422415491,48.464933588548));
#6302 = CARTESIAN_POINT('',(6.024139447231,48.660026852959));
#6303 = CARTESIAN_POINT('',(6.071735723922,49.115843719312));
#6304 = CARTESIAN_POINT('',(6.100959934732,49.359444980258));
#6305 = CARTESIAN_POINT('',(6.130654234284,49.568200212175));
#6306 = CARTESIAN_POINT('',(6.160728364579,49.738815451177));
#6307 = CARTESIAN_POINT('',(6.191097994847,49.868733730067));
#6308 = CARTESIAN_POINT('',(6.221682822758,49.956146336872));
#6309 = CARTESIAN_POINT('',(6.252404632136,50.));
#6310 = CARTESIAN_POINT('',(6.28318530718,50.));
#6311 = ( GEOMETRIC_REPRESENTATION_CONTEXT(2) 
PARAMETRIC_REPRESENTATION_CONTEXT() REPRESENTATION_CONTEXT('2D SPACE',''
  ) );
#6312 = PCURVE('',#3947,#6313);
#6313 = DEFINITIONAL_REPRESENTATION('',(#6314),#6527);
#6314 = B_SPLINE_CURVE_WITH_KNOTS('',8,(#6315,#6316,#6317,#6318,#6319,
    #6320,#6321,#6322,#6323,#6324,#6325,#6326,#6327,#6328,#6329,#6330,
    #6331,#6332,#6333,#6334,#6335,#6336,#6337,#6338,#6339,#6340,#6341,
    #6342,#6343,#6344,#6345,#6346,#6347,#6348,#6349,#6350,#6351,#6352,
    #6353,#6354,#6355,#6356,#6357,#6358,#6359,#6360,#6361,#6362,#6363,
    #6364,#6365,#6366,#6367,#6368,#6369,#6370,#6371,#6372,#6373,#6374,
    #6375,#6376,#6377,#6378,#6379,#6380,#6381,#6382,#6383,#6384,#6385,
    #6386,#6387,#6388,#6389,#6390,#6391,#6392,#6393,#6394,#6395,#6396,
    #6397,#6398,#6399,#6400,#6401,#6402,#6403,#6404,#6405,#6406,#6407,
    #6408,#6409,#6410,#6411,#6412,#6413,#6414,#6415,#6416,#6417,#6418,
    #6419,#6420,#6421,#6422,#6423,#6424,#6425,#6426,#6427,#6428,#6429,
    #6430,#6431,#6432,#6433,#6434,#6435,#6436,#6437,#6438,#6439,#6440,
    #6441,#6442,#6443,#6444,#6445,#6446,#6447,#6448,#6449,#6450,#6451,
    #6452,#6453,#6454,#6455,#6456,#6457,#6458,#6459,#6460,#6461,#6462,
    #6463,#6464,#6465,#6466,#6467,#6468,#6469,#6470,#6471,#6472,#6473,
    #6474,#6475,#6476,#6477,#6478,#6479,#6480,#6481,#6482,#6483,#6484,
    #6485,#6486,#6487,#6488,#6489,#6490,#6491,#6492,#6493,#6494,#6495,
    #6496,#6497,#6498,#6499,#6500,#6501,#6502,#6503,#6504,#6505,#6506,
    #6507,#6508,#6509,#6510,#6511,#6512,#6513,#6514,#6515,#6516,#6517,
    #6518,#6519,#6520,#6521,#6522,#6523,#6524,#6525,#6526),
  .UNSPECIFIED.,.T.,.F.,(9,7,7,7,7,7,7,7,7,7,7,7,7,7,7,7,7,7,7,7,7,7,7,7
    ,7,7,7,7,7,7,9),(0.,2.870534340353E-02,4.767370469133E-02,
    7.364963658027E-02,0.149101187623,0.215093443877,0.228358787245,
    0.249981576518,0.271588270717,0.284847647351,0.350892796185,
    0.42642918708,0.452265366306,0.471245544907,0.481020480927,
    0.499999119529,0.51897775821,0.528741221176,0.547709688474,
    0.573685497014,0.649318490642,0.715326507495,0.728582472991,
    0.750013888367,0.771620448699,0.784879740149,0.850743786157,
    0.926261589778,0.952302070305,0.97128271669,1.),.UNSPECIFIED.);
#6315 = CARTESIAN_POINT('',(4.712388980385,5.));
#6316 = CARTESIAN_POINT('',(4.74008067636,5.));
#6317 = CARTESIAN_POINT('',(4.767719299675,5.04868788903));
#6318 = CARTESIAN_POINT('',(4.795227078032,5.145735861812));
#6319 = CARTESIAN_POINT('',(4.822526293832,5.290030822546));
#6320 = CARTESIAN_POINT('',(4.849537709533,5.479676496544));
#6321 = CARTESIAN_POINT('',(4.876179113184,5.711991588255));
#6322 = CARTESIAN_POINT('',(4.902363984134,5.983503985666));
#6323 = CARTESIAN_POINT('',(4.944940626727,6.492433213611));
#6324 = CARTESIAN_POINT('',(4.961663709482,6.710441525714));
#6325 = CARTESIAN_POINT('',(4.978168220171,6.943119000877));
#6326 = CARTESIAN_POINT('',(4.994452539182,7.189622933907));
#6327 = CARTESIAN_POINT('',(5.010514759786,7.449114391127));
#6328 = CARTESIAN_POINT('',(5.026352713643,7.720757740586));
#6329 = CARTESIAN_POINT('',(5.041963996293,8.003720182255));
#6330 = CARTESIAN_POINT('',(5.078410632027,8.699033387781));
#6331 = CARTESIAN_POINT('',(5.099052163991,9.120696573321));
#6332 = CARTESIAN_POINT('',(5.119283346888,9.560433296106));
#6333 = CARTESIAN_POINT('',(5.139116799515,10.016678004033));
#6334 = CARTESIAN_POINT('',(5.158565068207,10.48802240881));
#6335 = CARTESIAN_POINT('',(5.177640693925,10.97321076313));
#6336 = CARTESIAN_POINT('',(5.196356279342,11.471135137835));
#6337 = CARTESIAN_POINT('',(5.268078366841,13.461328908753));
#6338 = CARTESIAN_POINT('',(5.31865852776,15.045492056205));
#6339 = CARTESIAN_POINT('',(5.366697245256,16.709341042798));
#6340 = CARTESIAN_POINT('',(5.412406297387,18.436703999792));
#6341 = CARTESIAN_POINT('',(5.455981427221,20.218020654214));
#6342 = CARTESIAN_POINT('',(5.497595984434,22.049843904363));
#6343 = CARTESIAN_POINT('',(5.537383687865,23.934198885558));
#6344 = CARTESIAN_POINT('',(5.608577049729,27.579209215457));
#6345 = CARTESIAN_POINT('',(5.640109062018,29.310441338189));
#6346 = CARTESIAN_POINT('',(5.670150865311,31.082985330086));
#6347 = CARTESIAN_POINT('',(5.698695076045,32.906443989474));
#6348 = CARTESIAN_POINT('',(5.725520936885,34.787011006563));
#6349 = CARTESIAN_POINT('',(5.750187329889,36.727268073126));
#6350 = CARTESIAN_POINT('',(5.772044265724,38.728535521637));
#6351 = CARTESIAN_POINT('',(5.793970902055,41.211054203919));
#6352 = CARTESIAN_POINT('',(5.797497345433,41.629442726625));
#6353 = CARTESIAN_POINT('',(5.800872405249,42.050621863473));
#6354 = CARTESIAN_POINT('',(5.804088284604,42.474511248705));
#6355 = CARTESIAN_POINT('',(5.807137350643,42.901048927676));
#6356 = CARTESIAN_POINT('',(5.810012129384,43.330191343164));
#6357 = CARTESIAN_POINT('',(5.812705300535,43.761913321691));
#6358 = CARTESIAN_POINT('',(5.819291903733,44.904117636265));
#6359 = CARTESIAN_POINT('',(5.822877563277,45.619735287242));
#6360 = CARTESIAN_POINT('',(5.825924064835,46.341430294689));
#6361 = CARTESIAN_POINT('',(5.828397330984,47.067847612227));
#6362 = CARTESIAN_POINT('',(5.830271491241,47.797849277471));
#6363 = CARTESIAN_POINT('',(5.831528614459,48.53045558669));
#6364 = CARTESIAN_POINT('',(5.832158495383,49.264786031847));
#6365 = CARTESIAN_POINT('',(5.832158495383,50.734666706491));
#6366 = CARTESIAN_POINT('',(5.831529551812,51.468452887407));
#6367 = CARTESIAN_POINT('',(5.830274292409,52.200519085323));
#6368 = CARTESIAN_POINT('',(5.828402892427,52.92998610123));
#6369 = CARTESIAN_POINT('',(5.825933233308,53.655875881941));
#6370 = CARTESIAN_POINT('',(5.822891115307,54.377052643672));
#6371 = CARTESIAN_POINT('',(5.819310524041,55.092164231777));
#6372 = CARTESIAN_POINT('',(5.812732281041,56.233705720787));
#6373 = CARTESIAN_POINT('',(5.810041944055,56.665258137019));
#6374 = CARTESIAN_POINT('',(5.807170101353,57.094234028464));
#6375 = CARTESIAN_POINT('',(5.804124063393,57.520608098479));
#6376 = CARTESIAN_POINT('',(5.800911294945,57.944336676974));
#6377 = CARTESIAN_POINT('',(5.797539420255,58.365357706723));
#6378 = CARTESIAN_POINT('',(5.794016228218,58.783590729668));
#6379 = CARTESIAN_POINT('',(5.772086535057,61.267782085718));
#6380 = CARTESIAN_POINT('',(5.750215812192,63.270760304609));
#6381 = CARTESIAN_POINT('',(5.725530362321,65.212630412167));
#6382 = CARTESIAN_POINT('',(5.698681965636,67.094711826317));
#6383 = CARTESIAN_POINT('',(5.670112866319,68.919587930983));
#6384 = CARTESIAN_POINT('',(5.640044253456,70.69346702021));
#6385 = CARTESIAN_POINT('',(5.608483287116,72.425977706972));
#6386 = CARTESIAN_POINT('',(5.5372092119,76.07429057186));
#6387 = CARTESIAN_POINT('',(5.497369316186,77.960541243125));
#6388 = CARTESIAN_POINT('',(5.455698542208,79.794142435677));
#6389 = CARTESIAN_POINT('',(5.412062149873,81.577124930898));
#6390 = CARTESIAN_POINT('',(5.366285792619,83.306015163932));
#6391 = CARTESIAN_POINT('',(5.318172753149,84.971190535092));
#6392 = CARTESIAN_POINT('',(5.267510291885,86.556378901173));
#6393 = CARTESIAN_POINT('',(5.195784997097,88.544035915174));
#6394 = CARTESIAN_POINT('',(5.177160730667,89.038952041483));
#6395 = CARTESIAN_POINT('',(5.158179911615,89.521247646574));
#6396 = CARTESIAN_POINT('',(5.138830202935,89.989828079062));
#6397 = CARTESIAN_POINT('',(5.119099319463,90.443454569705));
#6398 = CARTESIAN_POINT('',(5.098974962946,90.880739560426));
#6399 = CARTESIAN_POINT('',(5.078444757119,91.300142033333));
#6400 = CARTESIAN_POINT('',(5.042106613,91.993685462099));
#6401 = CARTESIAN_POINT('',(5.026487518632,92.276911268227));
#6402 = CARTESIAN_POINT('',(5.01064149827,92.548808943685));
#6403 = CARTESIAN_POINT('',(4.994570940256,92.808544679845));
#6404 = CARTESIAN_POINT('',(4.978277996985,93.055281702576));
#6405 = CARTESIAN_POINT('',(4.96176455924,93.28817980091));
#6406 = CARTESIAN_POINT('',(4.945032230518,93.506394855724));
#6407 = CARTESIAN_POINT('',(4.919352959203,93.813461915613));
#6408 = CARTESIAN_POINT('',(4.91056736537,93.913708480504));
#6409 = CARTESIAN_POINT('',(4.901727547209,94.009682776008));
#6410 = CARTESIAN_POINT('',(4.892835492661,94.101255183092));
#6411 = CARTESIAN_POINT('',(4.883893150251,94.188301750771));
#6412 = CARTESIAN_POINT('',(4.874902429091,94.270704196111));
#6413 = CARTESIAN_POINT('',(4.865865198877,94.348349904227));
#6414 = CARTESIAN_POINT('',(4.839150205839,94.562442697839));
#6415 = CARTESIAN_POINT('',(4.821340784668,94.685482363666));
#6416 = CARTESIAN_POINT('',(4.803384633213,94.789307632822));
#6417 = CARTESIAN_POINT('',(4.785310460226,94.873158316014));
#6418 = CARTESIAN_POINT('',(4.767146302897,94.936456969904));
#6419 = CARTESIAN_POINT('',(4.748919753382,94.978808539409));
#6420 = CARTESIAN_POINT('',(4.730658185325,95.));
#6421 = CARTESIAN_POINT('',(4.694119775368,95.));
#6422 = CARTESIAN_POINT('',(4.675858207431,94.978808539707));
#6423 = CARTESIAN_POINT('',(4.657631657949,94.936456970069));
#6424 = CARTESIAN_POINT('',(4.639467500544,94.873158315765));
#6425 = CARTESIAN_POINT('',(4.62139332748,94.789307632385));
#6426 = CARTESIAN_POINT('',(4.603437176058,94.685482363619));
#6427 = CARTESIAN_POINT('',(4.585627755005,94.562442698438));
#6428 = CARTESIAN_POINT('',(4.558923421526,94.348435330064));
#6429 = CARTESIAN_POINT('',(4.549896749006,94.2708864814));
#6430 = CARTESIAN_POINT('',(4.540916476688,94.188591954938));
#6431 = CARTESIAN_POINT('',(4.531984467168,94.101663963189));
#6432 = CARTESIAN_POINT('',(4.523102622267,94.010220358532));
#6433 = CARTESIAN_POINT('',(4.51427288303,93.914384633214));
#6434 = CARTESIAN_POINT('',(4.505497229728,93.814285919349));
#6435 = CARTESIAN_POINT('',(4.479837334031,93.507566786254));
#6436 = CARTESIAN_POINT('',(4.463114251283,93.289558474211));
#6437 = CARTESIAN_POINT('',(4.446609740603,93.056880999178));
#6438 = CARTESIAN_POINT('',(4.430325421597,92.810377066234));
#6439 = CARTESIAN_POINT('',(4.414263200989,92.550885608979));
#6440 = CARTESIAN_POINT('',(4.398425247123,92.279242259372));
#6441 = CARTESIAN_POINT('',(4.382813964467,91.996279817573));
#6442 = CARTESIAN_POINT('',(4.346367546507,91.300970766643));
#6443 = CARTESIAN_POINT('',(4.325726078913,90.879309374406));
#6444 = CARTESIAN_POINT('',(4.30549484353,90.4395720721));
#6445 = CARTESIAN_POINT('',(4.285661264958,89.983324820114));
#6446 = CARTESIAN_POINT('',(4.266212847592,89.511976808803));
#6447 = CARTESIAN_POINT('',(4.247137109012,89.026785255104));
#6448 = CARTESIAN_POINT('',(4.228421513383,88.528860199156));
#6449 = CARTESIAN_POINT('',(4.156571526346,86.535117383958));
#6450 = CARTESIAN_POINT('',(4.105876158304,84.946889191404));
#6451 = CARTESIAN_POINT('',(4.057733564226,83.278635430981));
#6452 = CARTESIAN_POINT('',(4.011930668642,81.546628539389));
#6453 = CARTESIAN_POINT('',(3.968270628531,79.760473895929));
#6454 = CARTESIAN_POINT('',(3.926579299142,77.923612972607));
#6455 = CARTESIAN_POINT('',(3.886722722215,76.033973649756));
#6456 = CARTESIAN_POINT('',(3.815489983294,72.382115858428));
#6457 = CARTESIAN_POINT('',(3.783979332856,70.649624574699));
#6458 = CARTESIAN_POINT('',(3.753960677781,68.875725028858));
#6459 = CARTESIAN_POINT('',(3.725442990607,67.050782710553));
#6460 = CARTESIAN_POINT('',(3.698649636445,65.168607937832));
#6461 = CARTESIAN_POINT('',(3.67402500533,63.226630236407));
#6462 = CARTESIAN_POINT('',(3.652222530163,61.223510076886));
#6463 = CARTESIAN_POINT('',(3.630383971892,58.738906466356));
#6464 = CARTESIAN_POINT('',(3.626875580311,58.320498863595));
#6465 = CARTESIAN_POINT('',(3.623519023388,57.899305286295));
#6466 = CARTESIAN_POINT('',(3.62032210807,57.475408126242));
#6467 = CARTESIAN_POINT('',(3.617292468357,57.048871180892));
#6468 = CARTESIAN_POINT('',(3.61443757053,56.619739667356));
#6469 = CARTESIAN_POINT('',(3.611764718381,56.188040236385));
#6470 = CARTESIAN_POINT('',(3.605265632487,55.051697809494));
#6471 = CARTESIAN_POINT('',(3.601739987966,54.342095242317));
#6472 = CARTESIAN_POINT('',(3.59874538187,53.626559385711));
#6473 = CARTESIAN_POINT('',(3.596314811173,52.906411188051));
#6474 = CARTESIAN_POINT('',(3.594473319746,52.182762877264));
#6475 = CARTESIAN_POINT('',(3.593238253731,51.456574613892));
#6476 = CARTESIAN_POINT('',(3.592619465386,50.728711365153));
#6477 = CARTESIAN_POINT('',(3.592619465386,49.265333352939));
#6478 = CARTESIAN_POINT('',(3.593248408855,48.531547223709));
#6479 = CARTESIAN_POINT('',(3.594503668078,47.799481065621));
#6480 = CARTESIAN_POINT('',(3.596375067847,47.070014073287));
#6481 = CARTESIAN_POINT('',(3.598844726785,46.344124295082));
#6482 = CARTESIAN_POINT('',(3.601886844728,45.622947509396));
#6483 = CARTESIAN_POINT('',(3.605467436173,44.90783586469));
#6484 = CARTESIAN_POINT('',(3.612045679497,43.766294319336));
#6485 = CARTESIAN_POINT('',(3.614736016286,43.33474193072));
#6486 = CARTESIAN_POINT('',(3.617607858845,42.905766054874));
#6487 = CARTESIAN_POINT('',(3.620653896731,42.479391988955));
#6488 = CARTESIAN_POINT('',(3.623866665189,42.055663403593));
#6489 = CARTESIAN_POINT('',(3.627238539985,41.634642356584));
#6490 = CARTESIAN_POINT('',(3.630761732231,41.216409306577));
#6491 = CARTESIAN_POINT('',(3.65264146483,38.737877473278));
#6492 = CARTESIAN_POINT('',(3.674442165808,36.740238630801));
#6493 = CARTESIAN_POINT('',(3.699043821046,34.80341736388));
#6494 = CARTESIAN_POINT('',(3.725799633712,32.926082683568));
#6495 = CARTESIAN_POINT('',(3.75427008883,31.105659889268));
#6496 = CARTESIAN_POINT('',(3.784234549067,29.335991785718));
#6497 = CARTESIAN_POINT('',(3.815684494051,27.607526817615));
#6498 = CARTESIAN_POINT('',(3.886794092413,23.962810933088));
#6499 = CARTESIAN_POINT('',(3.926591141981,22.076170277068));
#6500 = CARTESIAN_POINT('',(3.968217542934,20.242147602327));
#6501 = CARTESIAN_POINT('',(4.011806431962,18.45868839564));
#6502 = CARTESIAN_POINT('',(4.057530989273,16.729215348233));
#6503 = CARTESIAN_POINT('',(4.105587021298,15.063273199163));
#6504 = CARTESIAN_POINT('',(4.156186518737,13.477029104285));
#6505 = CARTESIAN_POINT('',(4.227967250741,11.483249516823));
#6506 = CARTESIAN_POINT('',(4.246721214791,10.98383675812));
#6507 = CARTESIAN_POINT('',(4.265836739982,10.497203776511));
#6508 = CARTESIAN_POINT('',(4.285326534202,10.02446416137));
#6509 = CARTESIAN_POINT('',(4.305203242346,9.566880806026));
#6510 = CARTESIAN_POINT('',(4.325479514108,9.125870687234));
#6511 = CARTESIAN_POINT('',(4.346168071773,8.703009644644));
#6512 = CARTESIAN_POINT('',(4.382671347771,8.006314537872));
#6513 = CARTESIAN_POINT('',(4.398290442138,7.723088731767));
#6514 = CARTESIAN_POINT('',(4.414136462498,7.451191056337));
#6515 = CARTESIAN_POINT('',(4.430207020512,7.191455320182));
#6516 = CARTESIAN_POINT('',(4.446499963784,6.944718297435));
#6517 = CARTESIAN_POINT('',(4.46301340153,6.711820199077));
#6518 = CARTESIAN_POINT('',(4.479745730253,6.493605144251));
#6519 = CARTESIAN_POINT('',(4.522340514071,5.984266118503));
#6520 = CARTESIAN_POINT('',(4.548534743555,5.712550747046));
#6521 = CARTESIAN_POINT('',(4.575186133463,5.480056283888));
#6522 = CARTESIAN_POINT('',(4.602208005835,5.290261201714));
#6523 = CARTESIAN_POINT('',(4.629518001588,5.145851451167));
#6524 = CARTESIAN_POINT('',(4.657036742515,5.048726265795));
#6525 = CARTESIAN_POINT('',(4.684686372846,5.));
#6526 = CARTESIAN_POINT('',(4.712388980385,5.));
#6527 = ( GEOMETRIC_REPRESENTATION_CONTEXT(2) 
PARAMETRIC_REPRESENTATION_CONTEXT() REPRESENTATION_CONTEXT('2D SPACE',''
  ) );
#6528 = ORIENTED_EDGE('',*,*,#4168,.T.);
#6529 = ORIENTED_EDGE('',*,*,#6530,.T.);
#6530 = EDGE_CURVE('',#3514,#5859,#6531,.T.);
#6531 = SURFACE_CURVE('',#6532,(#6745,#6961),.PCURVE_S1.);
#6532 = B_SPLINE_CURVE_WITH_KNOTS('',8,(#6533,#6534,#6535,#6536,#6537,
    #6538,#6539,#6540,#6541,#6542,#6543,#6544,#6545,#6546,#6547,#6548,
    #6549,#6550,#6551,#6552,#6553,#6554,#6555,#6556,#6557,#6558,#6559,
    #6560,#6561,#6562,#6563,#6564,#6565,#6566,#6567,#6568,#6569,#6570,
    #6571,#6572,#6573,#6574,#6575,#6576,#6577,#6578,#6579,#6580,#6581,
    #6582,#6583,#6584,#6585,#6586,#6587,#6588,#6589,#6590,#6591,#6592,
    #6593,#6594,#6595,#6596,#6597,#6598,#6599,#6600,#6601,#6602,#6603,
    #6604,#6605,#6606,#6607,#6608,#6609,#6610,#6611,#6612,#6613,#6614,
    #6615,#6616,#6617,#6618,#6619,#6620,#6621,#6622,#6623,#6624,#6625,
    #6626,#6627,#6628,#6629,#6630,#6631,#6632,#6633,#6634,#6635,#6636,
    #6637,#6638,#6639,#6640,#6641,#6642,#6643,#6644,#6645,#6646,#6647,
    #6648,#6649,#6650,#6651,#6652,#6653,#6654,#6655,#6656,#6657,#6658,
    #6659,#6660,#6661,#6662,#6663,#6664,#6665,#6666,#6667,#6668,#6669,
    #6670,#6671,#6672,#6673,#6674,#6675,#6676,#6677,#6678,#6679,#6680,
    #6681,#6682,#6683,#6684,#6685,#6686,#6687,#6688,#6689,#6690,#6691,
    #6692,#6693,#6694,#6695,#6696,#6697,#6698,#6699,#6700,#6701,#6702,
    #6703,#6704,#6705,#6706,#6707,#6708,#6709,#6710,#6711,#6712,#6713,
    #6714,#6715,#6716,#6717,#6718,#6719,#6720,#6721,#6722,#6723,#6724,
    #6725,#6726,#6727,#6728,#6729,#6730,#6731,#6732,#6733,#6734,#6735,
    #6736,#6737,#6738,#6739,#6740,#6741,#6742,#6743,#6744),
  .UNSPECIFIED.,.T.,.F.,(9,7,7,7,7,7,7,7,7,7,7,7,7,7,7,7,7,7,7,7,7,7,7,7
    ,7,7,7,7,7,7,9),(0.,2.870534340353E-02,4.767370469133E-02,
    7.364963658027E-02,0.149101187623,0.215093443877,0.228358787245,
    0.249981576518,0.271588270717,0.284847647351,0.350892796185,
    0.42642918708,0.452265366306,0.471245544907,0.481020480927,
    0.499999119529,0.51897775821,0.528741221176,0.547709688474,
    0.573685497014,0.649318490642,0.715326507495,0.728582472991,
    0.750013888367,0.771620448699,0.784879740149,0.850743786157,
    0.926261589778,0.952302070305,0.97128271669,1.),.UNSPECIFIED.);
#6533 = CARTESIAN_POINT('',(330.,210.,293.));
#6534 = CARTESIAN_POINT('',(331.38458479877,210.,293.));
#6535 = CARTESIAN_POINT('',(332.76651577814,210.04381912409,
    293.04868788903));
#6536 = CARTESIAN_POINT('',(334.14028726097,210.13116223953,
    293.14573586181));
#6537 = CARTESIAN_POINT('',(335.50042023051,210.260977287,
    293.29003082254));
#6538 = CARTESIAN_POINT('',(336.84148658466,210.43145837792,
    293.47967649654));
#6539 = CARTESIAN_POINT('',(338.15813169876,210.6400529537,
    293.71199158825));
#6540 = CARTESIAN_POINT('',(339.44509529687,210.88347300696,
    293.98350398566));
#6541 = CARTESIAN_POINT('',(341.52463600613,211.3389251723,
    294.49243321361));
#6542 = CARTESIAN_POINT('',(342.33792127348,211.5338346617,
    294.71044152571));
#6543 = CARTESIAN_POINT('',(343.136818246,211.74162679948,
    294.94311900087));
#6544 = CARTESIAN_POINT('',(343.92108329768,211.9614904691,
    295.1896229339));
#6545 = CARTESIAN_POINT('',(344.69049735841,212.19261601146,
    295.44911439112));
#6546 = CARTESIAN_POINT('',(345.44486590826,212.43419576551,
    295.72075774058));
#6547 = CARTESIAN_POINT('',(346.18401897174,212.68542460876,
    296.00372018225));
#6548 = CARTESIAN_POINT('',(347.89899717476,213.30165744143,
    296.69903338778));
#6549 = CARTESIAN_POINT('',(348.86169955316,213.67452219116,
    297.12069657332));
#6550 = CARTESIAN_POINT('',(349.79645278257,214.06239232837,
    297.5604332961));
#6551 = CARTESIAN_POINT('',(350.70385707346,214.46370891393,
    298.01667800403));
#6552 = CARTESIAN_POINT('',(351.5845677183,214.8770510511,
    298.48802240881));
#6553 = CARTESIAN_POINT('',(352.4392844984,215.30113044841,
    298.97321076313));
#6554 = CARTESIAN_POINT('',(353.26874109075,215.73478598252,
    299.47113513783));
#6555 = CARTESIAN_POINT('',(356.41181969039,217.46140160407,
    301.46132890875));
#6556 = CARTESIAN_POINT('',(358.55007663361,218.82162187391,
    303.0454920562));
#6557 = CARTESIAN_POINT('',(360.50274796779,220.23171783101,
    304.70934104279));
#6558 = CARTESIAN_POINT('',(362.28518636341,221.67220253476,
    306.43670399979));
#6559 = CARTESIAN_POINT('',(363.91240262408,223.12865346582,
    308.21802065421));
#6560 = CARTESIAN_POINT('',(365.3982239797,224.5902634746,
    310.04984390436));
#6561 = CARTESIAN_POINT('',(366.75430469442,226.04816987392,
    311.93419888555));
#6562 = CARTESIAN_POINT('',(369.06873788081,228.75272824078,
    315.57920921545));
#6563 = CARTESIAN_POINT('',(370.04591497723,229.99158619383,
    317.31044133818));
#6564 = CARTESIAN_POINT('',(370.93342762883,231.20543175472,
    319.08298533009));
#6565 = CARTESIAN_POINT('',(371.73644758582,232.3872384495,
    320.90644398946));
#6566 = CARTESIAN_POINT('',(372.45429799718,233.5217503465,
    322.78701100657));
#6567 = CARTESIAN_POINT('',(373.08278114397,234.58361960111,
    324.72726807312));
#6568 = CARTESIAN_POINT('',(373.61666217381,235.53737431416,
    326.72853552163));
#6569 = CARTESIAN_POINT('',(374.13541219447,236.50321170627,
    329.21105420391));
#6570 = CARTESIAN_POINT('',(374.21816437331,236.6589107166,
    329.62944272662));
#6571 = CARTESIAN_POINT('',(374.29674797627,236.80825249909,
    330.05062186347));
#6572 = CARTESIAN_POINT('',(374.37107331477,236.95083988371,
    330.4745112487));
#6573 = CARTESIAN_POINT('',(374.4410566131,237.08628317055,
    330.90104892767));
#6574 = CARTESIAN_POINT('',(374.50661803917,237.21420072273,
    331.33019134316));
#6575 = CARTESIAN_POINT('',(374.56767973507,237.33421955949,
    331.76191332169));
#6576 = CARTESIAN_POINT('',(374.716234142,237.62814121977,
    332.90411763626));
#6577 = CARTESIAN_POINT('',(374.79625542478,237.78857783562,
    333.61973528724));
#6578 = CARTESIAN_POINT('',(374.86362574953,237.92519697846,
    334.34143029468));
#6579 = CARTESIAN_POINT('',(374.91792738749,238.03630130724,
    335.06784761222));
#6580 = CARTESIAN_POINT('',(374.95887380911,238.12059012178,
    335.79784927747));
#6581 = CARTESIAN_POINT('',(374.98627198405,238.1771606248,
    336.53045558668));
#6582 = CARTESIAN_POINT('',(375.,238.20550528229,337.26478603184));
#6583 = CARTESIAN_POINT('',(375.,238.20550528229,338.73466670649));
#6584 = CARTESIAN_POINT('',(374.98629241362,238.1772028058,
    339.4684528874));
#6585 = CARTESIAN_POINT('',(374.95893485854,238.12071617419,
    340.20051908532));
#6586 = CARTESIAN_POINT('',(374.91804889344,238.03655142814,
    340.92998610123));
#6587 = CARTESIAN_POINT('',(374.86382704772,237.92560884557,
    341.65587588194));
#6588 = CARTESIAN_POINT('',(374.79655511048,237.78918557325,
    342.37705264367));
#6589 = CARTESIAN_POINT('',(374.71664967874,237.62897437245,
    343.09216423177));
#6590 = CARTESIAN_POINT('',(374.56829094905,237.33542217993,
    344.23370572078));
#6591 = CARTESIAN_POINT('',(374.50729677819,237.21552798459,
    344.66525813701));
#6592 = CARTESIAN_POINT('',(374.44180620166,237.08773908423,
    345.09423402846));
#6593 = CARTESIAN_POINT('',(374.37189698293,236.95242794715,
    345.52060809847));
#6594 = CARTESIAN_POINT('',(374.29764886696,236.80997572573,
    345.94433667697));
#6595 = CARTESIAN_POINT('',(374.21914554736,236.66077166422,
    346.36535770672));
#6596 = CARTESIAN_POINT('',(374.13647663353,236.50521250655,
    346.78359072966));
#6597 = CARTESIAN_POINT('',(373.61770127496,235.5392152329,
    349.26778208571));
#6598 = CARTESIAN_POINT('',(373.0835287719,234.58483352862,
    351.2707603046));
#6599 = CARTESIAN_POINT('',(372.45459539293,233.52212223677,
    353.21263041216));
#6600 = CARTESIAN_POINT('',(371.73614905911,232.38665012257,
    355.09471182631));
#6601 = CARTESIAN_POINT('',(370.93240087147,231.20382858309,
    356.91958793098));
#6602 = CARTESIAN_POINT('',(370.04403027592,229.98894448255,
    358.6934670202));
#6603 = CARTESIAN_POINT('',(369.06584819564,228.74903068603,
    360.42597770697));
#6604 = CARTESIAN_POINT('',(366.74845076624,226.04169737647,
    364.07429057186));
#6605 = CARTESIAN_POINT('',(365.39032889125,224.58211669013,
    365.96054124311));
#6606 = CARTESIAN_POINT('',(363.90215146334,223.11887418766,
    367.7941424357));
#6607 = CARTESIAN_POINT('',(362.27220675658,221.66084791662,
    369.57712493085));
#6608 = CARTESIAN_POINT('',(360.48660235525,220.21888318668,
    371.30601516396));
#6609 = CARTESIAN_POINT('',(358.53026093327,218.80746834589,
    372.97119053508));
#6610 = CARTESIAN_POINT('',(356.38776757557,217.44619081175,
    374.55637890117));
#6611 = CARTESIAN_POINT('',(353.24341054013,215.7215709653,
    376.54403591517));
#6612 = CARTESIAN_POINT('',(352.41776024302,215.2904964275,
    377.03895204148));
#6613 = CARTESIAN_POINT('',(351.56710034364,214.86891785017,
    377.52124764657));
#6614 = CARTESIAN_POINT('',(350.69071216014,214.45798159794,
    377.98982807906));
#6615 = CARTESIAN_POINT('',(349.78791011972,214.05895807354,
    378.4434545697));
#6616 = CARTESIAN_POINT('',(348.85805205751,213.67324704864,
    378.88073956042));
#6617 = CARTESIAN_POINT('',(347.90054951553,213.30238299484,
    379.30014203333));
#6618 = CARTESIAN_POINT('',(346.19076862701,212.6877277188,
    379.99368546209));
#6619 = CARTESIAN_POINT('',(345.45128124208,212.436268262,
    380.27691126822));
#6620 = CARTESIAN_POINT('',(344.69656044883,212.19446498739,
    380.54880894368));
#6621 = CARTESIAN_POINT('',(343.92677539806,211.96312403576,
    380.80854467984));
#6622 = CARTESIAN_POINT('',(343.1421198386,211.74305420528,
    381.05528170257));
#6623 = CARTESIAN_POINT('',(342.34281212649,211.53506641146,
    381.28817980091));
#6624 = CARTESIAN_POINT('',(341.52909523415,211.33997314706,
    381.50639485572));
#6625 = CARTESIAN_POINT('',(340.27488336251,211.06517318491,
    381.81346191561));
#6626 = CARTESIAN_POINT('',(339.84485042841,210.97540985658,
    381.9137084805));
#6627 = CARTESIAN_POINT('',(339.41126582605,210.88942659066,
    382.009682776));
#6628 = CARTESIAN_POINT('',(338.97425899922,210.8073466568,
    382.10125518309));
#6629 = CARTESIAN_POINT('',(338.53396096664,210.72928796073,
    382.18830175077));
#6630 = CARTESIAN_POINT('',(338.090504322,210.65536304423,
    382.27070419611));
#6631 = CARTESIAN_POINT('',(337.64402323397,210.58567908515,
    382.34834990422));
#6632 = CARTESIAN_POINT('',(336.32217440537,210.39347396842,
    382.56244269783));
#6633 = CARTESIAN_POINT('',(335.43841383069,210.28292353864,
    382.68548236366));
#6634 = CARTESIAN_POINT('',(334.54516007488,210.18957545633,
    382.78930763282));
#6635 = CARTESIAN_POINT('',(333.64421716767,210.11414815978,
    382.87315831601));
#6636 = CARTESIAN_POINT('',(332.73740154233,210.05718876216,
    382.9364569699));
#6637 = CARTESIAN_POINT('',(331.82653876214,210.01907213639,
    382.9788085394));
#6638 = CARTESIAN_POINT('',(330.91346024701,210.,383.));
#6639 = CARTESIAN_POINT('',(329.08653974916,210.,383.));
#6640 = CARTESIAN_POINT('',(328.17346124001,210.01907213612,
    382.9788085397));
#6641 = CARTESIAN_POINT('',(327.26259846149,210.05718876201,
    382.93645697006));
#6642 = CARTESIAN_POINT('',(326.35578283238,210.11414816,382.87315831576
    ));
#6643 = CARTESIAN_POINT('',(325.45483992136,210.18957545672,
    382.78930763238));
#6644 = CARTESIAN_POINT('',(324.5615861671,210.28292353869,
    382.68548236361));
#6645 = CARTESIAN_POINT('',(323.67782559832,210.39347396789,
    382.56244269843));
#6646 = CARTESIAN_POINT('',(322.35650420107,210.58560239278,
    382.34843533006));
#6647 = CARTESIAN_POINT('',(321.9105439134,210.65519945038,
    382.2708864814));
#6648 = CARTESIAN_POINT('',(321.46760093262,210.72902761268,
    382.18859195493));
#6649 = CARTESIAN_POINT('',(321.02780893299,210.80698008479,
    382.10166396318));
#6650 = CARTESIAN_POINT('',(320.59130002125,210.88894473442,
    382.01022035853));
#6651 = CARTESIAN_POINT('',(320.15820473667,210.9748040919,
    381.91438463321));
#6652 = CARTESIAN_POINT('',(319.72865205097,211.06443535016,
    381.81428591934));
#6653 = CARTESIAN_POINT('',(318.47536399331,211.33892517242,
    381.50756678625));
#6654 = CARTESIAN_POINT('',(317.66207872629,211.53383466177,
    381.28955847421));
#6655 = CARTESIAN_POINT('',(316.86318175424,211.74162679944,
    381.05688099917));
#6656 = CARTESIAN_POINT('',(316.07891670275,211.96149046897,
    380.81037706623));
#6657 = CARTESIAN_POINT('',(315.30950264183,212.19261601136,
    380.55088560897));
#6658 = CARTESIAN_POINT('',(314.55513409157,212.43419576555,
    380.27924225937));
#6659 = CARTESIAN_POINT('',(313.81598102782,212.68542460891,
    379.99627981757));
#6660 = CARTESIAN_POINT('',(312.10101307205,213.3016537595,
    379.30097076664));
#6661 = CARTESIAN_POINT('',(311.13831353261,213.67451692892,
    378.8793093744));
#6662 = CARTESIAN_POINT('',(310.20355768105,214.06238760107,
    378.4395720721));
#6663 = CARTESIAN_POINT('',(309.2961475024,214.46370645221,
    377.98332482011));
#6664 = CARTESIAN_POINT('',(308.41543013085,214.87705176209,
    377.5119768088));
#6665 = CARTESIAN_POINT('',(307.56070842531,215.30113393619,
    377.0267852551));
#6666 = CARTESIAN_POINT('',(306.73125154503,215.73479002797,
    376.52886019915));
#6667 = CARTESIAN_POINT('',(303.58256800114,217.46448466393,
    374.53511738395));
#6668 = CARTESIAN_POINT('',(301.43963876605,218.82816364519,
    372.9468891914));
#6669 = CARTESIAN_POINT('',(299.48314090601,220.24190775456,
    371.27863543098));
#6670 = CARTESIAN_POINT('',(297.6976178991,221.68610172415,
    369.54662853938));
#6671 = CARTESIAN_POINT('',(296.06796233118,223.14623582064,
    367.76047389593));
#6672 = CARTESIAN_POINT('',(294.5802653391,224.6114388704,365.9236129726
    ));
#6673 = CARTESIAN_POINT('',(293.22281747581,226.07278663475,
    364.03397364975));
#6674 = CARTESIAN_POINT('',(290.90908265297,228.78053272794,
    360.38211585842));
#6675 = CARTESIAN_POINT('',(289.93344752244,230.01924330623,
    358.6496245747));
#6676 = CARTESIAN_POINT('',(289.04745385262,231.23276104053,
    356.87572502885));
#6677 = CARTESIAN_POINT('',(288.24596822968,232.41400216552,
    355.05078271056));
#6678 = CARTESIAN_POINT('',(287.52971796284,233.54759731323,
    353.16860793782));
#6679 = CARTESIAN_POINT('',(286.90293963233,234.60804336906,
    351.22663023641));
#6680 = CARTESIAN_POINT('',(286.37089565651,235.5597031623,
    349.22351007688));
#6681 = CARTESIAN_POINT('',(285.85465341658,236.52188844491,
    346.73890646635));
#6682 = CARTESIAN_POINT('',(285.77239009515,236.67682508029,
    346.32049886359));
#6683 = CARTESIAN_POINT('',(285.69429685402,236.82537942727,
    345.89930528629));
#6684 = CARTESIAN_POINT('',(285.62046364343,236.96715399228,
    345.47540812624));
#6685 = CARTESIAN_POINT('',(285.55097436911,237.10175917622,
    345.04887118089));
#6686 = CARTESIAN_POINT('',(285.4859088779,237.22881387054,
    344.61973966735));
#6687 = CARTESIAN_POINT('',(285.4253449434,237.34794605335,
    344.18804023638));
#6688 = CARTESIAN_POINT('',(285.27884770547,237.63800441454,
    343.05169780949));
#6689 = CARTESIAN_POINT('',(285.20019773788,237.7957715651,
    342.34209524231));
#6690 = CARTESIAN_POINT('',(285.1339919148,237.93007172704,
    341.62655938571));
#6691 = CARTESIAN_POINT('',(285.08063464143,238.03926145431,
    340.90641118805));
#6692 = CARTESIAN_POINT('',(285.04040371511,238.12208186031,
    340.18276287726));
#6693 = CARTESIAN_POINT('',(285.0134862538,238.17765979192,
    339.45657461389));
#6694 = CARTESIAN_POINT('',(285.,238.20550528229,338.72871136515));
#6695 = CARTESIAN_POINT('',(285.,238.20550528229,337.26533335293));
#6696 = CARTESIAN_POINT('',(285.01370758415,238.17720281038,
    336.5315472237));
#6697 = CARTESIAN_POINT('',(285.04106513531,238.12071618687,
    335.79948106562));
#6698 = CARTESIAN_POINT('',(285.08195109571,238.03655145044,
    335.07001407328));
#6699 = CARTESIAN_POINT('',(285.13617293738,237.92560887594,
    334.34412429508));
#6700 = CARTESIAN_POINT('',(285.20344487317,237.78918560616,
    333.62294750939));
#6701 = CARTESIAN_POINT('',(285.28335030872,237.62897439725,
    332.90783586469));
#6702 = CARTESIAN_POINT('',(285.43170904573,237.33542219024,
    331.76629431933));
#6703 = CARTESIAN_POINT('',(285.49270321209,237.21552800366,
    331.33474193072));
#6704 = CARTESIAN_POINT('',(285.55819378528,237.08773910964,
    330.90576605487));
#6705 = CARTESIAN_POINT('',(285.62810300221,236.95242797578,
    330.47939198895));
#6706 = CARTESIAN_POINT('',(285.70235111829,236.80997575384,
    330.05566340359));
#6707 = CARTESIAN_POINT('',(285.78085444023,236.6607716876,
    329.63464235658));
#6708 = CARTESIAN_POINT('',(285.86352335889,236.50521252065,
    329.21640930657));
#6709 = CARTESIAN_POINT('',(286.38111683551,235.54141599676,
    326.73787747327));
#6710 = CARTESIAN_POINT('',(286.91354112238,234.59006945939,
    324.7402386308));
#6711 = CARTESIAN_POINT('',(287.54021449722,233.53089583904,
    322.80341736388));
#6712 = CARTESIAN_POINT('',(288.25592402352,232.39918595942,
    320.92608268356));
#6713 = CARTESIAN_POINT('',(289.05649074687,231.2201857518,
    319.10565988927));
#6714 = CARTESIAN_POINT('',(289.94122557892,230.00911492051,
    317.33599178571));
#6715 = CARTESIAN_POINT('',(290.91524294821,228.77300410781,
    315.60752681761));
#6716 = CARTESIAN_POINT('',(293.225317103,226.07022871069,
    311.96281093308));
#6717 = CARTESIAN_POINT('',(294.58083587374,224.61116115608,
    310.07617027706));
#6718 = CARTESIAN_POINT('',(296.06621542911,223.14825407354,
    308.24214760232));
#6719 = CARTESIAN_POINT('',(297.69310601089,221.69040120145,
    306.45868839564));
#6720 = CARTESIAN_POINT('',(299.47534389035,220.2484253426,
    304.72921534822));
#6721 = CARTESIAN_POINT('',(301.42795869326,218.83676037431,
    303.06327319916));
#6722 = CARTESIAN_POINT('',(303.56633041065,217.47490776627,
    301.47702910428));
#6723 = CARTESIAN_POINT('',(306.71112946476,215.74533480539,
    299.48324951682));
#6724 = CARTESIAN_POINT('',(307.54209171319,215.31041505102,
    298.98383675812));
#6725 = CARTESIAN_POINT('',(308.39842414207,214.88509862469,
    298.49720377651));
#6726 = CARTESIAN_POINT('',(309.28086678815,214.47055305846,
    298.02446416137));
#6727 = CARTESIAN_POINT('',(310.1901255969,214.06807430207,
    297.56688080602));
#6728 = CARTESIAN_POINT('',(311.12686170218,213.6790922353,
    297.12587068723));
#6729 = CARTESIAN_POINT('',(312.09168070603,213.30517618041,
    296.70300964464));
#6730 = CARTESIAN_POINT('',(313.80923137305,212.68772771877,
    296.00631453787));
#6731 = CARTESIAN_POINT('',(314.54871875793,212.43626826199,
    295.72308873176));
#6732 = CARTESIAN_POINT('',(315.30343955111,212.19446498741,
    295.45119105633));
#6733 = CARTESIAN_POINT('',(316.07322460185,211.96312403579,
    295.19145532018));
#6734 = CARTESIAN_POINT('',(316.85788016134,211.74305420529,
    294.94471829743));
#6735 = CARTESIAN_POINT('',(317.65718787354,211.53506641145,
    294.71182019907));
#6736 = CARTESIAN_POINT('',(318.47090476595,211.33997314704,
    294.49360514425));
#6737 = CARTESIAN_POINT('',(320.5512941539,210.88415628068,
    293.9842661185));
#6738 = CARTESIAN_POINT('',(321.83870023189,210.64055501974,
    293.71255074704));
#6739 = CARTESIAN_POINT('',(323.15582653711,210.43179978782,
    293.48005628388));
#6740 = CARTESIAN_POINT('',(324.49740439472,210.26118454882,
    293.29026120171));
#6741 = CARTESIAN_POINT('',(325.85807059408,210.13126626993,
    293.14585145116));
#6742 = CARTESIAN_POINT('',(327.23238829282,210.04385366312,
    293.04872626579));
#6743 = CARTESIAN_POINT('',(328.61486962305,210.,293.));
#6744 = CARTESIAN_POINT('',(330.,210.,293.));
#6745 = PCURVE('',#4205,#6746);
#6746 = DEFINITIONAL_REPRESENTATION('',(#6747),#6960);
#6747 = B_SPLINE_CURVE_WITH_KNOTS('',8,(#6748,#6749,#6750,#6751,#6752,
    #6753,#6754,#6755,#6756,#6757,#6758,#6759,#6760,#6761,#6762,#6763,
    #6764,#6765,#6766,#6767,#6768,#6769,#6770,#6771,#6772,#6773,#6774,
    #6775,#6776,#6777,#6778,#6779,#6780,#6781,#6782,#6783,#6784,#6785,
    #6786,#6787,#6788,#6789,#6790,#6791,#6792,#6793,#6794,#6795,#6796,
    #6797,#6798,#6799,#6800,#6801,#6802,#6803,#6804,#6805,#6806,#6807,
    #6808,#6809,#6810,#6811,#6812,#6813,#6814,#6815,#6816,#6817,#6818,
    #6819,#6820,#6821,#6822,#6823,#6824,#6825,#6826,#6827,#6828,#6829,
    #6830,#6831,#6832,#6833,#6834,#6835,#6836,#6837,#6838,#6839,#6840,
    #6841,#6842,#6843,#6844,#6845,#6846,#6847,#6848,#6849,#6850,#6851,
    #6852,#6853,#6854,#6855,#6856,#6857,#6858,#6859,#6860,#6861,#6862,
    #6863,#6864,#6865,#6866,#6867,#6868,#6869,#6870,#6871,#6872,#6873,
    #6874,#6875,#6876,#6877,#6878,#6879,#6880,#6881,#6882,#6883,#6884,
    #6885,#6886,#6887,#6888,#6889,#6890,#6891,#6892,#6893,#6894,#6895,
    #6896,#6897,#6898,#6899,#6900,#6901,#6902,#6903,#6904,#6905,#6906,
    #6907,#6908,#6909,#6910,#6911,#6912,#6913,#6914,#6915,#6916,#6917,
    #6918,#6919,#6920,#6921,#6922,#6923,#6924,#6925,#6926,#6927,#6928,
    #6929,#6930,#6931,#6932,#6933,#6934,#6935,#6936,#6937,#6938,#6939,
    #6940,#6941,#6942,#6943,#6944,#6945,#6946,#6947,#6948,#6949,#6950,
    #6951,#6952,#6953,#6954,#6955,#6956,#6957,#6958,#6959),
  .UNSPECIFIED.,.F.,.F.,(9,7,7,7,7,7,7,7,7,7,7,7,7,7,7,7,7,7,7,7,7,7,7,7
    ,7,7,7,7,7,7,9),(0.,2.870534340353E-02,4.767370469133E-02,
    7.364963658027E-02,0.149101187623,0.215093443877,0.228358787245,
    0.249981576518,0.271588270717,0.284847647351,0.350892796185,
    0.42642918708,0.452265366306,0.471245544907,0.481020480927,
    0.499999119529,0.51897775821,0.528741221176,0.547709688474,
    0.573685497014,0.649318490642,0.715326507495,0.728582472991,
    0.750013888367,0.771620448699,0.784879740149,0.850743786157,
    0.926261589778,0.952302070305,0.97128271669,1.),.UNSPECIFIED.);
#6748 = CARTESIAN_POINT('',(0.,50.));
#6749 = CARTESIAN_POINT('',(3.076855108388E-02,50.));
#6750 = CARTESIAN_POINT('',(6.147813044314E-02,49.956180875905));
#6751 = CARTESIAN_POINT('',(9.205076774224E-02,49.868837760467));
#6752 = CARTESIAN_POINT('',(0.122408390247,49.739022712997));
#6753 = CARTESIAN_POINT('',(0.152470842503,49.568541622076));
#6754 = CARTESIAN_POINT('',(0.182153949437,49.359947046297));
#6755 = CARTESIAN_POINT('',(0.211367622869,49.116526993037));
#6756 = CARTESIAN_POINT('',(0.258943415658,48.661074827695));
#6757 = CARTESIAN_POINT('',(0.277650000877,48.466165338291));
#6758 = CARTESIAN_POINT('',(0.296133835259,48.258373200511));
#6759 = CARTESIAN_POINT('',(0.31439452622,48.0385095309));
#6760 = CARTESIAN_POINT('',(0.332431248198,47.807383988538));
#6761 = CARTESIAN_POINT('',(0.350242770418,47.565804234486));
#6762 = CARTESIAN_POINT('',(0.367827484651,47.314575391233));
#6763 = CARTESIAN_POINT('',(0.408951270629,46.698342558564));
#6764 = CARTESIAN_POINT('',(0.432297857641,46.325477808832));
#6765 = CARTESIAN_POINT('',(0.455240197936,45.937607671621));
#6766 = CARTESIAN_POINT('',(0.477795027709,45.536291086066));
#6767 = CARTESIAN_POINT('',(0.499978972801,45.122948948897));
#6768 = CARTESIAN_POINT('',(0.521808706086,44.698869551584));
#6769 = CARTESIAN_POINT('',(0.543301104847,44.265214017477));
#6770 = CARTESIAN_POINT('',(0.625971995806,42.538598395922));
#6771 = CARTESIAN_POINT('',(0.684950477606,41.178378126082));
#6772 = CARTESIAN_POINT('',(0.741746315036,39.768282168997));
#6773 = CARTESIAN_POINT('',(0.796688117871,38.327797465218));
#6774 = CARTESIAN_POINT('',(0.850112423224,36.871346534186));
#6775 = CARTESIAN_POINT('',(0.90238046325,35.409736525389));
#6776 = CARTESIAN_POINT('',(0.953884258856,33.951830126072));
#6777 = CARTESIAN_POINT('',(1.049833580046,31.247271759213));
#6778 = CARTESIAN_POINT('',(1.093951378824,30.008413806162));
#6779 = CARTESIAN_POINT('',(1.137912737152,28.794568245272));
#6780 = CARTESIAN_POINT('',(1.182079879107,27.612761550506));
#6781 = CARTESIAN_POINT('',(1.226695006276,26.478249653485));
#6782 = CARTESIAN_POINT('',(1.271914322431,25.416380398886));
#6783 = CARTESIAN_POINT('',(1.31787339073,24.462625685837));
#6784 = CARTESIAN_POINT('',(1.374232033266,23.496788293728));
#6785 = CARTESIAN_POINT('',(1.383709124827,23.341089283392));
#6786 = CARTESIAN_POINT('',(1.39322925164,23.19174750091));
#6787 = CARTESIAN_POINT('',(1.402791585465,23.049160116283));
#6788 = CARTESIAN_POINT('',(1.412395773499,22.913716829448));
#6789 = CARTESIAN_POINT('',(1.422041930985,22.785799277267));
#6790 = CARTESIAN_POINT('',(1.431730633818,22.665780440504));
#6791 = CARTESIAN_POINT('',(1.457326728312,22.371858780227));
#6792 = CARTESIAN_POINT('',(1.473325870176,22.211422164372));
#6793 = CARTESIAN_POINT('',(1.489428768281,22.074803021535));
#6794 = CARTESIAN_POINT('',(1.505610869705,21.963698692758));
#6795 = CARTESIAN_POINT('',(1.5218529953,21.879409878213));
#6796 = CARTESIAN_POINT('',(1.538139786207,21.822839375191));
#6797 = CARTESIAN_POINT('',(1.554458238614,21.794494717703));
#6798 = CARTESIAN_POINT('',(1.587122253606,21.794494717703));
#6799 = CARTESIAN_POINT('',(1.603428611261,21.822797194195));
#6800 = CARTESIAN_POINT('',(1.619703384841,21.87928382581));
#6801 = CARTESIAN_POINT('',(1.635933585196,21.963448571853));
#6802 = CARTESIAN_POINT('',(1.652103876189,22.07439115443));
#6803 = CARTESIAN_POINT('',(1.6681951141,22.210814426741));
#6804 = CARTESIAN_POINT('',(1.684182799173,22.371025627548));
#6805 = CARTESIAN_POINT('',(1.709763726519,22.66457782007));
#6806 = CARTESIAN_POINT('',(1.719448489081,22.784472015406));
#6807 = CARTESIAN_POINT('',(1.729090751958,22.912260915766));
#6808 = CARTESIAN_POINT('',(1.738691087127,23.047572052842));
#6809 = CARTESIAN_POINT('',(1.748249606209,23.190024274262));
#6810 = CARTESIAN_POINT('',(1.757765953075,23.339228335777));
#6811 = CARTESIAN_POINT('',(1.767239296452,23.494787493442));
#6812 = CARTESIAN_POINT('',(1.823634439252,24.460784767098));
#6813 = CARTESIAN_POINT('',(1.869631730984,25.415166471363));
#6814 = CARTESIAN_POINT('',(1.914887978439,26.477877763263));
#6815 = CARTESIAN_POINT('',(1.959538985616,27.613349877379));
#6816 = CARTESIAN_POINT('',(2.00374122052,28.796171416944));
#6817 = CARTESIAN_POINT('',(2.04773743286,30.011055517436));
#6818 = CARTESIAN_POINT('',(2.091890800719,31.250969313965));
#6819 = CARTESIAN_POINT('',(2.187937388195,33.958302623522));
#6820 = CARTESIAN_POINT('',(2.239501569912,35.417883309862));
#6821 = CARTESIAN_POINT('',(2.291832771982,36.881125812355));
#6822 = CARTESIAN_POINT('',(2.345324606759,38.339152083345));
#6823 = CARTESIAN_POINT('',(2.400339695314,39.781116813337));
#6824 = CARTESIAN_POINT('',(2.457215801112,41.192531654104));
#6825 = CARTESIAN_POINT('',(2.516282730849,42.553809188245));
#6826 = CARTESIAN_POINT('',(2.598947490598,44.278429034697));
#6827 = CARTESIAN_POINT('',(2.62033305561,44.709503572495));
#6828 = CARTESIAN_POINT('',(2.642052816811,45.131082149826));
#6829 = CARTESIAN_POINT('',(2.664123304599,45.542018402051));
#6830 = CARTESIAN_POINT('',(2.686560861658,45.941041926458));
#6831 = CARTESIAN_POINT('',(2.709381795143,46.326752951354));
#6832 = CARTESIAN_POINT('',(2.73260252888,46.697617005159));
#6833 = CARTESIAN_POINT('',(2.77360450519,47.312272281199));
#6834 = CARTESIAN_POINT('',(2.791198245251,47.563731737999));
#6835 = CARTESIAN_POINT('',(2.809019037967,47.805535012603));
#6836 = CARTESIAN_POINT('',(2.827065294871,48.036875964234));
#6837 = CARTESIAN_POINT('',(2.845335804799,48.256945794715));
#6838 = CARTESIAN_POINT('',(2.863829761901,48.464933588536));
#6839 = CARTESIAN_POINT('',(2.882546793639,48.660026852936));
#6840 = CARTESIAN_POINT('',(2.911241333045,48.934826815089));
#6841 = CARTESIAN_POINT('',(2.92105323196,49.024590143414));
#6842 = CARTESIAN_POINT('',(2.930920634821,49.110573409338));
#6843 = CARTESIAN_POINT('',(2.940841547037,49.192653343196));
#6844 = CARTESIAN_POINT('',(2.950814030153,49.270712039264));
#6845 = CARTESIAN_POINT('',(2.960836201852,49.344636955761));
#6846 = CARTESIAN_POINT('',(2.970906235952,49.414320914848));
#6847 = CARTESIAN_POINT('',(3.000663443191,49.606526031572));
#6848 = CARTESIAN_POINT('',(3.020487086056,49.717076461353));
#6849 = CARTESIAN_POINT('',(3.040462248993,49.810424543669));
#6850 = CARTESIAN_POINT('',(3.060559110397,49.88585184022));
#6851 = CARTESIAN_POINT('',(3.080748762475,49.942811237838));
#6852 = CARTESIAN_POINT('',(3.101002904652,49.980927863607));
#6853 = CARTESIAN_POINT('',(3.121293536989,50.));
#6854 = CARTESIAN_POINT('',(3.161891770275,50.));
#6855 = CARTESIAN_POINT('',(3.182182402479,49.980927863874));
#6856 = CARTESIAN_POINT('',(3.20243654462,49.942811237986));
#6857 = CARTESIAN_POINT('',(3.222626196781,49.885851839997));
#6858 = CARTESIAN_POINT('',(3.242723058271,49.810424543276));
#6859 = CARTESIAN_POINT('',(3.262698221173,49.71707646131));
#6860 = CARTESIAN_POINT('',(3.282521863905,49.60652603211));
#6861 = CARTESIAN_POINT('',(3.312267197711,49.414397607214));
#6862 = CARTESIAN_POINT('',(3.322325463222,49.344800549613));
#6863 = CARTESIAN_POINT('',(3.332335978008,49.270972387316));
#6864 = CARTESIAN_POINT('',(3.342296922906,49.193019915209));
#6865 = CARTESIAN_POINT('',(3.352206422888,49.111055265575));
#6866 = CARTESIAN_POINT('',(3.362062547056,49.025195908092));
#6867 = CARTESIAN_POINT('',(3.37186330865,48.935564649831));
#6868 = CARTESIAN_POINT('',(3.40053606926,48.661074827574));
#6869 = CARTESIAN_POINT('',(3.419242654472,48.466165338224));
#6870 = CARTESIAN_POINT('',(3.437726488843,48.258373200561));
#6871 = CARTESIAN_POINT('',(3.455987179799,48.038509531025));
#6872 = CARTESIAN_POINT('',(3.474023901782,47.807383988632));
#6873 = CARTESIAN_POINT('',(3.491835424012,47.565804234449));
#6874 = CARTESIAN_POINT('',(3.509420138251,47.314575391081));
#6875 = CARTESIAN_POINT('',(3.550543678509,46.698346240491));
#6876 = CARTESIAN_POINT('',(3.5738901918,46.325483071075));
#6877 = CARTESIAN_POINT('',(3.596832590219,45.937612398923));
#6878 = CARTESIAN_POINT('',(3.619387562118,45.536293547785));
#6879 = CARTESIAN_POINT('',(3.64157167668,45.122948237909));
#6880 = CARTESIAN_POINT('',(3.66340154016,44.698866063806));
#6881 = CARTESIAN_POINT('',(3.684893952134,44.265209972029));
#6882 = CARTESIAN_POINT('',(3.767712267257,42.535515336067));
#6883 = CARTESIAN_POINT('',(3.826826797235,41.171836354805));
#6884 = CARTESIAN_POINT('',(3.883749399981,39.758092245449));
#6885 = CARTESIAN_POINT('',(3.938810852302,38.313898275829));
#6886 = CARTESIAN_POINT('',(3.992349897004,36.853764179369));
#6887 = CARTESIAN_POINT('',(4.044730209522,35.388561129589));
#6888 = CARTESIAN_POINT('',(4.09634648589,33.927213365244));
#6889 = CARTESIAN_POINT('',(4.192415993028,31.219467272052));
#6890 = CARTESIAN_POINT('',(4.236541324797,29.980756693775));
#6891 = CARTESIAN_POINT('',(4.280514481074,28.767238959444));
#6892 = CARTESIAN_POINT('',(4.324697962135,27.5859978345));
#6893 = CARTESIAN_POINT('',(4.369333636725,26.452402686745));
#6894 = CARTESIAN_POINT('',(4.414577504773,25.391956630945));
#6895 = CARTESIAN_POINT('',(4.460565691819,24.4402968377));
#6896 = CARTESIAN_POINT('',(4.516958323996,23.478111555088));
#6897 = CARTESIAN_POINT('',(4.526433730052,23.323174919701));
#6898 = CARTESIAN_POINT('',(4.535952180243,23.174620572722));
#6899 = CARTESIAN_POINT('',(4.54551280219,23.032846007715));
#6900 = CARTESIAN_POINT('',(4.555115203402,22.898240823777));
#6901 = CARTESIAN_POINT('',(4.564759463744,22.771186129455));
#6902 = CARTESIAN_POINT('',(4.574446127922,22.65205394665));
#6903 = CARTESIAN_POINT('',(4.599907166198,22.361995585461));
#6904 = CARTESIAN_POINT('',(4.615770152629,22.2042284349));
#6905 = CARTESIAN_POINT('',(4.631734487678,22.06992827296));
#6906 = CARTESIAN_POINT('',(4.647776245225,21.960738545686));
#6907 = CARTESIAN_POINT('',(4.663876664841,21.877918139687));
#6908 = CARTESIAN_POINT('',(4.680020657459,21.822340208076));
#6909 = CARTESIAN_POINT('',(4.696195394492,21.794494717703));
#6910 = CARTESIAN_POINT('',(4.728714905875,21.794494717703));
#6911 = CARTESIAN_POINT('',(4.745021262381,21.822797189617));
#6912 = CARTESIAN_POINT('',(4.761296035075,21.879283813125));
#6913 = CARTESIAN_POINT('',(4.777526234902,21.963448549559));
#6914 = CARTESIAN_POINT('',(4.793696525833,22.074391124051));
#6915 = CARTESIAN_POINT('',(4.809787764269,22.210814393837));
#6916 = CARTESIAN_POINT('',(4.825775450601,22.371025602741));
#6917 = CARTESIAN_POINT('',(4.85135637921,22.664577809752));
#6918 = CARTESIAN_POINT('',(4.861041141151,22.784471996337));
#6919 = CARTESIAN_POINT('',(4.870683403673,22.912260890355));
#6920 = CARTESIAN_POINT('',(4.880283738746,23.047572024218));
#6921 = CARTESIAN_POINT('',(4.889842257979,23.190024246155));
#6922 = CARTESIAN_POINT('',(4.899358605232,23.339228312393));
#6923 = CARTESIAN_POINT('',(4.908831949219,23.494787479348));
#6924 = CARTESIAN_POINT('',(4.965098611742,24.458584003237));
#6925 = CARTESIAN_POINT('',(5.010971814324,25.409930540607));
#6926 = CARTESIAN_POINT('',(5.056106677979,26.469104160936));
#6927 = CARTESIAN_POINT('',(5.100638387939,27.6008140406));
#6928 = CARTESIAN_POINT('',(5.144722430402,28.77981424818));
#6929 = CARTESIAN_POINT('',(5.188599532877,29.990885079488));
#6930 = CARTESIAN_POINT('',(5.232629657874,31.22699589219));
#6931 = CARTESIAN_POINT('',(5.328521563271,33.929771289304));
#6932 = CARTESIAN_POINT('',(5.380059114255,35.388838843911));
#6933 = CARTESIAN_POINT('',(5.432358662593,36.851745926471));
#6934 = CARTESIAN_POINT('',(5.485812930113,38.309598798528));
#6935 = CARTESIAN_POINT('',(5.540783842509,39.751574657414));
#6936 = CARTESIAN_POINT('',(5.597608588337,41.163239625682));
#6937 = CARTESIAN_POINT('',(5.656616424081,42.525092233728));
#6938 = CARTESIAN_POINT('',(5.739362258735,44.254665194606));
#6939 = CARTESIAN_POINT('',(5.760900332201,44.689584948977));
#6940 = CARTESIAN_POINT('',(5.782777069992,45.11490137531));
#6941 = CARTESIAN_POINT('',(5.805009490253,45.529446941538));
#6942 = CARTESIAN_POINT('',(5.827614402705,45.93192569793));
#6943 = CARTESIAN_POINT('',(5.850608567934,46.320907764697));
#6944 = CARTESIAN_POINT('',(5.874008856681,46.69482381959));
#6945 = CARTESIAN_POINT('',(5.915197158782,47.312272281225));
#6946 = CARTESIAN_POINT('',(5.932790898841,47.563731738004));
#6947 = CARTESIAN_POINT('',(5.950611691555,47.805535012585));
#6948 = CARTESIAN_POINT('',(5.968657948458,48.03687596421));
#6949 = CARTESIAN_POINT('',(5.986928458388,48.256945794705));
#6950 = CARTESIAN_POINT('',(6.005422415491,48.464933588548));
#6951 = CARTESIAN_POINT('',(6.024139447231,48.660026852959));
#6952 = CARTESIAN_POINT('',(6.071735723922,49.115843719312));
#6953 = CARTESIAN_POINT('',(6.100959934732,49.359444980258));
#6954 = CARTESIAN_POINT('',(6.130654234284,49.568200212175));
#6955 = CARTESIAN_POINT('',(6.160728364579,49.738815451177));
#6956 = CARTESIAN_POINT('',(6.191097994847,49.868733730067));
#6957 = CARTESIAN_POINT('',(6.221682822758,49.956146336872));
#6958 = CARTESIAN_POINT('',(6.252404632136,50.));
#6959 = CARTESIAN_POINT('',(6.28318530718,50.));
#6960 = ( GEOMETRIC_REPRESENTATION_CONTEXT(2) 
PARAMETRIC_REPRESENTATION_CONTEXT() REPRESENTATION_CONTEXT('2D SPACE',''
  ) );
#6961 = PCURVE('',#3947,#6962);
#6962 = DEFINITIONAL_REPRESENTATION('',(#6963),#7176);
#6963 = B_SPLINE_CURVE_WITH_KNOTS('',8,(#6964,#6965,#6966,#6967,#6968,
    #6969,#6970,#6971,#6972,#6973,#6974,#6975,#6976,#6977,#6978,#6979,
    #6980,#6981,#6982,#6983,#6984,#6985,#6986,#6987,#6988,#6989,#6990,
    #6991,#6992,#6993,#6994,#6995,#6996,#6997,#6998,#6999,#7000,#7001,
    #7002,#7003,#7004,#7005,#7006,#7007,#7008,#7009,#7010,#7011,#7012,
    #7013,#7014,#7015,#7016,#7017,#7018,#7019,#7020,#7021,#7022,#7023,
    #7024,#7025,#7026,#7027,#7028,#7029,#7030,#7031,#7032,#7033,#7034,
    #7035,#7036,#7037,#7038,#7039,#7040,#7041,#7042,#7043,#7044,#7045,
    #7046,#7047,#7048,#7049,#7050,#7051,#7052,#7053,#7054,#7055,#7056,
    #7057,#7058,#7059,#7060,#7061,#7062,#7063,#7064,#7065,#7066,#7067,
    #7068,#7069,#7070,#7071,#7072,#7073,#7074,#7075,#7076,#7077,#7078,
    #7079,#7080,#7081,#7082,#7083,#7084,#7085,#7086,#7087,#7088,#7089,
    #7090,#7091,#7092,#7093,#7094,#7095,#7096,#7097,#7098,#7099,#7100,
    #7101,#7102,#7103,#7104,#7105,#7106,#7107,#7108,#7109,#7110,#7111,
    #7112,#7113,#7114,#7115,#7116,#7117,#7118,#7119,#7120,#7121,#7122,
    #7123,#7124,#7125,#7126,#7127,#7128,#7129,#7130,#7131,#7132,#7133,
    #7134,#7135,#7136,#7137,#7138,#7139,#7140,#7141,#7142,#7143,#7144,
    #7145,#7146,#7147,#7148,#7149,#7150,#7151,#7152,#7153,#7154,#7155,
    #7156,#7157,#7158,#7159,#7160,#7161,#7162,#7163,#7164,#7165,#7166,
    #7167,#7168,#7169,#7170,#7171,#7172,#7173,#7174,#7175),
  .UNSPECIFIED.,.T.,.F.,(9,7,7,7,7,7,7,7,7,7,7,7,7,7,7,7,7,7,7,7,7,7,7,7
    ,7,7,7,7,7,7,9),(0.,2.870534340353E-02,4.767370469133E-02,
    7.364963658027E-02,0.149101187623,0.215093443877,0.228358787245,
    0.249981576518,0.271588270717,0.284847647351,0.350892796185,
    0.42642918708,0.452265366306,0.471245544907,0.481020480927,
    0.499999119529,0.51897775821,0.528741221176,0.547709688474,
    0.573685497014,0.649318490642,0.715326507495,0.728582472991,
    0.750013888367,0.771620448699,0.784879740149,0.850743786157,
    0.926261589778,0.952302070305,0.97128271669,1.),.UNSPECIFIED.);
#6964 = CARTESIAN_POINT('',(4.712388980385,5.));
#6965 = CARTESIAN_POINT('',(4.74008067636,5.));
#6966 = CARTESIAN_POINT('',(4.767719299675,5.04868788903));
#6967 = CARTESIAN_POINT('',(4.795227078032,5.145735861812));
#6968 = CARTESIAN_POINT('',(4.822526293832,5.290030822546));
#6969 = CARTESIAN_POINT('',(4.849537709533,5.479676496544));
#6970 = CARTESIAN_POINT('',(4.876179113184,5.711991588255));
#6971 = CARTESIAN_POINT('',(4.902363984134,5.983503985666));
#6972 = CARTESIAN_POINT('',(4.944940626727,6.492433213611));
#6973 = CARTESIAN_POINT('',(4.961663709482,6.710441525714));
#6974 = CARTESIAN_POINT('',(4.978168220171,6.943119000877));
#6975 = CARTESIAN_POINT('',(4.994452539182,7.189622933907));
#6976 = CARTESIAN_POINT('',(5.010514759786,7.449114391127));
#6977 = CARTESIAN_POINT('',(5.026352713643,7.720757740586));
#6978 = CARTESIAN_POINT('',(5.041963996293,8.003720182255));
#6979 = CARTESIAN_POINT('',(5.078410632027,8.699033387781));
#6980 = CARTESIAN_POINT('',(5.099052163991,9.120696573321));
#6981 = CARTESIAN_POINT('',(5.119283346888,9.560433296106));
#6982 = CARTESIAN_POINT('',(5.139116799515,10.016678004033));
#6983 = CARTESIAN_POINT('',(5.158565068207,10.48802240881));
#6984 = CARTESIAN_POINT('',(5.177640693925,10.97321076313));
#6985 = CARTESIAN_POINT('',(5.196356279342,11.471135137835));
#6986 = CARTESIAN_POINT('',(5.268078366841,13.461328908753));
#6987 = CARTESIAN_POINT('',(5.31865852776,15.045492056205));
#6988 = CARTESIAN_POINT('',(5.366697245256,16.709341042798));
#6989 = CARTESIAN_POINT('',(5.412406297387,18.436703999792));
#6990 = CARTESIAN_POINT('',(5.455981427221,20.218020654214));
#6991 = CARTESIAN_POINT('',(5.497595984434,22.049843904363));
#6992 = CARTESIAN_POINT('',(5.537383687865,23.934198885558));
#6993 = CARTESIAN_POINT('',(5.608577049729,27.579209215457));
#6994 = CARTESIAN_POINT('',(5.640109062018,29.310441338189));
#6995 = CARTESIAN_POINT('',(5.670150865311,31.082985330086));
#6996 = CARTESIAN_POINT('',(5.698695076045,32.906443989474));
#6997 = CARTESIAN_POINT('',(5.725520936885,34.787011006563));
#6998 = CARTESIAN_POINT('',(5.750187329889,36.727268073126));
#6999 = CARTESIAN_POINT('',(5.772044265724,38.728535521637));
#7000 = CARTESIAN_POINT('',(5.793970902055,41.211054203919));
#7001 = CARTESIAN_POINT('',(5.797497345433,41.629442726625));
#7002 = CARTESIAN_POINT('',(5.800872405249,42.050621863473));
#7003 = CARTESIAN_POINT('',(5.804088284604,42.474511248705));
#7004 = CARTESIAN_POINT('',(5.807137350643,42.901048927676));
#7005 = CARTESIAN_POINT('',(5.810012129384,43.330191343164));
#7006 = CARTESIAN_POINT('',(5.812705300535,43.761913321691));
#7007 = CARTESIAN_POINT('',(5.819291903733,44.904117636265));
#7008 = CARTESIAN_POINT('',(5.822877563277,45.619735287242));
#7009 = CARTESIAN_POINT('',(5.825924064835,46.341430294689));
#7010 = CARTESIAN_POINT('',(5.828397330984,47.067847612227));
#7011 = CARTESIAN_POINT('',(5.830271491241,47.797849277471));
#7012 = CARTESIAN_POINT('',(5.831528614459,48.53045558669));
#7013 = CARTESIAN_POINT('',(5.832158495383,49.264786031847));
#7014 = CARTESIAN_POINT('',(5.832158495383,50.734666706491));
#7015 = CARTESIAN_POINT('',(5.831529551812,51.468452887407));
#7016 = CARTESIAN_POINT('',(5.830274292409,52.200519085323));
#7017 = CARTESIAN_POINT('',(5.828402892427,52.92998610123));
#7018 = CARTESIAN_POINT('',(5.825933233308,53.655875881941));
#7019 = CARTESIAN_POINT('',(5.822891115307,54.377052643672));
#7020 = CARTESIAN_POINT('',(5.819310524041,55.092164231777));
#7021 = CARTESIAN_POINT('',(5.812732281041,56.233705720787));
#7022 = CARTESIAN_POINT('',(5.810041944055,56.665258137019));
#7023 = CARTESIAN_POINT('',(5.807170101353,57.094234028464));
#7024 = CARTESIAN_POINT('',(5.804124063393,57.520608098479));
#7025 = CARTESIAN_POINT('',(5.800911294945,57.944336676974));
#7026 = CARTESIAN_POINT('',(5.797539420255,58.365357706723));
#7027 = CARTESIAN_POINT('',(5.794016228218,58.783590729668));
#7028 = CARTESIAN_POINT('',(5.772086535057,61.267782085718));
#7029 = CARTESIAN_POINT('',(5.750215812192,63.270760304609));
#7030 = CARTESIAN_POINT('',(5.725530362321,65.212630412167));
#7031 = CARTESIAN_POINT('',(5.698681965636,67.094711826317));
#7032 = CARTESIAN_POINT('',(5.670112866319,68.919587930983));
#7033 = CARTESIAN_POINT('',(5.640044253456,70.69346702021));
#7034 = CARTESIAN_POINT('',(5.608483287116,72.425977706972));
#7035 = CARTESIAN_POINT('',(5.5372092119,76.07429057186));
#7036 = CARTESIAN_POINT('',(5.497369316186,77.960541243125));
#7037 = CARTESIAN_POINT('',(5.455698542208,79.794142435677));
#7038 = CARTESIAN_POINT('',(5.412062149873,81.577124930898));
#7039 = CARTESIAN_POINT('',(5.366285792619,83.306015163932));
#7040 = CARTESIAN_POINT('',(5.318172753149,84.971190535092));
#7041 = CARTESIAN_POINT('',(5.267510291885,86.556378901173));
#7042 = CARTESIAN_POINT('',(5.195784997097,88.544035915174));
#7043 = CARTESIAN_POINT('',(5.177160730667,89.038952041483));
#7044 = CARTESIAN_POINT('',(5.158179911615,89.521247646574));
#7045 = CARTESIAN_POINT('',(5.138830202935,89.989828079062));
#7046 = CARTESIAN_POINT('',(5.119099319463,90.443454569705));
#7047 = CARTESIAN_POINT('',(5.098974962946,90.880739560426));
#7048 = CARTESIAN_POINT('',(5.078444757119,91.300142033333));
#7049 = CARTESIAN_POINT('',(5.042106613,91.993685462099));
#7050 = CARTESIAN_POINT('',(5.026487518632,92.276911268227));
#7051 = CARTESIAN_POINT('',(5.01064149827,92.548808943685));
#7052 = CARTESIAN_POINT('',(4.994570940256,92.808544679845));
#7053 = CARTESIAN_POINT('',(4.978277996985,93.055281702576));
#7054 = CARTESIAN_POINT('',(4.96176455924,93.28817980091));
#7055 = CARTESIAN_POINT('',(4.945032230518,93.506394855724));
#7056 = CARTESIAN_POINT('',(4.919352959203,93.813461915613));
#7057 = CARTESIAN_POINT('',(4.91056736537,93.913708480504));
#7058 = CARTESIAN_POINT('',(4.901727547209,94.009682776008));
#7059 = CARTESIAN_POINT('',(4.892835492661,94.101255183092));
#7060 = CARTESIAN_POINT('',(4.883893150251,94.188301750771));
#7061 = CARTESIAN_POINT('',(4.874902429091,94.270704196111));
#7062 = CARTESIAN_POINT('',(4.865865198877,94.348349904227));
#7063 = CARTESIAN_POINT('',(4.839150205839,94.562442697839));
#7064 = CARTESIAN_POINT('',(4.821340784668,94.685482363666));
#7065 = CARTESIAN_POINT('',(4.803384633213,94.789307632822));
#7066 = CARTESIAN_POINT('',(4.785310460226,94.873158316014));
#7067 = CARTESIAN_POINT('',(4.767146302897,94.936456969904));
#7068 = CARTESIAN_POINT('',(4.748919753382,94.978808539409));
#7069 = CARTESIAN_POINT('',(4.730658185325,95.));
#7070 = CARTESIAN_POINT('',(4.694119775368,95.));
#7071 = CARTESIAN_POINT('',(4.675858207431,94.978808539707));
#7072 = CARTESIAN_POINT('',(4.657631657949,94.936456970069));
#7073 = CARTESIAN_POINT('',(4.639467500544,94.873158315765));
#7074 = CARTESIAN_POINT('',(4.62139332748,94.789307632385));
#7075 = CARTESIAN_POINT('',(4.603437176058,94.685482363619));
#7076 = CARTESIAN_POINT('',(4.585627755005,94.562442698438));
#7077 = CARTESIAN_POINT('',(4.558923421526,94.348435330064));
#7078 = CARTESIAN_POINT('',(4.549896749006,94.2708864814));
#7079 = CARTESIAN_POINT('',(4.540916476688,94.188591954938));
#7080 = CARTESIAN_POINT('',(4.531984467168,94.101663963189));
#7081 = CARTESIAN_POINT('',(4.523102622267,94.010220358532));
#7082 = CARTESIAN_POINT('',(4.51427288303,93.914384633214));
#7083 = CARTESIAN_POINT('',(4.505497229728,93.814285919349));
#7084 = CARTESIAN_POINT('',(4.479837334031,93.507566786254));
#7085 = CARTESIAN_POINT('',(4.463114251283,93.289558474211));
#7086 = CARTESIAN_POINT('',(4.446609740603,93.056880999178));
#7087 = CARTESIAN_POINT('',(4.430325421597,92.810377066234));
#7088 = CARTESIAN_POINT('',(4.414263200989,92.550885608979));
#7089 = CARTESIAN_POINT('',(4.398425247123,92.279242259372));
#7090 = CARTESIAN_POINT('',(4.382813964467,91.996279817573));
#7091 = CARTESIAN_POINT('',(4.346367546507,91.300970766643));
#7092 = CARTESIAN_POINT('',(4.325726078913,90.879309374406));
#7093 = CARTESIAN_POINT('',(4.30549484353,90.4395720721));
#7094 = CARTESIAN_POINT('',(4.285661264958,89.983324820114));
#7095 = CARTESIAN_POINT('',(4.266212847592,89.511976808803));
#7096 = CARTESIAN_POINT('',(4.247137109012,89.026785255104));
#7097 = CARTESIAN_POINT('',(4.228421513383,88.528860199156));
#7098 = CARTESIAN_POINT('',(4.156571526346,86.535117383958));
#7099 = CARTESIAN_POINT('',(4.105876158304,84.946889191404));
#7100 = CARTESIAN_POINT('',(4.057733564226,83.278635430981));
#7101 = CARTESIAN_POINT('',(4.011930668642,81.546628539389));
#7102 = CARTESIAN_POINT('',(3.968270628531,79.760473895929));
#7103 = CARTESIAN_POINT('',(3.926579299142,77.923612972607));
#7104 = CARTESIAN_POINT('',(3.886722722215,76.033973649756));
#7105 = CARTESIAN_POINT('',(3.815489983294,72.382115858428));
#7106 = CARTESIAN_POINT('',(3.783979332856,70.649624574699));
#7107 = CARTESIAN_POINT('',(3.753960677781,68.875725028858));
#7108 = CARTESIAN_POINT('',(3.725442990607,67.050782710553));
#7109 = CARTESIAN_POINT('',(3.698649636445,65.168607937832));
#7110 = CARTESIAN_POINT('',(3.67402500533,63.226630236407));
#7111 = CARTESIAN_POINT('',(3.652222530163,61.223510076886));
#7112 = CARTESIAN_POINT('',(3.630383971892,58.738906466356));
#7113 = CARTESIAN_POINT('',(3.626875580311,58.320498863595));
#7114 = CARTESIAN_POINT('',(3.623519023388,57.899305286295));
#7115 = CARTESIAN_POINT('',(3.62032210807,57.475408126242));
#7116 = CARTESIAN_POINT('',(3.617292468357,57.048871180892));
#7117 = CARTESIAN_POINT('',(3.61443757053,56.619739667356));
#7118 = CARTESIAN_POINT('',(3.611764718381,56.188040236385));
#7119 = CARTESIAN_POINT('',(3.605265632487,55.051697809494));
#7120 = CARTESIAN_POINT('',(3.601739987966,54.342095242317));
#7121 = CARTESIAN_POINT('',(3.59874538187,53.626559385711));
#7122 = CARTESIAN_POINT('',(3.596314811173,52.906411188051));
#7123 = CARTESIAN_POINT('',(3.594473319746,52.182762877264));
#7124 = CARTESIAN_POINT('',(3.593238253731,51.456574613892));
#7125 = CARTESIAN_POINT('',(3.592619465386,50.728711365153));
#7126 = CARTESIAN_POINT('',(3.592619465386,49.265333352939));
#7127 = CARTESIAN_POINT('',(3.593248408855,48.531547223709));
#7128 = CARTESIAN_POINT('',(3.594503668078,47.799481065621));
#7129 = CARTESIAN_POINT('',(3.596375067847,47.070014073287));
#7130 = CARTESIAN_POINT('',(3.598844726785,46.344124295082));
#7131 = CARTESIAN_POINT('',(3.601886844728,45.622947509396));
#7132 = CARTESIAN_POINT('',(3.605467436173,44.90783586469));
#7133 = CARTESIAN_POINT('',(3.612045679497,43.766294319336));
#7134 = CARTESIAN_POINT('',(3.614736016286,43.33474193072));
#7135 = CARTESIAN_POINT('',(3.617607858845,42.905766054874));
#7136 = CARTESIAN_POINT('',(3.620653896731,42.479391988955));
#7137 = CARTESIAN_POINT('',(3.623866665189,42.055663403593));
#7138 = CARTESIAN_POINT('',(3.627238539985,41.634642356584));
#7139 = CARTESIAN_POINT('',(3.630761732231,41.216409306577));
#7140 = CARTESIAN_POINT('',(3.65264146483,38.737877473278));
#7141 = CARTESIAN_POINT('',(3.674442165808,36.740238630801));
#7142 = CARTESIAN_POINT('',(3.699043821046,34.80341736388));
#7143 = CARTESIAN_POINT('',(3.725799633712,32.926082683568));
#7144 = CARTESIAN_POINT('',(3.75427008883,31.105659889268));
#7145 = CARTESIAN_POINT('',(3.784234549067,29.335991785718));
#7146 = CARTESIAN_POINT('',(3.815684494051,27.607526817615));
#7147 = CARTESIAN_POINT('',(3.886794092413,23.962810933088));
#7148 = CARTESIAN_POINT('',(3.926591141981,22.076170277068));
#7149 = CARTESIAN_POINT('',(3.968217542934,20.242147602327));
#7150 = CARTESIAN_POINT('',(4.011806431962,18.45868839564));
#7151 = CARTESIAN_POINT('',(4.057530989273,16.729215348233));
#7152 = CARTESIAN_POINT('',(4.105587021298,15.063273199163));
#7153 = CARTESIAN_POINT('',(4.156186518737,13.477029104285));
#7154 = CARTESIAN_POINT('',(4.227967250741,11.483249516823));
#7155 = CARTESIAN_POINT('',(4.246721214791,10.98383675812));
#7156 = CARTESIAN_POINT('',(4.265836739982,10.497203776511));
#7157 = CARTESIAN_POINT('',(4.285326534202,10.02446416137));
#7158 = CARTESIAN_POINT('',(4.305203242346,9.566880806026));
#7159 = CARTESIAN_POINT('',(4.325479514108,9.125870687234));
#7160 = CARTESIAN_POINT('',(4.346168071773,8.703009644644));
#7161 = CARTESIAN_POINT('',(4.382671347771,8.006314537872));
#7162 = CARTESIAN_POINT('',(4.398290442138,7.723088731767));
#7163 = CARTESIAN_POINT('',(4.414136462498,7.451191056337));
#7164 = CARTESIAN_POINT('',(4.430207020512,7.191455320182));
#7165 = CARTESIAN_POINT('',(4.446499963784,6.944718297435));
#7166 = CARTESIAN_POINT('',(4.46301340153,6.711820199077));
#7167 = CARTESIAN_POINT('',(4.479745730253,6.493605144251));
#7168 = CARTESIAN_POINT('',(4.522340514071,5.984266118503));
#7169 = CARTESIAN_POINT('',(4.548534743555,5.712550747046));
#7170 = CARTESIAN_POINT('',(4.575186133463,5.480056283888));
#7171 = CARTESIAN_POINT('',(4.602208005835,5.290261201714));
#7172 = CARTESIAN_POINT('',(4.629518001588,5.145851451167));
#7173 = CARTESIAN_POINT('',(4.657036742515,5.048726265795));
#7174 = CARTESIAN_POINT('',(4.684686372846,5.));
#7175 = CARTESIAN_POINT('',(4.712388980385,5.));
#7176 = ( GEOMETRIC_REPRESENTATION_CONTEXT(2) 
PARAMETRIC_REPRESENTATION_CONTEXT() REPRESENTATION_CONTEXT('2D SPACE',''
  ) );
#7177 = ORIENTED_EDGE('',*,*,#5858,.T.);
#7178 = ORIENTED_EDGE('',*,*,#7179,.F.);
#7179 = EDGE_CURVE('',#7180,#5202,#7182,.T.);
#7180 = VERTEX_POINT('',#7181);
#7181 = CARTESIAN_POINT('',(294.62125136642,110.33191397479,
    310.19093411992));
#7182 = SURFACE_CURVE('',#7183,(#7396,#7612),.PCURVE_S1.);
#7183 = B_SPLINE_CURVE_WITH_KNOTS('',8,(#7184,#7185,#7186,#7187,#7188,
    #7189,#7190,#7191,#7192,#7193,#7194,#7195,#7196,#7197,#7198,#7199,
    #7200,#7201,#7202,#7203,#7204,#7205,#7206,#7207,#7208,#7209,#7210,
    #7211,#7212,#7213,#7214,#7215,#7216,#7217,#7218,#7219,#7220,#7221,
    #7222,#7223,#7224,#7225,#7226,#7227,#7228,#7229,#7230,#7231,#7232,
    #7233,#7234,#7235,#7236,#7237,#7238,#7239,#7240,#7241,#7242,#7243,
    #7244,#7245,#7246,#7247,#7248,#7249,#7250,#7251,#7252,#7253,#7254,
    #7255,#7256,#7257,#7258,#7259,#7260,#7261,#7262,#7263,#7264,#7265,
    #7266,#7267,#7268,#7269,#7270,#7271,#7272,#7273,#7274,#7275,#7276,
    #7277,#7278,#7279,#7280,#7281,#7282,#7283,#7284,#7285,#7286,#7287,
    #7288,#7289,#7290,#7291,#7292,#7293,#7294,#7295,#7296,#7297,#7298,
    #7299,#7300,#7301,#7302,#7303,#7304,#7305,#7306,#7307,#7308,#7309,
    #7310,#7311,#7312,#7313,#7314,#7315,#7316,#7317,#7318,#7319,#7320,
    #7321,#7322,#7323,#7324,#7325,#7326,#7327,#7328,#7329,#7330,#7331,
    #7332,#7333,#7334,#7335,#7336,#7337,#7338,#7339,#7340,#7341,#7342,
    #7343,#7344,#7345,#7346,#7347,#7348,#7349,#7350,#7351,#7352,#7353,
    #7354,#7355,#7356,#7357,#7358,#7359,#7360,#7361,#7362,#7363,#7364,
    #7365,#7366,#7367,#7368,#7369,#7370,#7371,#7372,#7373,#7374,#7375,
    #7376,#7377,#7378,#7379,#7380,#7381,#7382,#7383,#7384,#7385,#7386,
    #7387,#7388,#7389,#7390,#7391,#7392,#7393,#7394,#7395),
  .UNSPECIFIED.,.T.,.F.,(9,7,7,7,7,7,7,7,7,7,7,7,7,7,7,7,7,7,7,7,7,7,7,7
    ,7,7,7,7,7,7,9),(0.,2.870534726561E-02,4.767371110629E-02,
    7.364964685833E-02,0.14910120816,0.215093473389,0.228358818562,
    0.249981610777,0.271588307915,0.284847686353,0.350892844171,
    0.426429245338,0.452265428423,0.471245609623,0.481020545713,
    0.499999181976,0.518977818319,0.528741280081,0.547709745031,
    0.57368555066,0.649318534769,0.715326543315,0.728582507143,
    0.750013919821,0.771620477435,0.784879767217,0.850743804938,
    0.926261599058,0.952302076309,0.971282720305,1.),.UNSPECIFIED.);
#7184 = CARTESIAN_POINT('',(330.,125.,293.));
#7185 = CARTESIAN_POINT('',(331.38458479877,125.,293.));
#7186 = CARTESIAN_POINT('',(332.76651577813,124.9561808759,
    293.04868788903));
#7187 = CARTESIAN_POINT('',(334.14028726097,124.86883776046,
    293.14573586181));
#7188 = CARTESIAN_POINT('',(335.50042023051,124.73902271299,
    293.29003082254));
#7189 = CARTESIAN_POINT('',(336.84148658466,124.56854162207,
    293.47967649654));
#7190 = CARTESIAN_POINT('',(338.15813169875,124.35994704629,
    293.71199158825));
#7191 = CARTESIAN_POINT('',(339.44509529687,124.11652699303,
    293.98350398566));
#7192 = CARTESIAN_POINT('',(341.52463600616,123.66107482768,
    294.49243321362));
#7193 = CARTESIAN_POINT('',(342.33792127349,123.46616533828,
    294.71044152571));
#7194 = CARTESIAN_POINT('',(343.13681824599,123.25837320051,
    294.94311900087));
#7195 = CARTESIAN_POINT('',(343.92108329766,123.0385095309,
    295.18962293389));
#7196 = CARTESIAN_POINT('',(344.6904973584,122.80738398854,
    295.44911439112));
#7197 = CARTESIAN_POINT('',(345.44486590827,122.56580423448,
    295.72075774058));
#7198 = CARTESIAN_POINT('',(346.18401897177,122.31457539122,
    296.00372018226));
#7199 = CARTESIAN_POINT('',(347.89899718873,121.69834255354,
    296.69903339344));
#7200 = CARTESIAN_POINT('',(348.86169954707,121.32547781204,
    297.12069656962));
#7201 = CARTESIAN_POINT('',(349.79645276966,120.93760767686,
    297.56043329015));
#7202 = CARTESIAN_POINT('',(350.70385707187,120.53629108583,
    298.01667800434));
#7203 = CARTESIAN_POINT('',(351.58456772945,120.12294894341,
    298.48802241509));
#7204 = CARTESIAN_POINT('',(352.439284506,119.69886954863,
    298.97321076646));
#7205 = CARTESIAN_POINT('',(353.26874108051,119.2652140231,
    299.47113513134));
#7206 = CARTESIAN_POINT('',(356.41181969035,117.53859839594,
    301.46132890872));
#7207 = CARTESIAN_POINT('',(358.55007663375,116.17837812602,
    303.04549205628));
#7208 = CARTESIAN_POINT('',(360.50274796762,114.76828216901,
    304.70934104272));
#7209 = CARTESIAN_POINT('',(362.28518636355,113.32779746521,
    306.43670399987));
#7210 = CARTESIAN_POINT('',(363.91240262395,111.87134653425,
    308.21802065406));
#7211 = CARTESIAN_POINT('',(365.39822397981,110.40973652528,
    310.04984390451));
#7212 = CARTESIAN_POINT('',(366.75430469439,108.95183012611,
    311.9341988855));
#7213 = CARTESIAN_POINT('',(369.06873788087,106.24727175914,
    315.57920921555));
#7214 = CARTESIAN_POINT('',(370.04591497712,105.00841380622,
    317.31044133811));
#7215 = CARTESIAN_POINT('',(370.93342762892,103.79456824539,
    319.0829853299));
#7216 = CARTESIAN_POINT('',(371.73644758579,102.61276155023,
    320.90644398981));
#7217 = CARTESIAN_POINT('',(372.45429799725,101.47824965359,
    322.78701100653));
#7218 = CARTESIAN_POINT('',(373.0827811439,100.41638039894,
    324.72726807289));
#7219 = CARTESIAN_POINT('',(373.61666217384,99.462625685776,
    326.72853552179));
#7220 = CARTESIAN_POINT('',(374.13541219447,98.496788293725,
    329.21105420392));
#7221 = CARTESIAN_POINT('',(374.21816437331,98.341089283389,
    329.62944272663));
#7222 = CARTESIAN_POINT('',(374.29674797628,98.191747500907,
    330.05062186348));
#7223 = CARTESIAN_POINT('',(374.37107331477,98.04916011628,
    330.47451124871));
#7224 = CARTESIAN_POINT('',(374.4410566131,97.913716829445,
    330.90104892768));
#7225 = CARTESIAN_POINT('',(374.50661803917,97.785799277263,
    331.33019134317));
#7226 = CARTESIAN_POINT('',(374.56767973507,97.665780440502,
    331.7619133217));
#7227 = CARTESIAN_POINT('',(374.716234142,97.371858780226,
    332.90411763627));
#7228 = CARTESIAN_POINT('',(374.79625542478,97.21142216437,
    333.61973528724));
#7229 = CARTESIAN_POINT('',(374.86362574953,97.074803021532,
    334.3414302947));
#7230 = CARTESIAN_POINT('',(374.91792738749,96.963698692756,
    335.06784761224));
#7231 = CARTESIAN_POINT('',(374.95887380911,96.879409878213,
    335.79784927747));
#7232 = CARTESIAN_POINT('',(374.98627198405,96.822839375192,
    336.53045558668));
#7233 = CARTESIAN_POINT('',(375.,96.794494717703,337.26478603184));
#7234 = CARTESIAN_POINT('',(375.,96.794494717703,338.73466670649));
#7235 = CARTESIAN_POINT('',(374.98629241362,96.822797194196,
    339.46845288741));
#7236 = CARTESIAN_POINT('',(374.95893485854,96.87928382581,
    340.20051908532));
#7237 = CARTESIAN_POINT('',(374.91804889344,96.963448571853,
    340.92998610122));
#7238 = CARTESIAN_POINT('',(374.86382704772,97.07439115443,
    341.65587588194));
#7239 = CARTESIAN_POINT('',(374.79655511048,97.210814426741,
    342.37705264367));
#7240 = CARTESIAN_POINT('',(374.71664967874,97.371025627548,
    343.09216423177));
#7241 = CARTESIAN_POINT('',(374.56829094905,97.664577820069,
    344.23370572078));
#7242 = CARTESIAN_POINT('',(374.50729677819,97.784472015405,
    344.66525813701));
#7243 = CARTESIAN_POINT('',(374.44180620166,97.912260915766,
    345.09423402846));
#7244 = CARTESIAN_POINT('',(374.37189698293,98.047572052842,
    345.52060809847));
#7245 = CARTESIAN_POINT('',(374.29764886696,98.190024274263,
    345.94433667697));
#7246 = CARTESIAN_POINT('',(374.21914554736,98.339228335777,
    346.36535770672));
#7247 = CARTESIAN_POINT('',(374.13647663353,98.494787493443,
    346.78359072966));
#7248 = CARTESIAN_POINT('',(373.61770127497,99.460784767076,
    349.26778208566));
#7249 = CARTESIAN_POINT('',(373.08352877185,100.41516647139,
    351.27076030474));
#7250 = CARTESIAN_POINT('',(372.45459539305,101.47787776323,
    353.21263041195));
#7251 = CARTESIAN_POINT('',(371.73614905895,102.61334987742,
    355.09471182656));
#7252 = CARTESIAN_POINT('',(370.93240087159,103.79617141689,
    356.91958793078));
#7253 = CARTESIAN_POINT('',(370.04403027588,105.01105551746,
    358.69346702029));
#7254 = CARTESIAN_POINT('',(369.06584819564,106.25096931395,
    360.42597770696));
#7255 = CARTESIAN_POINT('',(366.74845076627,108.95830262348,
    364.07429057181));
#7256 = CARTESIAN_POINT('',(365.39032889117,110.41788330993,
    365.96054124324));
#7257 = CARTESIAN_POINT('',(363.90215146349,111.88112581226,
    367.79414243547));
#7258 = CARTESIAN_POINT('',(362.27220675634,113.33915208346,
    369.57712493116));
#7259 = CARTESIAN_POINT('',(360.48660235546,114.78111681322,
    371.30601516371));
#7260 = CARTESIAN_POINT('',(358.5302609332,116.19253165414,
    372.97119053516));
#7261 = CARTESIAN_POINT('',(356.38776757556,117.55380918824,
    374.55637890117));
#7262 = CARTESIAN_POINT('',(353.24341052945,119.27842904056,
    376.54403592193));
#7263 = CARTESIAN_POINT('',(352.4177602505,119.70950356958,
    377.03895203819));
#7264 = CARTESIAN_POINT('',(351.56710035528,120.1310821441,
    377.52124764002));
#7265 = CARTESIAN_POINT('',(350.69071215931,120.54201840151,
    377.98982807839));
#7266 = CARTESIAN_POINT('',(349.78791010704,120.94104193163,
    378.44345457557));
#7267 = CARTESIAN_POINT('',(348.85805205045,121.32675295494,
    378.88073956455));
#7268 = CARTESIAN_POINT('',(347.90054952769,121.69761700078,
    379.3001420284));
#7269 = CARTESIAN_POINT('',(346.19076862707,122.31227228118,
    379.99368546207));
#7270 = CARTESIAN_POINT('',(345.45128124211,122.56373173799,
    380.27691126822));
#7271 = CARTESIAN_POINT('',(344.6965604488,122.80553501261,
    380.54880894369));
#7272 = CARTESIAN_POINT('',(343.92677539801,123.03687596424,
    380.80854467986));
#7273 = CARTESIAN_POINT('',(343.14211983857,123.25694579472,
    381.05528170258));
#7274 = CARTESIAN_POINT('',(342.34281212652,123.46493358852,
    381.2881798009));
#7275 = CARTESIAN_POINT('',(341.52909523421,123.66002685292,
    381.5063948557));
#7276 = CARTESIAN_POINT('',(340.27488341778,123.93482680297,
    381.81346190208));
#7277 = CARTESIAN_POINT('',(339.84485044799,124.02459013746,
    381.91370847384));
#7278 = CARTESIAN_POINT('',(339.41126579462,124.11057341352,
    382.00968278066));
#7279 = CARTESIAN_POINT('',(338.97425894667,124.1926533527,
    382.1012551937));
#7280 = CARTESIAN_POINT('',(338.5339609376,124.27071204601,
    382.18830175831));
#7281 = CARTESIAN_POINT('',(338.09050434541,124.34463695391,
    382.27070419406));
#7282 = CARTESIAN_POINT('',(337.64402329259,124.41432090632,
    382.34834989473));
#7283 = CARTESIAN_POINT('',(336.32217440537,124.60652603157,
    382.56244269783));
#7284 = CARTESIAN_POINT('',(335.43841383069,124.71707646135,
    382.68548236366));
#7285 = CARTESIAN_POINT('',(334.54516007488,124.81042454366,
    382.78930763282));
#7286 = CARTESIAN_POINT('',(333.64421716767,124.88585184022,
    382.87315831601));
#7287 = CARTESIAN_POINT('',(332.73740154233,124.94281123783,
    382.9364569699));
#7288 = CARTESIAN_POINT('',(331.82653876214,124.9809278636,
    382.9788085394));
#7289 = CARTESIAN_POINT('',(330.91346024702,125.,383.));
#7290 = CARTESIAN_POINT('',(329.08653974913,125.,383.));
#7291 = CARTESIAN_POINT('',(328.17346124,124.98092786387,382.9788085397)
  );
#7292 = CARTESIAN_POINT('',(327.26259846151,124.94281123798,
    382.93645697006));
#7293 = CARTESIAN_POINT('',(326.35578283241,124.88585183999,
    382.87315831576));
#7294 = CARTESIAN_POINT('',(325.45483992137,124.81042454327,
    382.78930763238));
#7295 = CARTESIAN_POINT('',(324.56158616709,124.7170764613,
    382.68548236361));
#7296 = CARTESIAN_POINT('',(323.67782559829,124.6065260321,
    382.56244269843));
#7297 = CARTESIAN_POINT('',(322.35650420107,124.41439760721,
    382.34843533006));
#7298 = CARTESIAN_POINT('',(321.9105439134,124.34480054961,
    382.2708864814));
#7299 = CARTESIAN_POINT('',(321.46760093262,124.27097238731,
    382.18859195493));
#7300 = CARTESIAN_POINT('',(321.02780893299,124.1930199152,
    382.10166396318));
#7301 = CARTESIAN_POINT('',(320.59130002126,124.11105526557,
    382.01022035853));
#7302 = CARTESIAN_POINT('',(320.15820473667,124.02519590809,
    381.91438463321));
#7303 = CARTESIAN_POINT('',(319.72865205097,123.93556464983,
    381.81428591934));
#7304 = CARTESIAN_POINT('',(318.47536399383,123.66107482768,
    381.50756678638));
#7305 = CARTESIAN_POINT('',(317.6620787265,123.46616533828,
    381.28955847428));
#7306 = CARTESIAN_POINT('',(316.86318175401,123.25837320051,
    381.05688099912));
#7307 = CARTESIAN_POINT('',(316.07891670234,123.0385095309,
    380.8103770661));
#7308 = CARTESIAN_POINT('',(315.3095026416,122.80738398854,
    380.55088560888));
#7309 = CARTESIAN_POINT('',(314.55513409173,122.56580423448,
    380.27924225941));
#7310 = CARTESIAN_POINT('',(313.81598102823,122.31457539122,
    379.99627981773));
#7311 = CARTESIAN_POINT('',(312.10101305986,121.69834623611,
    379.3009707617));
#7312 = CARTESIAN_POINT('',(311.13831354003,121.32548307483,
    378.87930937871));
#7313 = CARTESIAN_POINT('',(310.20355769404,120.93761240421,
    378.4395720781));
#7314 = CARTESIAN_POINT('',(309.29614750311,120.53629354715,
    377.98332481934));
#7315 = CARTESIAN_POINT('',(308.41543011878,120.12294823198,
    377.511976802));
#7316 = CARTESIAN_POINT('',(307.56070841765,119.69886606083,
    377.02678525174));
#7317 = CARTESIAN_POINT('',(306.73125155613,119.26520997813,
    376.52886020618));
#7318 = CARTESIAN_POINT('',(303.5825680011,117.53551533604,
    374.53511738393));
#7319 = CARTESIAN_POINT('',(301.43963876613,116.17183635484,
    372.94688919145));
#7320 = CARTESIAN_POINT('',(299.48314090597,114.75809224543,
    371.27863543093));
#7321 = CARTESIAN_POINT('',(297.69761789912,113.31389827584,
    369.54662853944));
#7322 = CARTESIAN_POINT('',(296.06796233113,111.8537641793,
    367.76047389582));
#7323 = CARTESIAN_POINT('',(294.58026533915,110.38856112965,
    365.92361297269));
#7324 = CARTESIAN_POINT('',(293.22281747579,108.92721336522,
    364.03397364973));
#7325 = CARTESIAN_POINT('',(290.90908265298,106.21946727205,
    360.38211585842));
#7326 = CARTESIAN_POINT('',(289.9334475224,104.98075669371,
    358.64962457459));
#7327 = CARTESIAN_POINT('',(289.04745385275,103.76723895962,
    356.8757250292));
#7328 = CARTESIAN_POINT('',(288.24596822952,102.58599783427,
    355.05078271011));
#7329 = CARTESIAN_POINT('',(287.52971796294,101.45240268688,
    353.16860793812));
#7330 = CARTESIAN_POINT('',(286.9029396323,100.3919566309,
    351.22663023631));
#7331 = CARTESIAN_POINT('',(286.37089565651,99.440296837709,
    349.2235100769));
#7332 = CARTESIAN_POINT('',(285.85465341658,98.478111555091,
    346.73890646636));
#7333 = CARTESIAN_POINT('',(285.77239009515,98.323174919702,
    346.32049886359));
#7334 = CARTESIAN_POINT('',(285.69429685402,98.174620572722,
    345.89930528629));
#7335 = CARTESIAN_POINT('',(285.62046364343,98.032846007714,
    345.47540812624));
#7336 = CARTESIAN_POINT('',(285.55097436911,97.898240823777,
    345.04887118089));
#7337 = CARTESIAN_POINT('',(285.48590887791,97.771186129456,
    344.61973966736));
#7338 = CARTESIAN_POINT('',(285.4253449434,97.652053946651,
    344.18804023639));
#7339 = CARTESIAN_POINT('',(285.27884770547,97.361995585461,
    343.05169780949));
#7340 = CARTESIAN_POINT('',(285.20019773788,97.204228434899,
    342.34209524231));
#7341 = CARTESIAN_POINT('',(285.1339919148,97.069928272961,
    341.62655938571));
#7342 = CARTESIAN_POINT('',(285.08063464143,96.960738545687,
    340.90641118806));
#7343 = CARTESIAN_POINT('',(285.04040371511,96.877918139687,
    340.18276287726));
#7344 = CARTESIAN_POINT('',(285.0134862538,96.822340208075,
    339.45657461388));
#7345 = CARTESIAN_POINT('',(285.,96.794494717703,338.72871136515));
#7346 = CARTESIAN_POINT('',(285.,96.794494717703,337.26533335291));
#7347 = CARTESIAN_POINT('',(285.01370758415,96.822797189619,
    336.53154722369));
#7348 = CARTESIAN_POINT('',(285.04106513531,96.879283813125,
    335.79948106563));
#7349 = CARTESIAN_POINT('',(285.08195109571,96.963448549556,
    335.0700140733));
#7350 = CARTESIAN_POINT('',(285.13617293737,97.074391124047,
    334.34412429509));
#7351 = CARTESIAN_POINT('',(285.20344487317,97.210814393838,
    333.62294750938));
#7352 = CARTESIAN_POINT('',(285.28335030872,97.371025602747,
    332.90783586466));
#7353 = CARTESIAN_POINT('',(285.43170904573,97.66457780975,
    331.76629431934));
#7354 = CARTESIAN_POINT('',(285.49270321209,97.784471996336,
    331.33474193072));
#7355 = CARTESIAN_POINT('',(285.55819378528,97.912260890355,
    330.90576605487));
#7356 = CARTESIAN_POINT('',(285.62810300221,98.04757202422,
    330.47939198895));
#7357 = CARTESIAN_POINT('',(285.70235111829,98.190024246156,
    330.05566340359));
#7358 = CARTESIAN_POINT('',(285.78085444023,98.339228312393,
    329.63464235658));
#7359 = CARTESIAN_POINT('',(285.86352335889,98.494787479348,
    329.21640930657));
#7360 = CARTESIAN_POINT('',(286.38111683551,99.45858400324,
    326.73787747326));
#7361 = CARTESIAN_POINT('',(286.91354112238,100.40993054059,
    324.74023863082));
#7362 = CARTESIAN_POINT('',(287.54021449722,101.46910416094,
    322.80341736383));
#7363 = CARTESIAN_POINT('',(288.25592402353,102.6008140406,
    320.92608268358));
#7364 = CARTESIAN_POINT('',(289.05649074686,103.77981424817,
    319.10565988926));
#7365 = CARTESIAN_POINT('',(289.94122557891,104.99088507947,
    317.33599178573));
#7366 = CARTESIAN_POINT('',(290.91524294823,106.2269958922,
    315.60752681759));
#7367 = CARTESIAN_POINT('',(293.225317103,108.9297712893,311.96281093309
    ));
#7368 = CARTESIAN_POINT('',(294.58083587377,110.38883884393,
    310.07617027703));
#7369 = CARTESIAN_POINT('',(296.06621542904,111.85174592641,
    308.24214760238));
#7370 = CARTESIAN_POINT('',(297.69310601099,113.3095987986,
    306.45868839555));
#7371 = CARTESIAN_POINT('',(299.47534389027,114.75157465736,
    304.72921534828));
#7372 = CARTESIAN_POINT('',(301.4279586933,116.1632396257,
    303.06327319913));
#7373 = CARTESIAN_POINT('',(303.56633041065,117.52509223372,
    301.47702910428));
#7374 = CARTESIAN_POINT('',(306.71112946477,119.25466519461,
    299.48324951681));
#7375 = CARTESIAN_POINT('',(307.5420917132,119.68958494898,
    298.98383675811));
#7376 = CARTESIAN_POINT('',(308.39842414208,120.11490137531,
    298.4972037765));
#7377 = CARTESIAN_POINT('',(309.28086678816,120.52944694154,
    298.02446416136));
#7378 = CARTESIAN_POINT('',(310.19012559691,120.93192569793,
    297.56688080602));
#7379 = CARTESIAN_POINT('',(311.1268617022,121.3209077647,
    297.12587068722));
#7380 = CARTESIAN_POINT('',(312.09168070605,121.69482381959,
    296.70300964463));
#7381 = CARTESIAN_POINT('',(313.80923137306,122.31227228122,
    296.00631453786));
#7382 = CARTESIAN_POINT('',(314.54871875794,122.563731738,
    295.72308873176));
#7383 = CARTESIAN_POINT('',(315.30343955112,122.80553501258,
    295.45119105633));
#7384 = CARTESIAN_POINT('',(316.07322460185,123.03687596421,
    295.19145532017));
#7385 = CARTESIAN_POINT('',(316.85788016135,123.2569457947,
    294.94471829743));
#7386 = CARTESIAN_POINT('',(317.65718787354,123.46493358855,
    294.71182019907));
#7387 = CARTESIAN_POINT('',(318.47090476595,123.66002685295,
    294.49360514425));
#7388 = CARTESIAN_POINT('',(320.55129415377,124.11584371928,
    293.98426611853));
#7389 = CARTESIAN_POINT('',(321.83870023184,124.35944498025,
    293.71255074704));
#7390 = CARTESIAN_POINT('',(323.15582653718,124.56820021219,
    293.48005628386));
#7391 = CARTESIAN_POINT('',(324.49740439483,124.73881545119,
    293.29026120169));
#7392 = CARTESIAN_POINT('',(325.85807059415,124.86873373006,
    293.14585145116));
#7393 = CARTESIAN_POINT('',(327.23238829276,124.95614633686,
    293.0487262658));
#7394 = CARTESIAN_POINT('',(328.61486962291,125.,293.));
#7395 = CARTESIAN_POINT('',(330.,125.,293.));
#7396 = PCURVE('',#4205,#7397);
#7397 = DEFINITIONAL_REPRESENTATION('',(#7398),#7611);
#7398 = B_SPLINE_CURVE_WITH_KNOTS('',8,(#7399,#7400,#7401,#7402,#7403,
    #7404,#7405,#7406,#7407,#7408,#7409,#7410,#7411,#7412,#7413,#7414,
    #7415,#7416,#7417,#7418,#7419,#7420,#7421,#7422,#7423,#7424,#7425,
    #7426,#7427,#7428,#7429,#7430,#7431,#7432,#7433,#7434,#7435,#7436,
    #7437,#7438,#7439,#7440,#7441,#7442,#7443,#7444,#7445,#7446,#7447,
    #7448,#7449,#7450,#7451,#7452,#7453,#7454,#7455,#7456,#7457,#7458,
    #7459,#7460,#7461,#7462,#7463,#7464,#7465,#7466,#7467,#7468,#7469,
    #7470,#7471,#7472,#7473,#7474,#7475,#7476,#7477,#7478,#7479,#7480,
    #7481,#7482,#7483,#7484,#7485,#7486,#7487,#7488,#7489,#7490,#7491,
    #7492,#7493,#7494,#7495,#7496,#7497,#7498,#7499,#7500,#7501,#7502,
    #7503,#7504,#7505,#7506,#7507,#7508,#7509,#7510,#7511,#7512,#7513,
    #7514,#7515,#7516,#7517,#7518,#7519,#7520,#7521,#7522,#7523,#7524,
    #7525,#7526,#7527,#7528,#7529,#7530,#7531,#7532,#7533,#7534,#7535,
    #7536,#7537,#7538,#7539,#7540,#7541,#7542,#7543,#7544,#7545,#7546,
    #7547,#7548,#7549,#7550,#7551,#7552,#7553,#7554,#7555,#7556,#7557,
    #7558,#7559,#7560,#7561,#7562,#7563,#7564,#7565,#7566,#7567,#7568,
    #7569,#7570,#7571,#7572,#7573,#7574,#7575,#7576,#7577,#7578,#7579,
    #7580,#7581,#7582,#7583,#7584,#7585,#7586,#7587,#7588,#7589,#7590,
    #7591,#7592,#7593,#7594,#7595,#7596,#7597,#7598,#7599,#7600,#7601,
    #7602,#7603,#7604,#7605,#7606,#7607,#7608,#7609,#7610),
  .UNSPECIFIED.,.F.,.F.,(9,7,7,7,7,7,7,7,7,7,7,7,7,7,7,7,7,7,7,7,7,7,7,7
    ,7,7,7,7,7,7,9),(0.,2.870534726561E-02,4.767371110629E-02,
    7.364964685833E-02,0.14910120816,0.215093473389,0.228358818562,
    0.249981610777,0.271588307915,0.284847686353,0.350892844171,
    0.426429245338,0.452265428423,0.471245609623,0.481020545713,
    0.499999181976,0.518977818319,0.528741280081,0.547709745031,
    0.57368555066,0.649318534769,0.715326543315,0.728582507143,
    0.750013919821,0.771620477435,0.784879767217,0.850743804938,
    0.926261599058,0.952302076309,0.971282720305,1.),.UNSPECIFIED.);
#7399 = CARTESIAN_POINT('',(0.,135.));
#7400 = CARTESIAN_POINT('',(3.076855108392E-02,135.));
#7401 = CARTESIAN_POINT('',(6.147813044306E-02,135.04381912409));
#7402 = CARTESIAN_POINT('',(9.205076774224E-02,135.13116223953));
#7403 = CARTESIAN_POINT('',(0.122408390247,135.260977287));
#7404 = CARTESIAN_POINT('',(0.152470842503,135.43145837792));
#7405 = CARTESIAN_POINT('',(0.182153949437,135.6400529537));
#7406 = CARTESIAN_POINT('',(0.211367622869,135.88347300696));
#7407 = CARTESIAN_POINT('',(0.258943415659,136.33892517231));
#7408 = CARTESIAN_POINT('',(0.277650000877,136.53383466171));
#7409 = CARTESIAN_POINT('',(0.296133835259,136.74162679948));
#7410 = CARTESIAN_POINT('',(0.314394526219,136.96149046909));
#7411 = CARTESIAN_POINT('',(0.332431248198,137.19261601145));
#7412 = CARTESIAN_POINT('',(0.350242770418,137.43419576551));
#7413 = CARTESIAN_POINT('',(0.367827484652,137.68542460877));
#7414 = CARTESIAN_POINT('',(0.408951270964,138.30165744645));
#7415 = CARTESIAN_POINT('',(0.432297857482,138.67452218795));
#7416 = CARTESIAN_POINT('',(0.455240197619,139.06239232313));
#7417 = CARTESIAN_POINT('',(0.47779502768,139.46370891416));
#7418 = CARTESIAN_POINT('',(0.499978973086,139.87705105658));
#7419 = CARTESIAN_POINT('',(0.52180870627,140.30113045136));
#7420 = CARTESIAN_POINT('',(0.543301104577,140.73478597689));
#7421 = CARTESIAN_POINT('',(0.625971995805,142.46140160405));
#7422 = CARTESIAN_POINT('',(0.684950477609,143.82162187398));
#7423 = CARTESIAN_POINT('',(0.741746315034,145.23171783096));
#7424 = CARTESIAN_POINT('',(0.796688117873,146.67220253481));
#7425 = CARTESIAN_POINT('',(0.85011242322,148.12865346572));
#7426 = CARTESIAN_POINT('',(0.902380463254,149.59026347471));
#7427 = CARTESIAN_POINT('',(0.953884258855,151.04816987388));
#7428 = CARTESIAN_POINT('',(1.049833580048,153.75272824085));
#7429 = CARTESIAN_POINT('',(1.093951378822,154.99158619377));
#7430 = CARTESIAN_POINT('',(1.137912737148,156.2054317546));
#7431 = CARTESIAN_POINT('',(1.182079879116,157.38723844977));
#7432 = CARTESIAN_POINT('',(1.226695006276,158.52175034639));
#7433 = CARTESIAN_POINT('',(1.271914322426,159.58361960105));
#7434 = CARTESIAN_POINT('',(1.317873390733,160.53737431422));
#7435 = CARTESIAN_POINT('',(1.374232033266,161.50321170627));
#7436 = CARTESIAN_POINT('',(1.383709124827,161.65891071661));
#7437 = CARTESIAN_POINT('',(1.39322925164,161.80825249909));
#7438 = CARTESIAN_POINT('',(1.402791585465,161.95083988372));
#7439 = CARTESIAN_POINT('',(1.412395773499,162.08628317055));
#7440 = CARTESIAN_POINT('',(1.422041930985,162.21420072273));
#7441 = CARTESIAN_POINT('',(1.431730633818,162.33421955949));
#7442 = CARTESIAN_POINT('',(1.457326728312,162.62814121977));
#7443 = CARTESIAN_POINT('',(1.473325870176,162.78857783562));
#7444 = CARTESIAN_POINT('',(1.489428768281,162.92519697846));
#7445 = CARTESIAN_POINT('',(1.505610869705,163.03630130724));
#7446 = CARTESIAN_POINT('',(1.521852995301,163.12059012178));
#7447 = CARTESIAN_POINT('',(1.538139786207,163.1771606248));
#7448 = CARTESIAN_POINT('',(1.554458238614,163.20550528229));
#7449 = CARTESIAN_POINT('',(1.587122253606,163.20550528229));
#7450 = CARTESIAN_POINT('',(1.603428611261,163.1772028058));
#7451 = CARTESIAN_POINT('',(1.619703384841,163.12071617419));
#7452 = CARTESIAN_POINT('',(1.635933585196,163.03655142814));
#7453 = CARTESIAN_POINT('',(1.652103876189,162.92560884557));
#7454 = CARTESIAN_POINT('',(1.6681951141,162.78918557325));
#7455 = CARTESIAN_POINT('',(1.684182799173,162.62897437245));
#7456 = CARTESIAN_POINT('',(1.709763726519,162.33542217993));
#7457 = CARTESIAN_POINT('',(1.719448489081,162.21552798459));
#7458 = CARTESIAN_POINT('',(1.729090751958,162.08773908423));
#7459 = CARTESIAN_POINT('',(1.738691087127,161.95242794715));
#7460 = CARTESIAN_POINT('',(1.748249606209,161.80997572573));
#7461 = CARTESIAN_POINT('',(1.757765953075,161.66077166422));
#7462 = CARTESIAN_POINT('',(1.767239296452,161.50521250655));
#7463 = CARTESIAN_POINT('',(1.823634439251,160.53921523292));
#7464 = CARTESIAN_POINT('',(1.869631730986,159.5848335286));
#7465 = CARTESIAN_POINT('',(1.914887978437,158.52212223676));
#7466 = CARTESIAN_POINT('',(1.959538985618,157.38665012258));
#7467 = CARTESIAN_POINT('',(2.003741220518,156.2038285831));
#7468 = CARTESIAN_POINT('',(2.047737432861,154.98894448253));
#7469 = CARTESIAN_POINT('',(2.091890800718,153.74903068604));
#7470 = CARTESIAN_POINT('',(2.187937388194,151.04169737651));
#7471 = CARTESIAN_POINT('',(2.239501569914,149.58211669006));
#7472 = CARTESIAN_POINT('',(2.29183277198,148.11887418775));
#7473 = CARTESIAN_POINT('',(2.345324606761,146.66084791651));
#7474 = CARTESIAN_POINT('',(2.400339695311,145.21888318678));
#7475 = CARTESIAN_POINT('',(2.457215801113,143.80746834585));
#7476 = CARTESIAN_POINT('',(2.516282730849,142.44619081175));
#7477 = CARTESIAN_POINT('',(2.598947490879,140.72157095944));
#7478 = CARTESIAN_POINT('',(2.620333055428,140.29049643041));
#7479 = CARTESIAN_POINT('',(2.642052816513,139.86891785589));
#7480 = CARTESIAN_POINT('',(2.664123304609,139.45798159848));
#7481 = CARTESIAN_POINT('',(2.686560861969,139.05895806837));
#7482 = CARTESIAN_POINT('',(2.709381795325,138.67324704505));
#7483 = CARTESIAN_POINT('',(2.732602528588,138.30238299921));
#7484 = CARTESIAN_POINT('',(2.773604505189,137.68772771882));
#7485 = CARTESIAN_POINT('',(2.79119824525,137.436268262));
#7486 = CARTESIAN_POINT('',(2.809019037967,137.19446498738));
#7487 = CARTESIAN_POINT('',(2.827065294872,136.96312403575));
#7488 = CARTESIAN_POINT('',(2.8453358048,136.74305420528));
#7489 = CARTESIAN_POINT('',(2.8638297619,136.53506641147));
#7490 = CARTESIAN_POINT('',(2.882546793637,136.33997314707));
#7491 = CARTESIAN_POINT('',(2.91124133178,136.06517319702));
#7492 = CARTESIAN_POINT('',(2.921053231504,135.97540986253));
#7493 = CARTESIAN_POINT('',(2.930920635527,135.88942658647));
#7494 = CARTESIAN_POINT('',(2.940841548229,135.80734664729));
#7495 = CARTESIAN_POINT('',(2.950814030819,135.72928795398));
#7496 = CARTESIAN_POINT('',(2.960836201333,135.65536304608));
#7497 = CARTESIAN_POINT('',(2.970906234632,135.58567909367));
#7498 = CARTESIAN_POINT('',(3.000663443191,135.39347396842));
#7499 = CARTESIAN_POINT('',(3.020487086056,135.28292353864));
#7500 = CARTESIAN_POINT('',(3.040462248993,135.18957545633));
#7501 = CARTESIAN_POINT('',(3.060559110397,135.11414815978));
#7502 = CARTESIAN_POINT('',(3.080748762475,135.05718876216));
#7503 = CARTESIAN_POINT('',(3.101002904652,135.01907213639));
#7504 = CARTESIAN_POINT('',(3.121293536989,135.));
#7505 = CARTESIAN_POINT('',(3.161891770276,135.));
#7506 = CARTESIAN_POINT('',(3.182182402479,135.01907213612));
#7507 = CARTESIAN_POINT('',(3.202436544619,135.05718876201));
#7508 = CARTESIAN_POINT('',(3.222626196781,135.11414816));
#7509 = CARTESIAN_POINT('',(3.24272305827,135.18957545672));
#7510 = CARTESIAN_POINT('',(3.262698221173,135.28292353869));
#7511 = CARTESIAN_POINT('',(3.282521863906,135.39347396789));
#7512 = CARTESIAN_POINT('',(3.312267197711,135.58560239278));
#7513 = CARTESIAN_POINT('',(3.322325463222,135.65519945038));
#7514 = CARTESIAN_POINT('',(3.332335978008,135.72902761268));
#7515 = CARTESIAN_POINT('',(3.342296922906,135.80698008479));
#7516 = CARTESIAN_POINT('',(3.352206422888,135.88894473442));
#7517 = CARTESIAN_POINT('',(3.362062547056,135.9748040919));
#7518 = CARTESIAN_POINT('',(3.37186330865,136.06443535016));
#7519 = CARTESIAN_POINT('',(3.400536069248,136.33892517231));
#7520 = CARTESIAN_POINT('',(3.419242654467,136.53383466171));
#7521 = CARTESIAN_POINT('',(3.437726488849,136.74162679948));
#7522 = CARTESIAN_POINT('',(3.455987179809,136.96149046909));
#7523 = CARTESIAN_POINT('',(3.474023901787,137.19261601145));
#7524 = CARTESIAN_POINT('',(3.491835424008,137.43419576551));
#7525 = CARTESIAN_POINT('',(3.509420138242,137.68542460877));
#7526 = CARTESIAN_POINT('',(3.550543678801,138.30165376388));
#7527 = CARTESIAN_POINT('',(3.573890191609,138.67451692516));
#7528 = CARTESIAN_POINT('',(3.5968325899,139.06238759578));
#7529 = CARTESIAN_POINT('',(3.619387562112,139.46370645284));
#7530 = CARTESIAN_POINT('',(3.641571676989,139.87705176801));
#7531 = CARTESIAN_POINT('',(3.663401540346,140.30113393916));
#7532 = CARTESIAN_POINT('',(3.684893951842,140.73479002187));
#7533 = CARTESIAN_POINT('',(3.767712267258,142.46448466395));
#7534 = CARTESIAN_POINT('',(3.826826797235,143.82816364516));
#7535 = CARTESIAN_POINT('',(3.883749399975,145.24190775454));
#7536 = CARTESIAN_POINT('',(3.938810852312,146.68610172418));
#7537 = CARTESIAN_POINT('',(3.992349896999,148.14623582067));
#7538 = CARTESIAN_POINT('',(4.044730209522,149.61143887035));
#7539 = CARTESIAN_POINT('',(4.096346485891,151.07278663477));
#7540 = CARTESIAN_POINT('',(4.192415993028,153.78053272794));
#7541 = CARTESIAN_POINT('',(4.2365413248,155.01924330628));
#7542 = CARTESIAN_POINT('',(4.280514481067,156.23276104036));
#7543 = CARTESIAN_POINT('',(4.324697962144,157.41400216573));
#7544 = CARTESIAN_POINT('',(4.36933363672,158.5475973131));
#7545 = CARTESIAN_POINT('',(4.414577504775,159.60804336909));
#7546 = CARTESIAN_POINT('',(4.460565691819,160.55970316229));
#7547 = CARTESIAN_POINT('',(4.516958323996,161.5218884449));
#7548 = CARTESIAN_POINT('',(4.526433730052,161.67682508029));
#7549 = CARTESIAN_POINT('',(4.535952180243,161.82537942727));
#7550 = CARTESIAN_POINT('',(4.54551280219,161.96715399228));
#7551 = CARTESIAN_POINT('',(4.555115203402,162.10175917622));
#7552 = CARTESIAN_POINT('',(4.564759463744,162.22881387054));
#7553 = CARTESIAN_POINT('',(4.574446127922,162.34794605334));
#7554 = CARTESIAN_POINT('',(4.599907166198,162.63800441453));
#7555 = CARTESIAN_POINT('',(4.615770152629,162.7957715651));
#7556 = CARTESIAN_POINT('',(4.631734487677,162.93007172704));
#7557 = CARTESIAN_POINT('',(4.647776245225,163.03926145431));
#7558 = CARTESIAN_POINT('',(4.663876664841,163.12208186031));
#7559 = CARTESIAN_POINT('',(4.68002065746,163.17765979192));
#7560 = CARTESIAN_POINT('',(4.696195394492,163.20550528229));
#7561 = CARTESIAN_POINT('',(4.728714905876,163.20550528229));
#7562 = CARTESIAN_POINT('',(4.745021262381,163.17720281038));
#7563 = CARTESIAN_POINT('',(4.761296035075,163.12071618687));
#7564 = CARTESIAN_POINT('',(4.777526234902,163.03655145044));
#7565 = CARTESIAN_POINT('',(4.793696525833,162.92560887595));
#7566 = CARTESIAN_POINT('',(4.80978776427,162.78918560616));
#7567 = CARTESIAN_POINT('',(4.825775450602,162.62897439725));
#7568 = CARTESIAN_POINT('',(4.851356379209,162.33542219025));
#7569 = CARTESIAN_POINT('',(4.861041141151,162.21552800366));
#7570 = CARTESIAN_POINT('',(4.870683403673,162.08773910964));
#7571 = CARTESIAN_POINT('',(4.880283738746,161.95242797578));
#7572 = CARTESIAN_POINT('',(4.889842257979,161.80997575384));
#7573 = CARTESIAN_POINT('',(4.899358605232,161.6607716876));
#7574 = CARTESIAN_POINT('',(4.908831949219,161.50521252065));
#7575 = CARTESIAN_POINT('',(4.965098611742,160.54141599676));
#7576 = CARTESIAN_POINT('',(5.010971814328,159.5900694594));
#7577 = CARTESIAN_POINT('',(5.056106677968,158.53089583904));
#7578 = CARTESIAN_POINT('',(5.100638387955,157.39918595939));
#7579 = CARTESIAN_POINT('',(5.14472243039,156.22018575182));
#7580 = CARTESIAN_POINT('',(5.18859953288,155.00911492052));
#7581 = CARTESIAN_POINT('',(5.232629657874,153.77300410779));
#7582 = CARTESIAN_POINT('',(5.328521563271,151.07022871069));
#7583 = CARTESIAN_POINT('',(5.380059114256,149.61116115606));
#7584 = CARTESIAN_POINT('',(5.432358662592,148.14825407357));
#7585 = CARTESIAN_POINT('',(5.485812930115,146.6904012014));
#7586 = CARTESIAN_POINT('',(5.540783842508,145.24842534263));
#7587 = CARTESIAN_POINT('',(5.597608588338,143.83676037429));
#7588 = CARTESIAN_POINT('',(5.656616424081,142.47490776627));
#7589 = CARTESIAN_POINT('',(5.739362258736,140.74533480538));
#7590 = CARTESIAN_POINT('',(5.760900332202,140.31041505101));
#7591 = CARTESIAN_POINT('',(5.782777069992,139.88509862468));
#7592 = CARTESIAN_POINT('',(5.805009490253,139.47055305845));
#7593 = CARTESIAN_POINT('',(5.827614402705,139.06807430206));
#7594 = CARTESIAN_POINT('',(5.850608567934,138.67909223529));
#7595 = CARTESIAN_POINT('',(5.874008856682,138.3051761804));
#7596 = CARTESIAN_POINT('',(5.915197158782,137.68772771877));
#7597 = CARTESIAN_POINT('',(5.932790898841,137.43626826199));
#7598 = CARTESIAN_POINT('',(5.950611691555,137.19446498741));
#7599 = CARTESIAN_POINT('',(5.968657948459,136.96312403578));
#7600 = CARTESIAN_POINT('',(5.986928458388,136.74305420529));
#7601 = CARTESIAN_POINT('',(6.005422415492,136.53506641145));
#7602 = CARTESIAN_POINT('',(6.024139447231,136.33997314704));
#7603 = CARTESIAN_POINT('',(6.071735723919,135.88415628071));
#7604 = CARTESIAN_POINT('',(6.100959934731,135.64055501974));
#7605 = CARTESIAN_POINT('',(6.130654234286,135.4317997878));
#7606 = CARTESIAN_POINT('',(6.160728364582,135.2611845488));
#7607 = CARTESIAN_POINT('',(6.191097994848,135.13126626993));
#7608 = CARTESIAN_POINT('',(6.221682822757,135.04385366313));
#7609 = CARTESIAN_POINT('',(6.252404632133,135.));
#7610 = CARTESIAN_POINT('',(6.28318530718,135.));
#7611 = ( GEOMETRIC_REPRESENTATION_CONTEXT(2) 
PARAMETRIC_REPRESENTATION_CONTEXT() REPRESENTATION_CONTEXT('2D SPACE',''
  ) );
#7612 = PCURVE('',#5637,#7613);
#7613 = DEFINITIONAL_REPRESENTATION('',(#7614),#7827);
#7614 = B_SPLINE_CURVE_WITH_KNOTS('',8,(#7615,#7616,#7617,#7618,#7619,
    #7620,#7621,#7622,#7623,#7624,#7625,#7626,#7627,#7628,#7629,#7630,
    #7631,#7632,#7633,#7634,#7635,#7636,#7637,#7638,#7639,#7640,#7641,
    #7642,#7643,#7644,#7645,#7646,#7647,#7648,#7649,#7650,#7651,#7652,
    #7653,#7654,#7655,#7656,#7657,#7658,#7659,#7660,#7661,#7662,#7663,
    #7664,#7665,#7666,#7667,#7668,#7669,#7670,#7671,#7672,#7673,#7674,
    #7675,#7676,#7677,#7678,#7679,#7680,#7681,#7682,#7683,#7684,#7685,
    #7686,#7687,#7688,#7689,#7690,#7691,#7692,#7693,#7694,#7695,#7696,
    #7697,#7698,#7699,#7700,#7701,#7702,#7703,#7704,#7705,#7706,#7707,
    #7708,#7709,#7710,#7711,#7712,#7713,#7714,#7715,#7716,#7717,#7718,
    #7719,#7720,#7721,#7722,#7723,#7724,#7725,#7726,#7727,#7728,#7729,
    #7730,#7731,#7732,#7733,#7734,#7735,#7736,#7737,#7738,#7739,#7740,
    #7741,#7742,#7743,#7744,#7745,#7746,#7747,#7748,#7749,#7750,#7751,
    #7752,#7753,#7754,#7755,#7756,#7757,#7758,#7759,#7760,#7761,#7762,
    #7763,#7764,#7765,#7766,#7767,#7768,#7769,#7770,#7771,#7772,#7773,
    #7774,#7775,#7776,#7777,#7778,#7779,#7780,#7781,#7782,#7783,#7784,
    #7785,#7786,#7787,#7788,#7789,#7790,#7791,#7792,#7793,#7794,#7795,
    #7796,#7797,#7798,#7799,#7800,#7801,#7802,#7803,#7804,#7805,#7806,
    #7807,#7808,#7809,#7810,#7811,#7812,#7813,#7814,#7815,#7816,#7817,
    #7818,#7819,#7820,#7821,#7822,#7823,#7824,#7825,#7826),
  .UNSPECIFIED.,.T.,.F.,(9,7,7,7,7,7,7,7,7,7,7,7,7,7,7,7,7,7,7,7,7,7,7,7
    ,7,7,7,7,7,7,9),(0.,2.870534726561E-02,4.767371110629E-02,
    7.364964685833E-02,0.14910120816,0.215093473389,0.228358818562,
    0.249981610777,0.271588307915,0.284847686353,0.350892844171,
    0.426429245338,0.452265428423,0.471245609623,0.481020545713,
    0.499999181976,0.518977818319,0.528741280081,0.547709745031,
    0.57368555066,0.649318534769,0.715326543315,0.728582507143,
    0.750013919821,0.771620477435,0.784879767217,0.850743804938,
    0.926261599058,0.952302076309,0.971282720305,1.),.UNSPECIFIED.);
#7615 = CARTESIAN_POINT('',(1.570796326795,5.));
#7616 = CARTESIAN_POINT('',(1.543104630819,5.));
#7617 = CARTESIAN_POINT('',(1.515466007505,5.04868788903));
#7618 = CARTESIAN_POINT('',(1.487958229148,5.145735861813));
#7619 = CARTESIAN_POINT('',(1.460659013348,5.290030822547));
#7620 = CARTESIAN_POINT('',(1.433647597647,5.479676496544));
#7621 = CARTESIAN_POINT('',(1.407006193995,5.711991588255));
#7622 = CARTESIAN_POINT('',(1.380821323046,5.983503985666));
#7623 = CARTESIAN_POINT('',(1.338244680451,6.49243321362));
#7624 = CARTESIAN_POINT('',(1.321521597698,6.710441525718));
#7625 = CARTESIAN_POINT('',(1.305017087009,6.943119000874));
#7626 = CARTESIAN_POINT('',(1.288732767999,7.189622933898));
#7627 = CARTESIAN_POINT('',(1.272670547394,7.449114391121));
#7628 = CARTESIAN_POINT('',(1.256832593537,7.720757740589));
#7629 = CARTESIAN_POINT('',(1.241221310886,8.003720182266));
#7630 = CARTESIAN_POINT('',(1.204774674855,8.699033393446));
#7631 = CARTESIAN_POINT('',(1.184133143327,9.120696569624));
#7632 = CARTESIAN_POINT('',(1.163901960571,9.560433290151));
#7633 = CARTESIAN_POINT('',(1.144068507692,10.016678004348));
#7634 = CARTESIAN_POINT('',(1.124620238724,10.488022415095));
#7635 = CARTESIAN_POINT('',(1.105544613091,10.973210766465));
#7636 = CARTESIAN_POINT('',(1.086829028071,11.471135131349));
#7637 = CARTESIAN_POINT('',(1.015106940339,13.461328908724));
#7638 = CARTESIAN_POINT('',(0.964526779416,15.045492056286));
#7639 = CARTESIAN_POINT('',(0.91648806193,16.709341042726));
#7640 = CARTESIAN_POINT('',(0.870779009785,18.436703999877));
#7641 = CARTESIAN_POINT('',(0.827203879966,20.218020654064));
#7642 = CARTESIAN_POINT('',(0.785589322741,22.049843904515));
#7643 = CARTESIAN_POINT('',(0.745801619316,23.934198885506));
#7644 = CARTESIAN_POINT('',(0.674608257448,27.579209215551));
#7645 = CARTESIAN_POINT('',(0.643076245163,29.310441338118));
#7646 = CARTESIAN_POINT('',(0.613034441872,31.082985329897));
#7647 = CARTESIAN_POINT('',(0.584490231128,32.906443989827));
#7648 = CARTESIAN_POINT('',(0.557664370297,34.78701100653));
#7649 = CARTESIAN_POINT('',(0.532997977292,36.727268072898));
#7650 = CARTESIAN_POINT('',(0.511141041454,38.72853552179));
#7651 = CARTESIAN_POINT('',(0.489214405125,41.211054203928));
#7652 = CARTESIAN_POINT('',(0.485687961747,41.629442726634));
#7653 = CARTESIAN_POINT('',(0.482312901931,42.050621863482));
#7654 = CARTESIAN_POINT('',(0.479097022576,42.474511248716));
#7655 = CARTESIAN_POINT('',(0.476047956536,42.901048927688));
#7656 = CARTESIAN_POINT('',(0.473173177796,43.330191343176));
#7657 = CARTESIAN_POINT('',(0.470480006644,43.761913321702));
#7658 = CARTESIAN_POINT('',(0.463893403447,44.904117636272));
#7659 = CARTESIAN_POINT('',(0.460307743903,45.619735287246));
#7660 = CARTESIAN_POINT('',(0.457261242345,46.341430294701));
#7661 = CARTESIAN_POINT('',(0.454787976196,47.067847612243));
#7662 = CARTESIAN_POINT('',(0.452913815938,47.797849277477));
#7663 = CARTESIAN_POINT('',(0.451656692721,48.530455586683));
#7664 = CARTESIAN_POINT('',(0.451026811796,49.264786031841));
#7665 = CARTESIAN_POINT('',(0.451026811796,50.734666706492));
#7666 = CARTESIAN_POINT('',(0.451655755367,51.46845288741));
#7667 = CARTESIAN_POINT('',(0.45291101477,52.200519085324));
#7668 = CARTESIAN_POINT('',(0.454782414753,52.929986101228));
#7669 = CARTESIAN_POINT('',(0.457252073871,53.65587588194));
#7670 = CARTESIAN_POINT('',(0.460294191873,54.377052643673));
#7671 = CARTESIAN_POINT('',(0.463874783139,55.092164231777));
#7672 = CARTESIAN_POINT('',(0.470453026139,56.233705720786));
#7673 = CARTESIAN_POINT('',(0.473143363124,56.665258137018));
#7674 = CARTESIAN_POINT('',(0.476015205827,57.094234028464));
#7675 = CARTESIAN_POINT('',(0.479061243786,57.52060809848));
#7676 = CARTESIAN_POINT('',(0.482274012234,57.944336676976));
#7677 = CARTESIAN_POINT('',(0.485645886924,58.365357706725));
#7678 = CARTESIAN_POINT('',(0.489169078962,58.783590729669));
#7679 = CARTESIAN_POINT('',(0.511098772122,61.267782085663));
#7680 = CARTESIAN_POINT('',(0.532969494989,63.270760304737));
#7681 = CARTESIAN_POINT('',(0.557654944857,65.212630411965));
#7682 = CARTESIAN_POINT('',(0.584503341545,67.094711826559));
#7683 = CARTESIAN_POINT('',(0.613072440859,68.919587930789));
#7684 = CARTESIAN_POINT('',(0.643141053725,70.693467020291));
#7685 = CARTESIAN_POINT('',(0.674702020064,72.42597770696));
#7686 = CARTESIAN_POINT('',(0.745976095279,76.074290571816));
#7687 = CARTESIAN_POINT('',(0.785815990994,77.960541243242));
#7688 = CARTESIAN_POINT('',(0.827486764971,79.794142435485));
#7689 = CARTESIAN_POINT('',(0.871123157307,81.577124931151));
#7690 = CARTESIAN_POINT('',(0.916899514559,83.306015163722));
#7691 = CARTESIAN_POINT('',(0.965012554031,84.971190535158));
#7692 = CARTESIAN_POINT('',(1.015675015294,86.556378901176));
#7693 = CARTESIAN_POINT('',(1.087400310326,88.544035921931));
#7694 = CARTESIAN_POINT('',(1.106024576352,89.03895203819));
#7695 = CARTESIAN_POINT('',(1.125005395304,89.52124764002));
#7696 = CARTESIAN_POINT('',(1.144355104255,89.989828078394));
#7697 = CARTESIAN_POINT('',(1.164085987992,90.443454575579));
#7698 = CARTESIAN_POINT('',(1.184210344392,90.880739564552));
#7699 = CARTESIAN_POINT('',(1.204740549802,91.3001420284));
#7700 = CARTESIAN_POINT('',(1.241078694179,91.993685462077));
#7701 = CARTESIAN_POINT('',(1.256697788548,92.276911268221));
#7702 = CARTESIAN_POINT('',(1.27254380891,92.548808943696));
#7703 = CARTESIAN_POINT('',(1.288614366925,92.808544679861));
#7704 = CARTESIAN_POINT('',(1.304907310195,93.055281702581));
#7705 = CARTESIAN_POINT('',(1.321420747939,93.2881798009));
#7706 = CARTESIAN_POINT('',(1.33815307666,93.506394855708));
#7707 = CARTESIAN_POINT('',(1.363832346845,93.81346190208));
#7708 = CARTESIAN_POINT('',(1.372617941403,93.913708473846));
#7709 = CARTESIAN_POINT('',(1.381457760604,94.009682780667));
#7710 = CARTESIAN_POINT('',(1.390349815588,94.101255193703));
#7711 = CARTESIAN_POINT('',(1.399292157525,94.188301758314));
#7712 = CARTESIAN_POINT('',(1.408282877621,94.270704194067));
#7713 = CARTESIAN_POINT('',(1.417320107118,94.348349894732));
#7714 = CARTESIAN_POINT('',(1.444035101341,94.562442697838));
#7715 = CARTESIAN_POINT('',(1.461844522512,94.685482363666));
#7716 = CARTESIAN_POINT('',(1.479800673966,94.789307632822));
#7717 = CARTESIAN_POINT('',(1.497874846953,94.873158316014));
#7718 = CARTESIAN_POINT('',(1.516039004282,94.936456969904));
#7719 = CARTESIAN_POINT('',(1.534265553797,94.978808539409));
#7720 = CARTESIAN_POINT('',(1.552527121854,95.));
#7721 = CARTESIAN_POINT('',(1.589065531812,95.));
#7722 = CARTESIAN_POINT('',(1.607327099749,94.978808539705));
#7723 = CARTESIAN_POINT('',(1.625553649231,94.936456970069));
#7724 = CARTESIAN_POINT('',(1.643717806635,94.873158315767));
#7725 = CARTESIAN_POINT('',(1.661791979699,94.789307632388));
#7726 = CARTESIAN_POINT('',(1.679748131122,94.685482363618));
#7727 = CARTESIAN_POINT('',(1.697557552175,94.562442698433));
#7728 = CARTESIAN_POINT('',(1.724261885654,94.348435330064));
#7729 = CARTESIAN_POINT('',(1.733288558174,94.2708864814));
#7730 = CARTESIAN_POINT('',(1.742268830492,94.188591954938));
#7731 = CARTESIAN_POINT('',(1.751200840012,94.101663963189));
#7732 = CARTESIAN_POINT('',(1.760082684913,94.010220358532));
#7733 = CARTESIAN_POINT('',(1.76891242415,93.914384633215));
#7734 = CARTESIAN_POINT('',(1.777688077452,93.814285919349));
#7735 = CARTESIAN_POINT('',(1.803347973138,93.507566786381));
#7736 = CARTESIAN_POINT('',(1.820071055892,93.289558474283));
#7737 = CARTESIAN_POINT('',(1.836575566581,93.056880999127));
#7738 = CARTESIAN_POINT('',(1.852859885591,92.810377066103));
#7739 = CARTESIAN_POINT('',(1.868922106196,92.550885608881));
#7740 = CARTESIAN_POINT('',(1.884760060053,92.279242259413));
#7741 = CARTESIAN_POINT('',(1.900371342704,91.996279817736));
#7742 = CARTESIAN_POINT('',(1.936817760932,91.300970761702));
#7743 = CARTESIAN_POINT('',(1.9574592281,90.879309378717));
#7744 = CARTESIAN_POINT('',(1.977690463368,90.439572078107));
#7745 = CARTESIAN_POINT('',(1.997524042214,89.983324819343));
#7746 = CARTESIAN_POINT('',(2.016972459857,89.511976802008));
#7747 = CARTESIAN_POINT('',(2.036048198332,89.026785251744));
#7748 = CARTESIAN_POINT('',(2.054763793543,88.528860206188));
#7749 = CARTESIAN_POINT('',(2.126613780835,86.535117383933));
#7750 = CARTESIAN_POINT('',(2.177309148875,84.946889191454));
#7751 = CARTESIAN_POINT('',(2.225451742954,83.278635430948));
#7752 = CARTESIAN_POINT('',(2.271254638539,81.54662853943));
#7753 = CARTESIAN_POINT('',(2.314914678649,79.760473895841));
#7754 = CARTESIAN_POINT('',(2.356606008036,77.923612972689));
#7755 = CARTESIAN_POINT('',(2.396462584965,76.03397364973));
#7756 = CARTESIAN_POINT('',(2.467695323886,72.382115858429));
#7757 = CARTESIAN_POINT('',(2.499205974326,70.649624574591));
#7758 = CARTESIAN_POINT('',(2.529224629394,68.875725029204));
#7759 = CARTESIAN_POINT('',(2.557742316579,67.050782710104));
#7760 = CARTESIAN_POINT('',(2.584535670731,65.168607938128));
#7761 = CARTESIAN_POINT('',(2.609160301851,63.226630236312));
#7762 = CARTESIAN_POINT('',(2.630962777016,61.223510076907));
#7763 = CARTESIAN_POINT('',(2.652801335287,58.738906466363));
#7764 = CARTESIAN_POINT('',(2.656309726868,58.320498863599));
#7765 = CARTESIAN_POINT('',(2.659666283792,57.899305286295));
#7766 = CARTESIAN_POINT('',(2.66286319911,57.47540812624));
#7767 = CARTESIAN_POINT('',(2.665892838823,57.048871180892));
#7768 = CARTESIAN_POINT('',(2.668747736649,56.619739667359));
#7769 = CARTESIAN_POINT('',(2.671420588799,56.188040236391));
#7770 = CARTESIAN_POINT('',(2.677919674692,55.051697809495));
#7771 = CARTESIAN_POINT('',(2.681445319214,54.342095242314));
#7772 = CARTESIAN_POINT('',(2.68443992531,53.626559385716));
#7773 = CARTESIAN_POINT('',(2.686870496006,52.906411188061));
#7774 = CARTESIAN_POINT('',(2.688711987434,52.182762877266));
#7775 = CARTESIAN_POINT('',(2.689947053449,51.456574613885));
#7776 = CARTESIAN_POINT('',(2.690565841794,50.728711365151));
#7777 = CARTESIAN_POINT('',(2.690565841794,49.265333352913));
#7778 = CARTESIAN_POINT('',(2.689936898324,48.531547223697));
#7779 = CARTESIAN_POINT('',(2.688681639101,47.799481065631));
#7780 = CARTESIAN_POINT('',(2.686810239333,47.070014073308));
#7781 = CARTESIAN_POINT('',(2.684340580395,46.344124295094));
#7782 = CARTESIAN_POINT('',(2.681298462452,45.622947509387));
#7783 = CARTESIAN_POINT('',(2.677717871007,44.907835864668));
#7784 = CARTESIAN_POINT('',(2.671139627682,43.766294319343));
#7785 = CARTESIAN_POINT('',(2.668449290894,43.334741930723));
#7786 = CARTESIAN_POINT('',(2.665577448334,42.905766054872));
#7787 = CARTESIAN_POINT('',(2.662531410448,42.479391988951));
#7788 = CARTESIAN_POINT('',(2.65931864199,42.055663403591));
#7789 = CARTESIAN_POINT('',(2.655946767195,41.634642356584));
#7790 = CARTESIAN_POINT('',(2.652423574948,41.216409306579));
#7791 = CARTESIAN_POINT('',(2.630543842349,38.737877473269));
#7792 = CARTESIAN_POINT('',(2.608743141371,36.740238630825));
#7793 = CARTESIAN_POINT('',(2.584141486135,34.803417363834));
#7794 = CARTESIAN_POINT('',(2.557385673465,32.926082683588));
#7795 = CARTESIAN_POINT('',(2.528915218351,31.105659889261));
#7796 = CARTESIAN_POINT('',(2.498950758113,29.335991785737));
#7797 = CARTESIAN_POINT('',(2.467500813128,27.607526817596));
#7798 = CARTESIAN_POINT('',(2.396391214767,23.962810933091));
#7799 = CARTESIAN_POINT('',(2.356594165197,22.076170277037));
#7800 = CARTESIAN_POINT('',(2.314967764249,20.242147602383));
#7801 = CARTESIAN_POINT('',(2.271378875213,18.458688395567));
#7802 = CARTESIAN_POINT('',(2.22565431791,16.729215348276));
#7803 = CARTESIAN_POINT('',(2.17759828588,15.063273199137));
#7804 = CARTESIAN_POINT('',(2.126998788443,13.477029104285));
#7805 = CARTESIAN_POINT('',(2.055218056438,11.483249516816));
#7806 = CARTESIAN_POINT('',(2.036464092389,10.983836758113));
#7807 = CARTESIAN_POINT('',(2.017348567197,10.497203776506));
#7808 = CARTESIAN_POINT('',(1.997858772977,10.024464161365));
#7809 = CARTESIAN_POINT('',(1.977982064834,9.56688080602));
#7810 = CARTESIAN_POINT('',(1.957705793071,9.125870687227));
#7811 = CARTESIAN_POINT('',(1.937017235407,8.703009644637));
#7812 = CARTESIAN_POINT('',(1.900513959408,8.006314537868));
#7813 = CARTESIAN_POINT('',(1.884894865041,7.723088731763));
#7814 = CARTESIAN_POINT('',(1.869048844681,7.451191056333));
#7815 = CARTESIAN_POINT('',(1.852978286667,7.191455320179));
#7816 = CARTESIAN_POINT('',(1.836685343396,6.944718297434));
#7817 = CARTESIAN_POINT('',(1.82017190565,6.711820199075));
#7818 = CARTESIAN_POINT('',(1.803439576926,6.49360514425));
#7819 = CARTESIAN_POINT('',(1.760844793111,5.984266118535));
#7820 = CARTESIAN_POINT('',(1.734650563625,5.712550747049));
#7821 = CARTESIAN_POINT('',(1.707999173715,5.480056283869));
#7822 = CARTESIAN_POINT('',(1.680977301342,5.290261201699));
#7823 = CARTESIAN_POINT('',(1.65366730559,5.145851451169));
#7824 = CARTESIAN_POINT('',(1.626148564666,5.048726265804));
#7825 = CARTESIAN_POINT('',(1.598498934337,5.));
#7826 = CARTESIAN_POINT('',(1.570796326795,5.));
#7827 = ( GEOMETRIC_REPRESENTATION_CONTEXT(2) 
PARAMETRIC_REPRESENTATION_CONTEXT() REPRESENTATION_CONTEXT('2D SPACE',''
  ) );
#7828 = ORIENTED_EDGE('',*,*,#7829,.F.);
#7829 = EDGE_CURVE('',#5204,#7180,#7830,.T.);
#7830 = SURFACE_CURVE('',#7831,(#7836,#7863),.PCURVE_S1.);
#7831 = ELLIPSE('',#7832,63.639610306789,45.);
#7832 = AXIS2_PLACEMENT_3D('',#7833,#7834,#7835);
#7833 = CARTESIAN_POINT('',(330.,75.,338.));
#7834 = DIRECTION('',(-0.707105780523,-0.707106781187,1.189601359533E-03
    ));
#7835 = DIRECTION('',(0.707105780523,-0.707106781187,-1.189601359533E-03
    ));
#7836 = PCURVE('',#4205,#7837);
#7837 = DEFINITIONAL_REPRESENTATION('',(#7838),#7862);
#7838 = B_SPLINE_CURVE_WITH_KNOTS('',8,(#7839,#7840,#7841,#7842,#7843,
    #7844,#7845,#7846,#7847,#7848,#7849,#7850,#7851,#7852,#7853,#7854,
    #7855,#7856,#7857,#7858,#7859,#7860,#7861),.UNSPECIFIED.,.F.,.F.,(9,
    7,7,9),(1.570796326795,2.356194488706,3.534291731573,4.71238897444),
  .UNSPECIFIED.);
#7839 = CARTESIAN_POINT('',(3.13991030242,185.));
#7840 = CARTESIAN_POINT('',(3.238085072659,180.58213533924));
#7841 = CARTESIAN_POINT('',(3.336259842897,176.1642707438));
#7842 = CARTESIAN_POINT('',(3.434434613137,171.81129056821));
#7843 = CARTESIAN_POINT('',(3.532609383376,167.58808080192));
#7844 = CARTESIAN_POINT('',(3.630784153615,163.55752328825));
#7845 = CARTESIAN_POINT('',(3.728958923853,159.77850008893));
#7846 = CARTESIAN_POINT('',(3.827133694092,156.30409695852));
#7847 = CARTESIAN_POINT('',(4.072570619689,148.49434179696));
#7848 = CARTESIAN_POINT('',(4.219832775043,144.59711587829));
#7849 = CARTESIAN_POINT('',(4.367094930405,141.64336420584));
#7850 = CARTESIAN_POINT('',(4.514357085736,139.7514463131));
#7851 = CARTESIAN_POINT('',(4.661619241126,138.9925003756));
#7852 = CARTESIAN_POINT('',(4.808881396476,139.38388134833));
#7853 = CARTESIAN_POINT('',(4.956143551839,140.8894555776));
#7854 = CARTESIAN_POINT('',(5.250667862556,145.96138636841));
#7855 = CARTESIAN_POINT('',(5.397930017916,149.5277430696));
#7856 = CARTESIAN_POINT('',(5.545192173246,154.04068714851));
#7857 = CARTESIAN_POINT('',(5.692454328662,159.3687530671));
#7858 = CARTESIAN_POINT('',(5.839716483977,165.33859604841));
#7859 = CARTESIAN_POINT('',(5.98697863935,171.74640557463));
#7860 = CARTESIAN_POINT('',(6.134240794706,178.37320274135));
#7861 = CARTESIAN_POINT('',(6.281502950065,184.99999973248));
#7862 = ( GEOMETRIC_REPRESENTATION_CONTEXT(2) 
PARAMETRIC_REPRESENTATION_CONTEXT() REPRESENTATION_CONTEXT('2D SPACE',''
  ) );
#7863 = PCURVE('',#7864,#7869);
#7864 = CYLINDRICAL_SURFACE('',#7865,45.);
#7865 = AXIS2_PLACEMENT_3D('',#7866,#7867,#7868);
#7866 = CARTESIAN_POINT('',(330.,75.,338.));
#7867 = DIRECTION('',(-0.999998584848,0.,1.682350376469E-03));
#7868 = DIRECTION('',(-1.682350376469E-03,0.,-0.999998584848));
#7869 = DEFINITIONAL_REPRESENTATION('',(#7870),#7894);
#7870 = B_SPLINE_CURVE_WITH_KNOTS('',8,(#7871,#7872,#7873,#7874,#7875,
    #7876,#7877,#7878,#7879,#7880,#7881,#7882,#7883,#7884,#7885,#7886,
    #7887,#7888,#7889,#7890,#7891,#7892,#7893),.UNSPECIFIED.,.F.,.F.,(9,
    7,7,9),(1.570796326795,2.356194488706,3.534291731573,4.71238897444),
  .UNSPECIFIED.);
#7871 = CARTESIAN_POINT('',(3.14159265359,0.));
#7872 = CARTESIAN_POINT('',(3.239767423829,4.417864660751));
#7873 = CARTESIAN_POINT('',(3.337942194068,8.835729256187));
#7874 = CARTESIAN_POINT('',(3.436116964306,13.18870943182));
#7875 = CARTESIAN_POINT('',(3.534291734546,17.411919198124));
#7876 = CARTESIAN_POINT('',(3.632466504785,21.44247671175));
#7877 = CARTESIAN_POINT('',(3.730641275023,25.221499911065));
#7878 = CARTESIAN_POINT('',(3.828816045262,28.69590304148));
#7879 = CARTESIAN_POINT('',(4.074252970859,36.50565820304));
#7880 = CARTESIAN_POINT('',(4.221515126212,40.40288412146));
#7881 = CARTESIAN_POINT('',(4.368777281601,43.356635794597));
#7882 = CARTESIAN_POINT('',(4.516039436909,45.248553685757));
#7883 = CARTESIAN_POINT('',(4.663301592314,46.007499624859));
#7884 = CARTESIAN_POINT('',(4.810563747644,45.616118651531));
#7885 = CARTESIAN_POINT('',(4.95782590301,44.110544422395));
#7886 = CARTESIAN_POINT('',(5.252350213726,39.038613631588));
#7887 = CARTESIAN_POINT('',(5.399612369086,35.47225693045));
#7888 = CARTESIAN_POINT('',(5.546874524425,30.959312850726));
#7889 = CARTESIAN_POINT('',(5.694136679806,25.631246932811));
#7890 = CARTESIAN_POINT('',(5.841398835146,19.661403951191));
#7891 = CARTESIAN_POINT('',(5.988660990519,13.253594425471));
#7892 = CARTESIAN_POINT('',(6.135923145876,6.626797258642));
#7893 = CARTESIAN_POINT('',(6.283185301235,2.675154746612E-07));
#7894 = ( GEOMETRIC_REPRESENTATION_CONTEXT(2) 
PARAMETRIC_REPRESENTATION_CONTEXT() REPRESENTATION_CONTEXT('2D SPACE',''
  ) );
#7895 = ADVANCED_FACE('',(#7896),#7864,.T.);
#7896 = FACE_BOUND('',#7897,.T.);
#7897 = EDGE_LOOP('',(#7898,#8548,#8549,#9197,#9220,#9329,#9358,#9387,
    #9416,#9524));
#7898 = ORIENTED_EDGE('',*,*,#7899,.T.);
#7899 = EDGE_CURVE('',#7900,#5204,#7902,.T.);
#7900 = VERTEX_POINT('',#7901);
#7901 = CARTESIAN_POINT('',(280.,75.,293.08405395591));
#7902 = SURFACE_CURVE('',#7903,(#8116,#8332),.PCURVE_S1.);
#7903 = B_SPLINE_CURVE_WITH_KNOTS('',8,(#7904,#7905,#7906,#7907,#7908,
    #7909,#7910,#7911,#7912,#7913,#7914,#7915,#7916,#7917,#7918,#7919,
    #7920,#7921,#7922,#7923,#7924,#7925,#7926,#7927,#7928,#7929,#7930,
    #7931,#7932,#7933,#7934,#7935,#7936,#7937,#7938,#7939,#7940,#7941,
    #7942,#7943,#7944,#7945,#7946,#7947,#7948,#7949,#7950,#7951,#7952,
    #7953,#7954,#7955,#7956,#7957,#7958,#7959,#7960,#7961,#7962,#7963,
    #7964,#7965,#7966,#7967,#7968,#7969,#7970,#7971,#7972,#7973,#7974,
    #7975,#7976,#7977,#7978,#7979,#7980,#7981,#7982,#7983,#7984,#7985,
    #7986,#7987,#7988,#7989,#7990,#7991,#7992,#7993,#7994,#7995,#7996,
    #7997,#7998,#7999,#8000,#8001,#8002,#8003,#8004,#8005,#8006,#8007,
    #8008,#8009,#8010,#8011,#8012,#8013,#8014,#8015,#8016,#8017,#8018,
    #8019,#8020,#8021,#8022,#8023,#8024,#8025,#8026,#8027,#8028,#8029,
    #8030,#8031,#8032,#8033,#8034,#8035,#8036,#8037,#8038,#8039,#8040,
    #8041,#8042,#8043,#8044,#8045,#8046,#8047,#8048,#8049,#8050,#8051,
    #8052,#8053,#8054,#8055,#8056,#8057,#8058,#8059,#8060,#8061,#8062,
    #8063,#8064,#8065,#8066,#8067,#8068,#8069,#8070,#8071,#8072,#8073,
    #8074,#8075,#8076,#8077,#8078,#8079,#8080,#8081,#8082,#8083,#8084,
    #8085,#8086,#8087,#8088,#8089,#8090,#8091,#8092,#8093,#8094,#8095,
    #8096,#8097,#8098,#8099,#8100,#8101,#8102,#8103,#8104,#8105,#8106,
    #8107,#8108,#8109,#8110,#8111,#8112,#8113,#8114,#8115),
  .UNSPECIFIED.,.T.,.F.,(9,7,7,7,7,7,7,7,7,7,7,7,7,7,7,7,7,7,7,7,7,7,7,7
    ,7,7,7,7,7,7,9),(0.,2.870432142279E-02,4.766954901896E-02,
    7.370870723247E-02,0.14897875916,0.214941218255,0.228035500954,
    0.249648316174,0.271442839318,0.284531680962,0.35063376373,
    0.426379402818,0.452469637344,0.471230728517,0.481007908784,
    0.499987448441,0.51896698802,0.528731896083,0.547706644279,
    0.573689355578,0.649353541077,0.715400503076,0.72868753199,
    0.750369552641,0.772022328604,0.785115575979,0.850943750339,
    0.926500065109,0.952426413746,0.971468468926,1.),.UNSPECIFIED.);
#7904 = CARTESIAN_POINT('',(280.,75.,293.08405395591));
#7905 = CARTESIAN_POINT('',(280.,73.615412174676,293.08405395591));
#7906 = CARTESIAN_POINT('',(280.04381931401,72.233463283911,
    293.13266840518));
#7907 = CARTESIAN_POINT('',(280.1311644647,70.859650858739,
    293.22957183166));
#7908 = CARTESIAN_POINT('',(280.26098646428,69.49944580724,
    293.37365631517));
#7909 = CARTESIAN_POINT('',(280.43148391651,68.158268063712,
    293.56303361209));
#7910 = CARTESIAN_POINT('',(280.64011017318,66.841463914672,
    293.79503333105));
#7911 = CARTESIAN_POINT('',(280.88358454518,65.554285001711,
    294.06619715959));
#7912 = CARTESIAN_POINT('',(281.3391554884,63.474385426654,
    294.57449391213));
#7913 = CARTESIAN_POINT('',(281.53410679765,62.660996382026,
    294.79222158632));
#7914 = CARTESIAN_POINT('',(281.74195083869,61.861971982581,
    295.02460816593));
#7915 = CARTESIAN_POINT('',(281.96187763343,61.077557804303,
    295.27081364694));
#7916 = CARTESIAN_POINT('',(282.19307842393,60.307974889513,
    295.53000154901));
#7917 = CARTESIAN_POINT('',(282.43474621349,59.553419752511,
    295.80133844471));
#7918 = CARTESIAN_POINT('',(282.68607630774,58.814064385216,
    296.08399348868));
#7919 = CARTESIAN_POINT('',(283.30350711629,57.095996900658,
    296.77962375333));
#7920 = CARTESIAN_POINT('',(283.67756628099,56.130546994695,
    297.20201364885));
#7921 = CARTESIAN_POINT('',(284.06672932834,55.193171809309,
    297.64257062154));
#7922 = CARTESIAN_POINT('',(284.46942558559,54.28327038285,
    298.09972045026));
#7923 = CARTESIAN_POINT('',(284.88422324554,53.40018620065,
    298.57204695242));
#7924 = CARTESIAN_POINT('',(285.30982388344,52.543217868029,
    299.05828723193));
#7925 = CARTESIAN_POINT('',(285.74505697372,51.711629783311,
    299.55732692707));
#7926 = CARTESIAN_POINT('',(287.47179457506,48.572004995117,
    301.544936779));
#7927 = CARTESIAN_POINT('',(288.8301689351,46.438302252615,
    303.12480841873));
#7928 = CARTESIAN_POINT('',(290.23826225609,44.48937679651,
    304.78406586861));
#7929 = CARTESIAN_POINT('',(291.67670705144,42.709997640769,
    306.50668724063));
#7930 = CARTESIAN_POINT('',(293.13114523656,41.08527612971,
    308.28319319252));
#7931 = CARTESIAN_POINT('',(294.59079094703,39.601499657646,
    310.1101536269));
#7932 = CARTESIAN_POINT('',(296.04676893573,38.247110856309,
    311.9895559898));
#7933 = CARTESIAN_POINT('',(298.75024684192,35.933196148701,
    315.62826579605));
#7934 = CARTESIAN_POINT('',(299.989965986,34.955221252708,
    317.35848253098));
#7935 = CARTESIAN_POINT('',(301.20467797513,34.067019422332,
    319.13013562576));
#7936 = CARTESIAN_POINT('',(302.38730432061,33.263439365494,
    320.95280286624));
#7937 = CARTESIAN_POINT('',(303.52252955056,32.545173273586,
    322.83266162876));
#7938 = CARTESIAN_POINT('',(304.58494439485,31.916421208231,
    324.77229867758));
#7939 = CARTESIAN_POINT('',(305.53902627027,31.382409922174,
    326.77307070661));
#7940 = CARTESIAN_POINT('',(306.50294401963,30.864739699698,
    329.25005327611));
#7941 = CARTESIAN_POINT('',(306.65678010428,30.78297437386,
    329.66313645413));
#7942 = CARTESIAN_POINT('',(306.80440815156,30.705279829054,
    330.07894172895));
#7943 = CARTESIAN_POINT('',(306.94544578996,30.631742180742,
    330.497391774));
#7944 = CARTESIAN_POINT('',(307.07951786312,30.562441874471,
    330.91842679239));
#7945 = CARTESIAN_POINT('',(307.2062569879,30.497455538293,
    331.34200450397));
#7946 = CARTESIAN_POINT('',(307.32530411261,30.436857835194,
    331.76810013255));
#7947 = CARTESIAN_POINT('',(307.61952871364,30.288070282965,
    332.90414399185));
#7948 = CARTESIAN_POINT('',(307.78106687903,30.207461054861,
    333.61930201899));
#7949 = CARTESIAN_POINT('',(307.91883393505,30.139496643058,
    334.34055431208));
#7950 = CARTESIAN_POINT('',(308.03113063246,30.084593645026,
    335.06654967856));
#7951 = CARTESIAN_POINT('',(308.11665321974,30.043037298698,
    335.79615360641));
#7952 = CARTESIAN_POINT('',(308.17449466509,30.015019284409,
    336.52838973452));
#7953 = CARTESIAN_POINT('',(308.20414198997,30.000660273922,
    337.26238108263));
#7954 = CARTESIAN_POINT('',(308.20680860063,29.999368772828,
    338.73837969292));
#7955 = CARTESIAN_POINT('',(308.17934642314,30.012669471524,
    339.47858932303));
#7956 = CARTESIAN_POINT('',(308.12320027675,30.039858046433,
    340.2170635128));
#7957 = CARTESIAN_POINT('',(308.0388875358,30.080807650382,
    340.95290484647));
#7958 = CARTESIAN_POINT('',(307.92733262055,30.135318702781,
    341.68511337384));
#7959 = CARTESIAN_POINT('',(307.78986968903,30.203095725707,
    342.41252532304));
#7960 = CARTESIAN_POINT('',(307.62824125398,30.283708178504,
    343.13375206324));
#7961 = CARTESIAN_POINT('',(307.33430141416,30.432283212847,
    344.27553662952));
#7962 = CARTESIAN_POINT('',(307.21598282193,30.49247973166,
    344.70145086482));
#7963 = CARTESIAN_POINT('',(307.08998676613,30.557049656231,
    345.12485506167));
#7964 = CARTESIAN_POINT('',(306.95667170393,30.625917800529,
    345.54572488241));
#7965 = CARTESIAN_POINT('',(306.81640417889,30.699007146985,
    345.96401860033));
#7966 = CARTESIAN_POINT('',(306.66955826844,30.776237009861,
    346.3796770866));
#7967 = CARTESIAN_POINT('',(306.51651503128,30.85752119861,
    346.79262379719));
#7968 = CARTESIAN_POINT('',(305.55541226076,31.373275698547,
    349.27408417825));
#7969 = CARTESIAN_POINT('',(304.60278074714,31.905988296021,
    351.27953140992));
#7970 = CARTESIAN_POINT('',(303.54145029122,32.533475557735,
    353.22386342206));
#7971 = CARTESIAN_POINT('',(302.40709749251,33.250456052096,
    355.10837723193));
#7972 = CARTESIAN_POINT('',(301.2252127552,34.05268662304,
    356.93564247556));
#7973 = CARTESIAN_POINT('',(300.01112118788,34.939463063327,
    358.71188493025));
#7974 = CARTESIAN_POINT('',(298.7718501458,35.915970404616,
    360.44679081444));
#7975 = CARTESIAN_POINT('',(296.06273084397,38.232023158943,
    364.10420936947));
#7976 = CARTESIAN_POINT('',(294.60069711318,39.590859860038,
    365.99681459085));
#7977 = CARTESIAN_POINT('',(293.13484365401,41.080124384058,
    367.83664029535));
#7978 = CARTESIAN_POINT('',(291.67405688159,42.71160843158,
    369.62577816472));
#7979 = CARTESIAN_POINT('',(290.22920658732,44.499310964059,
    371.36076411461));
#7980 = CARTESIAN_POINT('',(288.81483881527,46.458430992612,
    373.03192198322));
#7981 = CARTESIAN_POINT('',(287.45064822409,48.604512569491,
    374.62285685627));
#7982 = CARTESIAN_POINT('',(285.71930113804,51.760588040105,
    376.62120895111));
#7983 = CARTESIAN_POINT('',(285.28434079202,52.593900294163,
    377.12130723445));
#7984 = CARTESIAN_POINT('',(284.85904283322,53.452711079496,
    377.6085475358));
#7985 = CARTESIAN_POINT('',(284.44458515079,54.337765758267,
    378.08180292946));
#7986 = CARTESIAN_POINT('',(284.04227548514,55.249774982953,
    378.53979545829));
#7987 = CARTESIAN_POINT('',(283.65355697691,56.189403833127,
    378.98109128724));
#7988 = CARTESIAN_POINT('',(283.28001371607,57.157260952252,
    379.40409585689));
#7989 = CARTESIAN_POINT('',(282.66692373794,58.870546822576,
    380.09680654551));
#7990 = CARTESIAN_POINT('',(282.4191553088,59.602242807876,
    380.37626075366));
#7991 = CARTESIAN_POINT('',(282.18084854248,60.348833420478,
    380.64460501473));
#7992 = CARTESIAN_POINT('',(281.95278387661,61.110152926734,
    380.90103046417));
#7993 = CARTESIAN_POINT('',(281.73574413448,61.886012071456,
    381.14472557294));
#7994 = CARTESIAN_POINT('',(281.53051401209,62.676198070136,
    381.37487570088));
#7995 = CARTESIAN_POINT('',(281.33787956527,63.480474601156,
    381.59066265006));
#7996 = CARTESIAN_POINT('',(281.06521213707,64.724931282,381.89580598883
    ));
#7997 = CARTESIAN_POINT('',(280.97544623304,65.154968006079,
    381.99620661059));
#7998 = CARTESIAN_POINT('',(280.88945891152,65.588564049833,
    382.09233024822));
#7999 = CARTESIAN_POINT('',(280.80737373387,66.025589917201,
    382.18404674648));
#8000 = CARTESIAN_POINT('',(280.72930889598,66.465914536471,
    382.27123163002));
#8001 = CARTESIAN_POINT('',(280.65537722825,66.909405260286,
    382.35376610335));
#8002 = CARTESIAN_POINT('',(280.58568619557,67.355927865637,
    382.43153705092));
#8003 = CARTESIAN_POINT('',(280.39348326408,68.677761665771,
    382.64595106655));
#8004 = CARTESIAN_POINT('',(280.28293566812,69.56148465127,
    382.76917374394));
#8005 = CARTESIAN_POINT('',(280.18958643408,70.454723063442,
    382.87315749793));
#8006 = CARTESIAN_POINT('',(280.11415601925,71.355668832298,
    382.95713867197));
#8007 = CARTESIAN_POINT('',(280.05719309679,72.262501527862,
    383.02053716471));
#8008 = CARTESIAN_POINT('',(280.01907363889,73.173391623257,
    383.06295607049));
#8009 = CARTESIAN_POINT('',(280.,74.086503757783,383.08418131981));
#8010 = CARTESIAN_POINT('',(280.,75.913496238414,383.08418131981));
#8011 = CARTESIAN_POINT('',(280.01907363915,76.826608378887,
    383.0629560702));
#8012 = CARTESIAN_POINT('',(280.05719309694,77.737498475939,
    383.02053716455));
#8013 = CARTESIAN_POINT('',(280.11415601903,78.644331167753,
    382.95713867222));
#8014 = CARTESIAN_POINT('',(280.18958643369,79.545276932812,
    382.87315749836));
#8015 = CARTESIAN_POINT('',(280.28293566807,80.438515346534,
    382.76917374399));
#8016 = CARTESIAN_POINT('',(280.39348326461,81.322238337908,
    382.64595106595));
#8017 = CARTESIAN_POINT('',(280.58560417114,82.643508029233,
    382.43162855413));
#8018 = CARTESIAN_POINT('',(280.65520226453,83.0894736589,
    382.35396135219));
#8019 = CARTESIAN_POINT('',(280.72903046025,83.53241506887,
    382.27154246496));
#8020 = CARTESIAN_POINT('',(280.80698170367,83.972198560542,
    382.18448457623));
#8021 = CARTESIAN_POINT('',(280.88894360277,84.408692002986,
    382.09290601977));
#8022 = CARTESIAN_POINT('',(280.9747984282,84.84176483294,
    381.99693077931));
#8023 = CARTESIAN_POINT('',(281.06442311321,85.271288054808,
    381.8966884886));
#8024 = CARTESIAN_POINT('',(281.33891999541,86.524620182599,
    381.58949926493));
#8025 = CARTESIAN_POINT('',(281.53384167361,87.337953958438,
    381.37114908388));
#8026 = CARTESIAN_POINT('',(281.74164037835,88.136869313083,
    381.13811431037));
#8027 = CARTESIAN_POINT('',(281.96150337325,88.921124595375,
    380.89124085476));
#8028 = CARTESIAN_POINT('',(282.19261963579,89.690502752118,
    380.6313705847));
#8029 = CARTESIAN_POINT('',(282.43418039775,90.444811322114,
    380.35934179432));
#8030 = CARTESIAN_POINT('',(282.68537968553,91.183882430195,
    380.07598967328));
#8031 = CARTESIAN_POINT('',(283.30148909192,92.89854442771,
    379.37977858159));
#8032 = CARTESIAN_POINT('',(283.67424867571,93.86100229677,
    378.95760700609));
#8033 = CARTESIAN_POINT('',(284.06199009097,94.795485671945,
    378.51736396763));
#8034 = CARTESIAN_POINT('',(284.46315401096,95.702599562694,
    378.06061842246));
#8035 = CARTESIAN_POINT('',(284.87631985036,96.583004090639,
    377.58878110026));
#8036 = CARTESIAN_POINT('',(285.3002003125,97.437403875789,
    377.10310923949));
#8037 = CARTESIAN_POINT('',(285.73363593654,98.26653742276,
    376.6047113228));
#8038 = CARTESIAN_POINT('',(287.46260188023,101.41432475515,
    374.60891763865));
#8039 = CARTESIAN_POINT('',(288.8256727317,103.55663984816,
    373.01912598792));
#8040 = CARTESIAN_POINT('',(290.23869596286,105.51251576443,
    371.34938003069));
#8041 = CARTESIAN_POINT('',(291.68206795053,107.29743796492,
    369.61598581014));
#8042 = CARTESIAN_POINT('',(293.14130238825,108.92654402711,
    367.82856574582));
#8043 = CARTESIAN_POINT('',(294.60556500135,110.41377378402,
    365.9905632426));
#8044 = CARTESIAN_POINT('',(296.06598624993,111.77086819882,
    364.09989517234));
#8045 = CARTESIAN_POINT('',(298.77239706075,114.08440252631,
    360.4459819024));
#8046 = CARTESIAN_POINT('',(300.01061133488,115.06006720568,
    358.71252408464));
#8047 = CARTESIAN_POINT('',(301.22368477728,115.94614773036,
    356.93779825564));
#8048 = CARTESIAN_POINT('',(302.40460312363,116.74781596086,
    355.11214825535));
#8049 = CARTESIAN_POINT('',(303.5380859445,117.46437624233,
    353.2293626926));
#8050 = CARTESIAN_POINT('',(304.59872566313,118.09160361177,
    351.28687222815));
#8051 = CARTESIAN_POINT('',(305.55096361577,118.62423318467,
    349.28338101563));
#8052 = CARTESIAN_POINT('',(306.51464630035,119.14149653812,
    346.79788181929));
#8053 = CARTESIAN_POINT('',(306.67006809574,119.22404980303,
    346.37870972274));
#8054 = CARTESIAN_POINT('',(306.81910602349,119.30242566637,
    345.95674202309));
#8055 = CARTESIAN_POINT('',(306.96136102567,119.3765337546,
    345.53205984405));
#8056 = CARTESIAN_POINT('',(307.09644157979,119.44628961236,
    345.10472575127));
#8057 = CARTESIAN_POINT('',(307.22396429592,119.51161271627,
    344.67478376635));
#8058 = CARTESIAN_POINT('',(307.34355451374,119.57242448888,
    344.24225938087));
#8059 = CARTESIAN_POINT('',(307.63645588274,119.72039012873,
    343.09715561554));
#8060 = CARTESIAN_POINT('',(307.79619426803,119.800025478,
    342.37941330173));
#8061 = CARTESIAN_POINT('',(307.93195797037,119.86694453099,
    341.65558109495));
#8062 = CARTESIAN_POINT('',(308.04203931959,119.92072542473,
    340.92702830866));
#8063 = CARTESIAN_POINT('',(308.12513235775,119.96107861932,
    340.19490472181));
#8064 = CARTESIAN_POINT('',(308.18033416354,119.9878088679,
    339.46020043592));
#8065 = CARTESIAN_POINT('',(308.20714220408,120.00079280003,
    338.72380597101));
#8066 = CARTESIAN_POINT('',(308.20375550912,119.99915254345,
    337.25033360977));
#8067 = CARTESIAN_POINT('',(308.17364170582,119.98456755294,
    336.51503947348));
#8068 = CARTESIAN_POINT('',(308.11523784958,119.95627589675,
    335.78152658288));
#8069 = CARTESIAN_POINT('',(308.02906476589,119.91440000855,
    335.0506727201));
#8070 = CARTESIAN_POINT('',(307.91603914912,119.8591335069,
    334.32345637472));
#8071 = CARTESIAN_POINT('',(307.77747623467,119.79076405328,
    333.60101581609));
#8072 = CARTESIAN_POINT('',(307.61508855408,119.70971156681,
    332.88470792148));
#8073 = CARTESIAN_POINT('',(307.31965238185,119.56026702438,
    331.74771801425));
#8074 = CARTESIAN_POINT('',(307.20029725044,119.4994932801,
    331.32178293231));
#8075 = CARTESIAN_POINT('',(307.07326566199,119.43433508895,
    330.89836831211));
#8076 = CARTESIAN_POINT('',(306.93891661103,119.36486705936,
    330.47749834625));
#8077 = CARTESIAN_POINT('',(306.79761724781,119.29116572489,
    330.05921463467));
#8078 = CARTESIAN_POINT('',(306.64974232239,119.21331138692,
    329.64357619741));
#8079 = CARTESIAN_POINT('',(306.49567362877,119.13138995733,
    329.23065948734));
#8080 = CARTESIAN_POINT('',(305.53200913773,118.61364461509,
    326.75871652942));
#8081 = CARTESIAN_POINT('',(304.57931582882,118.08018981869,
    324.7625078938));
#8082 = CARTESIAN_POINT('',(303.51891044431,117.45241487183,
    322.82717469182));
#8083 = CARTESIAN_POINT('',(302.38605187808,116.73551097084,
    320.95135915855));
#8084 = CARTESIAN_POINT('',(301.20597019622,115.93364016011,
    319.13247612418));
#8085 = CARTESIAN_POINT('',(299.99388833399,115.04748202214,
    317.36438290415));
#8086 = CARTESIAN_POINT('',(298.75686052282,114.0719239557,
    315.6375687251));
#8087 = CARTESIAN_POINT('',(296.05088334663,111.75702682569,
    311.9946362768));
#8088 = CARTESIAN_POINT('',(294.58950100297,110.39791449981,
    310.10821040805));
#8089 = CARTESIAN_POINT('',(293.12442892574,108.90848935544,
    308.27460881503));
#8090 = CARTESIAN_POINT('',(291.66461253108,107.27705084343,
    306.49180353185));
#8091 = CARTESIAN_POINT('',(290.22095191995,105.48971163559,
    304.76327103317));
#8092 = CARTESIAN_POINT('',(288.80798606958,103.53139622148,
    303.09863694346));
#8093 = CARTESIAN_POINT('',(287.44535469872,101.38669014441,
    301.51417620752));
#8094 = CARTESIAN_POINT('',(285.71784317817,98.236460143879,
    299.52611877695));
#8095 = CARTESIAN_POINT('',(285.28506355211,97.40720812634,
    299.02998736061));
#8096 = CARTESIAN_POINT('',(284.86188188738,96.552764537952,
    298.54658991368));
#8097 = CARTESIAN_POINT('',(284.44945892173,95.6724063191,
    298.07703269815));
#8098 = CARTESIAN_POINT('',(284.04908099639,94.765444383403,
    297.6225677535));
#8099 = CARTESIAN_POINT('',(283.66216539368,93.831234063821,
    297.18459754852));
#8100 = CARTESIAN_POINT('',(283.29026567453,92.869185558776,
    296.76467963316));
#8101 = CARTESIAN_POINT('',(282.67420256242,91.151349756545,
    296.07063541895));
#8102 = CARTESIAN_POINT('',(282.42227881133,90.408447188253,
    295.78733219077));
#8103 = CARTESIAN_POINT('',(282.18012007401,89.650221744485,
    295.51546350193));
#8104 = CARTESIAN_POINT('',(281.94854296417,88.876853424218,
    295.25587272365));
#8105 = CARTESIAN_POINT('',(281.72836584214,88.08854716737,
    295.00940518994));
#8106 = CARTESIAN_POINT('',(281.52040825907,87.285532867859,
    294.77690868538));
#8107 = CARTESIAN_POINT('',(281.32549040108,86.46806538666,
    294.55923393287));
#8108 = CARTESIAN_POINT('',(280.87314573554,84.39034131776,
    294.05457150569));
#8109 = CARTESIAN_POINT('',(280.6324520499,83.110036835979,
    293.78651736264));
#8110 = CARTESIAN_POINT('',(280.42626808777,81.800578701935,
    293.55724024458));
#8111 = CARTESIAN_POINT('',(280.25780536028,80.467145225475,
    293.3701257284));
#8112 = CARTESIAN_POINT('',(280.12955548324,79.115006620427,
    293.22778677675));
#8113 = CARTESIAN_POINT('',(280.0432793111,77.74950455831,
    293.13206931101));
#8114 = CARTESIAN_POINT('',(280.,76.376030099241,293.08405395591));
#8115 = CARTESIAN_POINT('',(280.,75.,293.08405395591));
#8116 = PCURVE('',#7864,#8117);
#8117 = DEFINITIONAL_REPRESENTATION('',(#8118),#8331);
#8118 = B_SPLINE_CURVE_WITH_KNOTS('',8,(#8119,#8120,#8121,#8122,#8123,
    #8124,#8125,#8126,#8127,#8128,#8129,#8130,#8131,#8132,#8133,#8134,
    #8135,#8136,#8137,#8138,#8139,#8140,#8141,#8142,#8143,#8144,#8145,
    #8146,#8147,#8148,#8149,#8150,#8151,#8152,#8153,#8154,#8155,#8156,
    #8157,#8158,#8159,#8160,#8161,#8162,#8163,#8164,#8165,#8166,#8167,
    #8168,#8169,#8170,#8171,#8172,#8173,#8174,#8175,#8176,#8177,#8178,
    #8179,#8180,#8181,#8182,#8183,#8184,#8185,#8186,#8187,#8188,#8189,
    #8190,#8191,#8192,#8193,#8194,#8195,#8196,#8197,#8198,#8199,#8200,
    #8201,#8202,#8203,#8204,#8205,#8206,#8207,#8208,#8209,#8210,#8211,
    #8212,#8213,#8214,#8215,#8216,#8217,#8218,#8219,#8220,#8221,#8222,
    #8223,#8224,#8225,#8226,#8227,#8228,#8229,#8230,#8231,#8232,#8233,
    #8234,#8235,#8236,#8237,#8238,#8239,#8240,#8241,#8242,#8243,#8244,
    #8245,#8246,#8247,#8248,#8249,#8250,#8251,#8252,#8253,#8254,#8255,
    #8256,#8257,#8258,#8259,#8260,#8261,#8262,#8263,#8264,#8265,#8266,
    #8267,#8268,#8269,#8270,#8271,#8272,#8273,#8274,#8275,#8276,#8277,
    #8278,#8279,#8280,#8281,#8282,#8283,#8284,#8285,#8286,#8287,#8288,
    #8289,#8290,#8291,#8292,#8293,#8294,#8295,#8296,#8297,#8298,#8299,
    #8300,#8301,#8302,#8303,#8304,#8305,#8306,#8307,#8308,#8309,#8310,
    #8311,#8312,#8313,#8314,#8315,#8316,#8317,#8318,#8319,#8320,#8321,
    #8322,#8323,#8324,#8325,#8326,#8327,#8328,#8329,#8330),
  .UNSPECIFIED.,.F.,.F.,(9,7,7,7,7,7,7,7,7,7,7,7,7,7,7,7,7,7,7,7,7,7,7,7
    ,7,7,7,7,7,7,9),(0.,2.870432142279E-02,4.766954901896E-02,
    7.370870723247E-02,0.14897875916,0.214941218255,0.228035500954,
    0.249648316174,0.271442839318,0.284531680962,0.35063376373,
    0.426379402818,0.452469637344,0.471230728517,0.481007908784,
    0.499987448441,0.51896698802,0.528731896083,0.547706644279,
    0.573689355578,0.649353541077,0.715400503076,0.72868753199,
    0.750369552641,0.772022328604,0.785115575979,0.850943750339,
    0.926500065109,0.952426413746,0.971468468926,1.),.UNSPECIFIED.);
#8119 = CARTESIAN_POINT('',(0.,49.924364883643));
#8120 = CARTESIAN_POINT('',(3.076861834053E-02,49.924364883643));
#8121 = CARTESIAN_POINT('',(6.147859571042E-02,49.880627418177));
#8122 = CARTESIAN_POINT('',(9.205214317757E-02,49.793445416614));
#8123 = CARTESIAN_POINT('',(0.12241137237,49.663866001336));
#8124 = CARTESIAN_POINT('',(0.152476323068,49.493687389351));
#8125 = CARTESIAN_POINT('',(0.182163033882,49.285451732729));
#8126 = CARTESIAN_POINT('',(0.211381656018,49.042433897857));
#8127 = CARTESIAN_POINT('',(0.258965898838,48.587718732567));
#8128 = CARTESIAN_POINT('',(0.277674980986,48.393133993439));
#8129 = CARTESIAN_POINT('',(0.296161894262,48.185681202184));
#8130 = CARTESIAN_POINT('',(0.314426216385,47.966168922553));
#8131 = CARTESIAN_POINT('',(0.332467092309,47.735404504098));
#8132 = CARTESIAN_POINT('',(0.350283261418,47.49419354027));
#8133 = CARTESIAN_POINT('',(0.367873084737,47.24333932651));
#8134 = CARTESIAN_POINT('',(0.409071803433,46.627079685555));
#8135 = CARTESIAN_POINT('',(0.432486323431,46.253731658005));
#8136 = CARTESIAN_POINT('',(0.455495214209,45.865310332565));
#8137 = CARTESIAN_POINT('',(0.478115282782,45.463383731386));
#8138 = CARTESIAN_POINT('',(0.500363220397,45.049381277101));
#8139 = CARTESIAN_POINT('',(0.522255761832,44.624599268009));
#8140 = CARTESIAN_POINT('',(0.543809844705,44.190206353272));
#8141 = CARTESIAN_POINT('',(0.62641968748,42.466815051706));
#8142 = CARTESIAN_POINT('',(0.685291247971,41.111100511625));
#8143 = CARTESIAN_POINT('',(0.741992768615,39.705800635692));
#8144 = CARTESIAN_POINT('',(0.796850785665,38.270255928679));
#8145 = CARTESIAN_POINT('',(0.850199637502,36.818808507266));
#8146 = CARTESIAN_POINT('',(0.902398010185,35.362238449996));
#8147 = CARTESIAN_POINT('',(0.953834992325,33.909424334997));
#8148 = CARTESIAN_POINT('',(1.049745167978,31.212071839456));
#8149 = CARTESIAN_POINT('',(1.093892234282,29.975265280544));
#8150 = CARTESIAN_POINT('',(1.137883117813,28.763535551639));
#8151 = CARTESIAN_POINT('',(1.182079364257,27.583977244739));
#8152 = CARTESIAN_POINT('',(1.226722454065,26.451916202331));
#8153 = CARTESIAN_POINT('',(1.271968064781,25.392766010681));
#8154 = CARTESIAN_POINT('',(1.317951547704,24.442051484999));
#8155 = CARTESIAN_POINT('',(1.374220057182,23.482302252288));
#8156 = CARTESIAN_POINT('',(1.383582886231,23.329161335978));
#8157 = CARTESIAN_POINT('',(1.392987442049,23.182233027778));
#8158 = CARTESIAN_POINT('',(1.402432916957,23.041899568551));
#8159 = CARTESIAN_POINT('',(1.411918956105,22.908536013549));
#8160 = CARTESIAN_POINT('',(1.421445650458,22.782509674242));
#8161 = CARTESIAN_POINT('',(1.431013529786,22.664179560145));
#8162 = CARTESIAN_POINT('',(1.456485418282,22.371866599302));
#8163 = CARTESIAN_POINT('',(1.47248184743,22.211531808889));
#8164 = CARTESIAN_POINT('',(1.488581290822,22.074978346904));
#8165 = CARTESIAN_POINT('',(1.504759211578,21.963903186983));
#8166 = CARTESIAN_POINT('',(1.520996452096,21.879608170175));
#8167 = CARTESIAN_POINT('',(1.537277686505,21.822998684404));
#8168 = CARTESIAN_POINT('',(1.553589961688,21.794586232106));
#8169 = CARTESIAN_POINT('',(1.586389996638,21.794402772028));
#8170 = CARTESIAN_POINT('',(1.602837782611,21.823110202614));
#8171 = CARTESIAN_POINT('',(1.619252474522,21.88049864188));
#8172 = CARTESIAN_POINT('',(1.635620869084,21.966049206456));
#8173 = CARTESIAN_POINT('',(1.651927342841,22.078835795133));
#8174 = CARTESIAN_POINT('',(1.668152332775,22.217522293881));
#8175 = CARTESIAN_POINT('',(1.68427072465,22.380363856284));
#8176 = CARTESIAN_POINT('',(1.70984669568,22.676224161832));
#8177 = CARTESIAN_POINT('',(1.719400548736,22.795259123595));
#8178 = CARTESIAN_POINT('',(1.728912696583,22.921967315296));
#8179 = CARTESIAN_POINT('',(1.738383698682,23.05599023934));
#8180 = CARTESIAN_POINT('',(1.747813678806,23.196961282473));
#8181 = CARTESIAN_POINT('',(1.757202318188,23.344506268329));
#8182 = CARTESIAN_POINT('',(1.766548848683,23.498244009958));
#8183 = CARTESIAN_POINT('',(1.822835631643,24.463520106181));
#8184 = CARTESIAN_POINT('',(1.868843031596,25.419524136582));
#8185 = CARTESIAN_POINT('',(1.914103584917,26.484124138283));
#8186 = CARTESIAN_POINT('',(1.958753811348,27.62164574417));
#8187 = CARTESIAN_POINT('',(2.002950621726,28.80660290935));
#8188 = CARTESIAN_POINT('',(2.046937393277,30.023681020686));
#8189 = CARTESIAN_POINT('',(2.091078489367,31.265869028586));
#8190 = CARTESIAN_POINT('',(2.187194301872,33.981137556078));
#8191 = CARTESIAN_POINT('',(2.238837542934,35.446353242966));
#8192 = CARTESIAN_POINT('',(2.291248133556,36.915299859219));
#8193 = CARTESIAN_POINT('',(2.3448228133,38.379094521142));
#8194 = CARTESIAN_POINT('',(2.399926982693,39.826861625013));
#8195 = CARTESIAN_POINT('',(2.456900836611,41.244038868579));
#8196 = CARTESIAN_POINT('',(2.516076489853,42.610904039104));
#8197 = CARTESIAN_POINT('',(2.599053741947,44.345610603433));
#8198 = CARTESIAN_POINT('',(2.62063602025,44.781411674454));
#8199 = CARTESIAN_POINT('',(2.64255939771,45.207528740301));
#8200 = CARTESIAN_POINT('',(2.664841001241,45.622782017598));
#8201 = CARTESIAN_POINT('',(2.687497748042,46.025861617827));
#8202 = CARTESIAN_POINT('',(2.710546507044,46.415321990158));
#8203 = CARTESIAN_POINT('',(2.73400426037,46.78957636428));
#8204 = CARTESIAN_POINT('',(2.7750628894,47.403830856877));
#8205 = CARTESIAN_POINT('',(2.792461774562,47.652069075277));
#8206 = CARTESIAN_POINT('',(2.81008301359,47.890826953425));
#8207 = CARTESIAN_POINT('',(2.827925036744,48.119322694001));
#8208 = CARTESIAN_POINT('',(2.845986637451,48.336772109552));
#8209 = CARTESIAN_POINT('',(2.864266998544,48.542389134661));
#8210 = CARTESIAN_POINT('',(2.882765718496,48.735386338125));
#8211 = CARTESIAN_POINT('',(2.911237102293,49.008566738475));
#8212 = CARTESIAN_POINT('',(2.921049097874,49.098501424492));
#8213 = CARTESIAN_POINT('',(2.930916770768,49.184650337968));
#8214 = CARTESIAN_POINT('',(2.940838123691,49.266889698739));
#8215 = CARTESIAN_POINT('',(2.950811215714,49.345101101676));
#8216 = CARTESIAN_POINT('',(2.960834162262,49.419171516688));
#8217 = CARTESIAN_POINT('',(2.970905135116,49.488993288724));
#8218 = CARTESIAN_POINT('',(3.000662004037,49.681556667719));
#8219 = CARTESIAN_POINT('',(3.020484811182,49.792311410958));
#8220 = CARTESIAN_POINT('',(3.040459639565,49.885835449998));
#8221 = CARTESIAN_POINT('',(3.060556571303,49.961407043839));
#8222 = CARTESIAN_POINT('',(3.080746606972,50.018476544173));
#8223 = CARTESIAN_POINT('',(3.101001357673,50.056667311592));
#8224 = CARTESIAN_POINT('',(3.121292737096,50.075776631796));
#8225 = CARTESIAN_POINT('',(3.161892569999,50.075776631796));
#8226 = CARTESIAN_POINT('',(3.182183949555,50.056667311326));
#8227 = CARTESIAN_POINT('',(3.202438700292,50.018476544025));
#8228 = CARTESIAN_POINT('',(3.222628735877,49.961407044062));
#8229 = CARTESIAN_POINT('',(3.242725667531,49.88583545039));
#8230 = CARTESIAN_POINT('',(3.262700495949,49.792311411002));
#8231 = CARTESIAN_POINT('',(3.282523303225,49.681556667183));
#8232 = CARTESIAN_POINT('',(3.312267473038,49.489075466975));
#8233 = CARTESIAN_POINT('',(3.322325859839,49.419346808637));
#8234 = CARTESIAN_POINT('',(3.332336340435,49.345380059949));
#8235 = CARTESIAN_POINT('',(3.342297094019,49.267282464973));
#8236 = CARTESIAN_POINT('',(3.352206243718,49.185166614635));
#8237 = CARTESIAN_POINT('',(3.362061856595,49.099150446722));
#8238 = CARTESIAN_POINT('',(3.371861943647,49.009357245887));
#8239 = CARTESIAN_POINT('',(3.40053569702,48.73434395224));
#8240 = CARTESIAN_POINT('',(3.419243400433,48.539055208377));
#8241 = CARTESIAN_POINT('',(3.437727671793,48.330864751558));
#8242 = CARTESIAN_POINT('',(3.455988151038,48.110586740153));
#8243 = CARTESIAN_POINT('',(3.474024044675,47.879033611829));
#8244 = CARTESIAN_POINT('',(3.491834154165,47.637015543978));
#8245 = CARTESIAN_POINT('',(3.509416904301,47.385339914135));
#8246 = CARTESIAN_POINT('',(3.55053301266,46.768060108641));
#8247 = CARTESIAN_POINT('',(3.573873564344,46.39459081185));
#8248 = CARTESIAN_POINT('',(3.596809102394,46.006109302266));
#8249 = CARTESIAN_POINT('',(3.619356437538,45.604177543947));
#8250 = CARTESIAN_POINT('',(3.641532274116,45.190218493538));
#8251 = CARTESIAN_POINT('',(3.663353368707,44.765521561014));
#8252 = CARTESIAN_POINT('',(3.684836688759,44.331248070434));
#8253 = CARTESIAN_POINT('',(3.767627945789,42.598926949236));
#8254 = CARTESIAN_POINT('',(3.826721955197,41.233183440137));
#8255 = CARTESIAN_POINT('',(3.883621486442,39.81735311088));
#8256 = CARTESIAN_POINT('',(3.938657516392,38.371066989384));
#8257 = CARTESIAN_POINT('',(3.992169075148,36.908827549888));
#8258 = CARTESIAN_POINT('',(4.044520247598,35.441474844738));
#8259 = CARTESIAN_POINT('',(4.096106275875,33.977874896731));
#8260 = CARTESIAN_POINT('',(4.192126419764,31.265320753534));
#8261 = CARTESIAN_POINT('',(4.236230478695,30.024191948257));
#8262 = CARTESIAN_POINT('',(4.280180443381,28.808134511857));
#8263 = CARTESIAN_POINT('',(4.324339672489,27.624146453748));
#8264 = CARTESIAN_POINT('',(4.368951023585,26.487497731902));
#8265 = CARTESIAN_POINT('',(4.414171162331,25.423591564689));
#8266 = CARTESIAN_POINT('',(4.460136296843,24.467984385416));
#8267 = CARTESIAN_POINT('',(4.51651768571,23.500121584084));
#8268 = CARTESIAN_POINT('',(4.526005288936,23.343994814305));
#8269 = CARTESIAN_POINT('',(4.535536304248,23.194247199947));
#8270 = CARTESIAN_POINT('',(4.54510990415,23.051277934857));
#8271 = CARTESIAN_POINT('',(4.554725740052,22.91547864622));
#8272 = CARTESIAN_POINT('',(4.564383934842,22.787232797495));
#8273 = CARTESIAN_POINT('',(4.574085075465,22.666915091353));
#8274 = CARTESIAN_POINT('',(4.599732489776,22.372087671106));
#8275 = CARTESIAN_POINT('',(4.615771630155,22.211142017814));
#8276 = CARTESIAN_POINT('',(4.631915779571,22.074160768216));
#8277 = CARTESIAN_POINT('',(4.648140177501,21.962853893719));
#8278 = CARTESIAN_POINT('',(4.664425482136,21.878529284764));
#8279 = CARTESIAN_POINT('',(4.680756191621,21.822091527055));
#8280 = CARTESIAN_POINT('',(4.69711915437,21.794044650947));
#8281 = CARTESIAN_POINT('',(4.729863085184,21.794952444335));
#8282 = CARTESIAN_POINT('',(4.746204406312,21.823829182652));
#8283 = CARTESIAN_POINT('',(4.762514221544,21.880998930552));
#8284 = CARTESIAN_POINT('',(4.778779592973,21.965942340025));
#8285 = CARTESIAN_POINT('',(4.794985178193,22.077744364151));
#8286 = CARTESIAN_POINT('',(4.811111763624,22.215091684373));
#8287 = CARTESIAN_POINT('',(4.827134708086,22.376274054303));
#8288 = CARTESIAN_POINT('',(4.852629384719,22.669796993044));
#8289 = CARTESIAN_POINT('',(4.862194295344,22.7884353835));
#8290 = CARTESIAN_POINT('',(4.871717998866,22.914754460439));
#8291 = CARTESIAN_POINT('',(4.881201036096,23.048395270531));
#8292 = CARTESIAN_POINT('',(4.890643511315,23.188990734033));
#8293 = CARTESIAN_POINT('',(4.900045085329,23.336166200701));
#8294 = CARTESIAN_POINT('',(4.909404968516,23.489540005705));
#8295 = CARTESIAN_POINT('',(4.965564189617,24.449044458853));
#8296 = CARTESIAN_POINT('',(5.011446926357,25.398378097202));
#8297 = CARTESIAN_POINT('',(5.05659545189,26.455526072542));
#8298 = CARTESIAN_POINT('',(5.101144464629,27.58522725663));
#8299 = CARTESIAN_POINT('',(5.145249024168,28.762247269944));
#8300 = CARTESIAN_POINT('',(5.189149295811,29.971352864589));
#8301 = CARTESIAN_POINT('',(5.233204417729,31.205473818699));
#8302 = CARTESIAN_POINT('',(5.329205592737,33.905318476739));
#8303 = CARTESIAN_POINT('',(5.380829774737,35.363525123048));
#8304 = CARTESIAN_POINT('',(5.433220426835,36.825510366661));
#8305 = CARTESIAN_POINT('',(5.48677134984,38.282325392292));
#8306 = CARTESIAN_POINT('',(5.541845411857,39.723075963151));
#8307 = CARTESIAN_POINT('',(5.598780674821,41.13323931616));
#8308 = CARTESIAN_POINT('',(5.657907319397,42.493203140573));
#8309 = CARTESIAN_POINT('',(5.740721627068,44.217367607264));
#8310 = CARTESIAN_POINT('',(5.762197961303,44.649311954003));
#8311 = CARTESIAN_POINT('',(5.784010602249,45.071679775983));
#8312 = CARTESIAN_POINT('',(5.806176211355,45.483312198237));
#8313 = CARTESIAN_POINT('',(5.828711256422,45.882924987708));
#8314 = CARTESIAN_POINT('',(5.851632167442,46.269103223534));
#8315 = CARTESIAN_POINT('',(5.874955492443,46.640295967331));
#8316 = CARTESIAN_POINT('',(5.916136187822,47.255190582074));
#8317 = CARTESIAN_POINT('',(5.933804746314,47.506637361358));
#8318 = CARTESIAN_POINT('',(5.951701590326,47.748338377592));
#8319 = CARTESIAN_POINT('',(5.969824945079,47.979478437074));
#8320 = CARTESIAN_POINT('',(5.988173425867,48.199240602772));
#8321 = CARTESIAN_POINT('',(6.006746064437,48.406806750974));
#8322 = CARTESIAN_POINT('',(6.025542335361,48.601358127922));
#8323 = CARTESIAN_POINT('',(6.073060438098,49.052853134302));
#8324 = CARTESIAN_POINT('',(6.102115560664,49.293095518332));
#8325 = CARTESIAN_POINT('',(6.13163146358,49.498893464235));
#8326 = CARTESIAN_POINT('',(6.161519597081,49.667041161152));
#8327 = CARTESIAN_POINT('',(6.191697149011,49.795051392705));
#8328 = CARTESIAN_POINT('',(6.222085203939,49.881166412435));
#8329 = CARTESIAN_POINT('',(6.25260686053,49.924364883643));
#8330 = CARTESIAN_POINT('',(6.28318530718,49.924364883643));
#8331 = ( GEOMETRIC_REPRESENTATION_CONTEXT(2) 
PARAMETRIC_REPRESENTATION_CONTEXT() REPRESENTATION_CONTEXT('2D SPACE',''
  ) );
#8332 = PCURVE('',#5637,#8333);
#8333 = DEFINITIONAL_REPRESENTATION('',(#8334),#8547);
#8334 = B_SPLINE_CURVE_WITH_KNOTS('',8,(#8335,#8336,#8337,#8338,#8339,
    #8340,#8341,#8342,#8343,#8344,#8345,#8346,#8347,#8348,#8349,#8350,
    #8351,#8352,#8353,#8354,#8355,#8356,#8357,#8358,#8359,#8360,#8361,
    #8362,#8363,#8364,#8365,#8366,#8367,#8368,#8369,#8370,#8371,#8372,
    #8373,#8374,#8375,#8376,#8377,#8378,#8379,#8380,#8381,#8382,#8383,
    #8384,#8385,#8386,#8387,#8388,#8389,#8390,#8391,#8392,#8393,#8394,
    #8395,#8396,#8397,#8398,#8399,#8400,#8401,#8402,#8403,#8404,#8405,
    #8406,#8407,#8408,#8409,#8410,#8411,#8412,#8413,#8414,#8415,#8416,
    #8417,#8418,#8419,#8420,#8421,#8422,#8423,#8424,#8425,#8426,#8427,
    #8428,#8429,#8430,#8431,#8432,#8433,#8434,#8435,#8436,#8437,#8438,
    #8439,#8440,#8441,#8442,#8443,#8444,#8445,#8446,#8447,#8448,#8449,
    #8450,#8451,#8452,#8453,#8454,#8455,#8456,#8457,#8458,#8459,#8460,
    #8461,#8462,#8463,#8464,#8465,#8466,#8467,#8468,#8469,#8470,#8471,
    #8472,#8473,#8474,#8475,#8476,#8477,#8478,#8479,#8480,#8481,#8482,
    #8483,#8484,#8485,#8486,#8487,#8488,#8489,#8490,#8491,#8492,#8493,
    #8494,#8495,#8496,#8497,#8498,#8499,#8500,#8501,#8502,#8503,#8504,
    #8505,#8506,#8507,#8508,#8509,#8510,#8511,#8512,#8513,#8514,#8515,
    #8516,#8517,#8518,#8519,#8520,#8521,#8522,#8523,#8524,#8525,#8526,
    #8527,#8528,#8529,#8530,#8531,#8532,#8533,#8534,#8535,#8536,#8537,
    #8538,#8539,#8540,#8541,#8542,#8543,#8544,#8545,#8546),
  .UNSPECIFIED.,.T.,.F.,(9,7,7,7,7,7,7,7,7,7,7,7,7,7,7,7,7,7,7,7,7,7,7,7
    ,7,7,7,7,7,7,9),(0.,2.870432142279E-02,4.766954901896E-02,
    7.370870723247E-02,0.14897875916,0.214941218255,0.228035500954,
    0.249648316174,0.271442839318,0.284531680962,0.35063376373,
    0.426379402818,0.452469637344,0.471230728517,0.481007908784,
    0.499987448441,0.51896698802,0.528731896083,0.547706644279,
    0.573689355578,0.649353541077,0.715400503076,0.72868753199,
    0.750369552641,0.772022328604,0.785115575979,0.850943750339,
    0.926500065109,0.952426413746,0.971468468926,1.),.UNSPECIFIED.);
#8335 = CARTESIAN_POINT('',(3.14159265359,5.084053955915));
#8336 = CARTESIAN_POINT('',(3.169284410096,5.084053955915));
#8337 = CARTESIAN_POINT('',(3.19692339162,5.132668405183));
#8338 = CARTESIAN_POINT('',(3.224431989081,5.229571831664));
#8339 = CARTESIAN_POINT('',(3.25173265006,5.373656315176));
#8340 = CARTESIAN_POINT('',(3.278746310399,5.563033612097));
#8341 = CARTESIAN_POINT('',(3.305390945551,5.795033331052));
#8342 = CARTESIAN_POINT('',(3.331580241649,6.066197159594));
#8343 = CARTESIAN_POINT('',(3.374164403619,6.574493912138));
#8344 = CARTESIAN_POINT('',(3.390889698845,6.792221586328));
#8345 = CARTESIAN_POINT('',(3.407396935179,7.024608165936));
#8346 = CARTESIAN_POINT('',(3.423684463514,7.270813646941));
#8347 = CARTESIAN_POINT('',(3.439750347532,7.530001549015));
#8348 = CARTESIAN_POINT('',(3.455592388769,7.801338444715));
#8349 = CARTESIAN_POINT('',(3.471208151675,8.08399348868));
#8350 = CARTESIAN_POINT('',(3.507721035346,8.779623753338));
#8351 = CARTESIAN_POINT('',(3.528422381949,9.202013648854));
#8352 = CARTESIAN_POINT('',(3.548711828306,9.642570621548));
#8353 = CARTESIAN_POINT('',(3.568602028559,10.099720450266));
#8354 = CARTESIAN_POINT('',(3.588105559208,10.572046952426));
#8355 = CARTESIAN_POINT('',(3.607234987137,11.058287231931));
#8356 = CARTESIAN_POINT('',(3.626002937647,11.557326927079));
#8357 = CARTESIAN_POINT('',(3.697665665908,13.544936779003));
#8358 = CARTESIAN_POINT('',(3.748149826621,15.124808418732));
#8359 = CARTESIAN_POINT('',(3.796105080844,16.784065868609));
#8360 = CARTESIAN_POINT('',(3.84174148924,18.506687240636));
#8361 = CARTESIAN_POINT('',(3.885253006767,20.283193192517));
#8362 = CARTESIAN_POINT('',(3.926811123708,22.110153626906));
#8363 = CARTESIAN_POINT('',(3.966547665559,23.9895559898));
#8364 = CARTESIAN_POINT('',(4.037717867367,27.628265796059));
#8365 = CARTESIAN_POINT('',(4.069273230802,29.358482530988));
#8366 = CARTESIAN_POINT('',(4.099337083131,31.13013562576));
#8367 = CARTESIAN_POINT('',(4.127901076295,32.952802866244));
#8368 = CARTESIAN_POINT('',(4.154743395517,34.832661628764));
#8369 = CARTESIAN_POINT('',(4.179421908646,36.772298677581));
#8370 = CARTESIAN_POINT('',(4.201285826554,38.773070706611));
#8371 = CARTESIAN_POINT('',(4.223168421343,41.250053276118));
#8372 = CARTESIAN_POINT('',(4.226652702675,41.66313645414));
#8373 = CARTESIAN_POINT('',(4.229989152265,42.078941728952));
#8374 = CARTESIAN_POINT('',(4.233170266139,42.497391774008));
#8375 = CARTESIAN_POINT('',(4.236188698671,42.918426792392));
#8376 = CARTESIAN_POINT('',(4.239037257717,43.342004503972));
#8377 = CARTESIAN_POINT('',(4.241708899748,43.768100132558));
#8378 = CARTESIAN_POINT('',(4.248303013837,44.904143991857));
#8379 = CARTESIAN_POINT('',(4.251913635792,45.619302018999));
#8380 = CARTESIAN_POINT('',(4.254985982175,46.340554312086));
#8381 = CARTESIAN_POINT('',(4.257485954185,47.066549678563));
#8382 = CARTESIAN_POINT('',(4.25938763955,47.796153606417));
#8383 = CARTESIAN_POINT('',(4.260673043376,48.528389734523));
#8384 = CARTESIAN_POINT('',(4.261331873192,49.262381082632));
#8385 = CARTESIAN_POINT('',(4.261391131229,50.738379692924));
#8386 = CARTESIAN_POINT('',(4.260780860261,51.478589323039));
#8387 = CARTESIAN_POINT('',(4.25953320259,52.217063512803));
#8388 = CARTESIAN_POINT('',(4.257658583954,52.95290484647));
#8389 = CARTESIAN_POINT('',(4.2551753824,53.685113373847));
#8390 = CARTESIAN_POINT('',(4.252110148642,54.412525323047));
#8391 = CARTESIAN_POINT('',(4.248497882879,55.133752063245));
#8392 = CARTESIAN_POINT('',(4.241910769087,56.275536629523));
#8393 = CARTESIAN_POINT('',(4.239255751827,56.701450864823));
#8394 = CARTESIAN_POINT('',(4.236424216506,57.124855061672));
#8395 = CARTESIAN_POINT('',(4.2334232018,57.545724882414));
#8396 = CARTESIAN_POINT('',(4.23025988968,57.964018600336));
#8397 = CARTESIAN_POINT('',(4.226941610246,58.379677086602));
#8398 = CARTESIAN_POINT('',(4.223475846547,58.792623797197));
#8399 = CARTESIAN_POINT('',(4.201660977859,61.274084178253));
#8400 = CARTESIAN_POINT('',(4.179835026607,63.279531409931));
#8401 = CARTESIAN_POINT('',(4.155187994729,65.223863422045));
#8402 = CARTESIAN_POINT('',(4.128374093273,67.108377231959));
#8403 = CARTESIAN_POINT('',(4.099837444502,68.93564247555));
#8404 = CARTESIAN_POINT('',(4.069800340801,70.711884930258));
#8405 = CARTESIAN_POINT('',(4.03827014308,72.446790814446));
#8406 = CARTESIAN_POINT('',(3.966986406499,76.104209369472));
#8407 = CARTESIAN_POINT('',(3.927100949441,77.996814590856));
#8408 = CARTESIAN_POINT('',(3.885378298962,79.836640295332));
#8409 = CARTESIAN_POINT('',(3.841682534244,81.625778164753));
#8410 = CARTESIAN_POINT('',(3.795837824593,83.36076411459));
#8411 = CARTESIAN_POINT('',(3.74764584789,85.031921983233));
#8412 = CARTESIAN_POINT('',(3.696892208192,86.622856856271));
#8413 = CARTESIAN_POINT('',(3.624896721921,88.621208951116));
#8414 = CARTESIAN_POINT('',(3.606100754188,89.121307234454));
#8415 = CARTESIAN_POINT('',(3.586941035861,89.6085475358));
#8416 = CARTESIAN_POINT('',(3.567404758278,90.081802929463));
#8417 = CARTESIAN_POINT('',(3.547479179192,90.539795458295));
#8418 = CARTESIAN_POINT('',(3.527151553608,90.981091287241));
#8419 = CARTESIAN_POINT('',(3.506409064635,91.404095856898));
#8420 = CARTESIAN_POINT('',(3.470015505894,92.096806545514));
#8421 = CARTESIAN_POINT('',(3.454567621597,92.376260753661));
#8422 = CARTESIAN_POINT('',(3.438897642305,92.644605014739));
#8423 = CARTESIAN_POINT('',(3.423007905866,92.901030464178));
#8424 = CARTESIAN_POINT('',(3.406900522995,93.144725572947));
#8425 = CARTESIAN_POINT('',(3.390577353156,93.374875700888));
#8426 = CARTESIAN_POINT('',(3.37403998045,93.590662650063));
#8427 = CARTESIAN_POINT('',(3.348560420352,93.895805988834));
#8428 = CARTESIAN_POINT('',(3.339774741772,93.99620661059));
#8429 = CARTESIAN_POINT('',(3.330934683405,94.092330248224));
#8430 = CARTESIAN_POINT('',(3.322042235342,94.184046746487));
#8431 = CARTESIAN_POINT('',(3.313099348105,94.271231630022));
#8432 = CARTESIAN_POINT('',(3.304107932652,94.35376610336));
#8433 = CARTESIAN_POINT('',(3.295069860375,94.43153705092));
#8434 = CARTESIAN_POINT('',(3.268355171067,94.645951066555));
#8435 = CARTESIAN_POINT('',(3.250546501996,94.769173743944));
#8436 = CARTESIAN_POINT('',(3.232590652764,94.873157497931));
#8437 = CARTESIAN_POINT('',(3.214516417637,94.957138671973));
#8438 = CARTESIAN_POINT('',(3.196351915797,95.020537164718));
#8439 = CARTESIAN_POINT('',(3.178124818866,95.062956070498));
#8440 = CARTESIAN_POINT('',(3.159862578434,95.084181319811));
#8441 = CARTESIAN_POINT('',(3.123322728822,95.084181319811));
#8442 = CARTESIAN_POINT('',(3.105060488271,95.062956070202));
#8443 = CARTESIAN_POINT('',(3.086833391306,95.020537164554));
#8444 = CARTESIAN_POINT('',(3.068668889542,94.957138672221));
#8445 = CARTESIAN_POINT('',(3.050594654491,94.873157498368));
#8446 = CARTESIAN_POINT('',(3.032638805228,94.769173743993));
#8447 = CARTESIAN_POINT('',(3.014830136039,94.645951065958));
#8448 = CARTESIAN_POINT('',(2.988126847552,94.431628554138));
#8449 = CARTESIAN_POINT('',(2.97910006632,94.353961352193));
#8450 = CARTESIAN_POINT('',(2.970119824902,94.271542464968));
#8451 = CARTESIAN_POINT('',(2.96118798718,94.184484576239));
#8452 = CARTESIAN_POINT('',(2.952306456396,94.092906019771));
#8453 = CARTESIAN_POINT('',(2.94347717516,93.996930779314));
#8454 = CARTESIAN_POINT('',(2.934702125442,93.896688488607));
#8455 = CARTESIAN_POINT('',(2.909041338541,93.589499264936));
#8456 = CARTESIAN_POINT('',(2.892317256565,93.371149083887));
#8457 = CARTESIAN_POINT('',(2.875812357768,93.138114310378));
#8458 = CARTESIAN_POINT('',(2.859528230423,92.89124085476));
#8459 = CARTESIAN_POINT('',(2.843466749969,92.631370584706));
#8460 = CARTESIAN_POINT('',(2.827630053036,92.359341794327));
#8461 = CARTESIAN_POINT('',(2.812020511461,92.075989673286));
#8462 = CARTESIAN_POINT('',(2.77558066203,91.379778581593));
#8463 = CARTESIAN_POINT('',(2.754944445942,90.957607006097));
#8464 = CARTESIAN_POINT('',(2.734719227082,90.517363967638));
#8465 = CARTESIAN_POINT('',(2.714892311013,90.060618422469));
#8466 = CARTESIAN_POINT('',(2.695451071942,89.588781100265));
#8467 = CARTESIAN_POINT('',(2.676382884839,89.103109239495));
#8468 = CARTESIAN_POINT('',(2.657675057561,88.604711322804));
#8469 = CARTESIAN_POINT('',(2.585847797209,86.608917638654));
#8470 = CARTESIAN_POINT('',(2.535169238951,85.019125987922));
#8471 = CARTESIAN_POINT('',(2.487045026077,83.349380030722));
#8472 = CARTESIAN_POINT('',(2.441261642953,81.615985810111));
#8473 = CARTESIAN_POINT('',(2.39762164283,79.828565745849));
#8474 = CARTESIAN_POINT('',(2.355950065161,77.990563242599));
#8475 = CARTESIAN_POINT('',(2.316111835582,76.099895172349));
#8476 = CARTESIAN_POINT('',(2.244902003224,72.445981902405));
#8477 = CARTESIAN_POINT('',(2.21339876725,70.712524084646));
#8478 = CARTESIAN_POINT('',(2.18338623787,68.937798255659));
#8479 = CARTESIAN_POINT('',(2.154871819313,67.11214825534));
#8480 = CARTESIAN_POINT('',(2.128077060422,65.22936269262));
#8481 = CARTESIAN_POINT('',(2.103444554273,63.28687222815));
#8482 = CARTESIAN_POINT('',(2.08162628574,61.283381015636));
#8483 = CARTESIAN_POINT('',(2.059751682261,58.797881819294));
#8484 = CARTESIAN_POINT('',(2.056232001459,58.378709722741));
#8485 = CARTESIAN_POINT('',(2.052864253994,57.956742023096));
#8486 = CARTESIAN_POINT('',(2.049656277483,57.532059844058));
#8487 = CARTESIAN_POINT('',(2.046615744287,57.104725751276));
#8488 = CARTESIAN_POINT('',(2.043750166737,56.674783766358));
#8489 = CARTESIAN_POINT('',(2.04106690236,56.242259380876));
#8490 = CARTESIAN_POINT('',(2.034503822517,55.097155615541));
#8491 = CARTESIAN_POINT('',(2.03093410408,54.37941330173));
#8492 = CARTESIAN_POINT('',(2.027906938013,53.655581094954));
#8493 = CARTESIAN_POINT('',(2.02545662607,52.927028308662));
#8494 = CARTESIAN_POINT('',(2.023609161408,52.194904721818));
#8495 = CARTESIAN_POINT('',(2.022382497565,51.460200435925));
#8496 = CARTESIAN_POINT('',(2.021786762528,50.723805971011));
#8497 = CARTESIAN_POINT('',(2.021862022463,49.250333609774));
#8498 = CARTESIAN_POINT('',(2.022531218924,48.515039473481));
#8499 = CARTESIAN_POINT('',(2.023829131739,47.781526582884));
#8500 = CARTESIAN_POINT('',(2.025745311727,47.050672720108));
#8501 = CARTESIAN_POINT('',(2.028261573412,46.323456374726));
#8502 = CARTESIAN_POINT('',(2.031351777699,45.601015816095));
#8503 = CARTESIAN_POINT('',(2.034981559859,44.884707921482));
#8504 = CARTESIAN_POINT('',(2.041603227417,43.74771801425));
#8505 = CARTESIAN_POINT('',(2.044281956387,43.321782932312));
#8506 = CARTESIAN_POINT('',(2.047137288461,42.898368312116));
#8507 = CARTESIAN_POINT('',(2.050162182124,42.477498346251));
#8508 = CARTESIAN_POINT('',(2.053349450796,42.059214634671));
#8509 = CARTESIAN_POINT('',(2.056691757996,41.643576197418));
#8510 = CARTESIAN_POINT('',(2.060181612503,41.23065948734));
#8511 = CARTESIAN_POINT('',(2.082060456081,38.758716529424));
#8512 = CARTESIAN_POINT('',(2.103894706898,36.762507893805));
#8513 = CARTESIAN_POINT('',(2.128528727714,34.82717469184));
#8514 = CARTESIAN_POINT('',(2.155316638616,32.951359158542));
#8515 = CARTESIAN_POINT('',(2.183819534738,31.132476124196));
#8516 = CARTESIAN_POINT('',(2.213817010431,29.364382904155));
#8517 = CARTESIAN_POINT('',(2.24530036087,27.637568725105));
#8518 = CARTESIAN_POINT('',(2.316521316215,23.9946362768));
#8519 = CARTESIAN_POINT('',(2.356400996078,22.108210408059));
#8520 = CARTESIAN_POINT('',(2.398115001412,20.274608815028));
#8521 = CARTESIAN_POINT('',(2.441797204878,18.491803531865));
#8522 = CARTESIAN_POINT('',(2.487621463125,16.763271033165));
#8523 = CARTESIAN_POINT('',(2.535784256208,15.098636943463));
#8524 = CARTESIAN_POINT('',(2.586498276935,13.514176207524));
#8525 = CARTESIAN_POINT('',(2.658354369536,11.526118776955));
#8526 = CARTESIAN_POINT('',(2.67705822456,11.029987360619));
#8527 = CARTESIAN_POINT('',(2.696120993841,10.546589913688));
#8528 = CARTESIAN_POINT('',(2.715555095731,10.077032698155));
#8529 = CARTESIAN_POINT('',(2.735372893143,9.622567753503));
#8530 = CARTESIAN_POINT('',(2.755586760416,9.184597548527));
#8531 = CARTESIAN_POINT('',(2.776209150186,8.764679633168));
#8532 = CARTESIAN_POINT('',(2.812708430187,8.070635418958));
#8533 = CARTESIAN_POINT('',(2.828395156469,7.787332190775));
#8534 = CARTESIAN_POINT('',(2.844310048635,7.515463501937));
#8535 = CARTESIAN_POINT('',(2.860450536611,7.255872723653));
#8536 = CARTESIAN_POINT('',(2.876814295245,7.009405189942));
#8537 = CARTESIAN_POINT('',(2.893399268853,6.776908685383));
#8538 = CARTESIAN_POINT('',(2.910203695752,6.55923393287));
#8539 = CARTESIAN_POINT('',(2.952731583086,6.054571505692));
#8540 = CARTESIAN_POINT('',(2.978775635119,5.786517362643));
#8541 = CARTESIAN_POINT('',(3.005267861616,5.557240244584));
#8542 = CARTESIAN_POINT('',(3.032123198983,5.370125728402));
#8543 = CARTESIAN_POINT('',(3.059260764617,5.227786776753));
#8544 = CARTESIAN_POINT('',(3.086602558857,5.132069311011));
#8545 = CARTESIAN_POINT('',(3.114072051605,5.084053955915));
#8546 = CARTESIAN_POINT('',(3.14159265359,5.084053955915));
#8547 = ( GEOMETRIC_REPRESENTATION_CONTEXT(2) 
PARAMETRIC_REPRESENTATION_CONTEXT() REPRESENTATION_CONTEXT('2D SPACE',''
  ) );
#8548 = ORIENTED_EDGE('',*,*,#7829,.T.);
#8549 = ORIENTED_EDGE('',*,*,#8550,.T.);
#8550 = EDGE_CURVE('',#7180,#7900,#8551,.T.);
#8551 = SURFACE_CURVE('',#8552,(#8765,#8981),.PCURVE_S1.);
#8552 = B_SPLINE_CURVE_WITH_KNOTS('',8,(#8553,#8554,#8555,#8556,#8557,
    #8558,#8559,#8560,#8561,#8562,#8563,#8564,#8565,#8566,#8567,#8568,
    #8569,#8570,#8571,#8572,#8573,#8574,#8575,#8576,#8577,#8578,#8579,
    #8580,#8581,#8582,#8583,#8584,#8585,#8586,#8587,#8588,#8589,#8590,
    #8591,#8592,#8593,#8594,#8595,#8596,#8597,#8598,#8599,#8600,#8601,
    #8602,#8603,#8604,#8605,#8606,#8607,#8608,#8609,#8610,#8611,#8612,
    #8613,#8614,#8615,#8616,#8617,#8618,#8619,#8620,#8621,#8622,#8623,
    #8624,#8625,#8626,#8627,#8628,#8629,#8630,#8631,#8632,#8633,#8634,
    #8635,#8636,#8637,#8638,#8639,#8640,#8641,#8642,#8643,#8644,#8645,
    #8646,#8647,#8648,#8649,#8650,#8651,#8652,#8653,#8654,#8655,#8656,
    #8657,#8658,#8659,#8660,#8661,#8662,#8663,#8664,#8665,#8666,#8667,
    #8668,#8669,#8670,#8671,#8672,#8673,#8674,#8675,#8676,#8677,#8678,
    #8679,#8680,#8681,#8682,#8683,#8684,#8685,#8686,#8687,#8688,#8689,
    #8690,#8691,#8692,#8693,#8694,#8695,#8696,#8697,#8698,#8699,#8700,
    #8701,#8702,#8703,#8704,#8705,#8706,#8707,#8708,#8709,#8710,#8711,
    #8712,#8713,#8714,#8715,#8716,#8717,#8718,#8719,#8720,#8721,#8722,
    #8723,#8724,#8725,#8726,#8727,#8728,#8729,#8730,#8731,#8732,#8733,
    #8734,#8735,#8736,#8737,#8738,#8739,#8740,#8741,#8742,#8743,#8744,
    #8745,#8746,#8747,#8748,#8749,#8750,#8751,#8752,#8753,#8754,#8755,
    #8756,#8757,#8758,#8759,#8760,#8761,#8762,#8763,#8764),
  .UNSPECIFIED.,.T.,.F.,(9,7,7,7,7,7,7,7,7,7,7,7,7,7,7,7,7,7,7,7,7,7,7,7
    ,7,7,7,7,7,7,9),(0.,2.870432142279E-02,4.766954901896E-02,
    7.370870723247E-02,0.14897875916,0.214941218255,0.228035500954,
    0.249648316174,0.271442839318,0.284531680962,0.35063376373,
    0.426379402818,0.452469637344,0.471230728517,0.481007908784,
    0.499987448441,0.51896698802,0.528731896083,0.547706644279,
    0.573689355578,0.649353541077,0.715400503076,0.72868753199,
    0.750369552641,0.772022328604,0.785115575979,0.850943750339,
    0.926500065109,0.952426413746,0.971468468926,1.),.UNSPECIFIED.);
#8553 = CARTESIAN_POINT('',(280.,75.,293.08405395591));
#8554 = CARTESIAN_POINT('',(280.,73.615412174676,293.08405395591));
#8555 = CARTESIAN_POINT('',(280.04381931401,72.233463283911,
    293.13266840518));
#8556 = CARTESIAN_POINT('',(280.1311644647,70.859650858739,
    293.22957183166));
#8557 = CARTESIAN_POINT('',(280.26098646428,69.49944580724,
    293.37365631517));
#8558 = CARTESIAN_POINT('',(280.43148391651,68.158268063712,
    293.56303361209));
#8559 = CARTESIAN_POINT('',(280.64011017318,66.841463914672,
    293.79503333105));
#8560 = CARTESIAN_POINT('',(280.88358454518,65.554285001711,
    294.06619715959));
#8561 = CARTESIAN_POINT('',(281.3391554884,63.474385426654,
    294.57449391213));
#8562 = CARTESIAN_POINT('',(281.53410679765,62.660996382026,
    294.79222158632));
#8563 = CARTESIAN_POINT('',(281.74195083869,61.861971982581,
    295.02460816593));
#8564 = CARTESIAN_POINT('',(281.96187763343,61.077557804303,
    295.27081364694));
#8565 = CARTESIAN_POINT('',(282.19307842393,60.307974889513,
    295.53000154901));
#8566 = CARTESIAN_POINT('',(282.43474621349,59.553419752511,
    295.80133844471));
#8567 = CARTESIAN_POINT('',(282.68607630774,58.814064385216,
    296.08399348868));
#8568 = CARTESIAN_POINT('',(283.30350711629,57.095996900658,
    296.77962375333));
#8569 = CARTESIAN_POINT('',(283.67756628099,56.130546994695,
    297.20201364885));
#8570 = CARTESIAN_POINT('',(284.06672932834,55.193171809309,
    297.64257062154));
#8571 = CARTESIAN_POINT('',(284.46942558559,54.28327038285,
    298.09972045026));
#8572 = CARTESIAN_POINT('',(284.88422324554,53.40018620065,
    298.57204695242));
#8573 = CARTESIAN_POINT('',(285.30982388344,52.543217868029,
    299.05828723193));
#8574 = CARTESIAN_POINT('',(285.74505697372,51.711629783311,
    299.55732692707));
#8575 = CARTESIAN_POINT('',(287.47179457506,48.572004995117,
    301.544936779));
#8576 = CARTESIAN_POINT('',(288.8301689351,46.438302252615,
    303.12480841873));
#8577 = CARTESIAN_POINT('',(290.23826225609,44.48937679651,
    304.78406586861));
#8578 = CARTESIAN_POINT('',(291.67670705144,42.709997640769,
    306.50668724063));
#8579 = CARTESIAN_POINT('',(293.13114523656,41.08527612971,
    308.28319319252));
#8580 = CARTESIAN_POINT('',(294.59079094703,39.601499657646,
    310.1101536269));
#8581 = CARTESIAN_POINT('',(296.04676893573,38.247110856309,
    311.9895559898));
#8582 = CARTESIAN_POINT('',(298.75024684192,35.933196148701,
    315.62826579605));
#8583 = CARTESIAN_POINT('',(299.989965986,34.955221252708,
    317.35848253098));
#8584 = CARTESIAN_POINT('',(301.20467797513,34.067019422332,
    319.13013562576));
#8585 = CARTESIAN_POINT('',(302.38730432061,33.263439365494,
    320.95280286624));
#8586 = CARTESIAN_POINT('',(303.52252955056,32.545173273586,
    322.83266162876));
#8587 = CARTESIAN_POINT('',(304.58494439485,31.916421208231,
    324.77229867758));
#8588 = CARTESIAN_POINT('',(305.53902627027,31.382409922174,
    326.77307070661));
#8589 = CARTESIAN_POINT('',(306.50294401963,30.864739699698,
    329.25005327611));
#8590 = CARTESIAN_POINT('',(306.65678010428,30.78297437386,
    329.66313645413));
#8591 = CARTESIAN_POINT('',(306.80440815156,30.705279829054,
    330.07894172895));
#8592 = CARTESIAN_POINT('',(306.94544578996,30.631742180742,
    330.497391774));
#8593 = CARTESIAN_POINT('',(307.07951786312,30.562441874471,
    330.91842679239));
#8594 = CARTESIAN_POINT('',(307.2062569879,30.497455538293,
    331.34200450397));
#8595 = CARTESIAN_POINT('',(307.32530411261,30.436857835194,
    331.76810013255));
#8596 = CARTESIAN_POINT('',(307.61952871364,30.288070282965,
    332.90414399185));
#8597 = CARTESIAN_POINT('',(307.78106687903,30.207461054861,
    333.61930201899));
#8598 = CARTESIAN_POINT('',(307.91883393505,30.139496643058,
    334.34055431208));
#8599 = CARTESIAN_POINT('',(308.03113063246,30.084593645026,
    335.06654967856));
#8600 = CARTESIAN_POINT('',(308.11665321974,30.043037298698,
    335.79615360641));
#8601 = CARTESIAN_POINT('',(308.17449466509,30.015019284409,
    336.52838973452));
#8602 = CARTESIAN_POINT('',(308.20414198997,30.000660273922,
    337.26238108263));
#8603 = CARTESIAN_POINT('',(308.20680860063,29.999368772828,
    338.73837969292));
#8604 = CARTESIAN_POINT('',(308.17934642314,30.012669471524,
    339.47858932303));
#8605 = CARTESIAN_POINT('',(308.12320027675,30.039858046433,
    340.2170635128));
#8606 = CARTESIAN_POINT('',(308.0388875358,30.080807650382,
    340.95290484647));
#8607 = CARTESIAN_POINT('',(307.92733262055,30.135318702781,
    341.68511337384));
#8608 = CARTESIAN_POINT('',(307.78986968903,30.203095725707,
    342.41252532304));
#8609 = CARTESIAN_POINT('',(307.62824125398,30.283708178504,
    343.13375206324));
#8610 = CARTESIAN_POINT('',(307.33430141416,30.432283212847,
    344.27553662952));
#8611 = CARTESIAN_POINT('',(307.21598282193,30.49247973166,
    344.70145086482));
#8612 = CARTESIAN_POINT('',(307.08998676613,30.557049656231,
    345.12485506167));
#8613 = CARTESIAN_POINT('',(306.95667170393,30.625917800529,
    345.54572488241));
#8614 = CARTESIAN_POINT('',(306.81640417889,30.699007146985,
    345.96401860033));
#8615 = CARTESIAN_POINT('',(306.66955826844,30.776237009861,
    346.3796770866));
#8616 = CARTESIAN_POINT('',(306.51651503128,30.85752119861,
    346.79262379719));
#8617 = CARTESIAN_POINT('',(305.55541226076,31.373275698547,
    349.27408417825));
#8618 = CARTESIAN_POINT('',(304.60278074714,31.905988296021,
    351.27953140992));
#8619 = CARTESIAN_POINT('',(303.54145029122,32.533475557735,
    353.22386342206));
#8620 = CARTESIAN_POINT('',(302.40709749251,33.250456052096,
    355.10837723193));
#8621 = CARTESIAN_POINT('',(301.2252127552,34.05268662304,
    356.93564247556));
#8622 = CARTESIAN_POINT('',(300.01112118788,34.939463063327,
    358.71188493025));
#8623 = CARTESIAN_POINT('',(298.7718501458,35.915970404616,
    360.44679081444));
#8624 = CARTESIAN_POINT('',(296.06273084397,38.232023158943,
    364.10420936947));
#8625 = CARTESIAN_POINT('',(294.60069711318,39.590859860038,
    365.99681459085));
#8626 = CARTESIAN_POINT('',(293.13484365401,41.080124384058,
    367.83664029535));
#8627 = CARTESIAN_POINT('',(291.67405688159,42.71160843158,
    369.62577816472));
#8628 = CARTESIAN_POINT('',(290.22920658732,44.499310964059,
    371.36076411461));
#8629 = CARTESIAN_POINT('',(288.81483881527,46.458430992612,
    373.03192198322));
#8630 = CARTESIAN_POINT('',(287.45064822409,48.604512569491,
    374.62285685627));
#8631 = CARTESIAN_POINT('',(285.71930113804,51.760588040105,
    376.62120895111));
#8632 = CARTESIAN_POINT('',(285.28434079202,52.593900294163,
    377.12130723445));
#8633 = CARTESIAN_POINT('',(284.85904283322,53.452711079496,
    377.6085475358));
#8634 = CARTESIAN_POINT('',(284.44458515079,54.337765758267,
    378.08180292946));
#8635 = CARTESIAN_POINT('',(284.04227548514,55.249774982953,
    378.53979545829));
#8636 = CARTESIAN_POINT('',(283.65355697691,56.189403833127,
    378.98109128724));
#8637 = CARTESIAN_POINT('',(283.28001371607,57.157260952252,
    379.40409585689));
#8638 = CARTESIAN_POINT('',(282.66692373794,58.870546822576,
    380.09680654551));
#8639 = CARTESIAN_POINT('',(282.4191553088,59.602242807876,
    380.37626075366));
#8640 = CARTESIAN_POINT('',(282.18084854248,60.348833420478,
    380.64460501473));
#8641 = CARTESIAN_POINT('',(281.95278387661,61.110152926734,
    380.90103046417));
#8642 = CARTESIAN_POINT('',(281.73574413448,61.886012071456,
    381.14472557294));
#8643 = CARTESIAN_POINT('',(281.53051401209,62.676198070136,
    381.37487570088));
#8644 = CARTESIAN_POINT('',(281.33787956527,63.480474601156,
    381.59066265006));
#8645 = CARTESIAN_POINT('',(281.06521213707,64.724931282,381.89580598883
    ));
#8646 = CARTESIAN_POINT('',(280.97544623304,65.154968006079,
    381.99620661059));
#8647 = CARTESIAN_POINT('',(280.88945891152,65.588564049833,
    382.09233024822));
#8648 = CARTESIAN_POINT('',(280.80737373387,66.025589917201,
    382.18404674648));
#8649 = CARTESIAN_POINT('',(280.72930889598,66.465914536471,
    382.27123163002));
#8650 = CARTESIAN_POINT('',(280.65537722825,66.909405260286,
    382.35376610335));
#8651 = CARTESIAN_POINT('',(280.58568619557,67.355927865637,
    382.43153705092));
#8652 = CARTESIAN_POINT('',(280.39348326408,68.677761665771,
    382.64595106655));
#8653 = CARTESIAN_POINT('',(280.28293566812,69.56148465127,
    382.76917374394));
#8654 = CARTESIAN_POINT('',(280.18958643408,70.454723063442,
    382.87315749793));
#8655 = CARTESIAN_POINT('',(280.11415601925,71.355668832298,
    382.95713867197));
#8656 = CARTESIAN_POINT('',(280.05719309679,72.262501527862,
    383.02053716471));
#8657 = CARTESIAN_POINT('',(280.01907363889,73.173391623257,
    383.06295607049));
#8658 = CARTESIAN_POINT('',(280.,74.086503757783,383.08418131981));
#8659 = CARTESIAN_POINT('',(280.,75.913496238414,383.08418131981));
#8660 = CARTESIAN_POINT('',(280.01907363915,76.826608378887,
    383.0629560702));
#8661 = CARTESIAN_POINT('',(280.05719309694,77.737498475939,
    383.02053716455));
#8662 = CARTESIAN_POINT('',(280.11415601903,78.644331167753,
    382.95713867222));
#8663 = CARTESIAN_POINT('',(280.18958643369,79.545276932812,
    382.87315749836));
#8664 = CARTESIAN_POINT('',(280.28293566807,80.438515346534,
    382.76917374399));
#8665 = CARTESIAN_POINT('',(280.39348326461,81.322238337908,
    382.64595106595));
#8666 = CARTESIAN_POINT('',(280.58560417114,82.643508029233,
    382.43162855413));
#8667 = CARTESIAN_POINT('',(280.65520226453,83.0894736589,
    382.35396135219));
#8668 = CARTESIAN_POINT('',(280.72903046025,83.53241506887,
    382.27154246496));
#8669 = CARTESIAN_POINT('',(280.80698170367,83.972198560542,
    382.18448457623));
#8670 = CARTESIAN_POINT('',(280.88894360277,84.408692002986,
    382.09290601977));
#8671 = CARTESIAN_POINT('',(280.9747984282,84.84176483294,
    381.99693077931));
#8672 = CARTESIAN_POINT('',(281.06442311321,85.271288054808,
    381.8966884886));
#8673 = CARTESIAN_POINT('',(281.33891999541,86.524620182599,
    381.58949926493));
#8674 = CARTESIAN_POINT('',(281.53384167361,87.337953958438,
    381.37114908388));
#8675 = CARTESIAN_POINT('',(281.74164037835,88.136869313083,
    381.13811431037));
#8676 = CARTESIAN_POINT('',(281.96150337325,88.921124595375,
    380.89124085476));
#8677 = CARTESIAN_POINT('',(282.19261963579,89.690502752118,
    380.6313705847));
#8678 = CARTESIAN_POINT('',(282.43418039775,90.444811322114,
    380.35934179432));
#8679 = CARTESIAN_POINT('',(282.68537968553,91.183882430195,
    380.07598967328));
#8680 = CARTESIAN_POINT('',(283.30148909192,92.89854442771,
    379.37977858159));
#8681 = CARTESIAN_POINT('',(283.67424867571,93.86100229677,
    378.95760700609));
#8682 = CARTESIAN_POINT('',(284.06199009097,94.795485671945,
    378.51736396763));
#8683 = CARTESIAN_POINT('',(284.46315401096,95.702599562694,
    378.06061842246));
#8684 = CARTESIAN_POINT('',(284.87631985036,96.583004090639,
    377.58878110026));
#8685 = CARTESIAN_POINT('',(285.3002003125,97.437403875789,
    377.10310923949));
#8686 = CARTESIAN_POINT('',(285.73363593654,98.26653742276,
    376.6047113228));
#8687 = CARTESIAN_POINT('',(287.46260188023,101.41432475515,
    374.60891763865));
#8688 = CARTESIAN_POINT('',(288.8256727317,103.55663984816,
    373.01912598792));
#8689 = CARTESIAN_POINT('',(290.23869596286,105.51251576443,
    371.34938003069));
#8690 = CARTESIAN_POINT('',(291.68206795053,107.29743796492,
    369.61598581014));
#8691 = CARTESIAN_POINT('',(293.14130238825,108.92654402711,
    367.82856574582));
#8692 = CARTESIAN_POINT('',(294.60556500135,110.41377378402,
    365.9905632426));
#8693 = CARTESIAN_POINT('',(296.06598624993,111.77086819882,
    364.09989517234));
#8694 = CARTESIAN_POINT('',(298.77239706075,114.08440252631,
    360.4459819024));
#8695 = CARTESIAN_POINT('',(300.01061133488,115.06006720568,
    358.71252408464));
#8696 = CARTESIAN_POINT('',(301.22368477728,115.94614773036,
    356.93779825564));
#8697 = CARTESIAN_POINT('',(302.40460312363,116.74781596086,
    355.11214825535));
#8698 = CARTESIAN_POINT('',(303.5380859445,117.46437624233,
    353.2293626926));
#8699 = CARTESIAN_POINT('',(304.59872566313,118.09160361177,
    351.28687222815));
#8700 = CARTESIAN_POINT('',(305.55096361577,118.62423318467,
    349.28338101563));
#8701 = CARTESIAN_POINT('',(306.51464630035,119.14149653812,
    346.79788181929));
#8702 = CARTESIAN_POINT('',(306.67006809574,119.22404980303,
    346.37870972274));
#8703 = CARTESIAN_POINT('',(306.81910602349,119.30242566637,
    345.95674202309));
#8704 = CARTESIAN_POINT('',(306.96136102567,119.3765337546,
    345.53205984405));
#8705 = CARTESIAN_POINT('',(307.09644157979,119.44628961236,
    345.10472575127));
#8706 = CARTESIAN_POINT('',(307.22396429592,119.51161271627,
    344.67478376635));
#8707 = CARTESIAN_POINT('',(307.34355451374,119.57242448888,
    344.24225938087));
#8708 = CARTESIAN_POINT('',(307.63645588274,119.72039012873,
    343.09715561554));
#8709 = CARTESIAN_POINT('',(307.79619426803,119.800025478,
    342.37941330173));
#8710 = CARTESIAN_POINT('',(307.93195797037,119.86694453099,
    341.65558109495));
#8711 = CARTESIAN_POINT('',(308.04203931959,119.92072542473,
    340.92702830866));
#8712 = CARTESIAN_POINT('',(308.12513235775,119.96107861932,
    340.19490472181));
#8713 = CARTESIAN_POINT('',(308.18033416354,119.9878088679,
    339.46020043592));
#8714 = CARTESIAN_POINT('',(308.20714220408,120.00079280003,
    338.72380597101));
#8715 = CARTESIAN_POINT('',(308.20375550912,119.99915254345,
    337.25033360977));
#8716 = CARTESIAN_POINT('',(308.17364170582,119.98456755294,
    336.51503947348));
#8717 = CARTESIAN_POINT('',(308.11523784958,119.95627589675,
    335.78152658288));
#8718 = CARTESIAN_POINT('',(308.02906476589,119.91440000855,
    335.0506727201));
#8719 = CARTESIAN_POINT('',(307.91603914912,119.8591335069,
    334.32345637472));
#8720 = CARTESIAN_POINT('',(307.77747623467,119.79076405328,
    333.60101581609));
#8721 = CARTESIAN_POINT('',(307.61508855408,119.70971156681,
    332.88470792148));
#8722 = CARTESIAN_POINT('',(307.31965238185,119.56026702438,
    331.74771801425));
#8723 = CARTESIAN_POINT('',(307.20029725044,119.4994932801,
    331.32178293231));
#8724 = CARTESIAN_POINT('',(307.07326566199,119.43433508895,
    330.89836831211));
#8725 = CARTESIAN_POINT('',(306.93891661103,119.36486705936,
    330.47749834625));
#8726 = CARTESIAN_POINT('',(306.79761724781,119.29116572489,
    330.05921463467));
#8727 = CARTESIAN_POINT('',(306.64974232239,119.21331138692,
    329.64357619741));
#8728 = CARTESIAN_POINT('',(306.49567362877,119.13138995733,
    329.23065948734));
#8729 = CARTESIAN_POINT('',(305.53200913773,118.61364461509,
    326.75871652942));
#8730 = CARTESIAN_POINT('',(304.57931582882,118.08018981869,
    324.7625078938));
#8731 = CARTESIAN_POINT('',(303.51891044431,117.45241487183,
    322.82717469182));
#8732 = CARTESIAN_POINT('',(302.38605187808,116.73551097084,
    320.95135915855));
#8733 = CARTESIAN_POINT('',(301.20597019622,115.93364016011,
    319.13247612418));
#8734 = CARTESIAN_POINT('',(299.99388833399,115.04748202214,
    317.36438290415));
#8735 = CARTESIAN_POINT('',(298.75686052282,114.0719239557,
    315.6375687251));
#8736 = CARTESIAN_POINT('',(296.05088334663,111.75702682569,
    311.9946362768));
#8737 = CARTESIAN_POINT('',(294.58950100297,110.39791449981,
    310.10821040805));
#8738 = CARTESIAN_POINT('',(293.12442892574,108.90848935544,
    308.27460881503));
#8739 = CARTESIAN_POINT('',(291.66461253108,107.27705084343,
    306.49180353185));
#8740 = CARTESIAN_POINT('',(290.22095191995,105.48971163559,
    304.76327103317));
#8741 = CARTESIAN_POINT('',(288.80798606958,103.53139622148,
    303.09863694346));
#8742 = CARTESIAN_POINT('',(287.44535469872,101.38669014441,
    301.51417620752));
#8743 = CARTESIAN_POINT('',(285.71784317817,98.236460143879,
    299.52611877695));
#8744 = CARTESIAN_POINT('',(285.28506355211,97.40720812634,
    299.02998736061));
#8745 = CARTESIAN_POINT('',(284.86188188738,96.552764537952,
    298.54658991368));
#8746 = CARTESIAN_POINT('',(284.44945892173,95.6724063191,
    298.07703269815));
#8747 = CARTESIAN_POINT('',(284.04908099639,94.765444383403,
    297.6225677535));
#8748 = CARTESIAN_POINT('',(283.66216539368,93.831234063821,
    297.18459754852));
#8749 = CARTESIAN_POINT('',(283.29026567453,92.869185558776,
    296.76467963316));
#8750 = CARTESIAN_POINT('',(282.67420256242,91.151349756545,
    296.07063541895));
#8751 = CARTESIAN_POINT('',(282.42227881133,90.408447188253,
    295.78733219077));
#8752 = CARTESIAN_POINT('',(282.18012007401,89.650221744485,
    295.51546350193));
#8753 = CARTESIAN_POINT('',(281.94854296417,88.876853424218,
    295.25587272365));
#8754 = CARTESIAN_POINT('',(281.72836584214,88.08854716737,
    295.00940518994));
#8755 = CARTESIAN_POINT('',(281.52040825907,87.285532867859,
    294.77690868538));
#8756 = CARTESIAN_POINT('',(281.32549040108,86.46806538666,
    294.55923393287));
#8757 = CARTESIAN_POINT('',(280.87314573554,84.39034131776,
    294.05457150569));
#8758 = CARTESIAN_POINT('',(280.6324520499,83.110036835979,
    293.78651736264));
#8759 = CARTESIAN_POINT('',(280.42626808777,81.800578701935,
    293.55724024458));
#8760 = CARTESIAN_POINT('',(280.25780536028,80.467145225475,
    293.3701257284));
#8761 = CARTESIAN_POINT('',(280.12955548324,79.115006620427,
    293.22778677675));
#8762 = CARTESIAN_POINT('',(280.0432793111,77.74950455831,
    293.13206931101));
#8763 = CARTESIAN_POINT('',(280.,76.376030099241,293.08405395591));
#8764 = CARTESIAN_POINT('',(280.,75.,293.08405395591));
#8765 = PCURVE('',#7864,#8766);
#8766 = DEFINITIONAL_REPRESENTATION('',(#8767),#8980);
#8767 = B_SPLINE_CURVE_WITH_KNOTS('',8,(#8768,#8769,#8770,#8771,#8772,
    #8773,#8774,#8775,#8776,#8777,#8778,#8779,#8780,#8781,#8782,#8783,
    #8784,#8785,#8786,#8787,#8788,#8789,#8790,#8791,#8792,#8793,#8794,
    #8795,#8796,#8797,#8798,#8799,#8800,#8801,#8802,#8803,#8804,#8805,
    #8806,#8807,#8808,#8809,#8810,#8811,#8812,#8813,#8814,#8815,#8816,
    #8817,#8818,#8819,#8820,#8821,#8822,#8823,#8824,#8825,#8826,#8827,
    #8828,#8829,#8830,#8831,#8832,#8833,#8834,#8835,#8836,#8837,#8838,
    #8839,#8840,#8841,#8842,#8843,#8844,#8845,#8846,#8847,#8848,#8849,
    #8850,#8851,#8852,#8853,#8854,#8855,#8856,#8857,#8858,#8859,#8860,
    #8861,#8862,#8863,#8864,#8865,#8866,#8867,#8868,#8869,#8870,#8871,
    #8872,#8873,#8874,#8875,#8876,#8877,#8878,#8879,#8880,#8881,#8882,
    #8883,#8884,#8885,#8886,#8887,#8888,#8889,#8890,#8891,#8892,#8893,
    #8894,#8895,#8896,#8897,#8898,#8899,#8900,#8901,#8902,#8903,#8904,
    #8905,#8906,#8907,#8908,#8909,#8910,#8911,#8912,#8913,#8914,#8915,
    #8916,#8917,#8918,#8919,#8920,#8921,#8922,#8923,#8924,#8925,#8926,
    #8927,#8928,#8929,#8930,#8931,#8932,#8933,#8934,#8935,#8936,#8937,
    #8938,#8939,#8940,#8941,#8942,#8943,#8944,#8945,#8946,#8947,#8948,
    #8949,#8950,#8951,#8952,#8953,#8954,#8955,#8956,#8957,#8958,#8959,
    #8960,#8961,#8962,#8963,#8964,#8965,#8966,#8967,#8968,#8969,#8970,
    #8971,#8972,#8973,#8974,#8975,#8976,#8977,#8978,#8979),
  .UNSPECIFIED.,.F.,.F.,(9,7,7,7,7,7,7,7,7,7,7,7,7,7,7,7,7,7,7,7,7,7,7,7
    ,7,7,7,7,7,7,9),(0.,2.870432142279E-02,4.766954901896E-02,
    7.370870723247E-02,0.14897875916,0.214941218255,0.228035500954,
    0.249648316174,0.271442839318,0.284531680962,0.35063376373,
    0.426379402818,0.452469637344,0.471230728517,0.481007908784,
    0.499987448441,0.51896698802,0.528731896083,0.547706644279,
    0.573689355578,0.649353541077,0.715400503076,0.72868753199,
    0.750369552641,0.772022328604,0.785115575979,0.850943750339,
    0.926500065109,0.952426413746,0.971468468926,1.),.UNSPECIFIED.);
#8768 = CARTESIAN_POINT('',(0.,49.924364883643));
#8769 = CARTESIAN_POINT('',(3.076861834053E-02,49.924364883643));
#8770 = CARTESIAN_POINT('',(6.147859571042E-02,49.880627418177));
#8771 = CARTESIAN_POINT('',(9.205214317757E-02,49.793445416614));
#8772 = CARTESIAN_POINT('',(0.12241137237,49.663866001336));
#8773 = CARTESIAN_POINT('',(0.152476323068,49.493687389351));
#8774 = CARTESIAN_POINT('',(0.182163033882,49.285451732729));
#8775 = CARTESIAN_POINT('',(0.211381656018,49.042433897857));
#8776 = CARTESIAN_POINT('',(0.258965898838,48.587718732567));
#8777 = CARTESIAN_POINT('',(0.277674980986,48.393133993439));
#8778 = CARTESIAN_POINT('',(0.296161894262,48.185681202184));
#8779 = CARTESIAN_POINT('',(0.314426216385,47.966168922553));
#8780 = CARTESIAN_POINT('',(0.332467092309,47.735404504098));
#8781 = CARTESIAN_POINT('',(0.350283261418,47.49419354027));
#8782 = CARTESIAN_POINT('',(0.367873084737,47.24333932651));
#8783 = CARTESIAN_POINT('',(0.409071803433,46.627079685555));
#8784 = CARTESIAN_POINT('',(0.432486323431,46.253731658005));
#8785 = CARTESIAN_POINT('',(0.455495214209,45.865310332565));
#8786 = CARTESIAN_POINT('',(0.478115282782,45.463383731386));
#8787 = CARTESIAN_POINT('',(0.500363220397,45.049381277101));
#8788 = CARTESIAN_POINT('',(0.522255761832,44.624599268009));
#8789 = CARTESIAN_POINT('',(0.543809844705,44.190206353272));
#8790 = CARTESIAN_POINT('',(0.62641968748,42.466815051706));
#8791 = CARTESIAN_POINT('',(0.685291247971,41.111100511625));
#8792 = CARTESIAN_POINT('',(0.741992768615,39.705800635692));
#8793 = CARTESIAN_POINT('',(0.796850785665,38.270255928679));
#8794 = CARTESIAN_POINT('',(0.850199637502,36.818808507266));
#8795 = CARTESIAN_POINT('',(0.902398010185,35.362238449996));
#8796 = CARTESIAN_POINT('',(0.953834992325,33.909424334997));
#8797 = CARTESIAN_POINT('',(1.049745167978,31.212071839456));
#8798 = CARTESIAN_POINT('',(1.093892234282,29.975265280544));
#8799 = CARTESIAN_POINT('',(1.137883117813,28.763535551639));
#8800 = CARTESIAN_POINT('',(1.182079364257,27.583977244739));
#8801 = CARTESIAN_POINT('',(1.226722454065,26.451916202331));
#8802 = CARTESIAN_POINT('',(1.271968064781,25.392766010681));
#8803 = CARTESIAN_POINT('',(1.317951547704,24.442051484999));
#8804 = CARTESIAN_POINT('',(1.374220057182,23.482302252288));
#8805 = CARTESIAN_POINT('',(1.383582886231,23.329161335978));
#8806 = CARTESIAN_POINT('',(1.392987442049,23.182233027778));
#8807 = CARTESIAN_POINT('',(1.402432916957,23.041899568551));
#8808 = CARTESIAN_POINT('',(1.411918956105,22.908536013549));
#8809 = CARTESIAN_POINT('',(1.421445650458,22.782509674242));
#8810 = CARTESIAN_POINT('',(1.431013529786,22.664179560145));
#8811 = CARTESIAN_POINT('',(1.456485418282,22.371866599302));
#8812 = CARTESIAN_POINT('',(1.47248184743,22.211531808889));
#8813 = CARTESIAN_POINT('',(1.488581290822,22.074978346904));
#8814 = CARTESIAN_POINT('',(1.504759211578,21.963903186983));
#8815 = CARTESIAN_POINT('',(1.520996452096,21.879608170175));
#8816 = CARTESIAN_POINT('',(1.537277686505,21.822998684404));
#8817 = CARTESIAN_POINT('',(1.553589961688,21.794586232106));
#8818 = CARTESIAN_POINT('',(1.586389996638,21.794402772028));
#8819 = CARTESIAN_POINT('',(1.602837782611,21.823110202614));
#8820 = CARTESIAN_POINT('',(1.619252474522,21.88049864188));
#8821 = CARTESIAN_POINT('',(1.635620869084,21.966049206456));
#8822 = CARTESIAN_POINT('',(1.651927342841,22.078835795133));
#8823 = CARTESIAN_POINT('',(1.668152332775,22.217522293881));
#8824 = CARTESIAN_POINT('',(1.68427072465,22.380363856284));
#8825 = CARTESIAN_POINT('',(1.70984669568,22.676224161832));
#8826 = CARTESIAN_POINT('',(1.719400548736,22.795259123595));
#8827 = CARTESIAN_POINT('',(1.728912696583,22.921967315296));
#8828 = CARTESIAN_POINT('',(1.738383698682,23.05599023934));
#8829 = CARTESIAN_POINT('',(1.747813678806,23.196961282473));
#8830 = CARTESIAN_POINT('',(1.757202318188,23.344506268329));
#8831 = CARTESIAN_POINT('',(1.766548848683,23.498244009958));
#8832 = CARTESIAN_POINT('',(1.822835631643,24.463520106181));
#8833 = CARTESIAN_POINT('',(1.868843031596,25.419524136582));
#8834 = CARTESIAN_POINT('',(1.914103584917,26.484124138283));
#8835 = CARTESIAN_POINT('',(1.958753811348,27.62164574417));
#8836 = CARTESIAN_POINT('',(2.002950621726,28.80660290935));
#8837 = CARTESIAN_POINT('',(2.046937393277,30.023681020686));
#8838 = CARTESIAN_POINT('',(2.091078489367,31.265869028586));
#8839 = CARTESIAN_POINT('',(2.187194301872,33.981137556078));
#8840 = CARTESIAN_POINT('',(2.238837542934,35.446353242966));
#8841 = CARTESIAN_POINT('',(2.291248133556,36.915299859219));
#8842 = CARTESIAN_POINT('',(2.3448228133,38.379094521142));
#8843 = CARTESIAN_POINT('',(2.399926982693,39.826861625013));
#8844 = CARTESIAN_POINT('',(2.456900836611,41.244038868579));
#8845 = CARTESIAN_POINT('',(2.516076489853,42.610904039104));
#8846 = CARTESIAN_POINT('',(2.599053741947,44.345610603433));
#8847 = CARTESIAN_POINT('',(2.62063602025,44.781411674454));
#8848 = CARTESIAN_POINT('',(2.64255939771,45.207528740301));
#8849 = CARTESIAN_POINT('',(2.664841001241,45.622782017598));
#8850 = CARTESIAN_POINT('',(2.687497748042,46.025861617827));
#8851 = CARTESIAN_POINT('',(2.710546507044,46.415321990158));
#8852 = CARTESIAN_POINT('',(2.73400426037,46.78957636428));
#8853 = CARTESIAN_POINT('',(2.7750628894,47.403830856877));
#8854 = CARTESIAN_POINT('',(2.792461774562,47.652069075277));
#8855 = CARTESIAN_POINT('',(2.81008301359,47.890826953425));
#8856 = CARTESIAN_POINT('',(2.827925036744,48.119322694001));
#8857 = CARTESIAN_POINT('',(2.845986637451,48.336772109552));
#8858 = CARTESIAN_POINT('',(2.864266998544,48.542389134661));
#8859 = CARTESIAN_POINT('',(2.882765718496,48.735386338125));
#8860 = CARTESIAN_POINT('',(2.911237102293,49.008566738475));
#8861 = CARTESIAN_POINT('',(2.921049097874,49.098501424492));
#8862 = CARTESIAN_POINT('',(2.930916770768,49.184650337968));
#8863 = CARTESIAN_POINT('',(2.940838123691,49.266889698739));
#8864 = CARTESIAN_POINT('',(2.950811215714,49.345101101676));
#8865 = CARTESIAN_POINT('',(2.960834162262,49.419171516688));
#8866 = CARTESIAN_POINT('',(2.970905135116,49.488993288724));
#8867 = CARTESIAN_POINT('',(3.000662004037,49.681556667719));
#8868 = CARTESIAN_POINT('',(3.020484811182,49.792311410958));
#8869 = CARTESIAN_POINT('',(3.040459639565,49.885835449998));
#8870 = CARTESIAN_POINT('',(3.060556571303,49.961407043839));
#8871 = CARTESIAN_POINT('',(3.080746606972,50.018476544173));
#8872 = CARTESIAN_POINT('',(3.101001357673,50.056667311592));
#8873 = CARTESIAN_POINT('',(3.121292737096,50.075776631796));
#8874 = CARTESIAN_POINT('',(3.161892569999,50.075776631796));
#8875 = CARTESIAN_POINT('',(3.182183949555,50.056667311326));
#8876 = CARTESIAN_POINT('',(3.202438700292,50.018476544025));
#8877 = CARTESIAN_POINT('',(3.222628735877,49.961407044062));
#8878 = CARTESIAN_POINT('',(3.242725667531,49.88583545039));
#8879 = CARTESIAN_POINT('',(3.262700495949,49.792311411002));
#8880 = CARTESIAN_POINT('',(3.282523303225,49.681556667183));
#8881 = CARTESIAN_POINT('',(3.312267473038,49.489075466975));
#8882 = CARTESIAN_POINT('',(3.322325859839,49.419346808637));
#8883 = CARTESIAN_POINT('',(3.332336340435,49.345380059949));
#8884 = CARTESIAN_POINT('',(3.342297094019,49.267282464973));
#8885 = CARTESIAN_POINT('',(3.352206243718,49.185166614635));
#8886 = CARTESIAN_POINT('',(3.362061856595,49.099150446722));
#8887 = CARTESIAN_POINT('',(3.371861943647,49.009357245887));
#8888 = CARTESIAN_POINT('',(3.40053569702,48.73434395224));
#8889 = CARTESIAN_POINT('',(3.419243400433,48.539055208377));
#8890 = CARTESIAN_POINT('',(3.437727671793,48.330864751558));
#8891 = CARTESIAN_POINT('',(3.455988151038,48.110586740153));
#8892 = CARTESIAN_POINT('',(3.474024044675,47.879033611829));
#8893 = CARTESIAN_POINT('',(3.491834154165,47.637015543978));
#8894 = CARTESIAN_POINT('',(3.509416904301,47.385339914135));
#8895 = CARTESIAN_POINT('',(3.55053301266,46.768060108641));
#8896 = CARTESIAN_POINT('',(3.573873564344,46.39459081185));
#8897 = CARTESIAN_POINT('',(3.596809102394,46.006109302266));
#8898 = CARTESIAN_POINT('',(3.619356437538,45.604177543947));
#8899 = CARTESIAN_POINT('',(3.641532274116,45.190218493538));
#8900 = CARTESIAN_POINT('',(3.663353368707,44.765521561014));
#8901 = CARTESIAN_POINT('',(3.684836688759,44.331248070434));
#8902 = CARTESIAN_POINT('',(3.767627945789,42.598926949236));
#8903 = CARTESIAN_POINT('',(3.826721955197,41.233183440137));
#8904 = CARTESIAN_POINT('',(3.883621486442,39.81735311088));
#8905 = CARTESIAN_POINT('',(3.938657516392,38.371066989384));
#8906 = CARTESIAN_POINT('',(3.992169075148,36.908827549888));
#8907 = CARTESIAN_POINT('',(4.044520247598,35.441474844738));
#8908 = CARTESIAN_POINT('',(4.096106275875,33.977874896731));
#8909 = CARTESIAN_POINT('',(4.192126419764,31.265320753534));
#8910 = CARTESIAN_POINT('',(4.236230478695,30.024191948257));
#8911 = CARTESIAN_POINT('',(4.280180443381,28.808134511857));
#8912 = CARTESIAN_POINT('',(4.324339672489,27.624146453748));
#8913 = CARTESIAN_POINT('',(4.368951023585,26.487497731902));
#8914 = CARTESIAN_POINT('',(4.414171162331,25.423591564689));
#8915 = CARTESIAN_POINT('',(4.460136296843,24.467984385416));
#8916 = CARTESIAN_POINT('',(4.51651768571,23.500121584084));
#8917 = CARTESIAN_POINT('',(4.526005288936,23.343994814305));
#8918 = CARTESIAN_POINT('',(4.535536304248,23.194247199947));
#8919 = CARTESIAN_POINT('',(4.54510990415,23.051277934857));
#8920 = CARTESIAN_POINT('',(4.554725740052,22.91547864622));
#8921 = CARTESIAN_POINT('',(4.564383934842,22.787232797495));
#8922 = CARTESIAN_POINT('',(4.574085075465,22.666915091353));
#8923 = CARTESIAN_POINT('',(4.599732489776,22.372087671106));
#8924 = CARTESIAN_POINT('',(4.615771630155,22.211142017814));
#8925 = CARTESIAN_POINT('',(4.631915779571,22.074160768216));
#8926 = CARTESIAN_POINT('',(4.648140177501,21.962853893719));
#8927 = CARTESIAN_POINT('',(4.664425482136,21.878529284764));
#8928 = CARTESIAN_POINT('',(4.680756191621,21.822091527055));
#8929 = CARTESIAN_POINT('',(4.69711915437,21.794044650947));
#8930 = CARTESIAN_POINT('',(4.729863085184,21.794952444335));
#8931 = CARTESIAN_POINT('',(4.746204406312,21.823829182652));
#8932 = CARTESIAN_POINT('',(4.762514221544,21.880998930552));
#8933 = CARTESIAN_POINT('',(4.778779592973,21.965942340025));
#8934 = CARTESIAN_POINT('',(4.794985178193,22.077744364151));
#8935 = CARTESIAN_POINT('',(4.811111763624,22.215091684373));
#8936 = CARTESIAN_POINT('',(4.827134708086,22.376274054303));
#8937 = CARTESIAN_POINT('',(4.852629384719,22.669796993044));
#8938 = CARTESIAN_POINT('',(4.862194295344,22.7884353835));
#8939 = CARTESIAN_POINT('',(4.871717998866,22.914754460439));
#8940 = CARTESIAN_POINT('',(4.881201036096,23.048395270531));
#8941 = CARTESIAN_POINT('',(4.890643511315,23.188990734033));
#8942 = CARTESIAN_POINT('',(4.900045085329,23.336166200701));
#8943 = CARTESIAN_POINT('',(4.909404968516,23.489540005705));
#8944 = CARTESIAN_POINT('',(4.965564189617,24.449044458853));
#8945 = CARTESIAN_POINT('',(5.011446926357,25.398378097202));
#8946 = CARTESIAN_POINT('',(5.05659545189,26.455526072542));
#8947 = CARTESIAN_POINT('',(5.101144464629,27.58522725663));
#8948 = CARTESIAN_POINT('',(5.145249024168,28.762247269944));
#8949 = CARTESIAN_POINT('',(5.189149295811,29.971352864589));
#8950 = CARTESIAN_POINT('',(5.233204417729,31.205473818699));
#8951 = CARTESIAN_POINT('',(5.329205592737,33.905318476739));
#8952 = CARTESIAN_POINT('',(5.380829774737,35.363525123048));
#8953 = CARTESIAN_POINT('',(5.433220426835,36.825510366661));
#8954 = CARTESIAN_POINT('',(5.48677134984,38.282325392292));
#8955 = CARTESIAN_POINT('',(5.541845411857,39.723075963151));
#8956 = CARTESIAN_POINT('',(5.598780674821,41.13323931616));
#8957 = CARTESIAN_POINT('',(5.657907319397,42.493203140573));
#8958 = CARTESIAN_POINT('',(5.740721627068,44.217367607264));
#8959 = CARTESIAN_POINT('',(5.762197961303,44.649311954003));
#8960 = CARTESIAN_POINT('',(5.784010602249,45.071679775983));
#8961 = CARTESIAN_POINT('',(5.806176211355,45.483312198237));
#8962 = CARTESIAN_POINT('',(5.828711256422,45.882924987708));
#8963 = CARTESIAN_POINT('',(5.851632167442,46.269103223534));
#8964 = CARTESIAN_POINT('',(5.874955492443,46.640295967331));
#8965 = CARTESIAN_POINT('',(5.916136187822,47.255190582074));
#8966 = CARTESIAN_POINT('',(5.933804746314,47.506637361358));
#8967 = CARTESIAN_POINT('',(5.951701590326,47.748338377592));
#8968 = CARTESIAN_POINT('',(5.969824945079,47.979478437074));
#8969 = CARTESIAN_POINT('',(5.988173425867,48.199240602772));
#8970 = CARTESIAN_POINT('',(6.006746064437,48.406806750974));
#8971 = CARTESIAN_POINT('',(6.025542335361,48.601358127922));
#8972 = CARTESIAN_POINT('',(6.073060438098,49.052853134302));
#8973 = CARTESIAN_POINT('',(6.102115560664,49.293095518332));
#8974 = CARTESIAN_POINT('',(6.13163146358,49.498893464235));
#8975 = CARTESIAN_POINT('',(6.161519597081,49.667041161152));
#8976 = CARTESIAN_POINT('',(6.191697149011,49.795051392705));
#8977 = CARTESIAN_POINT('',(6.222085203939,49.881166412435));
#8978 = CARTESIAN_POINT('',(6.25260686053,49.924364883643));
#8979 = CARTESIAN_POINT('',(6.28318530718,49.924364883643));
#8980 = ( GEOMETRIC_REPRESENTATION_CONTEXT(2) 
PARAMETRIC_REPRESENTATION_CONTEXT() REPRESENTATION_CONTEXT('2D SPACE',''
  ) );
#8981 = PCURVE('',#5637,#8982);
#8982 = DEFINITIONAL_REPRESENTATION('',(#8983),#9196);
#8983 = B_SPLINE_CURVE_WITH_KNOTS('',8,(#8984,#8985,#8986,#8987,#8988,
    #8989,#8990,#8991,#8992,#8993,#8994,#8995,#8996,#8997,#8998,#8999,
    #9000,#9001,#9002,#9003,#9004,#9005,#9006,#9007,#9008,#9009,#9010,
    #9011,#9012,#9013,#9014,#9015,#9016,#9017,#9018,#9019,#9020,#9021,
    #9022,#9023,#9024,#9025,#9026,#9027,#9028,#9029,#9030,#9031,#9032,
    #9033,#9034,#9035,#9036,#9037,#9038,#9039,#9040,#9041,#9042,#9043,
    #9044,#9045,#9046,#9047,#9048,#9049,#9050,#9051,#9052,#9053,#9054,
    #9055,#9056,#9057,#9058,#9059,#9060,#9061,#9062,#9063,#9064,#9065,
    #9066,#9067,#9068,#9069,#9070,#9071,#9072,#9073,#9074,#9075,#9076,
    #9077,#9078,#9079,#9080,#9081,#9082,#9083,#9084,#9085,#9086,#9087,
    #9088,#9089,#9090,#9091,#9092,#9093,#9094,#9095,#9096,#9097,#9098,
    #9099,#9100,#9101,#9102,#9103,#9104,#9105,#9106,#9107,#9108,#9109,
    #9110,#9111,#9112,#9113,#9114,#9115,#9116,#9117,#9118,#9119,#9120,
    #9121,#9122,#9123,#9124,#9125,#9126,#9127,#9128,#9129,#9130,#9131,
    #9132,#9133,#9134,#9135,#9136,#9137,#9138,#9139,#9140,#9141,#9142,
    #9143,#9144,#9145,#9146,#9147,#9148,#9149,#9150,#9151,#9152,#9153,
    #9154,#9155,#9156,#9157,#9158,#9159,#9160,#9161,#9162,#9163,#9164,
    #9165,#9166,#9167,#9168,#9169,#9170,#9171,#9172,#9173,#9174,#9175,
    #9176,#9177,#9178,#9179,#9180,#9181,#9182,#9183,#9184,#9185,#9186,
    #9187,#9188,#9189,#9190,#9191,#9192,#9193,#9194,#9195),
  .UNSPECIFIED.,.T.,.F.,(9,7,7,7,7,7,7,7,7,7,7,7,7,7,7,7,7,7,7,7,7,7,7,7
    ,7,7,7,7,7,7,9),(0.,2.870432142279E-02,4.766954901896E-02,
    7.370870723247E-02,0.14897875916,0.214941218255,0.228035500954,
    0.249648316174,0.271442839318,0.284531680962,0.35063376373,
    0.426379402818,0.452469637344,0.471230728517,0.481007908784,
    0.499987448441,0.51896698802,0.528731896083,0.547706644279,
    0.573689355578,0.649353541077,0.715400503076,0.72868753199,
    0.750369552641,0.772022328604,0.785115575979,0.850943750339,
    0.926500065109,0.952426413746,0.971468468926,1.),.UNSPECIFIED.);
#8984 = CARTESIAN_POINT('',(3.14159265359,5.084053955915));
#8985 = CARTESIAN_POINT('',(3.169284410096,5.084053955915));
#8986 = CARTESIAN_POINT('',(3.19692339162,5.132668405183));
#8987 = CARTESIAN_POINT('',(3.224431989081,5.229571831664));
#8988 = CARTESIAN_POINT('',(3.25173265006,5.373656315176));
#8989 = CARTESIAN_POINT('',(3.278746310399,5.563033612097));
#8990 = CARTESIAN_POINT('',(3.305390945551,5.795033331052));
#8991 = CARTESIAN_POINT('',(3.331580241649,6.066197159594));
#8992 = CARTESIAN_POINT('',(3.374164403619,6.574493912138));
#8993 = CARTESIAN_POINT('',(3.390889698845,6.792221586328));
#8994 = CARTESIAN_POINT('',(3.407396935179,7.024608165936));
#8995 = CARTESIAN_POINT('',(3.423684463514,7.270813646941));
#8996 = CARTESIAN_POINT('',(3.439750347532,7.530001549015));
#8997 = CARTESIAN_POINT('',(3.455592388769,7.801338444715));
#8998 = CARTESIAN_POINT('',(3.471208151675,8.08399348868));
#8999 = CARTESIAN_POINT('',(3.507721035346,8.779623753338));
#9000 = CARTESIAN_POINT('',(3.528422381949,9.202013648854));
#9001 = CARTESIAN_POINT('',(3.548711828306,9.642570621548));
#9002 = CARTESIAN_POINT('',(3.568602028559,10.099720450266));
#9003 = CARTESIAN_POINT('',(3.588105559208,10.572046952426));
#9004 = CARTESIAN_POINT('',(3.607234987137,11.058287231931));
#9005 = CARTESIAN_POINT('',(3.626002937647,11.557326927079));
#9006 = CARTESIAN_POINT('',(3.697665665908,13.544936779003));
#9007 = CARTESIAN_POINT('',(3.748149826621,15.124808418732));
#9008 = CARTESIAN_POINT('',(3.796105080844,16.784065868609));
#9009 = CARTESIAN_POINT('',(3.84174148924,18.506687240636));
#9010 = CARTESIAN_POINT('',(3.885253006767,20.283193192517));
#9011 = CARTESIAN_POINT('',(3.926811123708,22.110153626906));
#9012 = CARTESIAN_POINT('',(3.966547665559,23.9895559898));
#9013 = CARTESIAN_POINT('',(4.037717867367,27.628265796059));
#9014 = CARTESIAN_POINT('',(4.069273230802,29.358482530988));
#9015 = CARTESIAN_POINT('',(4.099337083131,31.13013562576));
#9016 = CARTESIAN_POINT('',(4.127901076295,32.952802866244));
#9017 = CARTESIAN_POINT('',(4.154743395517,34.832661628764));
#9018 = CARTESIAN_POINT('',(4.179421908646,36.772298677581));
#9019 = CARTESIAN_POINT('',(4.201285826554,38.773070706611));
#9020 = CARTESIAN_POINT('',(4.223168421343,41.250053276118));
#9021 = CARTESIAN_POINT('',(4.226652702675,41.66313645414));
#9022 = CARTESIAN_POINT('',(4.229989152265,42.078941728952));
#9023 = CARTESIAN_POINT('',(4.233170266139,42.497391774008));
#9024 = CARTESIAN_POINT('',(4.236188698671,42.918426792392));
#9025 = CARTESIAN_POINT('',(4.239037257717,43.342004503972));
#9026 = CARTESIAN_POINT('',(4.241708899748,43.768100132558));
#9027 = CARTESIAN_POINT('',(4.248303013837,44.904143991857));
#9028 = CARTESIAN_POINT('',(4.251913635792,45.619302018999));
#9029 = CARTESIAN_POINT('',(4.254985982175,46.340554312086));
#9030 = CARTESIAN_POINT('',(4.257485954185,47.066549678563));
#9031 = CARTESIAN_POINT('',(4.25938763955,47.796153606417));
#9032 = CARTESIAN_POINT('',(4.260673043376,48.528389734523));
#9033 = CARTESIAN_POINT('',(4.261331873192,49.262381082632));
#9034 = CARTESIAN_POINT('',(4.261391131229,50.738379692924));
#9035 = CARTESIAN_POINT('',(4.260780860261,51.478589323039));
#9036 = CARTESIAN_POINT('',(4.25953320259,52.217063512803));
#9037 = CARTESIAN_POINT('',(4.257658583954,52.95290484647));
#9038 = CARTESIAN_POINT('',(4.2551753824,53.685113373847));
#9039 = CARTESIAN_POINT('',(4.252110148642,54.412525323047));
#9040 = CARTESIAN_POINT('',(4.248497882879,55.133752063245));
#9041 = CARTESIAN_POINT('',(4.241910769087,56.275536629523));
#9042 = CARTESIAN_POINT('',(4.239255751827,56.701450864823));
#9043 = CARTESIAN_POINT('',(4.236424216506,57.124855061672));
#9044 = CARTESIAN_POINT('',(4.2334232018,57.545724882414));
#9045 = CARTESIAN_POINT('',(4.23025988968,57.964018600336));
#9046 = CARTESIAN_POINT('',(4.226941610246,58.379677086602));
#9047 = CARTESIAN_POINT('',(4.223475846547,58.792623797197));
#9048 = CARTESIAN_POINT('',(4.201660977859,61.274084178253));
#9049 = CARTESIAN_POINT('',(4.179835026607,63.279531409931));
#9050 = CARTESIAN_POINT('',(4.155187994729,65.223863422045));
#9051 = CARTESIAN_POINT('',(4.128374093273,67.108377231959));
#9052 = CARTESIAN_POINT('',(4.099837444502,68.93564247555));
#9053 = CARTESIAN_POINT('',(4.069800340801,70.711884930258));
#9054 = CARTESIAN_POINT('',(4.03827014308,72.446790814446));
#9055 = CARTESIAN_POINT('',(3.966986406499,76.104209369472));
#9056 = CARTESIAN_POINT('',(3.927100949441,77.996814590856));
#9057 = CARTESIAN_POINT('',(3.885378298962,79.836640295332));
#9058 = CARTESIAN_POINT('',(3.841682534244,81.625778164753));
#9059 = CARTESIAN_POINT('',(3.795837824593,83.36076411459));
#9060 = CARTESIAN_POINT('',(3.74764584789,85.031921983233));
#9061 = CARTESIAN_POINT('',(3.696892208192,86.622856856271));
#9062 = CARTESIAN_POINT('',(3.624896721921,88.621208951116));
#9063 = CARTESIAN_POINT('',(3.606100754188,89.121307234454));
#9064 = CARTESIAN_POINT('',(3.586941035861,89.6085475358));
#9065 = CARTESIAN_POINT('',(3.567404758278,90.081802929463));
#9066 = CARTESIAN_POINT('',(3.547479179192,90.539795458295));
#9067 = CARTESIAN_POINT('',(3.527151553608,90.981091287241));
#9068 = CARTESIAN_POINT('',(3.506409064635,91.404095856898));
#9069 = CARTESIAN_POINT('',(3.470015505894,92.096806545514));
#9070 = CARTESIAN_POINT('',(3.454567621597,92.376260753661));
#9071 = CARTESIAN_POINT('',(3.438897642305,92.644605014739));
#9072 = CARTESIAN_POINT('',(3.423007905866,92.901030464178));
#9073 = CARTESIAN_POINT('',(3.406900522995,93.144725572947));
#9074 = CARTESIAN_POINT('',(3.390577353156,93.374875700888));
#9075 = CARTESIAN_POINT('',(3.37403998045,93.590662650063));
#9076 = CARTESIAN_POINT('',(3.348560420352,93.895805988834));
#9077 = CARTESIAN_POINT('',(3.339774741772,93.99620661059));
#9078 = CARTESIAN_POINT('',(3.330934683405,94.092330248224));
#9079 = CARTESIAN_POINT('',(3.322042235342,94.184046746487));
#9080 = CARTESIAN_POINT('',(3.313099348105,94.271231630022));
#9081 = CARTESIAN_POINT('',(3.304107932652,94.35376610336));
#9082 = CARTESIAN_POINT('',(3.295069860375,94.43153705092));
#9083 = CARTESIAN_POINT('',(3.268355171067,94.645951066555));
#9084 = CARTESIAN_POINT('',(3.250546501996,94.769173743944));
#9085 = CARTESIAN_POINT('',(3.232590652764,94.873157497931));
#9086 = CARTESIAN_POINT('',(3.214516417637,94.957138671973));
#9087 = CARTESIAN_POINT('',(3.196351915797,95.020537164718));
#9088 = CARTESIAN_POINT('',(3.178124818866,95.062956070498));
#9089 = CARTESIAN_POINT('',(3.159862578434,95.084181319811));
#9090 = CARTESIAN_POINT('',(3.123322728822,95.084181319811));
#9091 = CARTESIAN_POINT('',(3.105060488271,95.062956070202));
#9092 = CARTESIAN_POINT('',(3.086833391306,95.020537164554));
#9093 = CARTESIAN_POINT('',(3.068668889542,94.957138672221));
#9094 = CARTESIAN_POINT('',(3.050594654491,94.873157498368));
#9095 = CARTESIAN_POINT('',(3.032638805228,94.769173743993));
#9096 = CARTESIAN_POINT('',(3.014830136039,94.645951065958));
#9097 = CARTESIAN_POINT('',(2.988126847552,94.431628554138));
#9098 = CARTESIAN_POINT('',(2.97910006632,94.353961352193));
#9099 = CARTESIAN_POINT('',(2.970119824902,94.271542464968));
#9100 = CARTESIAN_POINT('',(2.96118798718,94.184484576239));
#9101 = CARTESIAN_POINT('',(2.952306456396,94.092906019771));
#9102 = CARTESIAN_POINT('',(2.94347717516,93.996930779314));
#9103 = CARTESIAN_POINT('',(2.934702125442,93.896688488607));
#9104 = CARTESIAN_POINT('',(2.909041338541,93.589499264936));
#9105 = CARTESIAN_POINT('',(2.892317256565,93.371149083887));
#9106 = CARTESIAN_POINT('',(2.875812357768,93.138114310378));
#9107 = CARTESIAN_POINT('',(2.859528230423,92.89124085476));
#9108 = CARTESIAN_POINT('',(2.843466749969,92.631370584706));
#9109 = CARTESIAN_POINT('',(2.827630053036,92.359341794327));
#9110 = CARTESIAN_POINT('',(2.812020511461,92.075989673286));
#9111 = CARTESIAN_POINT('',(2.77558066203,91.379778581593));
#9112 = CARTESIAN_POINT('',(2.754944445942,90.957607006097));
#9113 = CARTESIAN_POINT('',(2.734719227082,90.517363967638));
#9114 = CARTESIAN_POINT('',(2.714892311013,90.060618422469));
#9115 = CARTESIAN_POINT('',(2.695451071942,89.588781100265));
#9116 = CARTESIAN_POINT('',(2.676382884839,89.103109239495));
#9117 = CARTESIAN_POINT('',(2.657675057561,88.604711322804));
#9118 = CARTESIAN_POINT('',(2.585847797209,86.608917638654));
#9119 = CARTESIAN_POINT('',(2.535169238951,85.019125987922));
#9120 = CARTESIAN_POINT('',(2.487045026077,83.349380030722));
#9121 = CARTESIAN_POINT('',(2.441261642953,81.615985810111));
#9122 = CARTESIAN_POINT('',(2.39762164283,79.828565745849));
#9123 = CARTESIAN_POINT('',(2.355950065161,77.990563242599));
#9124 = CARTESIAN_POINT('',(2.316111835582,76.099895172349));
#9125 = CARTESIAN_POINT('',(2.244902003224,72.445981902405));
#9126 = CARTESIAN_POINT('',(2.21339876725,70.712524084646));
#9127 = CARTESIAN_POINT('',(2.18338623787,68.937798255659));
#9128 = CARTESIAN_POINT('',(2.154871819313,67.11214825534));
#9129 = CARTESIAN_POINT('',(2.128077060422,65.22936269262));
#9130 = CARTESIAN_POINT('',(2.103444554273,63.28687222815));
#9131 = CARTESIAN_POINT('',(2.08162628574,61.283381015636));
#9132 = CARTESIAN_POINT('',(2.059751682261,58.797881819294));
#9133 = CARTESIAN_POINT('',(2.056232001459,58.378709722741));
#9134 = CARTESIAN_POINT('',(2.052864253994,57.956742023096));
#9135 = CARTESIAN_POINT('',(2.049656277483,57.532059844058));
#9136 = CARTESIAN_POINT('',(2.046615744287,57.104725751276));
#9137 = CARTESIAN_POINT('',(2.043750166737,56.674783766358));
#9138 = CARTESIAN_POINT('',(2.04106690236,56.242259380876));
#9139 = CARTESIAN_POINT('',(2.034503822517,55.097155615541));
#9140 = CARTESIAN_POINT('',(2.03093410408,54.37941330173));
#9141 = CARTESIAN_POINT('',(2.027906938013,53.655581094954));
#9142 = CARTESIAN_POINT('',(2.02545662607,52.927028308662));
#9143 = CARTESIAN_POINT('',(2.023609161408,52.194904721818));
#9144 = CARTESIAN_POINT('',(2.022382497565,51.460200435925));
#9145 = CARTESIAN_POINT('',(2.021786762528,50.723805971011));
#9146 = CARTESIAN_POINT('',(2.021862022463,49.250333609774));
#9147 = CARTESIAN_POINT('',(2.022531218924,48.515039473481));
#9148 = CARTESIAN_POINT('',(2.023829131739,47.781526582884));
#9149 = CARTESIAN_POINT('',(2.025745311727,47.050672720108));
#9150 = CARTESIAN_POINT('',(2.028261573412,46.323456374726));
#9151 = CARTESIAN_POINT('',(2.031351777699,45.601015816095));
#9152 = CARTESIAN_POINT('',(2.034981559859,44.884707921482));
#9153 = CARTESIAN_POINT('',(2.041603227417,43.74771801425));
#9154 = CARTESIAN_POINT('',(2.044281956387,43.321782932312));
#9155 = CARTESIAN_POINT('',(2.047137288461,42.898368312116));
#9156 = CARTESIAN_POINT('',(2.050162182124,42.477498346251));
#9157 = CARTESIAN_POINT('',(2.053349450796,42.059214634671));
#9158 = CARTESIAN_POINT('',(2.056691757996,41.643576197418));
#9159 = CARTESIAN_POINT('',(2.060181612503,41.23065948734));
#9160 = CARTESIAN_POINT('',(2.082060456081,38.758716529424));
#9161 = CARTESIAN_POINT('',(2.103894706898,36.762507893805));
#9162 = CARTESIAN_POINT('',(2.128528727714,34.82717469184));
#9163 = CARTESIAN_POINT('',(2.155316638616,32.951359158542));
#9164 = CARTESIAN_POINT('',(2.183819534738,31.132476124196));
#9165 = CARTESIAN_POINT('',(2.213817010431,29.364382904155));
#9166 = CARTESIAN_POINT('',(2.24530036087,27.637568725105));
#9167 = CARTESIAN_POINT('',(2.316521316215,23.9946362768));
#9168 = CARTESIAN_POINT('',(2.356400996078,22.108210408059));
#9169 = CARTESIAN_POINT('',(2.398115001412,20.274608815028));
#9170 = CARTESIAN_POINT('',(2.441797204878,18.491803531865));
#9171 = CARTESIAN_POINT('',(2.487621463125,16.763271033165));
#9172 = CARTESIAN_POINT('',(2.535784256208,15.098636943463));
#9173 = CARTESIAN_POINT('',(2.586498276935,13.514176207524));
#9174 = CARTESIAN_POINT('',(2.658354369536,11.526118776955));
#9175 = CARTESIAN_POINT('',(2.67705822456,11.029987360619));
#9176 = CARTESIAN_POINT('',(2.696120993841,10.546589913688));
#9177 = CARTESIAN_POINT('',(2.715555095731,10.077032698155));
#9178 = CARTESIAN_POINT('',(2.735372893143,9.622567753503));
#9179 = CARTESIAN_POINT('',(2.755586760416,9.184597548527));
#9180 = CARTESIAN_POINT('',(2.776209150186,8.764679633168));
#9181 = CARTESIAN_POINT('',(2.812708430187,8.070635418958));
#9182 = CARTESIAN_POINT('',(2.828395156469,7.787332190775));
#9183 = CARTESIAN_POINT('',(2.844310048635,7.515463501937));
#9184 = CARTESIAN_POINT('',(2.860450536611,7.255872723653));
#9185 = CARTESIAN_POINT('',(2.876814295245,7.009405189942));
#9186 = CARTESIAN_POINT('',(2.893399268853,6.776908685383));
#9187 = CARTESIAN_POINT('',(2.910203695752,6.55923393287));
#9188 = CARTESIAN_POINT('',(2.952731583086,6.054571505692));
#9189 = CARTESIAN_POINT('',(2.978775635119,5.786517362643));
#9190 = CARTESIAN_POINT('',(3.005267861616,5.557240244584));
#9191 = CARTESIAN_POINT('',(3.032123198983,5.370125728402));
#9192 = CARTESIAN_POINT('',(3.059260764617,5.227786776753));
#9193 = CARTESIAN_POINT('',(3.086602558857,5.132069311011));
#9194 = CARTESIAN_POINT('',(3.114072051605,5.084053955915));
#9195 = CARTESIAN_POINT('',(3.14159265359,5.084053955915));
#9196 = ( GEOMETRIC_REPRESENTATION_CONTEXT(2) 
PARAMETRIC_REPRESENTATION_CONTEXT() REPRESENTATION_CONTEXT('2D SPACE',''
  ) );
#9197 = ORIENTED_EDGE('',*,*,#9198,.T.);
#9198 = EDGE_CURVE('',#7900,#9199,#9201,.T.);
#9199 = VERTEX_POINT('',#9200);
#9200 = CARTESIAN_POINT('',(247.66387418703,75.,293.13845472633));
#9201 = SEAM_CURVE('',#9202,(#9206,#9213),.PCURVE_S1.);
#9202 = LINE('',#9203,#9204);
#9203 = CARTESIAN_POINT('',(329.92429423305,75.,293.00006368185));
#9204 = VECTOR('',#9205,1.);
#9205 = DIRECTION('',(-0.999998584848,0.,1.682350376469E-03));
#9206 = PCURVE('',#7864,#9207);
#9207 = DEFINITIONAL_REPRESENTATION('',(#9208),#9212);
#9208 = LINE('',#9209,#9210);
#9209 = CARTESIAN_POINT('',(0.,-0.));
#9210 = VECTOR('',#9211,1.);
#9211 = DIRECTION('',(0.,1.));
#9212 = ( GEOMETRIC_REPRESENTATION_CONTEXT(2) 
PARAMETRIC_REPRESENTATION_CONTEXT() REPRESENTATION_CONTEXT('2D SPACE',''
  ) );
#9213 = PCURVE('',#7864,#9214);
#9214 = DEFINITIONAL_REPRESENTATION('',(#9215),#9219);
#9215 = LINE('',#9216,#9217);
#9216 = CARTESIAN_POINT('',(6.28318530718,-0.));
#9217 = VECTOR('',#9218,1.);
#9218 = DIRECTION('',(0.,1.));
#9219 = ( GEOMETRIC_REPRESENTATION_CONTEXT(2) 
PARAMETRIC_REPRESENTATION_CONTEXT() REPRESENTATION_CONTEXT('2D SPACE',''
  ) );
#9220 = ORIENTED_EDGE('',*,*,#9221,.F.);
#9221 = EDGE_CURVE('',#9222,#9199,#9224,.T.);
#9222 = VERTEX_POINT('',#9223);
#9223 = CARTESIAN_POINT('',(244.68919830269,103.52894172488,
    303.34261896836));
#9224 = SURFACE_CURVE('',#9225,(#9256,#9290),.PCURVE_S1.);
#9225 = B_SPLINE_CURVE_WITH_KNOTS('',8,(#9226,#9227,#9228,#9229,#9230,
    #9231,#9232,#9233,#9234,#9235,#9236,#9237,#9238,#9239,#9240,#9241,
    #9242,#9243,#9244,#9245,#9246,#9247,#9248,#9249,#9250,#9251,#9252,
    #9253,#9254,#9255),.UNSPECIFIED.,.F.,.F.,(9,7,7,7,9),(0.,
    8.18699674747E-02,0.155164114533,0.580756097996,1.),.UNSPECIFIED.);
#9226 = CARTESIAN_POINT('',(244.68919591372,103.52894972655,
    303.34262553197));
#9227 = CARTESIAN_POINT('',(244.759508871,103.29344114818,
    303.14944235098));
#9228 = CARTESIAN_POINT('',(244.82832175764,103.05590132755,
    302.95764204987));
#9229 = CARTESIAN_POINT('',(244.89568790369,102.81637046728,
    302.76728183536));
#9230 = CARTESIAN_POINT('',(244.9616566886,102.57488710808,
    302.57841477817));
#9231 = CARTESIAN_POINT('',(245.02627389321,102.33148809522,
    302.39109009663));
#9232 = CARTESIAN_POINT('',(245.08958205174,102.0862085449,
    302.20535344012));
#9233 = CARTESIAN_POINT('',(245.15162080378,101.83908181071,
    302.02124717268));
#9234 = CARTESIAN_POINT('',(245.26686425753,101.36727362322,
    301.6754842346));
#9235 = CARTESIAN_POINT('',(245.32031346889,101.14295315584,
    301.51349646599));
#9236 = CARTESIAN_POINT('',(245.3728013987,100.91720095513,
    301.35287575267));
#9237 = CARTESIAN_POINT('',(245.42435278089,100.6900393684,
    301.19364898163));
#9238 = CARTESIAN_POINT('',(245.47499071058,100.46149017929,
    301.03584161815));
#9239 = CARTESIAN_POINT('',(245.52473678972,100.23157460404,
    300.87947779915));
#9240 = CARTESIAN_POINT('',(245.57361127266,100.00031328777,
    300.7245804265));
#9241 = CARTESIAN_POINT('',(245.90047883772,98.417179755191,
    299.68038101451));
#9242 = CARTESIAN_POINT('',(246.15054820459,97.022086267936,
    298.83986789687));
#9243 = CARTESIAN_POINT('',(246.37563064874,95.586137646138,
    298.05370315702));
#9244 = CARTESIAN_POINT('',(246.57796358082,94.112944180663,
    297.32511247502));
#9245 = CARTESIAN_POINT('',(246.75911351265,92.606100664071,
    296.65677247603));
#9246 = CARTESIAN_POINT('',(246.92016201348,91.069183057803,
    296.05090519335));
#9247 = CARTESIAN_POINT('',(247.06189953936,89.505753525711,
    295.50936579076));
#9248 = CARTESIAN_POINT('',(247.30604941652,86.356612538049,
    294.56511146158));
#9249 = CARTESIAN_POINT('',(247.40900970598,84.771681969555,
    294.16047662946));
#9250 = CARTESIAN_POINT('',(247.49430090415,83.168139860661,
    293.82129841552));
#9251 = CARTESIAN_POINT('',(247.56226030559,81.549615073975,
    293.5487636866));
#9252 = CARTESIAN_POINT('',(247.61309994458,79.919785477804,
    293.34376037747));
#9253 = CARTESIAN_POINT('',(247.64694918803,78.282378596105,
    293.20688830094));
#9254 = CARTESIAN_POINT('',(247.66387418703,76.641172937021,
    293.13845472633));
#9255 = CARTESIAN_POINT('',(247.66387418703,75.,293.13845472633));
#9256 = PCURVE('',#7864,#9257);
#9257 = DEFINITIONAL_REPRESENTATION('',(#9258),#9289);
#9258 = B_SPLINE_CURVE_WITH_KNOTS('',8,(#9259,#9260,#9261,#9262,#9263,
    #9264,#9265,#9266,#9267,#9268,#9269,#9270,#9271,#9272,#9273,#9274,
    #9275,#9276,#9277,#9278,#9279,#9280,#9281,#9282,#9283,#9284,#9285,
    #9286,#9287,#9288),.UNSPECIFIED.,.F.,.F.,(9,7,7,7,9),(0.,
    8.18699674747E-02,0.155164114533,0.580756097996,1.),.UNSPECIFIED.);
#9259 = CARTESIAN_POINT('',(5.596500757496,85.2523775115));
#9260 = CARTESIAN_POINT('',(5.603268080458,85.181739651929));
#9261 = CARTESIAN_POINT('',(5.61005086454,85.112604187362));
#9262 = CARTESIAN_POINT('',(5.616848084087,85.044917884066));
#9263 = CARTESIAN_POINT('',(5.623658809068,84.978631451947));
#9264 = CARTESIAN_POINT('',(5.630482200592,84.913699193032));
#9265 = CARTESIAN_POINT('',(5.637317506439,84.850078649959));
#9266 = CARTESIAN_POINT('',(5.644164056576,84.787730254462));
#9267 = CARTESIAN_POINT('',(5.657160173785,84.671905269397));
#9268 = CARTESIAN_POINT('',(5.663307611442,84.618183613486));
#9269 = CARTESIAN_POINT('',(5.669463140047,84.565425537634));
#9270 = CARTESIAN_POINT('',(5.675626361965,84.513606353184));
#9271 = CARTESIAN_POINT('',(5.681796911965,84.462703007877));
#9272 = CARTESIAN_POINT('',(5.687974455647,84.412693940407));
#9273 = CARTESIAN_POINT('',(5.694158687871,84.363558934977));
#9274 = CARTESIAN_POINT('',(5.736296105567,84.034935123213));
#9275 = CARTESIAN_POINT('',(5.772455033705,83.783452072664));
#9276 = CARTESIAN_POINT('',(5.808778528248,83.557047342496));
#9277 = CARTESIAN_POINT('',(5.845234388612,83.353488951945));
#9278 = CARTESIAN_POINT('',(5.881798798297,83.171214894414));
#9279 = CARTESIAN_POINT('',(5.918454320019,83.009147340447));
#9280 = CARTESIAN_POINT('',(5.955188034239,82.866498956129));
#9281 = CARTESIAN_POINT('',(6.028244505371,82.62076085785));
#9282 = CARTESIAN_POINT('',(6.064562876977,82.517119976536));
#9283 = CARTESIAN_POINT('',(6.100932637232,82.431258282461));
#9284 = CARTESIAN_POINT('',(6.13734261687,82.362840478291));
#9285 = CARTESIAN_POINT('',(6.173782813084,82.311656023855));
#9286 = CARTESIAN_POINT('',(6.210243566237,82.277576561516));
#9287 = CARTESIAN_POINT('',(6.246714797468,82.260536457223));
#9288 = CARTESIAN_POINT('',(6.28318530718,82.260536457223));
#9289 = ( GEOMETRIC_REPRESENTATION_CONTEXT(2) 
PARAMETRIC_REPRESENTATION_CONTEXT() REPRESENTATION_CONTEXT('2D SPACE',''
  ) );
#9290 = PCURVE('',#9291,#9296);
#9291 = CONICAL_SURFACE('',#9292,45.,0.134477569977);
#9292 = AXIS2_PLACEMENT_3D('',#9293,#9294,#9295);
#9293 = CARTESIAN_POINT('',(244.7477455336,75.,338.14342436536));
#9294 = DIRECTION('',(0.939692620786,-0.,0.342020143326));
#9295 = DIRECTION('',(0.342020143326,0.,-0.939692620786));
#9296 = DEFINITIONAL_REPRESENTATION('',(#9297),#9328);
#9297 = B_SPLINE_CURVE_WITH_KNOTS('',8,(#9298,#9299,#9300,#9301,#9302,
    #9303,#9304,#9305,#9306,#9307,#9308,#9309,#9310,#9311,#9312,#9313,
    #9314,#9315,#9316,#9317,#9318,#9319,#9320,#9321,#9322,#9323,#9324,
    #9325,#9326,#9327),.UNSPECIFIED.,.F.,.F.,(9,7,7,7,9),(0.,
    8.18699674747E-02,0.155164114533,0.580756097996,1.),.UNSPECIFIED.);
#9298 = CARTESIAN_POINT('',(-5.565531914896,-11.95759285059));
#9299 = CARTESIAN_POINT('',(-5.57273797248,-11.95759282274));
#9300 = CARTESIAN_POINT('',(-5.579951827715,-11.95852942742));
#9301 = CARTESIAN_POINT('',(-5.587172898556,-11.96033298494));
#9302 = CARTESIAN_POINT('',(-5.594400665509,-11.96293894253));
#9303 = CARTESIAN_POINT('',(-5.601634670161,-11.96628744661));
#9304 = CARTESIAN_POINT('',(-5.608874513713,-11.97032291508));
#9305 = CARTESIAN_POINT('',(-5.6161198555,-11.97499360956));
#9306 = CARTESIAN_POINT('',(-5.629861477008,-11.98495807612));
#9307 = CARTESIAN_POINT('',(-5.636356705957,-11.99013532646));
#9308 = CARTESIAN_POINT('',(-5.642855887273,-11.99574832552));
#9309 = CARTESIAN_POINT('',(-5.64935882929,-12.00176463514));
#9310 = CARTESIAN_POINT('',(-5.655865359418,-12.00815384335));
#9311 = CARTESIAN_POINT('',(-5.662375323763,-12.01488739566));
#9312 = CARTESIAN_POINT('',(-5.668888586761,-12.02193842629));
#9313 = CARTESIAN_POINT('',(-5.713243609449,-12.07192061998));
#9314 = CARTESIAN_POINT('',(-5.751185223832,-12.12440469821));
#9315 = CARTESIAN_POINT('',(-5.789213945496,-12.18178056337));
#9316 = CARTESIAN_POINT('',(-5.827316976389,-12.24084248964));
#9317 = CARTESIAN_POINT('',(-5.86548448266,-12.29920297768));
#9318 = CARTESIAN_POINT('',(-5.903709097148,-12.35508570473));
#9319 = CARTESIAN_POINT('',(-5.941985637543,-12.40711338166));
#9320 = CARTESIAN_POINT('',(-6.018064597961,-12.50064154473));
#9321 = CARTESIAN_POINT('',(-6.055863141203,-12.54228378377));
#9322 = CARTESIAN_POINT('',(-6.09369893399,-12.57814205557));
#9323 = CARTESIAN_POINT('',(-6.131564852927,-12.60749347457));
#9324 = CARTESIAN_POINT('',(-6.169453970144,-12.62983510214));
#9325 = CARTESIAN_POINT('',(-6.207359156292,-12.64484022508));
#9326 = CARTESIAN_POINT('',(-6.245272609054,-12.65234158942));
#9327 = CARTESIAN_POINT('',(-6.28318530718,-12.65234158942));
#9328 = ( GEOMETRIC_REPRESENTATION_CONTEXT(2) 
PARAMETRIC_REPRESENTATION_CONTEXT() REPRESENTATION_CONTEXT('2D SPACE',''
  ) );
#9329 = ORIENTED_EDGE('',*,*,#9330,.F.);
#9330 = EDGE_CURVE('',#9331,#9222,#9333,.T.);
#9331 = VERTEX_POINT('',#9332);
#9332 = CARTESIAN_POINT('',(244.7477455336,120.,338.14342436536));
#9333 = SURFACE_CURVE('',#9334,(#9339,#9346),.PCURVE_S1.);
#9334 = CIRCLE('',#9335,45.);
#9335 = AXIS2_PLACEMENT_3D('',#9336,#9337,#9338);
#9336 = CARTESIAN_POINT('',(244.7477455336,75.,338.14342436536));
#9337 = DIRECTION('',(-0.999998584848,0.,1.682350376469E-03));
#9338 = DIRECTION('',(-1.682350376469E-03,0.,-0.999998584848));
#9339 = PCURVE('',#7864,#9340);
#9340 = DEFINITIONAL_REPRESENTATION('',(#9341),#9345);
#9341 = LINE('',#9342,#9343);
#9342 = CARTESIAN_POINT('',(0.,85.252375111498));
#9343 = VECTOR('',#9344,1.);
#9344 = DIRECTION('',(1.,0.));
#9345 = ( GEOMETRIC_REPRESENTATION_CONTEXT(2) 
PARAMETRIC_REPRESENTATION_CONTEXT() REPRESENTATION_CONTEXT('2D SPACE',''
  ) );
#9346 = PCURVE('',#9347,#9352);
#9347 = PLANE('',#9348);
#9348 = AXIS2_PLACEMENT_3D('',#9349,#9350,#9351);
#9349 = CARTESIAN_POINT('',(244.7477455336,75.,338.14342436536));
#9350 = DIRECTION('',(-0.999998584848,0.,1.682350376469E-03));
#9351 = DIRECTION('',(-1.682350376469E-03,0.,-0.999998584848));
#9352 = DEFINITIONAL_REPRESENTATION('',(#9353),#9357);
#9353 = CIRCLE('',#9354,45.);
#9354 = AXIS2_PLACEMENT_2D('',#9355,#9356);
#9355 = CARTESIAN_POINT('',(0.,0.));
#9356 = DIRECTION('',(1.,0.));
#9357 = ( GEOMETRIC_REPRESENTATION_CONTEXT(2) 
PARAMETRIC_REPRESENTATION_CONTEXT() REPRESENTATION_CONTEXT('2D SPACE',''
  ) );
#9358 = ORIENTED_EDGE('',*,*,#9359,.F.);
#9359 = EDGE_CURVE('',#9360,#9331,#9362,.T.);
#9360 = VERTEX_POINT('',#9361);
#9361 = CARTESIAN_POINT('',(244.7477455336,30.,338.14342436536));
#9362 = SURFACE_CURVE('',#9363,(#9368,#9375),.PCURVE_S1.);
#9363 = CIRCLE('',#9364,45.);
#9364 = AXIS2_PLACEMENT_3D('',#9365,#9366,#9367);
#9365 = CARTESIAN_POINT('',(244.7477455336,75.,338.14342436536));
#9366 = DIRECTION('',(-0.999998584848,0.,1.682350376469E-03));
#9367 = DIRECTION('',(-1.682350376469E-03,0.,-0.999998584848));
#9368 = PCURVE('',#7864,#9369);
#9369 = DEFINITIONAL_REPRESENTATION('',(#9370),#9374);
#9370 = LINE('',#9371,#9372);
#9371 = CARTESIAN_POINT('',(0.,85.252375111498));
#9372 = VECTOR('',#9373,1.);
#9373 = DIRECTION('',(1.,0.));
#9374 = ( GEOMETRIC_REPRESENTATION_CONTEXT(2) 
PARAMETRIC_REPRESENTATION_CONTEXT() REPRESENTATION_CONTEXT('2D SPACE',''
  ) );
#9375 = PCURVE('',#9376,#9381);
#9376 = PLANE('',#9377);
#9377 = AXIS2_PLACEMENT_3D('',#9378,#9379,#9380);
#9378 = CARTESIAN_POINT('',(244.7477455336,75.,338.14342436536));
#9379 = DIRECTION('',(-0.999998584848,0.,1.682350376469E-03));
#9380 = DIRECTION('',(-1.682350376469E-03,0.,-0.999998584848));
#9381 = DEFINITIONAL_REPRESENTATION('',(#9382),#9386);
#9382 = CIRCLE('',#9383,45.);
#9383 = AXIS2_PLACEMENT_2D('',#9384,#9385);
#9384 = CARTESIAN_POINT('',(0.,0.));
#9385 = DIRECTION('',(1.,0.));
#9386 = ( GEOMETRIC_REPRESENTATION_CONTEXT(2) 
PARAMETRIC_REPRESENTATION_CONTEXT() REPRESENTATION_CONTEXT('2D SPACE',''
  ) );
#9387 = ORIENTED_EDGE('',*,*,#9388,.F.);
#9388 = EDGE_CURVE('',#9389,#9360,#9391,.T.);
#9389 = VERTEX_POINT('',#9390);
#9390 = CARTESIAN_POINT('',(244.68919830269,46.47105827512,
    303.34261896836));
#9391 = SURFACE_CURVE('',#9392,(#9397,#9404),.PCURVE_S1.);
#9392 = CIRCLE('',#9393,45.);
#9393 = AXIS2_PLACEMENT_3D('',#9394,#9395,#9396);
#9394 = CARTESIAN_POINT('',(244.7477455336,75.,338.14342436536));
#9395 = DIRECTION('',(-0.999998584848,0.,1.682350376469E-03));
#9396 = DIRECTION('',(-1.682350376469E-03,0.,-0.999998584848));
#9397 = PCURVE('',#7864,#9398);
#9398 = DEFINITIONAL_REPRESENTATION('',(#9399),#9403);
#9399 = LINE('',#9400,#9401);
#9400 = CARTESIAN_POINT('',(0.,85.252375111498));
#9401 = VECTOR('',#9402,1.);
#9402 = DIRECTION('',(1.,0.));
#9403 = ( GEOMETRIC_REPRESENTATION_CONTEXT(2) 
PARAMETRIC_REPRESENTATION_CONTEXT() REPRESENTATION_CONTEXT('2D SPACE',''
  ) );
#9404 = PCURVE('',#9405,#9410);
#9405 = PLANE('',#9406);
#9406 = AXIS2_PLACEMENT_3D('',#9407,#9408,#9409);
#9407 = CARTESIAN_POINT('',(244.7477455336,75.,338.14342436536));
#9408 = DIRECTION('',(-0.999998584848,0.,1.682350376469E-03));
#9409 = DIRECTION('',(-1.682350376469E-03,0.,-0.999998584848));
#9410 = DEFINITIONAL_REPRESENTATION('',(#9411),#9415);
#9411 = CIRCLE('',#9412,45.);
#9412 = AXIS2_PLACEMENT_2D('',#9413,#9414);
#9413 = CARTESIAN_POINT('',(0.,0.));
#9414 = DIRECTION('',(1.,0.));
#9415 = ( GEOMETRIC_REPRESENTATION_CONTEXT(2) 
PARAMETRIC_REPRESENTATION_CONTEXT() REPRESENTATION_CONTEXT('2D SPACE',''
  ) );
#9416 = ORIENTED_EDGE('',*,*,#9417,.F.);
#9417 = EDGE_CURVE('',#9199,#9389,#9418,.T.);
#9418 = SURFACE_CURVE('',#9419,(#9452,#9488),.PCURVE_S1.);
#9419 = B_SPLINE_CURVE_WITH_KNOTS('',6,(#9420,#9421,#9422,#9423,#9424,
    #9425,#9426,#9427,#9428,#9429,#9430,#9431,#9432,#9433,#9434,#9435,
    #9436,#9437,#9438,#9439,#9440,#9441,#9442,#9443,#9444,#9445,#9446,
    #9447,#9448,#9449,#9450,#9451),.UNSPECIFIED.,.F.,.F.,(7,5,5,5,5,5,7)
  ,(0.,0.21544748447,0.423295337154,0.632457501573,0.843978997306,
    0.918197837332,1.),.UNSPECIFIED.);
#9420 = CARTESIAN_POINT('',(247.66387418703,75.,293.13845472633));
#9421 = CARTESIAN_POINT('',(247.66387418703,73.875496281234,
    293.13845472633));
#9422 = CARTESIAN_POINT('',(247.65553135793,72.750990594367,
    293.17218915037));
#9423 = CARTESIAN_POINT('',(247.6388450589,71.627924317443,
    293.23965768829));
#9424 = CARTESIAN_POINT('',(247.61379545026,70.507729921527,
    293.34076299662));
#9425 = CARTESIAN_POINT('',(247.58033881735,69.391830984789,
    293.47531039146));
#9426 = CARTESIAN_POINT('',(247.49794620686,67.210613903834,
    293.80478939106));
#9427 = CARTESIAN_POINT('',(247.44959781065,66.144896001141,
    293.99742422505));
#9428 = CARTESIAN_POINT('',(247.39329104122,65.085756221747,
    294.22064938602));
#9429 = CARTESIAN_POINT('',(247.32893504513,64.034441658991,
    294.47412022022));
#9430 = CARTESIAN_POINT('',(247.25639960559,62.992179631765,
    294.75740786335));
#9431 = CARTESIAN_POINT('',(247.09408876702,60.921651659601,
    295.38456282581));
#9432 = CARTESIAN_POINT('',(247.00420703089,59.893516764244,
    295.72880150144));
#9433 = CARTESIAN_POINT('',(246.90566513587,58.876999195056,
    296.10218918662));
#9434 = CARTESIAN_POINT('',(246.79821212929,57.873306177053,
    296.50411231008));
#9435 = CARTESIAN_POINT('',(246.68151553432,56.883627935121,
    296.93386185266));
#9436 = CARTESIAN_POINT('',(246.42724934453,54.923662250033,
    297.85251648253));
#9437 = CARTESIAN_POINT('',(246.28946144941,53.953739071346,
    298.34202490197));
#9438 = CARTESIAN_POINT('',(246.14123355201,53.00056034144,
    298.85829636021));
#9439 = CARTESIAN_POINT('',(245.98191130786,52.065358958853,
    299.40034501178));
#9440 = CARTESIAN_POINT('',(245.81063371478,51.149405339393,
    299.96700444635));
#9441 = CARTESIAN_POINT('',(245.56137595731,49.939845723147,
    300.76379830592));
#9442 = CARTESIAN_POINT('',(245.49500391807,49.628206670869,
    300.97361077294));
#9443 = CARTESIAN_POINT('',(245.42694743142,49.319160582164,
    301.18621159146));
#9444 = CARTESIAN_POINT('',(245.35714544683,49.012768538218,
    301.40153210563));
#9445 = CARTESIAN_POINT('',(245.28552959997,48.709094394897,
    301.61949715799));
#9446 = CARTESIAN_POINT('',(245.13100536432,48.076571646152,
    302.08308355545));
#9447 = CARTESIAN_POINT('',(245.04769112885,47.748322380386,
    302.32925426535));
#9448 = CARTESIAN_POINT('',(244.96197641865,47.423545105674,
    302.5784263227));
#9449 = CARTESIAN_POINT('',(244.87374575957,47.10233633559,
    302.83047578819));
#9450 = CARTESIAN_POINT('',(244.78286857498,46.784800628137,
    303.08526211881));
#9451 = CARTESIAN_POINT('',(244.68919591372,46.471050273447,
    303.34262553197));
#9452 = PCURVE('',#7864,#9453);
#9453 = DEFINITIONAL_REPRESENTATION('',(#9454),#9487);
#9454 = B_SPLINE_CURVE_WITH_KNOTS('',6,(#9455,#9456,#9457,#9458,#9459,
    #9460,#9461,#9462,#9463,#9464,#9465,#9466,#9467,#9468,#9469,#9470,
    #9471,#9472,#9473,#9474,#9475,#9476,#9477,#9478,#9479,#9480,#9481,
    #9482,#9483,#9484,#9485,#9486),.UNSPECIFIED.,.F.,.F.,(7,5,5,5,5,5,7)
  ,(0.,0.21544748447,0.423295337154,0.632457501573,0.843978997306,
    0.918197837332,1.),.UNSPECIFIED.);
#9455 = CARTESIAN_POINT('',(0.,82.260536457223));
#9456 = CARTESIAN_POINT('',(2.498897152813E-02,82.260536457223));
#9457 = CARTESIAN_POINT('',(4.997798695823E-02,82.268936027634));
#9458 = CARTESIAN_POINT('',(7.49631028584E-02,82.285735808774));
#9459 = CARTESIAN_POINT('',(9.994057502808E-02,82.310955476516));
#9460 = CARTESIAN_POINT('',(0.124906607966,82.344638417938));
#9461 = CARTESIAN_POINT('',(0.173927504177,82.427585210952));
#9462 = CARTESIAN_POINT('',(0.197983535145,82.476257618022));
#9463 = CARTESIAN_POINT('',(0.222021570434,82.532939850705));
#9464 = CARTESIAN_POINT('',(0.246038019359,82.597722182472));
#9465 = CARTESIAN_POINT('',(0.270029081333,82.670734108439));
#9466 = CARTESIAN_POINT('',(0.318103436735,82.834099811706));
#9467 = CARTESIAN_POINT('',(0.342186332648,82.924560550699));
#9468 = CARTESIAN_POINT('',(0.366234987767,83.023730475187));
#9469 = CARTESIAN_POINT('',(0.390244690406,83.131859505221));
#9470 = CARTESIAN_POINT('',(0.414209940916,83.249278924348));
#9471 = CARTESIAN_POINT('',(0.462307597104,83.505090253274));
#9472 = CARTESIAN_POINT('',(0.486438356509,83.643701478078));
#9473 = CARTESIAN_POINT('',(0.51050976839,83.792797715201));
#9474 = CARTESIAN_POINT('',(0.534512610309,83.953031649633));
#9475 = CARTESIAN_POINT('',(0.558434368594,84.125262320048));
#9476 = CARTESIAN_POINT('',(0.59061629778,84.375860211223));
#9477 = CARTESIAN_POINT('',(0.598963071154,84.442585134626));
#9478 = CARTESIAN_POINT('',(0.607296808584,84.510999194025));
#9479 = CARTESIAN_POINT('',(0.61561657243,84.581163324386));
#9480 = CARTESIAN_POINT('',(0.623921274193,84.653145763486));
#9481 = CARTESIAN_POINT('',(0.64134491081,84.808449695216));
#9482 = CARTESIAN_POINT('',(0.650460306418,84.892177958169));
#9483 = CARTESIAN_POINT('',(0.659554190613,84.978311741776));
#9484 = CARTESIAN_POINT('',(0.668624546658,85.066966311502));
#9485 = CARTESIAN_POINT('',(0.677668954607,85.158272007367));
#9486 = CARTESIAN_POINT('',(0.686684549684,85.252377511498));
#9487 = ( GEOMETRIC_REPRESENTATION_CONTEXT(2) 
PARAMETRIC_REPRESENTATION_CONTEXT() REPRESENTATION_CONTEXT('2D SPACE',''
  ) );
#9488 = PCURVE('',#9291,#9489);
#9489 = DEFINITIONAL_REPRESENTATION('',(#9490),#9523);
#9490 = B_SPLINE_CURVE_WITH_KNOTS('',6,(#9491,#9492,#9493,#9494,#9495,
    #9496,#9497,#9498,#9499,#9500,#9501,#9502,#9503,#9504,#9505,#9506,
    #9507,#9508,#9509,#9510,#9511,#9512,#9513,#9514,#9515,#9516,#9517,
    #9518,#9519,#9520,#9521,#9522),.UNSPECIFIED.,.F.,.F.,(7,5,5,5,5,5,7)
  ,(0.,0.21544748447,0.423295337154,0.632457501573,0.843978997306,
    0.918197837332,1.),.UNSPECIFIED.);
#9491 = CARTESIAN_POINT('',(0.,-12.65234158942));
#9492 = CARTESIAN_POINT('',(-2.597713444388E-02,-12.65234158942));
#9493 = CARTESIAN_POINT('',(-5.195431411695E-02,-12.64864343181));
#9494 = CARTESIAN_POINT('',(-7.79284453213E-02,-12.64124782487));
#9495 = CARTESIAN_POINT('',(-0.103896636621,-12.63020670522));
#9496 = CARTESIAN_POINT('',(-0.129856041906,-12.61562773701));
#9497 = CARTESIAN_POINT('',(-0.18083609475,-12.58036301043));
#9498 = CARTESIAN_POINT('',(-0.205857649777,-12.55991064804));
#9499 = CARTESIAN_POINT('',(-0.23086577647,-12.53647420222));
#9500 = CARTESIAN_POINT('',(-0.255858083424,-12.51025692581));
#9501 = CARTESIAN_POINT('',(-0.280832271981,-12.48152786279));
#9502 = CARTESIAN_POINT('',(-0.330897578042,-12.41955052992));
#9503 = CARTESIAN_POINT('',(-0.355988416125,-12.38627517292));
#9504 = CARTESIAN_POINT('',(-0.381056334458,-12.35116815492));
#9505 = CARTESIAN_POINT('',(-0.406099101893,-12.31467514799));
#9506 = CARTESIAN_POINT('',(-0.431114360965,-12.277351077));
#9507 = CARTESIAN_POINT('',(-0.481366646151,-12.20208475109));
#9508 = CARTESIAN_POINT('',(-0.506602488769,-12.16414127959));
#9509 = CARTESIAN_POINT('',(-0.531805199838,-12.12685470283));
#9510 = CARTESIAN_POINT('',(-0.556971277995,-12.09117708248));
#9511 = CARTESIAN_POINT('',(-0.582095597376,-12.05831643178));
#9512 = CARTESIAN_POINT('',(-0.615969680721,-12.0200225571));
#9513 = CARTESIAN_POINT('',(-0.62476213913,-12.01063178256));
#9514 = CARTESIAN_POINT('',(-0.633548185719,-12.00187019843));
#9515 = CARTESIAN_POINT('',(-0.642327393376,-11.99381865516));
#9516 = CARTESIAN_POINT('',(-0.651099243553,-11.98656709953));
#9517 = CARTESIAN_POINT('',(-0.669522452466,-11.97321649741));
#9518 = CARTESIAN_POINT('',(-0.679172062492,-11.9673109282));
#9519 = CARTESIAN_POINT('',(-0.688811158932,-11.9626345461));
#9520 = CARTESIAN_POINT('',(-0.698438684381,-11.95933825105));
#9521 = CARTESIAN_POINT('',(-0.708053304089,-11.95759281349));
#9522 = CARTESIAN_POINT('',(-0.717653392283,-11.95759285058));
#9523 = ( GEOMETRIC_REPRESENTATION_CONTEXT(2) 
PARAMETRIC_REPRESENTATION_CONTEXT() REPRESENTATION_CONTEXT('2D SPACE',''
  ) );
#9524 = ORIENTED_EDGE('',*,*,#9198,.F.);
#9525 = ADVANCED_FACE('',(#9526),#9347,.T.);
#9526 = FACE_BOUND('',#9527,.T.);
#9527 = EDGE_LOOP('',(#9528,#9556));
#9528 = ORIENTED_EDGE('',*,*,#9529,.F.);
#9529 = EDGE_CURVE('',#9331,#9222,#9530,.T.);
#9530 = SURFACE_CURVE('',#9531,(#9536,#9543),.PCURVE_S1.);
#9531 = ELLIPSE('',#9532,48.035111193239,45.055234279996);
#9532 = AXIS2_PLACEMENT_3D('',#9533,#9534,#9535);
#9533 = CARTESIAN_POINT('',(244.75174579919,75.,340.52120487152));
#9534 = DIRECTION('',(-0.999998584848,0.,1.682350376469E-03));
#9535 = DIRECTION('',(1.682350376469E-03,0.,0.999998584848));
#9536 = PCURVE('',#9347,#9537);
#9537 = DEFINITIONAL_REPRESENTATION('',(#9538),#9542);
#9538 = ELLIPSE('',#9539,48.035111193239,45.055234279996);
#9539 = AXIS2_PLACEMENT_2D('',#9540,#9541);
#9540 = CARTESIAN_POINT('',(-2.377783871092,0.));
#9541 = DIRECTION('',(-1.,0.));
#9542 = ( GEOMETRIC_REPRESENTATION_CONTEXT(2) 
PARAMETRIC_REPRESENTATION_CONTEXT() REPRESENTATION_CONTEXT('2D SPACE',''
  ) );
#9543 = PCURVE('',#9291,#9544);
#9544 = DEFINITIONAL_REPRESENTATION('',(#9545),#9555);
#9545 = B_SPLINE_CURVE_WITH_KNOTS('',8,(#9546,#9547,#9548,#9549,#9550,
    #9551,#9552,#9553,#9554),.UNSPECIFIED.,.F.,.F.,(9,9),(1.620317519715
    ,3.14159265359),.PIECEWISE_BEZIER_KNOTS.);
#9546 = CARTESIAN_POINT('',(-4.712388980385,0.));
#9547 = CARTESIAN_POINT('',(-4.902781779165,-3.13471234101));
#9548 = CARTESIAN_POINT('',(-5.095225291693,-6.235661257653));
#9549 = CARTESIAN_POINT('',(-5.28974535795,-9.130113100763));
#9550 = CARTESIAN_POINT('',(-5.486209211285,-11.64796683226));
#9551 = CARTESIAN_POINT('',(-5.684306432904,-13.64162302245));
#9552 = CARTESIAN_POINT('',(-5.883550461294,-15.00579473596));
#9553 = CARTESIAN_POINT('',(-6.08336788306,-15.68788285016));
#9554 = CARTESIAN_POINT('',(-6.28318530718,-15.68788285016));
#9555 = ( GEOMETRIC_REPRESENTATION_CONTEXT(2) 
PARAMETRIC_REPRESENTATION_CONTEXT() REPRESENTATION_CONTEXT('2D SPACE',''
  ) );
#9556 = ORIENTED_EDGE('',*,*,#9330,.T.);
#9557 = ADVANCED_FACE('',(#9558),#9376,.T.);
#9558 = FACE_BOUND('',#9559,.T.);
#9559 = EDGE_LOOP('',(#9560,#9584));
#9560 = ORIENTED_EDGE('',*,*,#9561,.T.);
#9561 = EDGE_CURVE('',#9331,#9360,#9562,.T.);
#9562 = SURFACE_CURVE('',#9563,(#9567,#9573),.PCURVE_S1.);
#9563 = LINE('',#9564,#9565);
#9564 = CARTESIAN_POINT('',(244.7477455336,75.,338.14342436536));
#9565 = VECTOR('',#9566,1.);
#9566 = DIRECTION('',(-0.,-1.,0.));
#9567 = PCURVE('',#9376,#9568);
#9568 = DEFINITIONAL_REPRESENTATION('',(#9569),#9572);
#9569 = B_SPLINE_CURVE_WITH_KNOTS('',1,(#9570,#9571),.UNSPECIFIED.,.F.,
  .F.,(2,2),(-45.,45.),.PIECEWISE_BEZIER_KNOTS.);
#9570 = CARTESIAN_POINT('',(0.,-45.));
#9571 = CARTESIAN_POINT('',(0.,45.));
#9572 = ( GEOMETRIC_REPRESENTATION_CONTEXT(2) 
PARAMETRIC_REPRESENTATION_CONTEXT() REPRESENTATION_CONTEXT('2D SPACE',''
  ) );
#9573 = PCURVE('',#9574,#9579);
#9574 = PLANE('',#9575);
#9575 = AXIS2_PLACEMENT_3D('',#9576,#9577,#9578);
#9576 = CARTESIAN_POINT('',(244.7477455336,75.,338.14342436536));
#9577 = DIRECTION('',(-0.939692620786,0.,-0.342020143326));
#9578 = DIRECTION('',(0.342020143326,0.,-0.939692620786));
#9579 = DEFINITIONAL_REPRESENTATION('',(#9580),#9583);
#9580 = B_SPLINE_CURVE_WITH_KNOTS('',1,(#9581,#9582),.UNSPECIFIED.,.F.,
  .F.,(2,2),(-45.,45.),.PIECEWISE_BEZIER_KNOTS.);
#9581 = CARTESIAN_POINT('',(0.,-45.));
#9582 = CARTESIAN_POINT('',(0.,45.));
#9583 = ( GEOMETRIC_REPRESENTATION_CONTEXT(2) 
PARAMETRIC_REPRESENTATION_CONTEXT() REPRESENTATION_CONTEXT('2D SPACE',''
  ) );
#9584 = ORIENTED_EDGE('',*,*,#9359,.T.);
#9585 = ADVANCED_FACE('',(#9586),#9574,.F.);
#9586 = FACE_BOUND('',#9587,.F.);
#9587 = EDGE_LOOP('',(#9588,#9589));
#9588 = ORIENTED_EDGE('',*,*,#9561,.T.);
#9589 = ORIENTED_EDGE('',*,*,#9590,.T.);
#9590 = EDGE_CURVE('',#9360,#9331,#9591,.T.);
#9591 = SURFACE_CURVE('',#9592,(#9597,#9604),.PCURVE_S1.);
#9592 = CIRCLE('',#9593,45.);
#9593 = AXIS2_PLACEMENT_3D('',#9594,#9595,#9596);
#9594 = CARTESIAN_POINT('',(244.7477455336,75.,338.14342436536));
#9595 = DIRECTION('',(-0.939692620786,0.,-0.342020143326));
#9596 = DIRECTION('',(0.342020143326,0.,-0.939692620786));
#9597 = PCURVE('',#9574,#9598);
#9598 = DEFINITIONAL_REPRESENTATION('',(#9599),#9603);
#9599 = CIRCLE('',#9600,45.);
#9600 = AXIS2_PLACEMENT_2D('',#9601,#9602);
#9601 = CARTESIAN_POINT('',(0.,0.));
#9602 = DIRECTION('',(1.,0.));
#9603 = ( GEOMETRIC_REPRESENTATION_CONTEXT(2) 
PARAMETRIC_REPRESENTATION_CONTEXT() REPRESENTATION_CONTEXT('2D SPACE',''
  ) );
#9604 = PCURVE('',#9291,#9605);
#9605 = DEFINITIONAL_REPRESENTATION('',(#9606),#9610);
#9606 = LINE('',#9607,#9608);
#9607 = CARTESIAN_POINT('',(-0.,-0.));
#9608 = VECTOR('',#9609,1.);
#9609 = DIRECTION('',(-1.,-0.));
#9610 = ( GEOMETRIC_REPRESENTATION_CONTEXT(2) 
PARAMETRIC_REPRESENTATION_CONTEXT() REPRESENTATION_CONTEXT('2D SPACE',''
  ) );
#9611 = ADVANCED_FACE('',(#9612),#9405,.T.);
#9612 = FACE_BOUND('',#9613,.T.);
#9613 = EDGE_LOOP('',(#9614,#9615));
#9614 = ORIENTED_EDGE('',*,*,#9388,.T.);
#9615 = ORIENTED_EDGE('',*,*,#9616,.F.);
#9616 = EDGE_CURVE('',#9389,#9360,#9617,.T.);
#9617 = SURFACE_CURVE('',#9618,(#9623,#9630),.PCURVE_S1.);
#9618 = ELLIPSE('',#9619,48.035111193239,45.055234279996);
#9619 = AXIS2_PLACEMENT_3D('',#9620,#9621,#9622);
#9620 = CARTESIAN_POINT('',(244.75174579919,75.,340.52120487152));
#9621 = DIRECTION('',(-0.999998584848,0.,1.682350376469E-03));
#9622 = DIRECTION('',(1.682350376469E-03,0.,0.999998584848));
#9623 = PCURVE('',#9405,#9624);
#9624 = DEFINITIONAL_REPRESENTATION('',(#9625),#9629);
#9625 = ELLIPSE('',#9626,48.035111193239,45.055234279996);
#9626 = AXIS2_PLACEMENT_2D('',#9627,#9628);
#9627 = CARTESIAN_POINT('',(-2.377783871092,0.));
#9628 = DIRECTION('',(-1.,0.));
#9629 = ( GEOMETRIC_REPRESENTATION_CONTEXT(2) 
PARAMETRIC_REPRESENTATION_CONTEXT() REPRESENTATION_CONTEXT('2D SPACE',''
  ) );
#9630 = PCURVE('',#9291,#9631);
#9631 = DEFINITIONAL_REPRESENTATION('',(#9632),#9642);
#9632 = B_SPLINE_CURVE_WITH_KNOTS('',8,(#9633,#9634,#9635,#9636,#9637,
    #9638,#9639,#9640,#9641),.UNSPECIFIED.,.F.,.F.,(9,9),(3.14159265359,
    4.662867787464),.PIECEWISE_BEZIER_KNOTS.);
#9633 = CARTESIAN_POINT('',(8.881784197001E-16,-15.68788285016));
#9634 = CARTESIAN_POINT('',(-0.19981742412,-15.68788285016));
#9635 = CARTESIAN_POINT('',(-0.399634845884,-15.00579473596));
#9636 = CARTESIAN_POINT('',(-0.598878874266,-13.64162302245));
#9637 = CARTESIAN_POINT('',(-0.796976095848,-11.64796683221));
#9638 = CARTESIAN_POINT('',(-0.993439949224,-9.130113100806));
#9639 = CARTESIAN_POINT('',(-1.187960015484,-6.235661257644));
#9640 = CARTESIAN_POINT('',(-1.380403528014,-3.13471234101));
#9641 = CARTESIAN_POINT('',(-1.570796326795,-1.135313484009E-13));
#9642 = ( GEOMETRIC_REPRESENTATION_CONTEXT(2) 
PARAMETRIC_REPRESENTATION_CONTEXT() REPRESENTATION_CONTEXT('2D SPACE',''
  ) );
#9643 = ADVANCED_FACE('',(#9644),#9291,.T.);
#9644 = FACE_BOUND('',#9645,.T.);
#9645 = EDGE_LOOP('',(#9646,#9669,#9696,#9697,#9698,#9699,#9700,#9701));
#9646 = ORIENTED_EDGE('',*,*,#9647,.T.);
#9647 = EDGE_CURVE('',#9199,#9648,#9650,.T.);
#9648 = VERTEX_POINT('',#9649);
#9649 = CARTESIAN_POINT('',(92.524443153165,75.,259.32676234271));
#9650 = SEAM_CURVE('',#9651,(#9655,#9662),.PCURVE_S1.);
#9651 = LINE('',#9652,#9653);
#9652 = CARTESIAN_POINT('',(260.13865198326,75.,295.85725642999));
#9653 = VECTOR('',#9654,1.);
#9654 = DIRECTION('',(-0.977064150712,-3.283832002181E-17,
    -0.212945169921));
#9655 = PCURVE('',#9291,#9656);
#9656 = DEFINITIONAL_REPRESENTATION('',(#9657),#9661);
#9657 = LINE('',#9658,#9659);
#9658 = CARTESIAN_POINT('',(-6.28318530718,0.));
#9659 = VECTOR('',#9660,1.);
#9660 = DIRECTION('',(-0.,-1.));
#9661 = ( GEOMETRIC_REPRESENTATION_CONTEXT(2) 
PARAMETRIC_REPRESENTATION_CONTEXT() REPRESENTATION_CONTEXT('2D SPACE',''
  ) );
#9662 = PCURVE('',#9291,#9663);
#9663 = DEFINITIONAL_REPRESENTATION('',(#9664),#9668);
#9664 = LINE('',#9665,#9666);
#9665 = CARTESIAN_POINT('',(0.,-0.));
#9666 = VECTOR('',#9667,1.);
#9667 = DIRECTION('',(-0.,-1.));
#9668 = ( GEOMETRIC_REPRESENTATION_CONTEXT(2) 
PARAMETRIC_REPRESENTATION_CONTEXT() REPRESENTATION_CONTEXT('2D SPACE',''
  ) );
#9669 = ORIENTED_EDGE('',*,*,#9670,.F.);
#9670 = EDGE_CURVE('',#9648,#9648,#9671,.T.);
#9671 = SURFACE_CURVE('',#9672,(#9677,#9684),.PCURVE_S1.);
#9672 = CIRCLE('',#9673,22.);
#9673 = AXIS2_PLACEMENT_3D('',#9674,#9675,#9676);
#9674 = CARTESIAN_POINT('',(85.,75.,280.));
#9675 = DIRECTION('',(-0.939692620786,0.,-0.342020143326));
#9676 = DIRECTION('',(0.342020143326,0.,-0.939692620786));
#9677 = PCURVE('',#9291,#9678);
#9678 = DEFINITIONAL_REPRESENTATION('',(#9679),#9683);
#9679 = LINE('',#9680,#9681);
#9680 = CARTESIAN_POINT('',(-0.,-170.));
#9681 = VECTOR('',#9682,1.);
#9682 = DIRECTION('',(-1.,-0.));
#9683 = ( GEOMETRIC_REPRESENTATION_CONTEXT(2) 
PARAMETRIC_REPRESENTATION_CONTEXT() REPRESENTATION_CONTEXT('2D SPACE',''
  ) );
#9684 = PCURVE('',#9685,#9690);
#9685 = PLANE('',#9686);
#9686 = AXIS2_PLACEMENT_3D('',#9687,#9688,#9689);
#9687 = CARTESIAN_POINT('',(85.,75.,280.));
#9688 = DIRECTION('',(-0.939692620786,0.,-0.342020143326));
#9689 = DIRECTION('',(0.342020143326,0.,-0.939692620786));
#9690 = DEFINITIONAL_REPRESENTATION('',(#9691),#9695);
#9691 = CIRCLE('',#9692,22.);
#9692 = AXIS2_PLACEMENT_2D('',#9693,#9694);
#9693 = CARTESIAN_POINT('',(0.,0.));
#9694 = DIRECTION('',(1.,0.));
#9695 = ( GEOMETRIC_REPRESENTATION_CONTEXT(2) 
PARAMETRIC_REPRESENTATION_CONTEXT() REPRESENTATION_CONTEXT('2D SPACE',''
  ) );
#9696 = ORIENTED_EDGE('',*,*,#9647,.F.);
#9697 = ORIENTED_EDGE('',*,*,#9417,.T.);
#9698 = ORIENTED_EDGE('',*,*,#9616,.T.);
#9699 = ORIENTED_EDGE('',*,*,#9590,.T.);
#9700 = ORIENTED_EDGE('',*,*,#9529,.T.);
#9701 = ORIENTED_EDGE('',*,*,#9221,.T.);
#9702 = ADVANCED_FACE('',(#9703),#9685,.T.);
#9703 = FACE_BOUND('',#9704,.T.);
#9704 = EDGE_LOOP('',(#9705));
#9705 = ORIENTED_EDGE('',*,*,#9670,.T.);
#9706 = ADVANCED_FACE('',(#9707,#9789),#5637,.T.);
#9707 = FACE_BOUND('',#9708,.T.);
#9708 = EDGE_LOOP('',(#9709,#9734,#9761,#9762));
#9709 = ORIENTED_EDGE('',*,*,#9710,.T.);
#9710 = EDGE_CURVE('',#9711,#9713,#9715,.T.);
#9711 = VERTEX_POINT('',#9712);
#9712 = CARTESIAN_POINT('',(380.,75.,288.));
#9713 = VERTEX_POINT('',#9714);
#9714 = CARTESIAN_POINT('',(380.,75.,388.));
#9715 = SEAM_CURVE('',#9716,(#9720,#9727),.PCURVE_S1.);
#9716 = LINE('',#9717,#9718);
#9717 = CARTESIAN_POINT('',(380.,75.,288.));
#9718 = VECTOR('',#9719,1.);
#9719 = DIRECTION('',(0.,0.,1.));
#9720 = PCURVE('',#5637,#9721);
#9721 = DEFINITIONAL_REPRESENTATION('',(#9722),#9726);
#9722 = LINE('',#9723,#9724);
#9723 = CARTESIAN_POINT('',(6.28318530718,-0.));
#9724 = VECTOR('',#9725,1.);
#9725 = DIRECTION('',(0.,1.));
#9726 = ( GEOMETRIC_REPRESENTATION_CONTEXT(2) 
PARAMETRIC_REPRESENTATION_CONTEXT() REPRESENTATION_CONTEXT('2D SPACE',''
  ) );
#9727 = PCURVE('',#5637,#9728);
#9728 = DEFINITIONAL_REPRESENTATION('',(#9729),#9733);
#9729 = LINE('',#9730,#9731);
#9730 = CARTESIAN_POINT('',(0.,-0.));
#9731 = VECTOR('',#9732,1.);
#9732 = DIRECTION('',(0.,1.));
#9733 = ( GEOMETRIC_REPRESENTATION_CONTEXT(2) 
PARAMETRIC_REPRESENTATION_CONTEXT() REPRESENTATION_CONTEXT('2D SPACE',''
  ) );
#9734 = ORIENTED_EDGE('',*,*,#9735,.F.);
#9735 = EDGE_CURVE('',#9713,#9713,#9736,.T.);
#9736 = SURFACE_CURVE('',#9737,(#9742,#9749),.PCURVE_S1.);
#9737 = CIRCLE('',#9738,50.);
#9738 = AXIS2_PLACEMENT_3D('',#9739,#9740,#9741);
#9739 = CARTESIAN_POINT('',(330.,75.,388.));
#9740 = DIRECTION('',(0.,0.,1.));
#9741 = DIRECTION('',(1.,0.,-0.));
#9742 = PCURVE('',#5637,#9743);
#9743 = DEFINITIONAL_REPRESENTATION('',(#9744),#9748);
#9744 = LINE('',#9745,#9746);
#9745 = CARTESIAN_POINT('',(0.,100.));
#9746 = VECTOR('',#9747,1.);
#9747 = DIRECTION('',(1.,0.));
#9748 = ( GEOMETRIC_REPRESENTATION_CONTEXT(2) 
PARAMETRIC_REPRESENTATION_CONTEXT() REPRESENTATION_CONTEXT('2D SPACE',''
  ) );
#9749 = PCURVE('',#9750,#9755);
#9750 = PLANE('',#9751);
#9751 = AXIS2_PLACEMENT_3D('',#9752,#9753,#9754);
#9752 = CARTESIAN_POINT('',(330.,75.,388.));
#9753 = DIRECTION('',(0.,0.,1.));
#9754 = DIRECTION('',(1.,0.,-0.));
#9755 = DEFINITIONAL_REPRESENTATION('',(#9756),#9760);
#9756 = CIRCLE('',#9757,50.);
#9757 = AXIS2_PLACEMENT_2D('',#9758,#9759);
#9758 = CARTESIAN_POINT('',(0.,0.));
#9759 = DIRECTION('',(1.,0.));
#9760 = ( GEOMETRIC_REPRESENTATION_CONTEXT(2) 
PARAMETRIC_REPRESENTATION_CONTEXT() REPRESENTATION_CONTEXT('2D SPACE',''
  ) );
#9761 = ORIENTED_EDGE('',*,*,#9710,.F.);
#9762 = ORIENTED_EDGE('',*,*,#9763,.T.);
#9763 = EDGE_CURVE('',#9711,#9711,#9764,.T.);
#9764 = SURFACE_CURVE('',#9765,(#9770,#9777),.PCURVE_S1.);
#9765 = CIRCLE('',#9766,50.);
#9766 = AXIS2_PLACEMENT_3D('',#9767,#9768,#9769);
#9767 = CARTESIAN_POINT('',(330.,75.,288.));
#9768 = DIRECTION('',(0.,0.,1.));
#9769 = DIRECTION('',(1.,0.,-0.));
#9770 = PCURVE('',#5637,#9771);
#9771 = DEFINITIONAL_REPRESENTATION('',(#9772),#9776);
#9772 = LINE('',#9773,#9774);
#9773 = CARTESIAN_POINT('',(0.,0.));
#9774 = VECTOR('',#9775,1.);
#9775 = DIRECTION('',(1.,0.));
#9776 = ( GEOMETRIC_REPRESENTATION_CONTEXT(2) 
PARAMETRIC_REPRESENTATION_CONTEXT() REPRESENTATION_CONTEXT('2D SPACE',''
  ) );
#9777 = PCURVE('',#9778,#9783);
#9778 = PLANE('',#9779);
#9779 = AXIS2_PLACEMENT_3D('',#9780,#9781,#9782);
#9780 = CARTESIAN_POINT('',(330.,75.,288.));
#9781 = DIRECTION('',(0.,0.,1.));
#9782 = DIRECTION('',(1.,0.,-0.));
#9783 = DEFINITIONAL_REPRESENTATION('',(#9784),#9788);
#9784 = CIRCLE('',#9785,50.);
#9785 = AXIS2_PLACEMENT_2D('',#9786,#9787);
#9786 = CARTESIAN_POINT('',(0.,0.));
#9787 = DIRECTION('',(1.,0.));
#9788 = ( GEOMETRIC_REPRESENTATION_CONTEXT(2) 
PARAMETRIC_REPRESENTATION_CONTEXT() REPRESENTATION_CONTEXT('2D SPACE',''
  ) );
#9789 = FACE_BOUND('',#9790,.T.);
#9790 = EDGE_LOOP('',(#9791,#9792,#9793,#9794));
#9791 = ORIENTED_EDGE('',*,*,#7179,.T.);
#9792 = ORIENTED_EDGE('',*,*,#5201,.T.);
#9793 = ORIENTED_EDGE('',*,*,#7899,.F.);
#9794 = ORIENTED_EDGE('',*,*,#8550,.F.);
#9795 = ADVANCED_FACE('',(#9796),#9750,.T.);
#9796 = FACE_BOUND('',#9797,.T.);
#9797 = EDGE_LOOP('',(#9798));
#9798 = ORIENTED_EDGE('',*,*,#9735,.T.);
#9799 = ADVANCED_FACE('',(#9800),#9778,.F.);
#9800 = FACE_BOUND('',#9801,.T.);
#9801 = EDGE_LOOP('',(#9802));
#9802 = ORIENTED_EDGE('',*,*,#9763,.F.);
#9803 = ADVANCED_FACE('',(#9804,#9886),#3947,.T.);
#9804 = FACE_BOUND('',#9805,.T.);
#9805 = EDGE_LOOP('',(#9806,#9831,#9858,#9859));
#9806 = ORIENTED_EDGE('',*,*,#9807,.T.);
#9807 = EDGE_CURVE('',#9808,#9810,#9812,.T.);
#9808 = VERTEX_POINT('',#9809);
#9809 = CARTESIAN_POINT('',(380.,260.,288.));
#9810 = VERTEX_POINT('',#9811);
#9811 = CARTESIAN_POINT('',(380.,260.,388.));
#9812 = SEAM_CURVE('',#9813,(#9817,#9824),.PCURVE_S1.);
#9813 = LINE('',#9814,#9815);
#9814 = CARTESIAN_POINT('',(380.,260.,288.));
#9815 = VECTOR('',#9816,1.);
#9816 = DIRECTION('',(0.,0.,1.));
#9817 = PCURVE('',#3947,#9818);
#9818 = DEFINITIONAL_REPRESENTATION('',(#9819),#9823);
#9819 = LINE('',#9820,#9821);
#9820 = CARTESIAN_POINT('',(6.28318530718,-0.));
#9821 = VECTOR('',#9822,1.);
#9822 = DIRECTION('',(0.,1.));
#9823 = ( GEOMETRIC_REPRESENTATION_CONTEXT(2) 
PARAMETRIC_REPRESENTATION_CONTEXT() REPRESENTATION_CONTEXT('2D SPACE',''
  ) );
#9824 = PCURVE('',#3947,#9825);
#9825 = DEFINITIONAL_REPRESENTATION('',(#9826),#9830);
#9826 = LINE('',#9827,#9828);
#9827 = CARTESIAN_POINT('',(0.,-0.));
#9828 = VECTOR('',#9829,1.);
#9829 = DIRECTION('',(0.,1.));
#9830 = ( GEOMETRIC_REPRESENTATION_CONTEXT(2) 
PARAMETRIC_REPRESENTATION_CONTEXT() REPRESENTATION_CONTEXT('2D SPACE',''
  ) );
#9831 = ORIENTED_EDGE('',*,*,#9832,.F.);
#9832 = EDGE_CURVE('',#9810,#9810,#9833,.T.);
#9833 = SURFACE_CURVE('',#9834,(#9839,#9846),.PCURVE_S1.);
#9834 = CIRCLE('',#9835,50.);
#9835 = AXIS2_PLACEMENT_3D('',#9836,#9837,#9838);
#9836 = CARTESIAN_POINT('',(330.,260.,388.));
#9837 = DIRECTION('',(0.,0.,1.));
#9838 = DIRECTION('',(1.,0.,-0.));
#9839 = PCURVE('',#3947,#9840);
#9840 = DEFINITIONAL_REPRESENTATION('',(#9841),#9845);
#9841 = LINE('',#9842,#9843);
#9842 = CARTESIAN_POINT('',(0.,100.));
#9843 = VECTOR('',#9844,1.);
#9844 = DIRECTION('',(1.,0.));
#9845 = ( GEOMETRIC_REPRESENTATION_CONTEXT(2) 
PARAMETRIC_REPRESENTATION_CONTEXT() REPRESENTATION_CONTEXT('2D SPACE',''
  ) );
#9846 = PCURVE('',#9847,#9852);
#9847 = PLANE('',#9848);
#9848 = AXIS2_PLACEMENT_3D('',#9849,#9850,#9851);
#9849 = CARTESIAN_POINT('',(330.,260.,388.));
#9850 = DIRECTION('',(0.,0.,1.));
#9851 = DIRECTION('',(1.,0.,-0.));
#9852 = DEFINITIONAL_REPRESENTATION('',(#9853),#9857);
#9853 = CIRCLE('',#9854,50.);
#9854 = AXIS2_PLACEMENT_2D('',#9855,#9856);
#9855 = CARTESIAN_POINT('',(0.,0.));
#9856 = DIRECTION('',(1.,0.));
#9857 = ( GEOMETRIC_REPRESENTATION_CONTEXT(2) 
PARAMETRIC_REPRESENTATION_CONTEXT() REPRESENTATION_CONTEXT('2D SPACE',''
  ) );
#9858 = ORIENTED_EDGE('',*,*,#9807,.F.);
#9859 = ORIENTED_EDGE('',*,*,#9860,.T.);
#9860 = EDGE_CURVE('',#9808,#9808,#9861,.T.);
#9861 = SURFACE_CURVE('',#9862,(#9867,#9874),.PCURVE_S1.);
#9862 = CIRCLE('',#9863,50.);
#9863 = AXIS2_PLACEMENT_3D('',#9864,#9865,#9866);
#9864 = CARTESIAN_POINT('',(330.,260.,288.));
#9865 = DIRECTION('',(0.,0.,1.));
#9866 = DIRECTION('',(1.,0.,-0.));
#9867 = PCURVE('',#3947,#9868);
#9868 = DEFINITIONAL_REPRESENTATION('',(#9869),#9873);
#9869 = LINE('',#9870,#9871);
#9870 = CARTESIAN_POINT('',(0.,0.));
#9871 = VECTOR('',#9872,1.);
#9872 = DIRECTION('',(1.,0.));
#9873 = ( GEOMETRIC_REPRESENTATION_CONTEXT(2) 
PARAMETRIC_REPRESENTATION_CONTEXT() REPRESENTATION_CONTEXT('2D SPACE',''
  ) );
#9874 = PCURVE('',#9875,#9880);
#9875 = PLANE('',#9876);
#9876 = AXIS2_PLACEMENT_3D('',#9877,#9878,#9879);
#9877 = CARTESIAN_POINT('',(330.,260.,288.));
#9878 = DIRECTION('',(0.,0.,1.));
#9879 = DIRECTION('',(1.,0.,-0.));
#9880 = DEFINITIONAL_REPRESENTATION('',(#9881),#9885);
#9881 = CIRCLE('',#9882,50.);
#9882 = AXIS2_PLACEMENT_2D('',#9883,#9884);
#9883 = CARTESIAN_POINT('',(0.,0.));
#9884 = DIRECTION('',(1.,0.));
#9885 = ( GEOMETRIC_REPRESENTATION_CONTEXT(2) 
PARAMETRIC_REPRESENTATION_CONTEXT() REPRESENTATION_CONTEXT('2D SPACE',''
  ) );
#9886 = FACE_BOUND('',#9887,.T.);
#9887 = EDGE_LOOP('',(#9888,#9889,#9890,#9891));
#9888 = ORIENTED_EDGE('',*,*,#3513,.T.);
#9889 = ORIENTED_EDGE('',*,*,#4237,.T.);
#9890 = ORIENTED_EDGE('',*,*,#5881,.F.);
#9891 = ORIENTED_EDGE('',*,*,#6530,.F.);
#9892 = ADVANCED_FACE('',(#9893),#9847,.T.);
#9893 = FACE_BOUND('',#9894,.T.);
#9894 = EDGE_LOOP('',(#9895));
#9895 = ORIENTED_EDGE('',*,*,#9832,.T.);
#9896 = ADVANCED_FACE('',(#9897),#9875,.F.);
#9897 = FACE_BOUND('',#9898,.T.);
#9898 = EDGE_LOOP('',(#9899));
#9899 = ORIENTED_EDGE('',*,*,#9860,.F.);
#9900 = ADVANCED_FACE('',(#9901),#1897,.T.);
#9901 = FACE_BOUND('',#9902,.T.);
#9902 = EDGE_LOOP('',(#9903,#9926,#9953,#9954,#9955,#9978,#10005,#10006,
    #10007,#10008,#10009));
#9903 = ORIENTED_EDGE('',*,*,#9904,.T.);
#9904 = EDGE_CURVE('',#3177,#9905,#9907,.T.);
#9905 = VERTEX_POINT('',#9906);
#9906 = CARTESIAN_POINT('',(-350.,260.,388.));
#9907 = SEAM_CURVE('',#9908,(#9912,#9919),.PCURVE_S1.);
#9908 = LINE('',#9909,#9910);
#9909 = CARTESIAN_POINT('',(-350.,260.,288.));
#9910 = VECTOR('',#9911,1.);
#9911 = DIRECTION('',(0.,0.,1.));
#9912 = PCURVE('',#1897,#9913);
#9913 = DEFINITIONAL_REPRESENTATION('',(#9914),#9918);
#9914 = LINE('',#9915,#9916);
#9915 = CARTESIAN_POINT('',(6.28318530718,-0.));
#9916 = VECTOR('',#9917,1.);
#9917 = DIRECTION('',(0.,1.));
#9918 = ( GEOMETRIC_REPRESENTATION_CONTEXT(2) 
PARAMETRIC_REPRESENTATION_CONTEXT() REPRESENTATION_CONTEXT('2D SPACE',''
  ) );
#9919 = PCURVE('',#1897,#9920);
#9920 = DEFINITIONAL_REPRESENTATION('',(#9921),#9925);
#9921 = LINE('',#9922,#9923);
#9922 = CARTESIAN_POINT('',(0.,-0.));
#9923 = VECTOR('',#9924,1.);
#9924 = DIRECTION('',(0.,1.));
#9925 = ( GEOMETRIC_REPRESENTATION_CONTEXT(2) 
PARAMETRIC_REPRESENTATION_CONTEXT() REPRESENTATION_CONTEXT('2D SPACE',''
  ) );
#9926 = ORIENTED_EDGE('',*,*,#9927,.F.);
#9927 = EDGE_CURVE('',#9905,#9905,#9928,.T.);
#9928 = SURFACE_CURVE('',#9929,(#9934,#9941),.PCURVE_S1.);
#9929 = CIRCLE('',#9930,50.);
#9930 = AXIS2_PLACEMENT_3D('',#9931,#9932,#9933);
#9931 = CARTESIAN_POINT('',(-400.,260.,388.));
#9932 = DIRECTION('',(0.,0.,1.));
#9933 = DIRECTION('',(1.,0.,-0.));
#9934 = PCURVE('',#1897,#9935);
#9935 = DEFINITIONAL_REPRESENTATION('',(#9936),#9940);
#9936 = LINE('',#9937,#9938);
#9937 = CARTESIAN_POINT('',(0.,100.));
#9938 = VECTOR('',#9939,1.);
#9939 = DIRECTION('',(1.,0.));
#9940 = ( GEOMETRIC_REPRESENTATION_CONTEXT(2) 
PARAMETRIC_REPRESENTATION_CONTEXT() REPRESENTATION_CONTEXT('2D SPACE',''
  ) );
#9941 = PCURVE('',#9942,#9947);
#9942 = PLANE('',#9943);
#9943 = AXIS2_PLACEMENT_3D('',#9944,#9945,#9946);
#9944 = CARTESIAN_POINT('',(-400.,260.,388.));
#9945 = DIRECTION('',(0.,0.,1.));
#9946 = DIRECTION('',(1.,0.,-0.));
#9947 = DEFINITIONAL_REPRESENTATION('',(#9948),#9952);
#9948 = CIRCLE('',#9949,50.);
#9949 = AXIS2_PLACEMENT_2D('',#9950,#9951);
#9950 = CARTESIAN_POINT('',(0.,0.));
#9951 = DIRECTION('',(1.,0.));
#9952 = ( GEOMETRIC_REPRESENTATION_CONTEXT(2) 
PARAMETRIC_REPRESENTATION_CONTEXT() REPRESENTATION_CONTEXT('2D SPACE',''
  ) );
#9953 = ORIENTED_EDGE('',*,*,#9904,.F.);
#9954 = ORIENTED_EDGE('',*,*,#3176,.F.);
#9955 = ORIENTED_EDGE('',*,*,#9956,.F.);
#9956 = EDGE_CURVE('',#9957,#2863,#9959,.T.);
#9957 = VERTEX_POINT('',#9958);
#9958 = CARTESIAN_POINT('',(-350.,260.,288.));
#9959 = SEAM_CURVE('',#9960,(#9964,#9971),.PCURVE_S1.);
#9960 = LINE('',#9961,#9962);
#9961 = CARTESIAN_POINT('',(-350.,260.,288.));
#9962 = VECTOR('',#9963,1.);
#9963 = DIRECTION('',(0.,0.,1.));
#9964 = PCURVE('',#1897,#9965);
#9965 = DEFINITIONAL_REPRESENTATION('',(#9966),#9970);
#9966 = LINE('',#9967,#9968);
#9967 = CARTESIAN_POINT('',(6.28318530718,-0.));
#9968 = VECTOR('',#9969,1.);
#9969 = DIRECTION('',(0.,1.));
#9970 = ( GEOMETRIC_REPRESENTATION_CONTEXT(2) 
PARAMETRIC_REPRESENTATION_CONTEXT() REPRESENTATION_CONTEXT('2D SPACE',''
  ) );
#9971 = PCURVE('',#1897,#9972);
#9972 = DEFINITIONAL_REPRESENTATION('',(#9973),#9977);
#9973 = LINE('',#9974,#9975);
#9974 = CARTESIAN_POINT('',(0.,-0.));
#9975 = VECTOR('',#9976,1.);
#9976 = DIRECTION('',(0.,1.));
#9977 = ( GEOMETRIC_REPRESENTATION_CONTEXT(2) 
PARAMETRIC_REPRESENTATION_CONTEXT() REPRESENTATION_CONTEXT('2D SPACE',''
  ) );
#9978 = ORIENTED_EDGE('',*,*,#9979,.T.);
#9979 = EDGE_CURVE('',#9957,#9957,#9980,.T.);
#9980 = SURFACE_CURVE('',#9981,(#9986,#9993),.PCURVE_S1.);
#9981 = CIRCLE('',#9982,50.);
#9982 = AXIS2_PLACEMENT_3D('',#9983,#9984,#9985);
#9983 = CARTESIAN_POINT('',(-400.,260.,288.));
#9984 = DIRECTION('',(0.,0.,1.));
#9985 = DIRECTION('',(1.,0.,-0.));
#9986 = PCURVE('',#1897,#9987);
#9987 = DEFINITIONAL_REPRESENTATION('',(#9988),#9992);
#9988 = LINE('',#9989,#9990);
#9989 = CARTESIAN_POINT('',(0.,0.));
#9990 = VECTOR('',#9991,1.);
#9991 = DIRECTION('',(1.,0.));
#9992 = ( GEOMETRIC_REPRESENTATION_CONTEXT(2) 
PARAMETRIC_REPRESENTATION_CONTEXT() REPRESENTATION_CONTEXT('2D SPACE',''
  ) );
#9993 = PCURVE('',#9994,#9999);
#9994 = PLANE('',#9995);
#9995 = AXIS2_PLACEMENT_3D('',#9996,#9997,#9998);
#9996 = CARTESIAN_POINT('',(-400.,260.,288.));
#9997 = DIRECTION('',(0.,0.,1.));
#9998 = DIRECTION('',(1.,0.,-0.));
#9999 = DEFINITIONAL_REPRESENTATION('',(#10000),#10004);
#10000 = CIRCLE('',#10001,50.);
#10001 = AXIS2_PLACEMENT_2D('',#10002,#10003);
#10002 = CARTESIAN_POINT('',(0.,0.));
#10003 = DIRECTION('',(1.,0.));
#10004 = ( GEOMETRIC_REPRESENTATION_CONTEXT(2) 
PARAMETRIC_REPRESENTATION_CONTEXT() REPRESENTATION_CONTEXT('2D SPACE',''
  ) );
#10005 = ORIENTED_EDGE('',*,*,#9956,.T.);
#10006 = ORIENTED_EDGE('',*,*,#2862,.F.);
#10007 = ORIENTED_EDGE('',*,*,#1461,.T.);
#10008 = ORIENTED_EDGE('',*,*,#2187,.T.);
#10009 = ORIENTED_EDGE('',*,*,#4886,.F.);
#10010 = ADVANCED_FACE('',(#10011),#9942,.T.);
#10011 = FACE_BOUND('',#10012,.T.);
#10012 = EDGE_LOOP('',(#10013));
#10013 = ORIENTED_EDGE('',*,*,#9927,.T.);
#10014 = ADVANCED_FACE('',(#10015),#9994,.F.);
#10015 = FACE_BOUND('',#10016,.T.);
#10016 = EDGE_LOOP('',(#10017));
#10017 = ORIENTED_EDGE('',*,*,#9979,.F.);
#10018 = ADVANCED_FACE('',(#10019),#311,.T.);
#10019 = FACE_BOUND('',#10020,.T.);
#10020 = EDGE_LOOP('',(#10021,#10521,#10522,#10523,#10765,#10788,#10817,
    #10846,#11144,#11173,#11195));
#10021 = ORIENTED_EDGE('',*,*,#10022,.F.);
#10022 = EDGE_CURVE('',#416,#10023,#10025,.T.);
#10023 = VERTEX_POINT('',#10024);
#10024 = CARTESIAN_POINT('',(-350.,-75.,383.04620995352));
#10025 = SURFACE_CURVE('',#10026,(#10155,#10338),.PCURVE_S1.);
#10026 = B_SPLINE_CURVE_WITH_KNOTS('',8,(#10027,#10028,#10029,#10030,
    #10031,#10032,#10033,#10034,#10035,#10036,#10037,#10038,#10039,
    #10040,#10041,#10042,#10043,#10044,#10045,#10046,#10047,#10048,
    #10049,#10050,#10051,#10052,#10053,#10054,#10055,#10056,#10057,
    #10058,#10059,#10060,#10061,#10062,#10063,#10064,#10065,#10066,
    #10067,#10068,#10069,#10070,#10071,#10072,#10073,#10074,#10075,
    #10076,#10077,#10078,#10079,#10080,#10081,#10082,#10083,#10084,
    #10085,#10086,#10087,#10088,#10089,#10090,#10091,#10092,#10093,
    #10094,#10095,#10096,#10097,#10098,#10099,#10100,#10101,#10102,
    #10103,#10104,#10105,#10106,#10107,#10108,#10109,#10110,#10111,
    #10112,#10113,#10114,#10115,#10116,#10117,#10118,#10119,#10120,
    #10121,#10122,#10123,#10124,#10125,#10126,#10127,#10128,#10129,
    #10130,#10131,#10132,#10133,#10134,#10135,#10136,#10137,#10138,
    #10139,#10140,#10141,#10142,#10143,#10144,#10145,#10146,#10147,
    #10148,#10149,#10150,#10151,#10152,#10153,#10154),.UNSPECIFIED.,.F.,
  .F.,(9,7,7,7,7,7,7,7,7,7,7,7,7,7,7,7,7,7,9),(0.,4.580228773697E-02,
    9.782935960666E-02,0.135766874485,0.193182854659,0.250613303053,
    0.288623359671,0.340770428728,0.491290710054,0.623193045179,
    0.649360098483,0.693002482026,0.736324021837,0.762490429121,
    0.894561558694,1.045875887573,1.097840146189,1.135787504333,
    1.193206205242),.UNSPECIFIED.);
#10027 = CARTESIAN_POINT('',(-359.4626245036,-45.73020007431,
    303.85734064408));
#10028 = CARTESIAN_POINT('',(-359.0371083001,-46.31952115907,
    303.35307398316));
#10029 = CARTESIAN_POINT('',(-358.6149734673,-46.92478946384,
    302.85527597861));
#10030 = CARTESIAN_POINT('',(-358.196708105,-47.5464166907,
    302.36431123861));
#10031 = CARTESIAN_POINT('',(-357.7828400414,-48.18481800124,
    301.88060083435));
#10032 = CARTESIAN_POINT('',(-357.3739408395,-48.84040925236,
    301.40462422287));
#10033 = CARTESIAN_POINT('',(-356.9706294897,-49.5136040811,
    300.93692143364));
#10034 = CARTESIAN_POINT('',(-356.5735760063,-50.20481071443,
    300.47809560061));
#10035 = CARTESIAN_POINT('',(-355.740421104,-51.72048691038,
    299.51847690107));
#10036 = CARTESIAN_POINT('',(-355.3059001083,-52.55111334803,
    299.01994057767));
#10037 = CARTESIAN_POINT('',(-354.8809861349,-53.40706582886,
    298.53417504377));
#10038 = CARTESIAN_POINT('',(-354.4668454599,-54.28907908768,
    298.06229175593));
#10039 = CARTESIAN_POINT('',(-354.0647719328,-55.1978537842,
    297.60555038652));
#10040 = CARTESIAN_POINT('',(-353.6761924349,-56.1340458754,
    297.16536355784));
#10041 = CARTESIAN_POINT('',(-353.302672337,-57.09825598803,
    296.74330157626));
#10042 = CARTESIAN_POINT('',(-352.6857821447,-58.8149294831,
    296.04781454957));
#10043 = CARTESIAN_POINT('',(-352.4344977385,-59.55419358367,
    295.76502100467));
#10044 = CARTESIAN_POINT('',(-352.1928696776,-60.30866453514,
    295.49354603404));
#10045 = CARTESIAN_POINT('',(-351.9617028495,-61.07817125344,
    295.23422136408));
#10046 = CARTESIAN_POINT('',(-351.7418045504,-61.86251812227,
    294.98788141562));
#10047 = CARTESIAN_POINT('',(-351.5339839443,-62.66148498743,
    294.75536377424));
#10048 = CARTESIAN_POINT('',(-351.3390515223,-63.47482715117,
    294.53750966069));
#10049 = CARTESIAN_POINT('',(-350.8835341726,-65.55456483454,
    294.02892791088));
#10050 = CARTESIAN_POINT('',(-350.6400843063,-66.84164665694,
    293.7576070088));
#10051 = CARTESIAN_POINT('',(-350.431472351,-68.15837907038,
    293.52546518218));
#10052 = CARTESIAN_POINT('',(-350.260982293,-69.49950654264,
    293.3359669585));
#10053 = CARTESIAN_POINT('',(-350.1311634433,-70.85967902978,
    293.19178763992));
#10054 = CARTESIAN_POINT('',(-350.0438192219,-72.23347291664,
    293.0948190866));
#10055 = CARTESIAN_POINT('',(-350.,-73.61541364079,293.04617154899));
#10056 = CARTESIAN_POINT('',(-350.,-76.38493526036,293.04617154899));
#10057 = CARTESIAN_POINT('',(-350.043841308,-77.76723121986,
    293.09484360637));
#10058 = CARTESIAN_POINT('',(-350.1312303308,-79.14137977844,
    293.19186189756));
#10059 = CARTESIAN_POINT('',(-350.2611160703,-80.50189951173,
    293.33611553279));
#10060 = CARTESIAN_POINT('',(-350.4316932354,-81.84336001685,
    293.52571069098));
#10061 = CARTESIAN_POINT('',(-350.6404094205,-83.16040456582,
    293.75796879325));
#10062 = CARTESIAN_POINT('',(-350.8839763498,-84.44777106653,
    294.02942071502));
#10063 = CARTESIAN_POINT('',(-351.3400013131,-86.52929887566,
    294.53857068133));
#10064 = CARTESIAN_POINT('',(-351.5353665684,-87.34412258968,
    294.75690959251));
#10065 = CARTESIAN_POINT('',(-351.7436650554,-88.14451291412,
    294.98996363481));
#10066 = CARTESIAN_POINT('',(-351.9640818038,-88.93022502743,
    295.23688695796));
#10067 = CARTESIAN_POINT('',(-352.1958033145,-89.70103883672,
    295.49683752216));
#10068 = CARTESIAN_POINT('',(-352.4380181042,-90.45675896872,
    295.76897662332));
#10069 = CARTESIAN_POINT('',(-352.6899172484,-91.19721476071,
    296.05246841843));
#10070 = CARTESIAN_POINT('',(-353.3084631782,-92.91697061601,
    296.74984148105));
#10071 = CARTESIAN_POINT('',(-353.683059381,-93.88300015961,
    297.17313419289));
#10072 = CARTESIAN_POINT('',(-354.0727636966,-94.82088861537,
    297.61461436097));
#10073 = CARTESIAN_POINT('',(-354.4760016422,-95.73124216663,
    298.07270275354));
#10074 = CARTESIAN_POINT('',(-354.8913385562,-96.61472270108,
    298.54597934557));
#10075 = CARTESIAN_POINT('',(-355.3174740661,-97.47203706495,
    299.03317853178));
#10076 = CARTESIAN_POINT('',(-355.7532365554,-98.30392631711,
    299.53318433983));
#10077 = CARTESIAN_POINT('',(-357.4801491149,-101.4411859538,
    301.52243364321));
#10078 = CARTESIAN_POINT('',(-358.8379188432,-103.5725231171,
    303.10274399212));
#10079 = CARTESIAN_POINT('',(-360.2452191285,-105.5193380968,
    304.76225971775));
#10080 = CARTESIAN_POINT('',(-361.6827358139,-107.2968482452,
    306.48499423332));
#10081 = CARTESIAN_POINT('',(-363.1361529346,-108.9199258109,
    308.26149371886));
#10082 = CARTESIAN_POINT('',(-364.5947187036,-110.4022665882,
    310.08834381982));
#10083 = CARTESIAN_POINT('',(-366.0495867197,-111.7554133381,
    311.96753823351));
#10084 = CARTESIAN_POINT('',(-368.7509427263,-114.0673007987,
    315.60559417168));
#10085 = CARTESIAN_POINT('',(-369.9896508729,-115.044457076,
    317.33537822834));
#10086 = CARTESIAN_POINT('',(-371.2033763936,-115.9319752335,
    319.10649821015));
#10087 = CARTESIAN_POINT('',(-372.3850743367,-116.7350096833,
    320.92852550411));
#10088 = CARTESIAN_POINT('',(-373.5194862095,-117.4528818591,
    322.80763736269));
#10089 = CARTESIAN_POINT('',(-374.581283802,-118.081404467,
    324.74641904875));
#10090 = CARTESIAN_POINT('',(-375.5350410964,-118.6153573157,
    326.74621001315));
#10091 = CARTESIAN_POINT('',(-376.4989291231,-119.1331221945,
    329.22154187605));
#10092 = CARTESIAN_POINT('',(-376.652697338,-119.2148695735,
    329.63412086971));
#10093 = CARTESIAN_POINT('',(-376.8002832002,-119.2925596116,
    330.04941512451));
#10094 = CARTESIAN_POINT('',(-376.9413060853,-119.3661065813,
    330.46734857412));
#10095 = CARTESIAN_POINT('',(-377.0753923355,-119.4354303089,
    330.88786250516));
#10096 = CARTESIAN_POINT('',(-377.2021758121,-119.5004543427,
    331.31091554449));
#10097 = CARTESIAN_POINT('',(-377.3212984485,-119.5611041206,
    331.73648364644));
#10098 = CARTESIAN_POINT('',(-377.6177281139,-119.7110392835,
    332.87852185824));
#10099 = CARTESIAN_POINT('',(-377.7810032927,-119.792519818,
    333.60038561467));
#10100 = CARTESIAN_POINT('',(-377.92007913,-119.8611243105,
    334.32847258019));
#10101 = CARTESIAN_POINT('',(-378.0332034149,-119.9164224548,
    335.06139059031));
#10102 = CARTESIAN_POINT('',(-378.1190343747,-119.9581203325,
    335.79797301981));
#10103 = CARTESIAN_POINT('',(-378.1766420039,-119.9860207999,
    336.53721745997));
#10104 = CARTESIAN_POINT('',(-378.2055052822,-120.,337.27822413845));
#10105 = CARTESIAN_POINT('',(-378.2055052822,-120.,338.75658975924));
#10106 = CARTESIAN_POINT('',(-378.1770648264,-119.9862255856,
    339.49213748336));
#10107 = CARTESIAN_POINT('',(-378.1203097739,-119.9587380322,
    340.22593820864));
#10108 = CARTESIAN_POINT('',(-378.0357560416,-119.9176624678,
    340.95711165616));
#10109 = CARTESIAN_POINT('',(-377.9243161377,-119.8631951206,
    341.68467678281));
#10110 = CARTESIAN_POINT('',(-377.7873017758,-119.7956259567,
    342.40749249024));
#10111 = CARTESIAN_POINT('',(-377.6264225673,-119.7153767099,
    343.12419857328));
#10112 = CARTESIAN_POINT('',(-377.3334643309,-119.5672911451,
    344.26137097));
#10113 = CARTESIAN_POINT('',(-377.2151245231,-119.5070810097,
    344.68708423556));
#10114 = CARTESIAN_POINT('',(-377.0891105675,-119.4424988027,
    345.1102895343));
#10115 = CARTESIAN_POINT('',(-376.9557803777,-119.3736194636,
    345.53096231492));
#10116 = CARTESIAN_POINT('',(-376.8155000308,-119.3005197995,
    345.94906063216));
#10117 = CARTESIAN_POINT('',(-376.6686432152,-119.2232803223,
    346.36452513384));
#10118 = CARTESIAN_POINT('',(-376.515590678,-119.1419870847,
    346.77727904784));
#10119 = CARTESIAN_POINT('',(-375.5549018847,-118.626428553,
    349.25638664864));
#10120 = CARTESIAN_POINT('',(-374.6029237686,-118.0940625255,
    351.25970962697));
#10121 = CARTESIAN_POINT('',(-373.5423707405,-117.4670371608,
    353.20196801648));
#10122 = CARTESIAN_POINT('',(-372.4088368942,-116.7506162638,
    355.08447730423));
#10123 = CARTESIAN_POINT('',(-371.227772853,-115.949030062,
    356.90980733385));
#10124 = CARTESIAN_POINT('',(-370.0144990667,-115.0629884687,
    358.68415975047));
#10125 = CARTESIAN_POINT('',(-368.7760610313,-114.0873368955,
    360.41718102318));
#10126 = CARTESIAN_POINT('',(-366.0690484627,-111.7737118369,
    364.0701658123));
#10127 = CARTESIAN_POINT('',(-364.6082098743,-110.4164580957,
    365.96036904288));
#10128 = CARTESIAN_POINT('',(-363.1435236812,-108.9290177769,
    367.79785589872));
#10129 = CARTESIAN_POINT('',(-361.6838840735,-107.2996641344,
    369.58470450786));
#10130 = CARTESIAN_POINT('',(-360.2401419605,-105.5144713189,
    371.3174723077));
#10131 = CARTESIAN_POINT('',(-358.8267942003,-103.5583153683,
    372.98654455907));
#10132 = CARTESIAN_POINT('',(-357.4634496532,-101.415723895,
    374.57563037861));
#10133 = CARTESIAN_POINT('',(-355.7341538981,-98.26752995237,
    376.57050041441));
#10134 = CARTESIAN_POINT('',(-355.3006192052,-97.43825085277,
    377.06868463918));
#10135 = CARTESIAN_POINT('',(-354.8766491304,-96.58370825691,
    377.55413831314));
#10136 = CARTESIAN_POINT('',(-354.4634038853,-95.70316583931,
    378.02575320124));
#10137 = CARTESIAN_POINT('',(-354.062171211,-94.79592115312,
    378.48227274188));
#10138 = CARTESIAN_POINT('',(-353.674371829,-93.86131624605,
    378.92228731141));
#10139 = CARTESIAN_POINT('',(-353.3015648914,-92.89874827622,
    379.34422948869));
#10140 = CARTESIAN_POINT('',(-352.6853998986,-91.18394387228,
    380.04003547769));
#10141 = CARTESIAN_POINT('',(-352.4341872845,-90.4448358044,
    380.32321181403));
#10142 = CARTESIAN_POINT('',(-352.1926179605,-89.69050018665,
    380.59506672857));
#10143 = CARTESIAN_POINT('',(-351.9614975168,-88.92110584272,
    380.85476610943));
#10144 = CARTESIAN_POINT('',(-351.7416342225,-88.13684616355,
    381.1014728635));
#10145 = CARTESIAN_POINT('',(-351.5338384852,-87.33793911324,
    381.33434644697));
#10146 = CARTESIAN_POINT('',(-351.3389223107,-86.52462723492,
    381.55254239597));
#10147 = CARTESIAN_POINT('',(-350.8834867689,-84.44515163479,
    382.06187397382));
#10148 = CARTESIAN_POINT('',(-350.6400766115,-83.15825731999,
    382.33360037023));
#10149 = CARTESIAN_POINT('',(-350.4314818816,-81.8416470074,
    382.56610848561));
#10150 = CARTESIAN_POINT('',(-350.2609951333,-80.50058630223,
    382.75591805713));
#10151 = CARTESIAN_POINT('',(-350.1311725867,-79.14043501423,
    382.90034135345));
#10152 = CARTESIAN_POINT('',(-350.0438228987,-77.76662635204,
    382.99747736534));
#10153 = CARTESIAN_POINT('',(-350.,-76.38464441753,383.04620995352));
#10154 = CARTESIAN_POINT('',(-350.,-75.,383.04620995352));
#10155 = PCURVE('',#311,#10156);
#10156 = DEFINITIONAL_REPRESENTATION('',(#10157),#10337);
#10157 = B_SPLINE_CURVE_WITH_KNOTS('',3,(#10158,#10159,#10160,#10161,
    #10162,#10163,#10164,#10165,#10166,#10167,#10168,#10169,#10170,
    #10171,#10172,#10173,#10174,#10175,#10176,#10177,#10178,#10179,
    #10180,#10181,#10182,#10183,#10184,#10185,#10186,#10187,#10188,
    #10189,#10190,#10191,#10192,#10193,#10194,#10195,#10196,#10197,
    #10198,#10199,#10200,#10201,#10202,#10203,#10204,#10205,#10206,
    #10207,#10208,#10209,#10210,#10211,#10212,#10213,#10214,#10215,
    #10216,#10217,#10218,#10219,#10220,#10221,#10222,#10223,#10224,
    #10225,#10226,#10227,#10228,#10229,#10230,#10231,#10232,#10233,
    #10234,#10235,#10236,#10237,#10238,#10239,#10240,#10241,#10242,
    #10243,#10244,#10245,#10246,#10247,#10248,#10249,#10250,#10251,
    #10252,#10253,#10254,#10255,#10256,#10257,#10258,#10259,#10260,
    #10261,#10262,#10263,#10264,#10265,#10266,#10267,#10268,#10269,
    #10270,#10271,#10272,#10273,#10274,#10275,#10276,#10277,#10278,
    #10279,#10280,#10281,#10282,#10283,#10284,#10285,#10286,#10287,
    #10288,#10289,#10290,#10291,#10292,#10293,#10294,#10295,#10296,
    #10297,#10298,#10299,#10300,#10301,#10302,#10303,#10304,#10305,
    #10306,#10307,#10308,#10309,#10310,#10311,#10312,#10313,#10314,
    #10315,#10316,#10317,#10318,#10319,#10320,#10321,#10322,#10323,
    #10324,#10325,#10326,#10327,#10328,#10329,#10330,#10331,#10332,
    #10333,#10334,#10335,#10336),.UNSPECIFIED.,.F.,.F.,(4,1,1,1,1,1,1,1,
    1,1,1,1,1,1,1,1,1,1,1,1,1,1,1,1,1,1,1,1,1,1,1,1,1,1,1,1,1,1,1,1,1,1,
    1,1,1,1,1,1,1,1,1,1,1,1,1,1,1,1,1,1,1,1,1,1,1,1,1,1,1,1,1,1,1,1,1,1,
    1,1,1,1,1,1,1,1,1,1,1,1,1,1,1,1,1,1,1,1,1,1,1,1,1,1,1,1,1,1,1,1,1,1,
    1,1,1,1,1,1,1,1,1,1,1,1,1,1,1,1,1,1,1,1,1,1,1,1,1,1,1,1,1,1,1,1,1,1,
    1,1,1,1,1,1,1,1,1,1,1,1,1,1,1,1,1,1,1,1,1,1,1,1,1,1,1,1,1,1,1,1,4),(
    0.,6.779580711603E-03,1.355916142321E-02,2.033874213481E-02,
    2.711832284641E-02,3.389790355801E-02,4.067748426962E-02,
    4.745706498122E-02,5.423664569282E-02,6.101622640442E-02,
    6.779580711603E-02,7.457538782763E-02,8.135496853923E-02,
    8.813454925083E-02,9.491412996244E-02,0.101693710674,0.108473291386,
    0.115252872097,0.122032452809,0.12881203352,0.135591614232,
    0.142371194944,0.149150775655,0.155930356367,0.162709937078,
    0.16948951779,0.176269098502,0.183048679213,0.189828259925,
    0.196607840636,0.203387421348,0.21016700206,0.216946582771,
    0.223726163483,0.230505744194,0.237285324906,0.244064905618,
    0.250844486329,0.257624067041,0.264403647753,0.271183228464,
    0.277962809176,0.284742389887,0.291521970599,0.298301551311,
    0.305081132022,0.311860712734,0.318640293445,0.325419874157,
    0.332199454869,0.33897903558,0.345758616292,0.352538197003,
    0.359317777715,0.366097358427,0.372876939138,0.37965651985,
    0.386436100561,0.393215681273,0.399995261985,0.406774842696,
    0.413554423408,0.420334004119,0.427113584831,0.433893165543,
    0.440672746254,0.447452326966,0.454231907677,0.461011488389,
    0.467791069101,0.474570649812,0.481350230524,0.488129811235,
    0.494909391947,0.501688972659,0.50846855337,0.515248134082,
    0.522027714793,0.528807295505,0.535586876217,0.542366456928,
    0.54914603764,0.555925618351,0.562705199063,0.569484779775,
    0.576264360486,0.583043941198,0.589823521909,0.596603102621,
    0.603382683333,0.610162264044,0.616941844756,0.623721425467,
    0.630501006179,0.637280586891,0.644060167602,0.650839748314,
    0.657619329025,0.664398909737,0.671178490449,0.67795807116,
    0.684737651872,0.691517232583,0.698296813295,0.705076394007,
    0.711855974718,0.71863555543,0.725415136141,0.732194716853,
    0.738974297565,0.745753878276,0.752533458988,0.759313039699,
    0.766092620411,0.772872201123,0.779651781834,0.786431362546,
    0.793210943258,0.799990523969,0.806770104681,0.813549685392,
    0.820329266104,0.827108846816,0.833888427527,0.840668008239,
    0.84744758895,0.854227169662,0.861006750374,0.867786331085,
    0.874565911797,0.881345492508,0.88812507322,0.894904653932,
    0.901684234643,0.908463815355,0.915243396066,0.922022976778,
    0.92880255749,0.935582138201,0.942361718913,0.949141299624,
    0.955920880336,0.962700461048,0.969480041759,0.976259622471,
    0.983039203182,0.989818783894,0.996598364606,1.003377945317,
    1.010157526029,1.01693710674,1.023716687452,1.030496268164,
    1.037275848875,1.044055429587,1.050835010298,1.05761459101,
    1.064394171722,1.071173752433,1.077953333145,1.084732913856,
    1.091512494568,1.09829207528,1.105071655991,1.111851236703,
    1.118630817414,1.125410398126,1.132189978838,1.138969559549,
    1.145749140261,1.152528720972,1.159308301684,1.166087882396,
    1.172867463107,1.179647043819,1.18642662453,1.193206205242),
  .QUASI_UNIFORM_KNOTS.);
#10158 = CARTESIAN_POINT('',(3.84975622903,40.505816710147));
#10159 = CARTESIAN_POINT('',(3.842950684783,40.673587831732));
#10160 = CARTESIAN_POINT('',(3.829267752488,41.007760385584));
#10161 = CARTESIAN_POINT('',(3.808517570861,41.504325027841));
#10162 = CARTESIAN_POINT('',(3.787531372674,41.995623526003));
#10163 = CARTESIAN_POINT('',(3.766298860159,42.481037847015));
#10164 = CARTESIAN_POINT('',(3.744810185257,42.959906918161));
#10165 = CARTESIAN_POINT('',(3.723053859163,43.431563003356));
#10166 = CARTESIAN_POINT('',(3.701024479957,43.895172647972));
#10167 = CARTESIAN_POINT('',(3.678690119373,44.350402141155));
#10168 = CARTESIAN_POINT('',(3.656034136338,44.796510139708));
#10169 = CARTESIAN_POINT('',(3.6330449871,45.232594839351));
#10170 = CARTESIAN_POINT('',(3.609709868666,45.657719091028));
#10171 = CARTESIAN_POINT('',(3.5860164188,46.07087451581));
#10172 = CARTESIAN_POINT('',(3.561952065331,46.470991666874));
#10173 = CARTESIAN_POINT('',(3.537504692551,46.856927004586));
#10174 = CARTESIAN_POINT('',(3.512660358375,47.227496572068));
#10175 = CARTESIAN_POINT('',(3.48740733225,47.581405953613));
#10176 = CARTESIAN_POINT('',(3.461751318631,47.917072319979));
#10177 = CARTESIAN_POINT('',(3.435694571549,48.232957125067));
#10178 = CARTESIAN_POINT('',(3.409237178722,48.527526080988));
#10179 = CARTESIAN_POINT('',(3.382387230472,48.799163505987));
#10180 = CARTESIAN_POINT('',(3.355118651369,49.04655893526));
#10181 = CARTESIAN_POINT('',(3.327452903613,49.267902837963));
#10182 = CARTESIAN_POINT('',(3.299448988835,49.461253382478));
#10183 = CARTESIAN_POINT('',(3.271153325342,49.625006406804));
#10184 = CARTESIAN_POINT('',(3.242613442274,49.757771821037));
#10185 = CARTESIAN_POINT('',(3.213874975891,49.858409738357));
#10186 = CARTESIAN_POINT('',(3.184981750481,49.926019066455));
#10187 = CARTESIAN_POINT('',(3.155980234223,49.959955197127));
#10188 = CARTESIAN_POINT('',(3.126903420924,49.959777511231));
#10189 = CARTESIAN_POINT('',(3.097902834202,49.925489058759));
#10190 = CARTESIAN_POINT('',(3.069010746201,49.857532311404));
#10191 = CARTESIAN_POINT('',(3.040273867175,49.756554375775));
#10192 = CARTESIAN_POINT('',(3.011736010817,49.623458875077));
#10193 = CARTESIAN_POINT('',(2.983442867936,49.459388331039));
#10194 = CARTESIAN_POINT('',(2.955442034091,49.265735876149));
#10195 = CARTESIAN_POINT('',(2.927779902697,49.044107812117));
#10196 = CARTESIAN_POINT('',(2.90051582662,48.796452120834));
#10197 = CARTESIAN_POINT('',(2.873670162778,48.524569475773));
#10198 = CARTESIAN_POINT('',(2.847217233603,48.229773583741));
#10199 = CARTESIAN_POINT('',(2.821164968904,47.913678750642));
#10200 = CARTESIAN_POINT('',(2.795513443445,47.577818835678));
#10201 = CARTESIAN_POINT('',(2.770264855832,47.223731402963));
#10202 = CARTESIAN_POINT('',(2.745424865444,46.852998200329));
#10203 = CARTESIAN_POINT('',(2.720981753381,46.466913174819));
#10204 = CARTESIAN_POINT('',(2.696921550825,46.066659198683));
#10205 = CARTESIAN_POINT('',(2.673232133328,45.653378973716));
#10206 = CARTESIAN_POINT('',(2.649900918152,45.228141079561));
#10207 = CARTESIAN_POINT('',(2.626915518342,44.791952707459));
#10208 = CARTESIAN_POINT('',(2.604263160891,44.345750955876));
#10209 = CARTESIAN_POINT('',(2.581932123367,43.890433193176));
#10210 = CARTESIAN_POINT('',(2.559906361699,43.426752590235));
#10211 = CARTESIAN_POINT('',(2.538153540281,42.955034114298));
#10212 = CARTESIAN_POINT('',(2.516668203225,42.476109465916));
#10213 = CARTESIAN_POINT('',(2.495438878071,41.990646000521));
#10214 = CARTESIAN_POINT('',(2.474455715517,41.499304939124));
#10215 = CARTESIAN_POINT('',(2.453708416874,41.002701189892));
#10216 = CARTESIAN_POINT('',(2.433186764602,40.501416368417));
#10217 = CARTESIAN_POINT('',(2.412880456021,39.995997615378));
#10218 = CARTESIAN_POINT('',(2.392779124398,39.486960285309));
#10219 = CARTESIAN_POINT('',(2.37287231047,38.974789679402));
#10220 = CARTESIAN_POINT('',(2.35314944787,38.459943133611));
#10221 = CARTESIAN_POINT('',(2.333599845395,37.942852130898));
#10222 = CARTESIAN_POINT('',(2.31421267063,37.423924548021));
#10223 = CARTESIAN_POINT('',(2.294976933681,36.90354703365));
#10224 = CARTESIAN_POINT('',(2.275881470962,36.382087537578));
#10225 = CARTESIAN_POINT('',(2.256914929917,35.859898042806));
#10226 = CARTESIAN_POINT('',(2.238065750449,35.337317411288));
#10227 = CARTESIAN_POINT('',(2.219322158135,34.81467479633));
#10228 = CARTESIAN_POINT('',(2.200672112008,34.292292056985));
#10229 = CARTESIAN_POINT('',(2.182103419391,33.770491148302));
#10230 = CARTESIAN_POINT('',(2.16360322355,33.249584335094));
#10231 = CARTESIAN_POINT('',(2.145159826929,32.729930053337));
#10232 = CARTESIAN_POINT('',(2.126755791212,32.211745473821));
#10233 = CARTESIAN_POINT('',(2.108442934564,31.697217116443));
#10234 = CARTESIAN_POINT('',(2.090191155615,31.186241881725));
#10235 = CARTESIAN_POINT('',(2.071983574049,30.679117986675));
#10236 = CARTESIAN_POINT('',(2.053801590925,30.176131327841));
#10237 = CARTESIAN_POINT('',(2.035628827512,29.677674229698));
#10238 = CARTESIAN_POINT('',(2.01744999362,29.184220797477));
#10239 = CARTESIAN_POINT('',(1.999251101734,28.696339909197));
#10240 = CARTESIAN_POINT('',(1.98101930703,28.214697293854));
#10241 = CARTESIAN_POINT('',(1.962742833541,27.740059656267));
#10242 = CARTESIAN_POINT('',(1.944410862581,27.273297320648));
#10243 = CARTESIAN_POINT('',(1.926013416377,26.815386283182));
#10244 = CARTESIAN_POINT('',(1.907541226788,26.367409357395));
#10245 = CARTESIAN_POINT('',(1.88898559457,25.930556481919));
#10246 = CARTESIAN_POINT('',(1.870338225227,25.506123901374));
#10247 = CARTESIAN_POINT('',(1.851591089496,25.095512958846));
#10248 = CARTESIAN_POINT('',(1.832736127452,24.700225464238));
#10249 = CARTESIAN_POINT('',(1.813765469033,24.321866649791));
#10250 = CARTESIAN_POINT('',(1.794669656965,23.962114288226));
#10251 = CARTESIAN_POINT('',(1.775443250699,23.622808223199));
#10252 = CARTESIAN_POINT('',(1.756062471014,23.305578598975));
#10253 = CARTESIAN_POINT('',(1.736524866826,23.01253169131));
#10254 = CARTESIAN_POINT('',(1.716833256424,22.745870810226));
#10255 = CARTESIAN_POINT('',(1.696989875126,22.50774950273));
#10256 = CARTESIAN_POINT('',(1.676970511928,22.300039323758));
#10257 = CARTESIAN_POINT('',(1.656809450874,22.125173136292));
#10258 = CARTESIAN_POINT('',(1.636537461548,21.985181281576));
#10259 = CARTESIAN_POINT('',(1.616179504228,21.881693857535));
#10260 = CARTESIAN_POINT('',(1.595757862854,21.815942558396));
#10261 = CARTESIAN_POINT('',(1.575287722569,21.788749983378));
#10262 = CARTESIAN_POINT('',(1.554797382083,21.800576495521));
#10263 = CARTESIAN_POINT('',(1.534357778809,21.851203617087));
#10264 = CARTESIAN_POINT('',(1.513973639646,21.939947374237));
#10265 = CARTESIAN_POINT('',(1.493668174368,22.065745626101));
#10266 = CARTESIAN_POINT('',(1.473464641706,22.227120789261));
#10267 = CARTESIAN_POINT('',(1.453388876038,22.422235516062));
#10268 = CARTESIAN_POINT('',(1.433483350019,22.648705176725));
#10269 = CARTESIAN_POINT('',(1.413738933194,22.9044841025));
#10270 = CARTESIAN_POINT('',(1.394148482059,23.187529697665));
#10271 = CARTESIAN_POINT('',(1.374712801856,23.495686128859));
#10272 = CARTESIAN_POINT('',(1.355439005814,23.826674388411));
#10273 = CARTESIAN_POINT('',(1.336302659909,24.178817932757));
#10274 = CARTESIAN_POINT('',(1.317295281803,24.55029431764));
#10275 = CARTESIAN_POINT('',(1.298407897465,24.939376640402));
#10276 = CARTESIAN_POINT('',(1.279632298509,25.344425001413));
#10277 = CARTESIAN_POINT('',(1.260960421079,25.763896376534));
#10278 = CARTESIAN_POINT('',(1.24238424833,26.196347948268));
#10279 = CARTESIAN_POINT('',(1.223895591778,26.640440676109));
#10280 = CARTESIAN_POINT('',(1.205485923387,27.094941378653));
#10281 = CARTESIAN_POINT('',(1.187146211541,27.558723877064));
#10282 = CARTESIAN_POINT('',(1.168866773019,28.030769127546));
#10283 = CARTESIAN_POINT('',(1.150637136445,28.510164459363));
#10284 = CARTESIAN_POINT('',(1.132445920758,28.996101879492));
#10285 = CARTESIAN_POINT('',(1.114280716845,29.487875816209));
#10286 = CARTESIAN_POINT('',(1.096128014084,29.984879162564));
#10287 = CARTESIAN_POINT('',(1.077973014615,30.486602093104));
#10288 = CARTESIAN_POINT('',(1.059799920078,30.992617167123));
#10289 = CARTESIAN_POINT('',(1.04159050651,31.502612437808));
#10290 = CARTESIAN_POINT('',(1.023329137008,32.016242400535));
#10291 = CARTESIAN_POINT('',(1.004983794669,32.533655930149));
#10292 = CARTESIAN_POINT('',(0.986577112092,33.053481969816));
#10293 = CARTESIAN_POINT('',(0.968127373093,33.574487477558));
#10294 = CARTESIAN_POINT('',(0.949613117596,34.096583896332));
#10295 = CARTESIAN_POINT('',(0.931023927566,34.619386877192));
#10296 = CARTESIAN_POINT('',(0.912346792381,35.142596351999));
#10297 = CARTESIAN_POINT('',(0.893569737629,35.665889320199));
#10298 = CARTESIAN_POINT('',(0.874680829738,36.188943635387));
#10299 = CARTESIAN_POINT('',(0.855668420818,36.711427081318));
#10300 = CARTESIAN_POINT('',(0.836521062014,37.232996100264));
#10301 = CARTESIAN_POINT('',(0.817227506195,37.753292249804));
#10302 = CARTESIAN_POINT('',(0.797776686953,38.271939548305));
#10303 = CARTESIAN_POINT('',(0.778157703984,38.788541829621));
#10304 = CARTESIAN_POINT('',(0.75835980658,39.302680312451));
#10305 = CARTESIAN_POINT('',(0.738372377363,39.813911299942));
#10306 = CARTESIAN_POINT('',(0.718184915371,40.321764009855));
#10307 = CARTESIAN_POINT('',(0.697787019325,40.825738496611));
#10308 = CARTESIAN_POINT('',(0.677168368354,41.325303708002));
#10309 = CARTESIAN_POINT('',(0.656318709888,41.819895442554));
#10310 = CARTESIAN_POINT('',(0.635227818482,42.308915009453));
#10311 = CARTESIAN_POINT('',(0.613885560691,42.791725536181));
#10312 = CARTESIAN_POINT('',(0.592281561687,43.267657270214));
#10313 = CARTESIAN_POINT('',(0.570406355658,43.735979483312));
#10314 = CARTESIAN_POINT('',(0.548246996076,44.195997147064));
#10315 = CARTESIAN_POINT('',(0.525769373444,44.647375350485));
#10316 = CARTESIAN_POINT('',(0.50296529666,45.089167697542));
#10317 = CARTESIAN_POINT('',(0.479820951683,45.520488641121));
#10318 = CARTESIAN_POINT('',(0.456324099582,45.940356894134));
#10319 = CARTESIAN_POINT('',(0.432462241225,46.347733656102));
#10320 = CARTESIAN_POINT('',(0.408222539156,46.741517981566));
#10321 = CARTESIAN_POINT('',(0.383593713658,47.120518765738));
#10322 = CARTESIAN_POINT('',(0.358558157847,47.483564529272));
#10323 = CARTESIAN_POINT('',(0.333116224977,47.829155221297));
#10324 = CARTESIAN_POINT('',(0.307271444297,48.15573289602));
#10325 = CARTESIAN_POINT('',(0.281025739649,48.461749869059));
#10326 = CARTESIAN_POINT('',(0.254380273962,48.74565041007));
#10327 = CARTESIAN_POINT('',(0.227336651838,49.00587977906));
#10328 = CARTESIAN_POINT('',(0.199867133227,49.241087573377));
#10329 = CARTESIAN_POINT('',(0.172033268479,49.449170386925));
#10330 = CARTESIAN_POINT('',(0.143882214145,49.628404132592));
#10331 = CARTESIAN_POINT('',(0.115462586966,49.77726835676));
#10332 = CARTESIAN_POINT('',(8.682058987655E-02,49.894493441512));
#10333 = CARTESIAN_POINT('',(5.800141186378E-02,49.979057671846));
#10334 = CARTESIAN_POINT('',(2.904927854728E-02,50.030160623422));
#10335 = CARTESIAN_POINT('',(9.688185627015E-03,50.041613588771));
#10336 = CARTESIAN_POINT('',(0.,50.041593011982));
#10337 = ( GEOMETRIC_REPRESENTATION_CONTEXT(2) 
PARAMETRIC_REPRESENTATION_CONTEXT() REPRESENTATION_CONTEXT('2D SPACE',''
  ) );
#10338 = PCURVE('',#181,#10339);
#10339 = DEFINITIONAL_REPRESENTATION('',(#10340),#10520);
#10340 = B_SPLINE_CURVE_WITH_KNOTS('',3,(#10341,#10342,#10343,#10344,
    #10345,#10346,#10347,#10348,#10349,#10350,#10351,#10352,#10353,
    #10354,#10355,#10356,#10357,#10358,#10359,#10360,#10361,#10362,
    #10363,#10364,#10365,#10366,#10367,#10368,#10369,#10370,#10371,
    #10372,#10373,#10374,#10375,#10376,#10377,#10378,#10379,#10380,
    #10381,#10382,#10383,#10384,#10385,#10386,#10387,#10388,#10389,
    #10390,#10391,#10392,#10393,#10394,#10395,#10396,#10397,#10398,
    #10399,#10400,#10401,#10402,#10403,#10404,#10405,#10406,#10407,
    #10408,#10409,#10410,#10411,#10412,#10413,#10414,#10415,#10416,
    #10417,#10418,#10419,#10420,#10421,#10422,#10423,#10424,#10425,
    #10426,#10427,#10428,#10429,#10430,#10431,#10432,#10433,#10434,
    #10435,#10436,#10437,#10438,#10439,#10440,#10441,#10442,#10443,
    #10444,#10445,#10446,#10447,#10448,#10449,#10450,#10451,#10452,
    #10453,#10454,#10455,#10456,#10457,#10458,#10459,#10460,#10461,
    #10462,#10463,#10464,#10465,#10466,#10467,#10468,#10469,#10470,
    #10471,#10472,#10473,#10474,#10475,#10476,#10477,#10478,#10479,
    #10480,#10481,#10482,#10483,#10484,#10485,#10486,#10487,#10488,
    #10489,#10490,#10491,#10492,#10493,#10494,#10495,#10496,#10497,
    #10498,#10499,#10500,#10501,#10502,#10503,#10504,#10505,#10506,
    #10507,#10508,#10509,#10510,#10511,#10512,#10513,#10514,#10515,
    #10516,#10517,#10518,#10519),.UNSPECIFIED.,.F.,.F.,(4,1,1,1,1,1,1,1,
    1,1,1,1,1,1,1,1,1,1,1,1,1,1,1,1,1,1,1,1,1,1,1,1,1,1,1,1,1,1,1,1,1,1,
    1,1,1,1,1,1,1,1,1,1,1,1,1,1,1,1,1,1,1,1,1,1,1,1,1,1,1,1,1,1,1,1,1,1,
    1,1,1,1,1,1,1,1,1,1,1,1,1,1,1,1,1,1,1,1,1,1,1,1,1,1,1,1,1,1,1,1,1,1,
    1,1,1,1,1,1,1,1,1,1,1,1,1,1,1,1,1,1,1,1,1,1,1,1,1,1,1,1,1,1,1,1,1,1,
    1,1,1,1,1,1,1,1,1,1,1,1,1,1,1,1,1,1,1,1,1,1,1,1,1,1,1,1,1,1,1,1,4),(
    0.,6.779580711603E-03,1.355916142321E-02,2.033874213481E-02,
    2.711832284641E-02,3.389790355801E-02,4.067748426962E-02,
    4.745706498122E-02,5.423664569282E-02,6.101622640442E-02,
    6.779580711603E-02,7.457538782763E-02,8.135496853923E-02,
    8.813454925083E-02,9.491412996244E-02,0.101693710674,0.108473291386,
    0.115252872097,0.122032452809,0.12881203352,0.135591614232,
    0.142371194944,0.149150775655,0.155930356367,0.162709937078,
    0.16948951779,0.176269098502,0.183048679213,0.189828259925,
    0.196607840636,0.203387421348,0.21016700206,0.216946582771,
    0.223726163483,0.230505744194,0.237285324906,0.244064905618,
    0.250844486329,0.257624067041,0.264403647753,0.271183228464,
    0.277962809176,0.284742389887,0.291521970599,0.298301551311,
    0.305081132022,0.311860712734,0.318640293445,0.325419874157,
    0.332199454869,0.33897903558,0.345758616292,0.352538197003,
    0.359317777715,0.366097358427,0.372876939138,0.37965651985,
    0.386436100561,0.393215681273,0.399995261985,0.406774842696,
    0.413554423408,0.420334004119,0.427113584831,0.433893165543,
    0.440672746254,0.447452326966,0.454231907677,0.461011488389,
    0.467791069101,0.474570649812,0.481350230524,0.488129811235,
    0.494909391947,0.501688972659,0.50846855337,0.515248134082,
    0.522027714793,0.528807295505,0.535586876217,0.542366456928,
    0.54914603764,0.555925618351,0.562705199063,0.569484779775,
    0.576264360486,0.583043941198,0.589823521909,0.596603102621,
    0.603382683333,0.610162264044,0.616941844756,0.623721425467,
    0.630501006179,0.637280586891,0.644060167602,0.650839748314,
    0.657619329025,0.664398909737,0.671178490449,0.67795807116,
    0.684737651872,0.691517232583,0.698296813295,0.705076394007,
    0.711855974718,0.71863555543,0.725415136141,0.732194716853,
    0.738974297565,0.745753878276,0.752533458988,0.759313039699,
    0.766092620411,0.772872201123,0.779651781834,0.786431362546,
    0.793210943258,0.799990523969,0.806770104681,0.813549685392,
    0.820329266104,0.827108846816,0.833888427527,0.840668008239,
    0.84744758895,0.854227169662,0.861006750374,0.867786331085,
    0.874565911797,0.881345492508,0.88812507322,0.894904653932,
    0.901684234643,0.908463815355,0.915243396066,0.922022976778,
    0.92880255749,0.935582138201,0.942361718913,0.949141299624,
    0.955920880336,0.962700461048,0.969480041759,0.976259622471,
    0.983039203182,0.989818783894,0.996598364606,1.003377945317,
    1.010157526029,1.01693710674,1.023716687452,1.030496268164,
    1.037275848875,1.044055429587,1.050835010298,1.05761459101,
    1.064394171722,1.071173752433,1.077953333145,1.084732913856,
    1.091512494568,1.09829207528,1.105071655991,1.111851236703,
    1.118630817414,1.125410398126,1.132189978838,1.138969559549,
    1.145749140261,1.152528720972,1.159308301684,1.166087882396,
    1.172867463107,1.179647043819,1.18642662453,1.193206205242),
  .QUASI_UNIFORM_KNOTS.);
#10341 = CARTESIAN_POINT('',(6.908553715187,15.857340644082));
#10342 = CARTESIAN_POINT('',(6.902815436594,15.658302568277));
#10343 = CARTESIAN_POINT('',(6.891249361054,15.262857218256));
#10344 = CARTESIAN_POINT('',(6.873625309947,14.678052823222));
#10345 = CARTESIAN_POINT('',(6.855720021361,14.102065531321));
#10346 = CARTESIAN_POINT('',(6.837526904939,13.535410948002));
#10347 = CARTESIAN_POINT('',(6.819039632803,12.978658907766));
#10348 = CARTESIAN_POINT('',(6.800250316997,12.432391673265));
#10349 = CARTESIAN_POINT('',(6.78115625091,11.897385971641));
#10350 = CARTESIAN_POINT('',(6.761731573639,11.373846514538));
#10351 = CARTESIAN_POINT('',(6.74196343403,10.862454878455));
#10352 = CARTESIAN_POINT('',(6.721843357604,10.364077869742));
#10353 = CARTESIAN_POINT('',(6.701361720727,9.879623721568));
#10354 = CARTESIAN_POINT('',(6.680509250796,9.410082838167));
#10355 = CARTESIAN_POINT('',(6.659276474668,8.956515792716));
#10356 = CARTESIAN_POINT('',(6.637654325337,8.520067763403));
#10357 = CARTESIAN_POINT('',(6.615632142276,8.101929963094));
#10358 = CARTESIAN_POINT('',(6.593201248529,7.703419532259));
#10359 = CARTESIAN_POINT('',(6.570368567062,7.32617839654));
#10360 = CARTESIAN_POINT('',(6.547138143278,6.971798514709));
#10361 = CARTESIAN_POINT('',(6.523512244847,6.641868841918));
#10362 = CARTESIAN_POINT('',(6.499500479265,6.338072061035));
#10363 = CARTESIAN_POINT('',(6.475082036966,6.06175415043));
#10364 = CARTESIAN_POINT('',(6.450278803624,5.814824504411));
#10365 = CARTESIAN_POINT('',(6.425146679645,5.599345271511));
#10366 = CARTESIAN_POINT('',(6.399730638412,5.417009938098));
#10367 = CARTESIAN_POINT('',(6.37407692933,5.269284348267));
#10368 = CARTESIAN_POINT('',(6.34823033768,5.157368881618));
#10369 = CARTESIAN_POINT('',(6.322234204199,5.082213231199));
#10370 = CARTESIAN_POINT('',(6.296134391081,5.044498327584));
#10371 = CARTESIAN_POINT('',(6.269964734649,5.044695782924));
#10372 = CARTESIAN_POINT('',(6.243865801553,5.082802303059));
#10373 = CARTESIAN_POINT('',(6.217870777803,5.158344402084));
#10374 = CARTESIAN_POINT('',(6.192025742367,5.270638549636));
#10375 = CARTESIAN_POINT('',(6.166374024856,5.418732403196));
#10376 = CARTESIAN_POINT('',(6.140960457567,5.60142280001));
#10377 = CARTESIAN_POINT('',(6.115831346814,5.817240633483));
#10378 = CARTESIAN_POINT('',(6.09103164057,6.064490135307));
#10379 = CARTESIAN_POINT('',(6.066617549275,6.341102353455));
#10380 = CARTESIAN_POINT('',(6.042609965467,6.645177833072));
#10381 = CARTESIAN_POINT('',(6.018988434157,6.975367024193));
#10382 = CARTESIAN_POINT('',(5.99576241694,7.329988809011));
#10383 = CARTESIAN_POINT('',(5.972934168205,7.707454731865));
#10384 = CARTESIAN_POINT('',(5.950507682346,8.106173944701));
#10385 = CARTESIAN_POINT('',(5.92848984096,8.524505740031));
#10386 = CARTESIAN_POINT('',(5.906871976568,8.961133503624));
#10387 = CARTESIAN_POINT('',(5.885643404444,9.414867249985));
#10388 = CARTESIAN_POINT('',(5.864795049568,9.884562748293));
#10389 = CARTESIAN_POINT('',(5.844317429374,10.369160406659));
#10390 = CARTESIAN_POINT('',(5.824201249883,10.867671178244));
#10391 = CARTESIAN_POINT('',(5.804436913843,11.379186883841));
#10392 = CARTESIAN_POINT('',(5.785015792638,11.902845846744));
#10393 = CARTESIAN_POINT('',(5.765925553837,12.437952862003));
#10394 = CARTESIAN_POINT('',(5.74713998246,12.98431327095));
#10395 = CARTESIAN_POINT('',(5.7286563264,13.541152395929));
#10396 = CARTESIAN_POINT('',(5.710466714172,14.107888485012));
#10397 = CARTESIAN_POINT('',(5.692564814546,14.68395142682));
#10398 = CARTESIAN_POINT('',(5.674944052538,15.268829840027));
#10399 = CARTESIAN_POINT('',(5.657598090346,15.86205706916));
#10400 = CARTESIAN_POINT('',(5.640520704101,16.463213639285));
#10401 = CARTESIAN_POINT('',(5.62370582543,17.071925380535));
#10402 = CARTESIAN_POINT('',(5.60714754206,17.687862785388));
#10403 = CARTESIAN_POINT('',(5.59084011289,18.310740102046));
#10404 = CARTESIAN_POINT('',(5.574777983036,18.940314560009));
#10405 = CARTESIAN_POINT('',(5.558955803085,19.576385619122));
#10406 = CARTESIAN_POINT('',(5.543368451907,20.21879426636));
#10407 = CARTESIAN_POINT('',(5.528011063461,20.867422364087));
#10408 = CARTESIAN_POINT('',(5.512879058703,21.522192009081));
#10409 = CARTESIAN_POINT('',(5.497968180183,22.183065066569));
#10410 = CARTESIAN_POINT('',(5.483274540502,22.850042274621));
#10411 = CARTESIAN_POINT('',(5.468794645203,23.523164191406));
#10412 = CARTESIAN_POINT('',(5.454525539741,24.202505524643));
#10413 = CARTESIAN_POINT('',(5.440464524595,24.888194444649));
#10414 = CARTESIAN_POINT('',(5.426610516198,25.580338973766));
#10415 = CARTESIAN_POINT('',(5.412959302566,26.279300523965));
#10416 = CARTESIAN_POINT('',(5.399557987439,26.982787277589));
#10417 = CARTESIAN_POINT('',(5.386393172844,27.69161394413));
#10418 = CARTESIAN_POINT('',(5.373462786796,28.406138659275));
#10419 = CARTESIAN_POINT('',(5.360764786066,29.126812106833));
#10420 = CARTESIAN_POINT('',(5.348300210413,29.854026229171));
#10421 = CARTESIAN_POINT('',(5.336072386486,30.588151664862));
#10422 = CARTESIAN_POINT('',(5.324087157632,31.329525684576));
#10423 = CARTESIAN_POINT('',(5.312352832038,32.0784544721));
#10424 = CARTESIAN_POINT('',(5.300880198582,32.835212653796));
#10425 = CARTESIAN_POINT('',(5.289682515715,33.600044670389));
#10426 = CARTESIAN_POINT('',(5.278775497704,34.373166758419));
#10427 = CARTESIAN_POINT('',(5.268177290234,35.154769916539));
#10428 = CARTESIAN_POINT('',(5.257908437449,35.945023619118));
#10429 = CARTESIAN_POINT('',(5.24799183409,36.7440808749));
#10430 = CARTESIAN_POINT('',(5.238452679771,37.552082492142));
#10431 = CARTESIAN_POINT('',(5.229318366819,38.36916851383));
#10432 = CARTESIAN_POINT('',(5.220618552105,39.195467106496));
#10433 = CARTESIAN_POINT('',(5.21238447251,40.031171796249));
#10434 = CARTESIAN_POINT('',(5.204651007833,40.876293177752));
#10435 = CARTESIAN_POINT('',(5.197448279777,41.731644402889));
#10436 = CARTESIAN_POINT('',(5.190817306905,42.597094282269));
#10437 = CARTESIAN_POINT('',(5.184801360135,43.472261266616));
#10438 = CARTESIAN_POINT('',(5.179442757652,44.356770636761));
#10439 = CARTESIAN_POINT('',(5.17477779858,45.251415288853));
#10440 = CARTESIAN_POINT('',(5.170855816809,46.154357908074));
#10441 = CARTESIAN_POINT('',(5.167717650962,47.063887401255));
#10442 = CARTESIAN_POINT('',(5.165395923894,47.978531916914));
#10443 = CARTESIAN_POINT('',(5.163915243782,48.896923553993));
#10444 = CARTESIAN_POINT('',(5.16329208512,49.818002583047));
#10445 = CARTESIAN_POINT('',(5.163535932299,50.740111491416));
#10446 = CARTESIAN_POINT('',(5.164642309455,51.659671510986));
#10447 = CARTESIAN_POINT('',(5.166597404895,52.576088936082));
#10448 = CARTESIAN_POINT('',(5.169380023374,53.487947197776));
#10449 = CARTESIAN_POINT('',(5.172960632282,54.393841445225));
#10450 = CARTESIAN_POINT('',(5.177302467198,55.292268709854));
#10451 = CARTESIAN_POINT('',(5.182357145903,56.181008766552));
#10452 = CARTESIAN_POINT('',(5.188084260443,57.060172869734));
#10453 = CARTESIAN_POINT('',(5.19444384596,57.92979564296));
#10454 = CARTESIAN_POINT('',(5.20139364549,58.789572829865));
#10455 = CARTESIAN_POINT('',(5.208888704344,59.638941298206));
#10456 = CARTESIAN_POINT('',(5.216897753057,60.478740478166));
#10457 = CARTESIAN_POINT('',(5.225386288029,61.309109276022));
#10458 = CARTESIAN_POINT('',(5.234321945735,62.130215507043));
#10459 = CARTESIAN_POINT('',(5.243674284734,62.94219826705));
#10460 = CARTESIAN_POINT('',(5.253414984402,63.745194562442));
#10461 = CARTESIAN_POINT('',(5.263517911307,64.539342244705));
#10462 = CARTESIAN_POINT('',(5.273959201872,65.324788170904));
#10463 = CARTESIAN_POINT('',(5.284717322997,66.101693836863));
#10464 = CARTESIAN_POINT('',(5.295773122438,66.87024056102));
#10465 = CARTESIAN_POINT('',(5.307109867049,67.630633654587));
#10466 = CARTESIAN_POINT('',(5.318713271338,68.38310575945));
#10467 = CARTESIAN_POINT('',(5.330571514883,69.127919202172));
#10468 = CARTESIAN_POINT('',(5.342675257987,69.865367806777));
#10469 = CARTESIAN_POINT('',(5.355017625252,70.59577657254));
#10470 = CARTESIAN_POINT('',(5.367594274379,71.319505182304));
#10471 = CARTESIAN_POINT('',(5.380403116376,72.036933113903));
#10472 = CARTESIAN_POINT('',(5.393445309984,72.748509347466));
#10473 = CARTESIAN_POINT('',(5.406721477478,73.454556981449));
#10474 = CARTESIAN_POINT('',(5.420245734978,74.155988577323));
#10475 = CARTESIAN_POINT('',(5.433992880514,74.851601225037));
#10476 = CARTESIAN_POINT('',(5.447940339608,75.540403287092));
#10477 = CARTESIAN_POINT('',(5.462096019616,76.222888159088));
#10478 = CARTESIAN_POINT('',(5.476460479437,76.899103701434));
#10479 = CARTESIAN_POINT('',(5.491036971804,77.56916925896));
#10480 = CARTESIAN_POINT('',(5.505828668438,78.233136752667));
#10481 = CARTESIAN_POINT('',(5.520839329003,78.891027438382));
#10482 = CARTESIAN_POINT('',(5.536073055995,79.542821516063));
#10483 = CARTESIAN_POINT('',(5.551534302527,80.188460300643));
#10484 = CARTESIAN_POINT('',(5.567227819645,80.82784496107));
#10485 = CARTESIAN_POINT('',(5.583158626505,81.460836117687));
#10486 = CARTESIAN_POINT('',(5.599331980508,82.087253151687));
#10487 = CARTESIAN_POINT('',(5.615753352979,82.706873536112));
#10488 = CARTESIAN_POINT('',(5.632428408367,83.319432104855));
#10489 = CARTESIAN_POINT('',(5.649362987196,83.92462028583));
#10490 = CARTESIAN_POINT('',(5.666563091739,84.522085272242));
#10491 = CARTESIAN_POINT('',(5.684034876383,85.111429198554));
#10492 = CARTESIAN_POINT('',(5.701784634086,85.692208062855));
#10493 = CARTESIAN_POINT('',(5.719818809841,86.263931337659));
#10494 = CARTESIAN_POINT('',(5.738143924682,86.826058728368));
#10495 = CARTESIAN_POINT('',(5.756766843962,87.378007262856));
#10496 = CARTESIAN_POINT('',(5.775693770424,87.919119475105));
#10497 = CARTESIAN_POINT('',(5.794934005263,88.448776397185));
#10498 = CARTESIAN_POINT('',(5.814515460156,88.966767027497));
#10499 = CARTESIAN_POINT('',(5.834443696154,89.47217263677));
#10500 = CARTESIAN_POINT('',(5.854729196724,89.964144450972));
#10501 = CARTESIAN_POINT('',(5.875381125532,90.441722956655));
#10502 = CARTESIAN_POINT('',(5.896408893119,90.903882575277));
#10503 = CARTESIAN_POINT('',(5.917822219719,91.349526443263));
#10504 = CARTESIAN_POINT('',(5.939629428637,91.777455400152));
#10505 = CARTESIAN_POINT('',(5.961844431078,92.186491625277));
#10506 = CARTESIAN_POINT('',(5.984465146397,92.575086138076));
#10507 = CARTESIAN_POINT('',(6.00748649608,92.941625536325));
#10508 = CARTESIAN_POINT('',(6.030904658617,93.284507096814));
#10509 = CARTESIAN_POINT('',(6.054716327657,93.602116887267));
#10510 = CARTESIAN_POINT('',(6.078917612688,93.892838773002));
#10511 = CARTESIAN_POINT('',(6.103530777826,94.155279347571));
#10512 = CARTESIAN_POINT('',(6.128497866699,94.387199287228));
#10513 = CARTESIAN_POINT('',(6.153773406841,94.586776437307));
#10514 = CARTESIAN_POINT('',(6.179310315208,94.752405888771));
#10515 = CARTESIAN_POINT('',(6.205063412036,94.88275022516));
#10516 = CARTESIAN_POINT('',(6.230988217278,94.97673327273));
#10517 = CARTESIAN_POINT('',(6.257040961276,95.033510964356));
#10518 = CARTESIAN_POINT('',(6.274465932745,95.046231349529));
#10519 = CARTESIAN_POINT('',(6.28318530718,95.046209953523));
#10520 = ( GEOMETRIC_REPRESENTATION_CONTEXT(2) 
PARAMETRIC_REPRESENTATION_CONTEXT() REPRESENTATION_CONTEXT('2D SPACE',''
  ) );
#10521 = ORIENTED_EDGE('',*,*,#415,.T.);
#10522 = ORIENTED_EDGE('',*,*,#213,.T.);
#10523 = ORIENTED_EDGE('',*,*,#10524,.T.);
#10524 = EDGE_CURVE('',#84,#10023,#10525,.T.);
#10525 = SURFACE_CURVE('',#10526,(#10627,#10731),.PCURVE_S1.);
#10526 = B_SPLINE_CURVE_WITH_KNOTS('',8,(#10527,#10528,#10529,#10530,
    #10531,#10532,#10533,#10534,#10535,#10536,#10537,#10538,#10539,
    #10540,#10541,#10542,#10543,#10544,#10545,#10546,#10547,#10548,
    #10549,#10550,#10551,#10552,#10553,#10554,#10555,#10556,#10557,
    #10558,#10559,#10560,#10561,#10562,#10563,#10564,#10565,#10566,
    #10567,#10568,#10569,#10570,#10571,#10572,#10573,#10574,#10575,
    #10576,#10577,#10578,#10579,#10580,#10581,#10582,#10583,#10584,
    #10585,#10586,#10587,#10588,#10589,#10590,#10591,#10592,#10593,
    #10594,#10595,#10596,#10597,#10598,#10599,#10600,#10601,#10602,
    #10603,#10604,#10605,#10606,#10607,#10608,#10609,#10610,#10611,
    #10612,#10613,#10614,#10615,#10616,#10617,#10618,#10619,#10620,
    #10621,#10622,#10623,#10624,#10625,#10626),.UNSPECIFIED.,.F.,.F.,(9,
    7,7,7,7,7,7,7,7,7,7,7,7,7,9),(0.,5.741598017363E-02,
    9.535349505209E-02,0.147380566922,0.298137102302,0.429925771478,
    0.456487360841,0.499809122997,0.543073283685,0.569226809338,
    0.701406019665,0.85247721807,0.904560955198,0.942560628434,1.),
  .UNSPECIFIED.);
#10527 = CARTESIAN_POINT('',(-350.,-75.,293.04617154899));
#10528 = CARTESIAN_POINT('',(-350.,-73.61541364079,293.04617154899));
#10529 = CARTESIAN_POINT('',(-350.0438192219,-72.23347291664,
    293.0948190866));
#10530 = CARTESIAN_POINT('',(-350.1311634433,-70.85967902978,
    293.19178763992));
#10531 = CARTESIAN_POINT('',(-350.260982293,-69.49950654264,
    293.3359669585));
#10532 = CARTESIAN_POINT('',(-350.431472351,-68.15837907038,
    293.52546518218));
#10533 = CARTESIAN_POINT('',(-350.6400843063,-66.84164665694,
    293.7576070088));
#10534 = CARTESIAN_POINT('',(-350.8835341726,-65.55456483454,
    294.02892791088));
#10535 = CARTESIAN_POINT('',(-351.3390515223,-63.47482715117,
    294.53750966069));
#10536 = CARTESIAN_POINT('',(-351.5339839443,-62.66148498743,
    294.75536377424));
#10537 = CARTESIAN_POINT('',(-351.7418045504,-61.86251812227,
    294.98788141562));
#10538 = CARTESIAN_POINT('',(-351.9617028495,-61.07817125344,
    295.23422136408));
#10539 = CARTESIAN_POINT('',(-352.1928696776,-60.30866453514,
    295.49354603404));
#10540 = CARTESIAN_POINT('',(-352.4344977385,-59.55419358367,
    295.76502100467));
#10541 = CARTESIAN_POINT('',(-352.6857821447,-58.8149294831,
    296.04781454957));
#10542 = CARTESIAN_POINT('',(-353.302672337,-57.09825598803,
    296.74330157626));
#10543 = CARTESIAN_POINT('',(-353.6761924349,-56.1340458754,
    297.16536355784));
#10544 = CARTESIAN_POINT('',(-354.0647719328,-55.1978537842,
    297.60555038652));
#10545 = CARTESIAN_POINT('',(-354.4668454599,-54.28907908768,
    298.06229175593));
#10546 = CARTESIAN_POINT('',(-354.8809861349,-53.40706582886,
    298.53417504377));
#10547 = CARTESIAN_POINT('',(-355.3059001083,-52.55111334803,
    299.01994057767));
#10548 = CARTESIAN_POINT('',(-355.740421104,-51.72048691038,
    299.51847690107));
#10549 = CARTESIAN_POINT('',(-357.4674093738,-48.57874819642,
    301.50760309243));
#10550 = CARTESIAN_POINT('',(-358.8269596265,-46.4425276839,
    303.08981186051));
#10551 = CARTESIAN_POINT('',(-360.2363183489,-44.49153246702,
    304.75157535387));
#10552 = CARTESIAN_POINT('',(-361.6760515669,-42.71046651648,
    306.47679425629));
#10553 = CARTESIAN_POINT('',(-363.1317635159,-41.08437664158,
    308.25594832356));
#10554 = CARTESIAN_POINT('',(-364.5926523539,-39.59949056461,
    310.08560031212));
#10555 = CARTESIAN_POINT('',(-366.0498423183,-38.24420183241,
    311.96775920588));
#10556 = CARTESIAN_POINT('',(-368.7523944073,-35.93160227548,
    315.60765717587));
#10557 = CARTESIAN_POINT('',(-369.9900617362,-34.95532380929,
    317.33606645889));
#10558 = CARTESIAN_POINT('',(-371.2027781301,-34.06853886582,
    319.10574758082));
#10559 = CARTESIAN_POINT('',(-372.383509693,-33.26610714005,
    320.92624384023));
#10560 = CARTESIAN_POINT('',(-373.5170378188,-32.54870059016,
    322.80371833386));
#10561 = CARTESIAN_POINT('',(-374.5781098862,-31.92049014306,
    324.74075551953));
#10562 = CARTESIAN_POINT('',(-375.5314092847,-31.38668083044,
    326.73869417645));
#10563 = CARTESIAN_POINT('',(-376.4977601821,-30.86748836852,
    329.21817996769));
#10564 = CARTESIAN_POINT('',(-376.6538913653,-30.78448213086,
    329.63698593399));
#10565 = CARTESIAN_POINT('',(-376.8036529632,-30.7056565892,
    330.05859100374));
#10566 = CARTESIAN_POINT('',(-376.9466463394,-30.63110164805,
    330.48291447456));
#10567 = CARTESIAN_POINT('',(-377.0824803941,-30.56090123617,
    330.909894144));
#10568 = CARTESIAN_POINT('',(-377.2107721612,-30.49513528855,
    331.33948629589));
#10569 = CARTESIAN_POINT('',(-377.3311474054,-30.43388172841,
    331.77166568663));
#10570 = CARTESIAN_POINT('',(-377.6260654285,-30.28480104637,
    332.91551572731));
#10571 = CARTESIAN_POINT('',(-377.7870859135,-30.20448010604,
    333.63234717855));
#10572 = CARTESIAN_POINT('',(-377.9242018508,-30.13686051337,
    334.35527931083));
#10573 = CARTESIAN_POINT('',(-378.0357072739,-30.08236115573,
    335.08294906468));
#10574 = CARTESIAN_POINT('',(-378.1202962787,-30.0412685049,
    335.81421169449));
#10575 = CARTESIAN_POINT('',(-378.1770642742,-30.01377468122,
    336.548081325));
#10576 = CARTESIAN_POINT('',(-378.2055052822,-30.,337.28367126548));
#10577 = CARTESIAN_POINT('',(-378.2055052822,-30.,338.75561768241));
#10578 = CARTESIAN_POINT('',(-378.1771398555,-30.01373807544,
    339.49019875877));
#10579 = CARTESIAN_POINT('',(-378.1205339566,-30.04115339212,
    340.22304030047));
#10580 = CARTESIAN_POINT('',(-378.0362008157,-30.0821214638,
    340.95326434311));
#10581 = CARTESIAN_POINT('',(-377.925048432,-30.13644696444,
    341.67989277143));
#10582 = CARTESIAN_POINT('',(-377.7883821732,-30.20384125522,
    342.40178835956));
#10583 = CARTESIAN_POINT('',(-377.6279034822,-30.28388462629,
    343.11759604824));
#10584 = CARTESIAN_POINT('',(-377.3355640867,-30.43164155316,
    344.25372947667));
#10585 = CARTESIAN_POINT('',(-377.2174029904,-30.49175368496,
    344.67927755743));
#10586 = CARTESIAN_POINT('',(-377.0915700044,-30.55623484865,
    345.10232132264));
#10587 = CARTESIAN_POINT('',(-376.9584225003,-30.62501019898,
    345.5228360105));
#10588 = CARTESIAN_POINT('',(-376.8183260669,-30.69800300981,
    345.94077946318));
#10589 = CARTESIAN_POINT('',(-376.6716539579,-30.77513283852,
    346.35609211379));
#10590 = CARTESIAN_POINT('',(-376.5187865397,-30.85631369032,
    346.76869697334));
#10591 = CARTESIAN_POINT('',(-375.5581675459,-31.37173981667,
    349.24963108373));
#10592 = CARTESIAN_POINT('',(-374.6056925935,-31.90428186876,
    351.25479783931));
#10593 = CARTESIAN_POINT('',(-373.5443822742,-32.53165187252,
    353.19879321211));
#10594 = CARTESIAN_POINT('',(-372.4099391333,-33.24857106925,
    355.08293295686));
#10595 = CARTESIAN_POINT('',(-371.2278880198,-34.05079320813,
    356.90978779764));
#10596 = CARTESIAN_POINT('',(-370.0135879648,-34.93760245136,
    358.68557378791));
#10597 = CARTESIAN_POINT('',(-368.7740946105,-35.91416834256,
    360.41996548652));
#10598 = CARTESIAN_POINT('',(-366.0682521681,-38.2271696853,
    364.07109045719));
#10599 = CARTESIAN_POINT('',(-364.6097266512,-39.58233224919,
    365.95831575534));
#10600 = CARTESIAN_POINT('',(-363.1473582959,-41.06728091536,
    367.79298697813));
#10601 = CARTESIAN_POINT('',(-361.6900118711,-42.69367930683,
    369.57716606672));
#10602 = CARTESIAN_POINT('',(-360.2484885656,-44.4753770883,
    371.30743240974));
#10603 = CARTESIAN_POINT('',(-358.8372060011,-46.42741736021,
    372.97423682753));
#10604 = CARTESIAN_POINT('',(-357.4756538529,-48.56519370109,
    374.56140040562));
#10605 = CARTESIAN_POINT('',(-355.7464447113,-51.70903568527,
    376.55637322967));
#10606 = CARTESIAN_POINT('',(-355.311663303,-52.53963560092,
    377.05603315474));
#10607 = CARTESIAN_POINT('',(-354.8864681285,-53.39560060336,
    377.5429248814));
#10608 = CARTESIAN_POINT('',(-354.4720249726,-54.27767336543,
    378.01593539523));
#10609 = CARTESIAN_POINT('',(-354.0696283492,-55.18656253069,
    378.47380191874));
#10610 = CARTESIAN_POINT('',(-353.6807070277,-56.12293197707,
    378.91510712211));
#10611 = CARTESIAN_POINT('',(-353.3068295576,-57.08739008052,
    379.33827433386));
#10612 = CARTESIAN_POINT('',(-352.689159476,-58.80502479105,
    380.03579716986));
#10613 = CARTESIAN_POINT('',(-352.4374667646,-59.54498413961,
    380.31952056347));
#10614 = CARTESIAN_POINT('',(-352.195436729,-60.30021359149,
    380.59189860156));
#10615 = CARTESIAN_POINT('',(-351.9638778098,-61.07054502515,
    380.85209427615));
#10616 = CARTESIAN_POINT('',(-351.743601278,-61.85578562108,
    381.09926742955));
#10617 = CARTESIAN_POINT('',(-351.535420693,-62.65571785245,
    381.3325742818));
#10618 = CARTESIAN_POINT('',(-351.3401513604,-63.47009947586,
    381.55116695802));
#10619 = CARTESIAN_POINT('',(-350.8841960182,-65.5511005577,
    382.061082212));
#10620 = CARTESIAN_POINT('',(-350.6405977629,-66.83845425513,
    382.33301947393));
#10621 = CARTESIAN_POINT('',(-350.4318363002,-68.15556392496,
    382.56571389954));
#10622 = CARTESIAN_POINT('',(-350.2612103294,-69.49715535174,
    382.75567865967));
#10623 = CARTESIAN_POINT('',(-350.1312806278,-70.85785992216,
    382.90022120797));
#10624 = CARTESIAN_POINT('',(-350.043858782,-72.23223546447,
    382.99743746174));
#10625 = CARTESIAN_POINT('',(-350.,-73.61478879904,383.04620995352));
#10626 = CARTESIAN_POINT('',(-350.,-75.,383.04620995352));
#10627 = PCURVE('',#311,#10628);
#10628 = DEFINITIONAL_REPRESENTATION('',(#10629),#10730);
#10629 = B_SPLINE_CURVE_WITH_KNOTS('',8,(#10630,#10631,#10632,#10633,
    #10634,#10635,#10636,#10637,#10638,#10639,#10640,#10641,#10642,
    #10643,#10644,#10645,#10646,#10647,#10648,#10649,#10650,#10651,
    #10652,#10653,#10654,#10655,#10656,#10657,#10658,#10659,#10660,
    #10661,#10662,#10663,#10664,#10665,#10666,#10667,#10668,#10669,
    #10670,#10671,#10672,#10673,#10674,#10675,#10676,#10677,#10678,
    #10679,#10680,#10681,#10682,#10683,#10684,#10685,#10686,#10687,
    #10688,#10689,#10690,#10691,#10692,#10693,#10694,#10695,#10696,
    #10697,#10698,#10699,#10700,#10701,#10702,#10703,#10704,#10705,
    #10706,#10707,#10708,#10709,#10710,#10711,#10712,#10713,#10714,
    #10715,#10716,#10717,#10718,#10719,#10720,#10721,#10722,#10723,
    #10724,#10725,#10726,#10727,#10728,#10729),.UNSPECIFIED.,.F.,.F.,(9,
    7,7,7,7,7,7,7,7,7,7,7,7,7,9),(0.,5.741598017363E-02,
    9.535349505209E-02,0.147380566922,0.298137102302,0.429925771478,
    0.456487360841,0.499809122997,0.543073283685,0.569226809338,
    0.701406019665,0.85247721807,0.904560955198,0.942560628434,1.),
  .UNSPECIFIED.);
#10630 = CARTESIAN_POINT('',(3.14159265359,49.958449659719));
#10631 = CARTESIAN_POINT('',(3.17236123935,49.958449659719));
#10632 = CARTESIAN_POINT('',(3.203071035249,49.914675397767));
#10633 = CARTESIAN_POINT('',(3.233644170591,49.827420794605));
#10634 = CARTESIAN_POINT('',(3.264002673911,49.697735195286));
#10635 = CARTESIAN_POINT('',(3.294066496999,49.527420271271));
#10636 = CARTESIAN_POINT('',(3.323751582168,49.319022860984));
#10637 = CARTESIAN_POINT('',(3.352967972752,49.075823748832));
#10638 = CARTESIAN_POINT('',(3.400548403527,48.620776428684));
#10639 = CARTESIAN_POINT('',(3.419256357729,48.426045346684));
#10640 = CARTESIAN_POINT('',(3.437741880857,48.218439632523));
#10641 = CARTESIAN_POINT('',(3.456004563998,47.99876899972));
#10642 = CARTESIAN_POINT('',(3.474043565374,47.767841838183));
#10643 = CARTESIAN_POINT('',(3.491857637796,47.526464672925));
#10644 = CARTESIAN_POINT('',(3.509445156122,47.275441622776));
#10645 = CARTESIAN_POINT('',(3.550610062126,46.65919419477));
#10646 = CARTESIAN_POINT('',(3.573993927036,46.286064163295));
#10647 = CARTESIAN_POINT('',(3.596972786746,45.897891482205));
#10648 = CARTESIAN_POINT('',(3.619563416342,45.496240071102));
#10649 = CARTESIAN_POINT('',(3.641782477351,45.082535505504));
#10650 = CARTESIAN_POINT('',(3.663646676407,44.65807047069));
#10651 = CARTESIAN_POINT('',(3.68517292392,44.224010215551));
#10652 = CARTESIAN_POINT('',(3.767824927666,42.498860266646));
#10653 = CARTESIAN_POINT('',(3.826758215795,41.140772261637));
#10654 = CARTESIAN_POINT('',(3.883514866839,39.732949302041));
#10655 = CARTESIAN_POINT('',(3.938422565288,38.294810480893));
#10656 = CARTESIAN_POINT('',(3.991816857853,36.840742761658));
#10657 = CARTESIAN_POINT('',(4.044057818463,35.381544806296));
#10658 = CARTESIAN_POINT('',(4.095536120172,33.926094229649));
#10659 = CARTESIAN_POINT('',(4.191414499964,31.226905884839));
#10660 = CARTESIAN_POINT('',(4.235490150605,29.990835813839));
#10661 = CARTESIAN_POINT('',(4.279409872125,28.779754794757));
#10662 = CARTESIAN_POINT('',(4.323533971933,27.600705536742));
#10663 = CARTESIAN_POINT('',(4.36810346212,26.468912333051));
#10664 = CARTESIAN_POINT('',(4.413273888392,25.409630181736));
#10665 = CARTESIAN_POINT('',(4.45918022515,24.458176915046));
#10666 = CARTESIAN_POINT('',(4.515494305437,23.494117015223));
#10667 = CARTESIAN_POINT('',(4.524984731292,23.338372797696));
#10668 = CARTESIAN_POINT('',(4.534518163773,23.189000748667));
#10669 = CARTESIAN_POINT('',(4.544093763328,23.046399429722));
#10670 = CARTESIAN_POINT('',(4.55371116831,22.910959883052));
#10671 = CARTESIAN_POINT('',(4.563370487505,22.78306503423));
#10672 = CARTESIAN_POINT('',(4.573072292669,22.663089094999));
#10673 = CARTESIAN_POINT('',(4.598712155591,22.369227903104));
#10674 = CARTESIAN_POINT('',(4.61474210735,22.208869706256));
#10675 = CARTESIAN_POINT('',(4.630875662999,22.072421682783));
#10676 = CARTESIAN_POINT('',(4.647088090883,21.961588539138));
#10677 = CARTESIAN_POINT('',(4.663360071801,21.877675121615));
#10678 = CARTESIAN_POINT('',(4.67967612895,21.821585109775));
#10679 = CARTESIAN_POINT('',(4.696023147008,21.79382366266));
#10680 = CARTESIAN_POINT('',(4.728733053427,21.795183468296));
#10681 = CARTESIAN_POINT('',(4.745056486136,21.824227499707));
#10682 = CARTESIAN_POINT('',(4.761347342699,21.881510384212));
#10683 = CARTESIAN_POINT('',(4.777592690237,21.966518080716));
#10684 = CARTESIAN_POINT('',(4.79377722488,22.078341686956));
#10685 = CARTESIAN_POINT('',(4.809881809306,22.215674785174));
#10686 = CARTESIAN_POINT('',(4.825881921765,22.376814681327));
#10687 = CARTESIAN_POINT('',(4.851335986739,22.670203528766));
#10688 = CARTESIAN_POINT('',(4.860883509117,22.788757702135));
#10689 = CARTESIAN_POINT('',(4.87038955546,22.914981448491));
#10690 = CARTESIAN_POINT('',(4.879854668589,23.048517373363));
#10691 = CARTESIAN_POINT('',(4.889278955499,23.188999849255));
#10692 = CARTESIAN_POINT('',(4.898662080482,23.336055567642));
#10693 = CARTESIAN_POINT('',(4.90800325824,23.489304090962));
#10694 = CARTESIAN_POINT('',(4.964293030389,24.452214598079));
#10695 = CARTESIAN_POINT('',(5.010308962581,25.406541546442));
#10696 = CARTESIAN_POINT('',(5.055578604337,26.469647304292));
#10697 = CARTESIAN_POINT('',(5.100238406178,27.605830556849));
#10698 = CARTESIAN_POINT('',(5.144444986668,28.789568841278));
#10699 = CARTESIAN_POINT('',(5.188441289362,30.005508875191));
#10700 = CARTESIAN_POINT('',(5.232591267866,31.246603956998));
#10701 = CARTESIAN_POINT('',(5.328591345621,33.955818207404));
#10702 = CARTESIAN_POINT('',(5.380110591038,35.416086548299));
#10703 = CARTESIAN_POINT('',(5.432392129136,36.880149175676));
#10704 = CARTESIAN_POINT('',(5.485828923427,38.339143229399));
#10705 = CARTESIAN_POINT('',(5.540783078755,39.782264365088));
#10706 = CARTESIAN_POINT('',(5.597591903983,41.19508614573));
#10707 = CARTESIAN_POINT('',(5.656584729661,42.558103957807));
#10708 = CARTESIAN_POINT('',(5.739307781921,44.289155346574));
#10709 = CARTESIAN_POINT('',(5.760837190746,44.724398162555));
#10710 = CARTESIAN_POINT('',(5.78270536884,45.150042953254));
#10711 = CARTESIAN_POINT('',(5.804929382946,45.564922906401));
#10712 = CARTESIAN_POINT('',(5.827526087753,45.967742341831));
#10713 = CARTESIAN_POINT('',(5.850512285498,46.357071181622));
#10714 = CARTESIAN_POINT('',(5.873904885567,46.731339420229));
#10715 = CARTESIAN_POINT('',(5.91509706381,47.349653620086));
#10716 = CARTESIAN_POINT('',(5.932702697616,47.601608331853));
#10717 = CARTESIAN_POINT('',(5.950536045798,47.843889891006));
#10718 = CARTESIAN_POINT('',(5.968595537961,48.075689083957));
#10719 = CARTESIAN_POINT('',(5.986879981534,48.296193863927));
#10720 = CARTESIAN_POINT('',(6.005388590276,48.504589892439));
#10721 = CARTESIAN_POINT('',(6.024121012779,48.7000610808));
#10722 = CARTESIAN_POINT('',(6.071731310728,49.15648729564));
#10723 = CARTESIAN_POINT('',(6.100954371531,49.400336666594));
#10724 = CARTESIAN_POINT('',(6.130648336577,49.609313006763));
#10725 = CARTESIAN_POINT('',(6.160722801642,49.780114396899));
#10726 = CARTESIAN_POINT('',(6.191093305484,49.910177573644));
#10727 = CARTESIAN_POINT('',(6.22167942656,49.99768919188));
#10728 = CARTESIAN_POINT('',(6.252402836047,50.041593011982));
#10729 = CARTESIAN_POINT('',(6.28318530718,50.041593011982));
#10730 = ( GEOMETRIC_REPRESENTATION_CONTEXT(2) 
PARAMETRIC_REPRESENTATION_CONTEXT() REPRESENTATION_CONTEXT('2D SPACE',''
  ) );
#10731 = PCURVE('',#181,#10732);
#10732 = DEFINITIONAL_REPRESENTATION('',(#10733),#10764);
#10733 = B_SPLINE_CURVE_WITH_KNOTS('',8,(#10734,#10735,#10736,#10737,
    #10738,#10739,#10740,#10741,#10742,#10743,#10744,#10745,#10746,
    #10747,#10748,#10749,#10750,#10751,#10752,#10753,#10754,#10755,
    #10756,#10757,#10758,#10759,#10760,#10761,#10762,#10763),
  .UNSPECIFIED.,.F.,.F.,(9,7,7,7,9),(0.806302572059,0.85247721807,
    0.904560955198,0.942560628434,1.),.UNSPECIFIED.);
#10734 = CARTESIAN_POINT('',(6.909631114592,84.180093806976));
#10735 = CARTESIAN_POINT('',(6.895003112857,84.689202306449));
#10736 = CARTESIAN_POINT('',(6.880152994834,85.191772621075));
#10737 = CARTESIAN_POINT('',(6.865074986054,85.687433632461));
#10738 = CARTESIAN_POINT('',(6.84976312324,86.17575598793));
#10739 = CARTESIAN_POINT('',(6.834211272952,86.656250101238));
#10740 = CARTESIAN_POINT('',(6.818413137568,87.128363879111));
#10741 = CARTESIAN_POINT('',(6.802362252421,87.591480087491));
#10742 = CARTESIAN_POINT('',(6.767654426569,88.556373229678));
#10743 = CARTESIAN_POINT('',(6.748908160961,89.056033154743));
#10744 = CARTESIAN_POINT('',(6.729800286964,89.542924881409));
#10745 = CARTESIAN_POINT('',(6.710318047983,90.015935395239));
#10746 = CARTESIAN_POINT('',(6.690448753275,90.473801918749));
#10747 = CARTESIAN_POINT('',(6.670179710037,90.915107122112));
#10748 = CARTESIAN_POINT('',(6.6494981555,91.338274333864));
#10749 = CARTESIAN_POINT('',(6.612991798089,92.035797169865));
#10750 = CARTESIAN_POINT('',(6.597362269481,92.319520563477));
#10751 = CARTESIAN_POINT('',(6.581505185674,92.591898601565));
#10752 = CARTESIAN_POINT('',(6.56542291921,92.85209427615));
#10753 = CARTESIAN_POINT('',(6.549117606626,93.099267429555));
#10754 = CARTESIAN_POINT('',(6.532591122375,93.332574281804));
#10755 = CARTESIAN_POINT('',(6.515845052755,93.551166958027));
#10756 = CARTESIAN_POINT('',(6.473237725795,94.061082212006));
#10757 = CARTESIAN_POINT('',(6.447044534036,94.333019473932));
#10758 = CARTESIAN_POINT('',(6.420393451411,94.565713899549));
#10759 = CARTESIAN_POINT('',(6.393371283475,94.755678659675));
#10760 = CARTESIAN_POINT('',(6.366060505069,94.900221207974));
#10761 = CARTESIAN_POINT('',(6.338540601628,94.997437461744));
#10762 = CARTESIAN_POINT('',(6.310889531199,95.046209953523));
#10763 = CARTESIAN_POINT('',(6.28318530718,95.046209953523));
#10764 = ( GEOMETRIC_REPRESENTATION_CONTEXT(2) 
PARAMETRIC_REPRESENTATION_CONTEXT() REPRESENTATION_CONTEXT('2D SPACE',''
  ) );
#10765 = ORIENTED_EDGE('',*,*,#10766,.T.);
#10766 = EDGE_CURVE('',#10023,#10767,#10769,.T.);
#10767 = VERTEX_POINT('',#10768);
#10768 = CARTESIAN_POINT('',(-244.7893171919,-75.,383.1434051631));
#10769 = SEAM_CURVE('',#10770,(#10774,#10781),.PCURVE_S1.);
#10770 = LINE('',#10771,#10772);
#10771 = CARTESIAN_POINT('',(-400.0415716583,-75.,382.99998079774));
#10772 = VECTOR('',#10773,1.);
#10773 = DIRECTION('',(0.999999573283,0.,9.238146309375E-04));
#10774 = PCURVE('',#311,#10775);
#10775 = DEFINITIONAL_REPRESENTATION('',(#10776),#10780);
#10776 = LINE('',#10777,#10778);
#10777 = CARTESIAN_POINT('',(6.28318530718,-0.));
#10778 = VECTOR('',#10779,1.);
#10779 = DIRECTION('',(0.,1.));
#10780 = ( GEOMETRIC_REPRESENTATION_CONTEXT(2) 
PARAMETRIC_REPRESENTATION_CONTEXT() REPRESENTATION_CONTEXT('2D SPACE',''
  ) );
#10781 = PCURVE('',#311,#10782);
#10782 = DEFINITIONAL_REPRESENTATION('',(#10783),#10787);
#10783 = LINE('',#10784,#10785);
#10784 = CARTESIAN_POINT('',(0.,-0.));
#10785 = VECTOR('',#10786,1.);
#10786 = DIRECTION('',(0.,1.));
#10787 = ( GEOMETRIC_REPRESENTATION_CONTEXT(2) 
PARAMETRIC_REPRESENTATION_CONTEXT() REPRESENTATION_CONTEXT('2D SPACE',''
  ) );
#10788 = ORIENTED_EDGE('',*,*,#10789,.F.);
#10789 = EDGE_CURVE('',#10790,#10767,#10792,.T.);
#10790 = VERTEX_POINT('',#10791);
#10791 = CARTESIAN_POINT('',(-244.7477455336,-30.,338.14342436536));
#10792 = SURFACE_CURVE('',#10793,(#10798,#10805),.PCURVE_S1.);
#10793 = CIRCLE('',#10794,45.);
#10794 = AXIS2_PLACEMENT_3D('',#10795,#10796,#10797);
#10795 = CARTESIAN_POINT('',(-244.7477455336,-75.,338.14342436536));
#10796 = DIRECTION('',(0.999999573283,0.,9.238146309375E-04));
#10797 = DIRECTION('',(-9.238146309375E-04,0.,0.999999573283));
#10798 = PCURVE('',#311,#10799);
#10799 = DEFINITIONAL_REPRESENTATION('',(#10800),#10804);
#10800 = LINE('',#10801,#10802);
#10801 = CARTESIAN_POINT('',(0.,155.25232071517));
#10802 = VECTOR('',#10803,1.);
#10803 = DIRECTION('',(1.,0.));
#10804 = ( GEOMETRIC_REPRESENTATION_CONTEXT(2) 
PARAMETRIC_REPRESENTATION_CONTEXT() REPRESENTATION_CONTEXT('2D SPACE',''
  ) );
#10805 = PCURVE('',#10806,#10811);
#10806 = PLANE('',#10807);
#10807 = AXIS2_PLACEMENT_3D('',#10808,#10809,#10810);
#10808 = CARTESIAN_POINT('',(-244.7477455336,-75.,338.14342436536));
#10809 = DIRECTION('',(0.999999573283,0.,9.238146309375E-04));
#10810 = DIRECTION('',(-9.238146309375E-04,0.,0.999999573283));
#10811 = DEFINITIONAL_REPRESENTATION('',(#10812),#10816);
#10812 = CIRCLE('',#10813,45.);
#10813 = AXIS2_PLACEMENT_2D('',#10814,#10815);
#10814 = CARTESIAN_POINT('',(0.,0.));
#10815 = DIRECTION('',(1.,0.));
#10816 = ( GEOMETRIC_REPRESENTATION_CONTEXT(2) 
PARAMETRIC_REPRESENTATION_CONTEXT() REPRESENTATION_CONTEXT('2D SPACE',''
  ) );
#10817 = ORIENTED_EDGE('',*,*,#10818,.F.);
#10818 = EDGE_CURVE('',#10819,#10790,#10821,.T.);
#10819 = VERTEX_POINT('',#10820);
#10820 = CARTESIAN_POINT('',(-244.7155291946,-46.55949286763,
    303.27027543726));
#10821 = SURFACE_CURVE('',#10822,(#10827,#10834),.PCURVE_S1.);
#10822 = CIRCLE('',#10823,45.);
#10823 = AXIS2_PLACEMENT_3D('',#10824,#10825,#10826);
#10824 = CARTESIAN_POINT('',(-244.7477455336,-75.,338.14342436536));
#10825 = DIRECTION('',(0.999999573283,0.,9.238146309375E-04));
#10826 = DIRECTION('',(-9.238146309375E-04,0.,0.999999573283));
#10827 = PCURVE('',#311,#10828);
#10828 = DEFINITIONAL_REPRESENTATION('',(#10829),#10833);
#10829 = LINE('',#10830,#10831);
#10830 = CARTESIAN_POINT('',(0.,155.25232071517));
#10831 = VECTOR('',#10832,1.);
#10832 = DIRECTION('',(1.,0.));
#10833 = ( GEOMETRIC_REPRESENTATION_CONTEXT(2) 
PARAMETRIC_REPRESENTATION_CONTEXT() REPRESENTATION_CONTEXT('2D SPACE',''
  ) );
#10834 = PCURVE('',#10835,#10840);
#10835 = PLANE('',#10836);
#10836 = AXIS2_PLACEMENT_3D('',#10837,#10838,#10839);
#10837 = CARTESIAN_POINT('',(-244.7477455336,-75.,338.14342436536));
#10838 = DIRECTION('',(0.999999573283,0.,9.238146309375E-04));
#10839 = DIRECTION('',(-9.238146309375E-04,0.,0.999999573283));
#10840 = DEFINITIONAL_REPRESENTATION('',(#10841),#10845);
#10841 = CIRCLE('',#10842,45.);
#10842 = AXIS2_PLACEMENT_2D('',#10843,#10844);
#10843 = CARTESIAN_POINT('',(0.,0.));
#10844 = DIRECTION('',(1.,0.));
#10845 = ( GEOMETRIC_REPRESENTATION_CONTEXT(2) 
PARAMETRIC_REPRESENTATION_CONTEXT() REPRESENTATION_CONTEXT('2D SPACE',''
  ) );
#10846 = ORIENTED_EDGE('',*,*,#10847,.F.);
#10847 = EDGE_CURVE('',#10848,#10819,#10850,.T.);
#10848 = VERTEX_POINT('',#10849);
#10849 = CARTESIAN_POINT('',(-244.7155291946,-103.4405071323,
    303.27027543726));
#10850 = SURFACE_CURVE('',#10851,(#10945,#11042),.PCURVE_S1.);
#10851 = B_SPLINE_CURVE_WITH_KNOTS('',8,(#10852,#10853,#10854,#10855,
    #10856,#10857,#10858,#10859,#10860,#10861,#10862,#10863,#10864,
    #10865,#10866,#10867,#10868,#10869,#10870,#10871,#10872,#10873,
    #10874,#10875,#10876,#10877,#10878,#10879,#10880,#10881,#10882,
    #10883,#10884,#10885,#10886,#10887,#10888,#10889,#10890,#10891,
    #10892,#10893,#10894,#10895,#10896,#10897,#10898,#10899,#10900,
    #10901,#10902,#10903,#10904,#10905,#10906,#10907,#10908,#10909,
    #10910,#10911,#10912,#10913,#10914,#10915,#10916,#10917,#10918,
    #10919,#10920,#10921,#10922,#10923,#10924,#10925,#10926,#10927,
    #10928,#10929,#10930,#10931,#10932,#10933,#10934,#10935,#10936,
    #10937,#10938,#10939,#10940,#10941,#10942,#10943,#10944),
  .UNSPECIFIED.,.F.,.F.,(9,7,7,7,7,7,7,7,7,7,7,7,7,9),(0.,
    4.30075599421E-02,8.271198024106E-02,0.27100406516,0.371660659858,
    0.412909359148,0.499426694379,0.819400576879,0.841715595068,
    0.862688902013,0.88933984899,0.921752749977,0.958646382223,1.),
  .UNSPECIFIED.);
#10852 = CARTESIAN_POINT('',(-244.7155268007,-103.4405151945,
    303.27028201451));
#10853 = CARTESIAN_POINT('',(-244.7889077657,-103.1933854962,
    303.06866955488));
#10854 = CARTESIAN_POINT('',(-244.8606521024,-102.9440389192,
    302.86858333205));
#10855 = CARTESIAN_POINT('',(-244.930820387,-102.692521277,
    302.67008822695));
#10856 = CARTESIAN_POINT('',(-244.9994684979,-102.4388764467,
    302.47324426064));
#10857 = CARTESIAN_POINT('',(-245.0666480503,-102.1831463301,
    302.27810694122));
#10858 = CARTESIAN_POINT('',(-245.1324068304,-101.9253708142,
    302.08472761073));
#10859 = CARTESIAN_POINT('',(-245.1967892301,-101.6655877318,
    301.89315379206));
#10860 = CARTESIAN_POINT('',(-245.318041856,-101.1621816577,
    301.52827680414));
#10861 = CARTESIAN_POINT('',(-245.3751090896,-100.9188506264,
    301.35470094684));
#10862 = CARTESIAN_POINT('',(-245.4310708486,-100.6738681922,
    301.18273682368));
#10863 = CARTESIAN_POINT('',(-245.485957245,-100.4272621129,
    301.01241733193));
#10864 = CARTESIAN_POINT('',(-245.5397962407,-100.179059436,
    300.84377353497));
#10865 = CARTESIAN_POINT('',(-245.5926138517,-99.92928649418,
    300.67683479084));
#10866 = CARTESIAN_POINT('',(-245.6444343519,-99.67796890131,
    300.51162888076));
#10867 = CARTESIAN_POINT('',(-245.9364103793,-98.22608942622,
    299.57306118648));
#10868 = CARTESIAN_POINT('',(-246.1556093423,-96.99295647715,
    298.83756079025));
#10869 = CARTESIAN_POINT('',(-246.3553287486,-95.72826307015,
    298.14439178452));
#10870 = CARTESIAN_POINT('',(-246.5371513178,-94.43449146207,
    297.49577203573));
#10871 = CARTESIAN_POINT('',(-246.7021995595,-93.11410496984,
    296.8935696812));
#10872 = CARTESIAN_POINT('',(-246.8513085273,-91.76955373533,
    296.33937499966));
#10873 = CARTESIAN_POINT('',(-246.9850887673,-90.40327088753,
    295.83453804766));
#10874 = CARTESIAN_POINT('',(-247.1675754107,-88.27696426668,
    295.13733549895));
#10875 = CARTESIAN_POINT('',(-247.2268959204,-87.53075842631,
    294.90890303705));
#10876 = CARTESIAN_POINT('',(-247.282036349,-86.77943969424,
    294.6950905264));
#10877 = CARTESIAN_POINT('',(-247.3330544001,-86.02339599598,
    294.496060333));
#10878 = CARTESIAN_POINT('',(-247.3799976543,-85.26301897106,
    294.31195876058));
#10879 = CARTESIAN_POINT('',(-247.4229052092,-84.49870406942,
    294.14291633754));
#10880 = CARTESIAN_POINT('',(-247.4618093189,-83.73085064779,
    293.98904810379));
#10881 = CARTESIAN_POINT('',(-247.5110502825,-82.64391380404,
    293.79365850589));
#10882 = CARTESIAN_POINT('',(-247.524695757,-82.32743896901,
    293.73942810606));
#10883 = CARTESIAN_POINT('',(-247.5376752776,-82.01046528546,
    293.68776955205));
#10884 = CARTESIAN_POINT('',(-247.5499905215,-81.69302055667,
    293.6386892589));
#10885 = CARTESIAN_POINT('',(-247.5616430234,-81.37513266477,
    293.59219320286));
#10886 = CARTESIAN_POINT('',(-247.5726341755,-81.05682957075,
    293.54828692137));
#10887 = CARTESIAN_POINT('',(-247.5829652274,-80.73813931442,
    293.50697551308));
#10888 = CARTESIAN_POINT('',(-247.6129240051,-79.74989811957,
    293.38706717957));
#10889 = CARTESIAN_POINT('',(-247.6303116729,-79.07912615368,
    293.31730685852));
#10890 = CARTESIAN_POINT('',(-247.6448105811,-78.40703413757,
    293.25902572864));
#10891 = CARTESIAN_POINT('',(-247.6564287212,-77.7338827539,
    293.21225828592));
#10892 = CARTESIAN_POINT('',(-247.6651719179,-77.05993334779,
    293.17703047264));
#10893 = CARTESIAN_POINT('',(-247.6710439624,-76.38544792729,
    293.15335968156));
#10894 = CARTESIAN_POINT('',(-247.6740467449,-75.71068916389,
    293.14125476018));
#10895 = CARTESIAN_POINT('',(-247.674674653,-72.54036984464,
    293.1387235312));
#10896 = CARTESIAN_POINT('',(-247.6359240734,-70.04453827036,
    293.29493285635));
#10897 = CARTESIAN_POINT('',(-247.5579283603,-67.56200200351,
    293.60938987548));
#10898 = CARTESIAN_POINT('',(-247.4403418417,-65.10597023435,
    294.08043168726));
#10899 = CARTESIAN_POINT('',(-247.2824957274,-62.68931981476,
    294.70490586323));
#10900 = CARTESIAN_POINT('',(-247.0830268595,-60.3246227709,
    295.47812647084));
#10901 = CARTESIAN_POINT('',(-246.8397646912,-58.02412810488,
    296.39379816971));
#10902 = CARTESIAN_POINT('',(-246.5273898811,-55.64470468328,
    297.51662343614));
#10903 = CARTESIAN_POINT('',(-246.5067878872,-55.48995167853,
    297.59047615266));
#10904 = CARTESIAN_POINT('',(-246.4859470324,-55.33557271592,
    297.66497778973));
#10905 = CARTESIAN_POINT('',(-246.4648655635,-55.18157185732,
    297.74012542361));
#10906 = CARTESIAN_POINT('',(-246.4435416542,-55.02795316734,
    297.81591607174));
#10907 = CARTESIAN_POINT('',(-246.4219734051,-54.8747207133,
    297.89234669272));
#10908 = CARTESIAN_POINT('',(-246.4001588439,-54.72187856522,
    297.96941418626));
#10909 = CARTESIAN_POINT('',(-246.3573595602,-54.42614909056,
    298.12014474286));
#10910 = CARTESIAN_POINT('',(-246.3364037989,-54.28321576886,
    298.19373388687));
#10911 = CARTESIAN_POINT('',(-246.3152269435,-54.14063421165,
    298.26788020307));
#10912 = CARTESIAN_POINT('',(-246.2938272266,-53.998407807,
    298.3425810155));
#10913 = CARTESIAN_POINT('',(-246.2722028118,-53.85653995022,
    298.41783359445));
#10914 = CARTESIAN_POINT('',(-246.2503517933,-53.71503404382,
    298.49363515648));
#10915 = CARTESIAN_POINT('',(-246.2282721959,-53.57389349751,
    298.5699828644));
#10916 = CARTESIAN_POINT('',(-246.1776122013,-53.25424192791,
    298.74457978179));
#10917 = CARTESIAN_POINT('',(-246.1488900222,-53.07595760522,
    298.84316291241));
#10918 = CARTESIAN_POINT('',(-246.1197912558,-52.89827576286,
    298.94261729919));
#10919 = CARTESIAN_POINT('',(-246.0903114953,-52.72120344322,
    299.04293684953));
#10920 = CARTESIAN_POINT('',(-246.0604461092,-52.54474772842,
    299.14411529807));
#10921 = CARTESIAN_POINT('',(-246.0301902413,-52.36891574025,
    299.24614620678));
#10922 = CARTESIAN_POINT('',(-245.9995388104,-52.19371464026,
    299.34902296488));
#10923 = CARTESIAN_POINT('',(-245.9307206819,-51.80684796994,
    299.57887804909));
#10924 = CARTESIAN_POINT('',(-245.892361846,-51.59548819583,
    299.70625833421));
#10925 = CARTESIAN_POINT('',(-245.8534005,-51.38508522781,
    299.83486749108));
#10926 = CARTESIAN_POINT('',(-245.8138264944,-51.17565215874,
    299.96469285161));
#10927 = CARTESIAN_POINT('',(-245.7736290339,-50.96720225381,
    300.0957212328));
#10928 = CARTESIAN_POINT('',(-245.7327966765,-50.75974895058,
    300.22793893681));
#10929 = CARTESIAN_POINT('',(-245.6913173345,-50.55330585898,
    300.36133175086));
#10930 = CARTESIAN_POINT('',(-245.6012139463,-50.11407070606,
    300.64903866068));
#10931 = CARTESIAN_POINT('',(-245.5523948686,-49.88158152368,
    300.80369558507));
#10932 = CARTESIAN_POINT('',(-245.5027020608,-49.65043943184,
    300.9598339719));
#10933 = CARTESIAN_POINT('',(-245.4521153432,-49.4206652176,
    301.11743093656));
#10934 = CARTESIAN_POINT('',(-245.4006131906,-49.19228023383,
    301.27646236537));
#10935 = CARTESIAN_POINT('',(-245.3481725869,-48.96530639575,
    301.43690282263));
#10936 = CARTESIAN_POINT('',(-245.2947688797,-48.73976617736,
    301.59872545761));
#10937 = CARTESIAN_POINT('',(-245.1794069163,-48.26451009625,
    301.9448043881));
#10938 = CARTESIAN_POINT('',(-245.1171951247,-48.01516838184,
    302.12940729601));
#10939 = CARTESIAN_POINT('',(-245.053702891,-47.7676895174,
    302.31567092503));
#10940 = CARTESIAN_POINT('',(-244.9888902711,-47.52210736825,
    302.50355253821));
#10941 = CARTESIAN_POINT('',(-244.9227143867,-47.27845757902,
    302.69300608362));
#10942 = CARTESIAN_POINT('',(-244.8551290655,-47.03677754023,
    302.88398190601));
#10943 = CARTESIAN_POINT('',(-244.7860844825,-46.79710635496,
    303.07642645855));
#10944 = CARTESIAN_POINT('',(-244.7155268007,-46.55948480546,
    303.27028201451));
#10945 = PCURVE('',#311,#10946);
#10946 = DEFINITIONAL_REPRESENTATION('',(#10947),#11041);
#10947 = B_SPLINE_CURVE_WITH_KNOTS('',8,(#10948,#10949,#10950,#10951,
    #10952,#10953,#10954,#10955,#10956,#10957,#10958,#10959,#10960,
    #10961,#10962,#10963,#10964,#10965,#10966,#10967,#10968,#10969,
    #10970,#10971,#10972,#10973,#10974,#10975,#10976,#10977,#10978,
    #10979,#10980,#10981,#10982,#10983,#10984,#10985,#10986,#10987,
    #10988,#10989,#10990,#10991,#10992,#10993,#10994,#10995,#10996,
    #10997,#10998,#10999,#11000,#11001,#11002,#11003,#11004,#11005,
    #11006,#11007,#11008,#11009,#11010,#11011,#11012,#11013,#11014,
    #11015,#11016,#11017,#11018,#11019,#11020,#11021,#11022,#11023,
    #11024,#11025,#11026,#11027,#11028,#11029,#11030,#11031,#11032,
    #11033,#11034,#11035,#11036,#11037,#11038,#11039,#11040),
  .UNSPECIFIED.,.F.,.F.,(9,7,7,7,7,7,7,7,7,7,7,7,7,9),(0.,
    4.30075599421E-02,8.271198024106E-02,0.27100406516,0.371660659858,
    0.412909359148,0.499426694379,0.819400576879,0.841715595068,
    0.862688902013,0.88933984899,0.921752749977,0.958646382223,1.),
  .UNSPECIFIED.);
#10948 = CARTESIAN_POINT('',(2.457446625529,155.25232311517));
#10949 = CARTESIAN_POINT('',(2.464533156198,155.17875592892));
#10950 = CARTESIAN_POINT('',(2.471636450054,155.10682678027));
#10951 = CARTESIAN_POINT('',(2.478755348662,155.03647515293));
#10952 = CARTESIAN_POINT('',(2.485888805556,154.96764522394));
#10953 = CARTESIAN_POINT('',(2.49303588075,154.90028542953));
#10954 = CARTESIAN_POINT('',(2.500195735251,154.83434803087));
#10955 = CARTESIAN_POINT('',(2.507367625576,154.7697886799));
#10956 = CARTESIAN_POINT('',(2.521182469039,154.64819902708));
#10957 = CARTESIAN_POINT('',(2.527823721648,154.59097146587));
#10958 = CARTESIAN_POINT('',(2.534474133455,154.53485086774));
#10959 = CARTESIAN_POINT('',(2.541133225442,154.47980715113));
#10960 = CARTESIAN_POINT('',(2.547800560026,154.4258123828));
#10961 = CARTESIAN_POINT('',(2.554475738891,154.37284057392));
#10962 = CARTESIAN_POINT('',(2.56115840081,154.3208674762));
#10963 = CARTESIAN_POINT('',(2.59957365193,154.02802451077));
#10964 = CARTESIAN_POINT('',(2.631457700325,153.80814617529));
#10965 = CARTESIAN_POINT('',(2.663469075656,153.60778649454));
#10966 = CARTESIAN_POINT('',(2.695585368644,153.42536479851));
#10967 = CARTESIAN_POINT('',(2.727789707632,153.25976030392));
#10968 = CARTESIAN_POINT('',(2.760069185995,153.11013942659));
#10969 = CARTESIAN_POINT('',(2.792414151092,152.97589286792));
#10970 = CARTESIAN_POINT('',(2.84213949937,152.79276221654));
#10971 = CARTESIAN_POINT('',(2.85947769425,152.7332307029));
#10972 = CARTESIAN_POINT('',(2.876830599243,152.67789277469));
#10973 = CARTESIAN_POINT('',(2.89419687983,152.62669087834));
#10974 = CARTESIAN_POINT('',(2.911575275774,152.57957756841));
#10975 = CARTESIAN_POINT('',(2.928964577763,152.53651386801));
#10976 = CARTESIAN_POINT('',(2.946363604048,152.49746762919));
#10977 = CARTESIAN_POINT('',(2.970904735965,152.44804618279));
#10978 = CARTESIAN_POINT('',(2.978039731703,152.43435061525));
#10979 = CARTESIAN_POINT('',(2.985176084558,152.42132337728));
#10980 = CARTESIAN_POINT('',(2.992313715293,152.40896279756));
#10981 = CARTESIAN_POINT('',(2.999452545171,152.39726734689));
#10982 = CARTESIAN_POINT('',(3.006592495957,152.38623563822));
#10983 = CARTESIAN_POINT('',(3.013733489915,152.3758664266));
#10984 = CARTESIAN_POINT('',(3.035855397038,152.34579688862));
#10985 = CARTESIAN_POINT('',(3.050839604431,152.32834478268));
#10986 = CARTESIAN_POINT('',(3.065827342817,152.31379203973));
#10987 = CARTESIAN_POINT('',(3.080817903525,152.30213070012));
#10988 = CARTESIAN_POINT('',(3.095810589612,152.29335496312));
#10989 = CARTESIAN_POINT('',(3.110804707098,152.28746105377));
#10990 = CARTESIAN_POINT('',(3.125799556197,152.28444708983));
#10991 = CARTESIAN_POINT('',(3.19625111907,152.28381684362));
#10992 = CARTESIAN_POINT('',(3.25171125281,152.32271171516));
#10993 = CARTESIAN_POINT('',(3.307133035713,152.40099789491));
#10994 = CARTESIAN_POINT('',(3.362482921901,152.51901951872));
#10995 = CARTESIAN_POINT('',(3.417728472207,152.67744246405));
#10996 = CARTESIAN_POINT('',(3.472832366175,152.87762555933));
#10997 = CARTESIAN_POINT('',(3.527747428235,153.1217335347));
#10998 = CARTESIAN_POINT('',(3.586212331136,153.43514549389));
#10999 = CARTESIAN_POINT('',(3.590022605891,153.45581570525));
#11000 = CARTESIAN_POINT('',(3.593831598253,153.47672537685));
#11001 = CARTESIAN_POINT('',(3.597639282995,153.49787625925));
#11002 = CARTESIAN_POINT('',(3.601445634011,153.51927017601));
#11003 = CARTESIAN_POINT('',(3.605250624316,153.54090902361));
#11004 = CARTESIAN_POINT('',(3.609054226046,153.56279477155));
#11005 = CARTESIAN_POINT('',(3.616429984997,153.60573328407));
#11006 = CARTESIAN_POINT('',(3.620002307375,153.62675701914));
#11007 = CARTESIAN_POINT('',(3.62357335375,153.648002363));
#11008 = CARTESIAN_POINT('',(3.627143099359,153.66947108042));
#11009 = CARTESIAN_POINT('',(3.630711518523,153.69116500542));
#11010 = CARTESIAN_POINT('',(3.63427858465,153.71308604124));
#11011 = CARTESIAN_POINT('',(3.637844270226,153.73523616038));
#11012 = CARTESIAN_POINT('',(3.645937701285,153.7860574285));
#11013 = CARTESIAN_POINT('',(3.650464580147,153.81487066789));
#11014 = CARTESIAN_POINT('',(3.654989125419,153.84406129929));
#11015 = CARTESIAN_POINT('',(3.659511275796,153.87363372385));
#11016 = CARTESIAN_POINT('',(3.664030966657,153.90359256732));
#11017 = CARTESIAN_POINT('',(3.668548130066,153.93394268002));
#11018 = CARTESIAN_POINT('',(3.673062694776,153.96468913684));
#11019 = CARTESIAN_POINT('',(3.683061951863,154.0337195795));
#11020 = CARTESIAN_POINT('',(3.688545361129,154.07219607482));
#11021 = CARTESIAN_POINT('',(3.694024681272,154.11127621523));
#11022 = CARTESIAN_POINT('',(3.69949976854,154.15097013843));
#11023 = CARTESIAN_POINT('',(3.704970468174,154.1912886278));
#11024 = CARTESIAN_POINT('',(3.710436614415,154.23224311238));
#11025 = CARTESIAN_POINT('',(3.715898030497,154.27384566687));
#11026 = CARTESIAN_POINT('',(3.727565328365,154.36421480452));
#11027 = CARTESIAN_POINT('',(3.733769750556,154.41317673574));
#11028 = CARTESIAN_POINT('',(3.739967519384,154.4630137652));
#11029 = CARTESIAN_POINT('',(3.746158331543,154.5137460516));
#11030 = CARTESIAN_POINT('',(3.752341854694,154.56539509781));
#11031 = CARTESIAN_POINT('',(3.758517725899,154.61798389637));
#11032 = CARTESIAN_POINT('',(3.76468555006,154.67153707492));
#11033 = CARTESIAN_POINT('',(3.777748835952,154.78721870186));
#11034 = CARTESIAN_POINT('',(3.784642105967,154.8496010058));
#11035 = CARTESIAN_POINT('',(3.791524113956,154.91326528549));
#11036 = CARTESIAN_POINT('',(3.798394187171,154.97825144545));
#11037 = CARTESIAN_POINT('',(3.805251570002,155.04460232162));
#11038 = CARTESIAN_POINT('',(3.812095419431,155.11236404026));
#11039 = CARTESIAN_POINT('',(3.818924800478,155.18158637689));
#11040 = CARTESIAN_POINT('',(3.825738681651,155.25232311517));
#11041 = ( GEOMETRIC_REPRESENTATION_CONTEXT(2) 
PARAMETRIC_REPRESENTATION_CONTEXT() REPRESENTATION_CONTEXT('2D SPACE',''
  ) );
#11042 = PCURVE('',#11043,#11048);
#11043 = CONICAL_SURFACE('',#11044,45.,0.134477569977);
#11044 = AXIS2_PLACEMENT_3D('',#11045,#11046,#11047);
#11045 = CARTESIAN_POINT('',(-244.7477455336,-75.,338.14342436536));
#11046 = DIRECTION('',(-0.939692620786,-0.,0.342020143326));
#11047 = DIRECTION('',(0.342020143326,0.,0.939692620786));
#11048 = DEFINITIONAL_REPRESENTATION('',(#11049),#11143);
#11049 = B_SPLINE_CURVE_WITH_KNOTS('',8,(#11050,#11051,#11052,#11053,
    #11054,#11055,#11056,#11057,#11058,#11059,#11060,#11061,#11062,
    #11063,#11064,#11065,#11066,#11067,#11068,#11069,#11070,#11071,
    #11072,#11073,#11074,#11075,#11076,#11077,#11078,#11079,#11080,
    #11081,#11082,#11083,#11084,#11085,#11086,#11087,#11088,#11089,
    #11090,#11091,#11092,#11093,#11094,#11095,#11096,#11097,#11098,
    #11099,#11100,#11101,#11102,#11103,#11104,#11105,#11106,#11107,
    #11108,#11109,#11110,#11111,#11112,#11113,#11114,#11115,#11116,
    #11117,#11118,#11119,#11120,#11121,#11122,#11123,#11124,#11125,
    #11126,#11127,#11128,#11129,#11130,#11131,#11132,#11133,#11134,
    #11135,#11136,#11137,#11138,#11139,#11140,#11141,#11142),
  .UNSPECIFIED.,.F.,.F.,(9,7,7,7,7,7,7,7,7,7,7,7,7,9),(0.,
    4.30075599421E-02,8.271198024106E-02,0.27100406516,0.371660659858,
    0.412909359148,0.499426694379,0.819400576879,0.841715595068,
    0.862688902013,0.88933984899,0.921752749977,0.958646382223,1.),
  .UNSPECIFIED.);
#11050 = CARTESIAN_POINT('',(-2.426641983423,-11.95759285058));
#11051 = CARTESIAN_POINT('',(-2.434185851891,-11.95759282158));
#11052 = CARTESIAN_POINT('',(-2.441738175992,-11.95860871643));
#11053 = CARTESIAN_POINT('',(-2.449298299955,-11.96056142147));
#11054 = CARTESIAN_POINT('',(-2.456865640793,-11.96337789976));
#11055 = CARTESIAN_POINT('',(-2.464439686517,-11.96699066408));
#11056 = CARTESIAN_POINT('',(-2.472019994341,-11.97133725004));
#11057 = CARTESIAN_POINT('',(-2.47960618889,-11.97635968901));
#11058 = CARTESIAN_POINT('',(-2.494206655815,-11.98721477094));
#11059 = CARTESIAN_POINT('',(-2.501220084017,-11.99295555219));
#11060 = CARTESIAN_POINT('',(-2.508237991851,-11.99918389423));
#11061 = CARTESIAN_POINT('',(-2.515260150664,-12.00586024953));
#11062 = CARTESIAN_POINT('',(-2.522286355816,-12.01294771817));
#11063 = CARTESIAN_POINT('',(-2.529316426189,-12.0204118121));
#11064 = CARTESIAN_POINT('',(-2.536350203685,-12.0282202195));
#11065 = CARTESIAN_POINT('',(-2.576761094349,-12.07486155838));
#11066 = CARTESIAN_POINT('',(-2.610212502644,-12.12043786131));
#11067 = CARTESIAN_POINT('',(-2.643730989183,-12.16984077167));
#11068 = CARTESIAN_POINT('',(-2.677307788346,-12.22082446454));
#11069 = CARTESIAN_POINT('',(-2.710935985798,-12.27169518537));
#11070 = CARTESIAN_POINT('',(-2.74461031283,-12.32112433304));
#11071 = CARTESIAN_POINT('',(-2.778326969097,-12.36807643539));
#11072 = CARTESIAN_POINT('',(-2.830129016579,-12.43505239889));
#11073 = CARTESIAN_POINT('',(-2.848185353303,-12.45743785703));
#11074 = CARTESIAN_POINT('',(-2.866251818615,-12.47875098869));
#11075 = CARTESIAN_POINT('',(-2.884327687357,-12.4988820378));
#11076 = CARTESIAN_POINT('',(-2.902412227982,-12.51773625438));
#11077 = CARTESIAN_POINT('',(-2.92050469347,-12.53523225548));
#11078 = CARTESIAN_POINT('',(-2.938604312239,-12.55130038604));
#11079 = CARTESIAN_POINT('',(-2.96413003712,-12.57185619414));
#11080 = CARTESIAN_POINT('',(-2.971550862848,-12.57758153154));
#11081 = CARTESIAN_POINT('',(-2.978972701772,-12.58305303788));
#11082 = CARTESIAN_POINT('',(-2.98639549899,-12.58826694298));
#11083 = CARTESIAN_POINT('',(-2.993819199163,-12.59321976068));
#11084 = CARTESIAN_POINT('',(-3.001243746511,-12.59790828885));
#11085 = CARTESIAN_POINT('',(-3.008669084815,-12.60232960936));
#11086 = CARTESIAN_POINT('',(-3.031671018578,-12.61518863245));
#11087 = CARTESIAN_POINT('',(-3.047250121819,-12.62270900437));
#11088 = CARTESIAN_POINT('',(-3.062831928995,-12.62901780774));
#11089 = CARTESIAN_POINT('',(-3.078415909208,-12.63409573466));
#11090 = CARTESIAN_POINT('',(-3.094001533242,-12.63792843893));
#11091 = CARTESIAN_POINT('',(-3.109588267997,-12.64050640947));
#11092 = CARTESIAN_POINT('',(-3.125175570922,-12.64182484383));
#11093 = CARTESIAN_POINT('',(-3.198410675058,-12.64210053454));
#11094 = CARTESIAN_POINT('',(-3.256061942089,-12.62508743247));
#11095 = CARTESIAN_POINT('',(-3.313682564919,-12.59082879371));
#11096 = CARTESIAN_POINT('',(-3.371247137794,-12.54021818963));
#11097 = CARTESIAN_POINT('',(-3.428733256062,-12.4749622713));
#11098 = CARTESIAN_POINT('',(-3.486119005089,-12.39794467149));
#11099 = CARTESIAN_POINT('',(-3.543379426981,-12.31335817024));
#11100 = CARTESIAN_POINT('',(-3.604468752207,-12.22286561563));
#11101 = CARTESIAN_POINT('',(-3.608450648132,-12.21696604061));
#11102 = CARTESIAN_POINT('',(-3.612431802565,-12.21106897748));
#11103 = CARTESIAN_POINT('',(-3.616412205923,-12.20517707374));
#11104 = CARTESIAN_POINT('',(-3.620391848324,-12.19929306566));
#11105 = CARTESIAN_POINT('',(-3.624370719589,-12.19341977823));
#11106 = CARTESIAN_POINT('',(-3.628348809244,-12.1875601252));
#11107 = CARTESIAN_POINT('',(-3.636064265089,-12.17622540969));
#11108 = CARTESIAN_POINT('',(-3.639801723597,-12.17074841435));
#11109 = CARTESIAN_POINT('',(-3.643538473114,-12.16528861545));
#11110 = CARTESIAN_POINT('',(-3.647274504347,-12.15984858888));
#11111 = CARTESIAN_POINT('',(-3.65100980764,-12.15443099405));
#11112 = CARTESIAN_POINT('',(-3.654744372972,-12.14903857384));
#11113 = CARTESIAN_POINT('',(-3.658478189957,-12.1436741546));
#11114 = CARTESIAN_POINT('',(-3.666954874019,-12.13156331494));
#11115 = CARTESIAN_POINT('',(-3.671697274103,-12.12483591824));
#11116 = CARTESIAN_POINT('',(-3.676438426269,-12.11816441067));
#11117 = CARTESIAN_POINT('',(-3.681178307172,-12.11155501707));
#11118 = CARTESIAN_POINT('',(-3.68591689194,-12.10501423252));
#11119 = CARTESIAN_POINT('',(-3.690654154182,-12.09854882236));
#11120 = CARTESIAN_POINT('',(-3.695390065982,-12.09216582219));
#11121 = CARTESIAN_POINT('',(-3.705882739048,-12.07821864091));
#11122 = CARTESIAN_POINT('',(-3.711638837449,-12.07069753258));
#11123 = CARTESIAN_POINT('',(-3.71739284119,-12.06332229966));
#11124 = CARTESIAN_POINT('',(-3.723144692526,-12.05610681221));
#11125 = CARTESIAN_POINT('',(-3.728894327884,-12.04906572358));
#11126 = CARTESIAN_POINT('',(-3.734641677861,-12.0422144704));
#11127 = CARTESIAN_POINT('',(-3.740386667226,-12.03556927258));
#11128 = CARTESIAN_POINT('',(-3.752665607412,-12.02183720309));
#11129 = CARTESIAN_POINT('',(-3.759198830858,-12.01481634673));
#11130 = CARTESIAN_POINT('',(-3.765728768379,-12.00810983803));
#11131 = CARTESIAN_POINT('',(-3.77225528532,-12.00174446683));
#11132 = CARTESIAN_POINT('',(-3.778778228871,-11.99574870753));
#11133 = CARTESIAN_POINT('',(-3.785297427707,-11.99015288766));
#11134 = CARTESIAN_POINT('',(-3.791812691616,-11.98498935646));
#11135 = CARTESIAN_POINT('',(-3.805622044759,-11.97502817676));
#11136 = CARTESIAN_POINT('',(-3.812915051704,-11.97035022525));
#11137 = CARTESIAN_POINT('',(-3.820202547472,-11.96630749566));
#11138 = CARTESIAN_POINT('',(-3.827484190514,-11.96295213998));
#11139 = CARTESIAN_POINT('',(-3.834759580729,-11.96034020152));
#11140 = CARTESIAN_POINT('',(-3.842028257969,-11.958532051));
#11141 = CARTESIAN_POINT('',(-3.84928970055,-11.9575928227));
#11142 = CARTESIAN_POINT('',(-3.856543323756,-11.95759285059));
#11143 = ( GEOMETRIC_REPRESENTATION_CONTEXT(2) 
PARAMETRIC_REPRESENTATION_CONTEXT() REPRESENTATION_CONTEXT('2D SPACE',''
  ) );
#11144 = ORIENTED_EDGE('',*,*,#11145,.F.);
#11145 = EDGE_CURVE('',#11146,#10848,#11148,.T.);
#11146 = VERTEX_POINT('',#11147);
#11147 = CARTESIAN_POINT('',(-244.7477455336,-120.,338.14342436536));
#11148 = SURFACE_CURVE('',#11149,(#11154,#11161),.PCURVE_S1.);
#11149 = CIRCLE('',#11150,45.);
#11150 = AXIS2_PLACEMENT_3D('',#11151,#11152,#11153);
#11151 = CARTESIAN_POINT('',(-244.7477455336,-75.,338.14342436536));
#11152 = DIRECTION('',(0.999999573283,0.,9.238146309375E-04));
#11153 = DIRECTION('',(-9.238146309375E-04,0.,0.999999573283));
#11154 = PCURVE('',#311,#11155);
#11155 = DEFINITIONAL_REPRESENTATION('',(#11156),#11160);
#11156 = LINE('',#11157,#11158);
#11157 = CARTESIAN_POINT('',(0.,155.25232071517));
#11158 = VECTOR('',#11159,1.);
#11159 = DIRECTION('',(1.,0.));
#11160 = ( GEOMETRIC_REPRESENTATION_CONTEXT(2) 
PARAMETRIC_REPRESENTATION_CONTEXT() REPRESENTATION_CONTEXT('2D SPACE',''
  ) );
#11161 = PCURVE('',#11162,#11167);
#11162 = PLANE('',#11163);
#11163 = AXIS2_PLACEMENT_3D('',#11164,#11165,#11166);
#11164 = CARTESIAN_POINT('',(-244.7477455336,-75.,338.14342436536));
#11165 = DIRECTION('',(0.999999573283,0.,9.238146309375E-04));
#11166 = DIRECTION('',(-9.238146309375E-04,0.,0.999999573283));
#11167 = DEFINITIONAL_REPRESENTATION('',(#11168),#11172);
#11168 = CIRCLE('',#11169,45.);
#11169 = AXIS2_PLACEMENT_2D('',#11170,#11171);
#11170 = CARTESIAN_POINT('',(0.,0.));
#11171 = DIRECTION('',(1.,0.));
#11172 = ( GEOMETRIC_REPRESENTATION_CONTEXT(2) 
PARAMETRIC_REPRESENTATION_CONTEXT() REPRESENTATION_CONTEXT('2D SPACE',''
  ) );
#11173 = ORIENTED_EDGE('',*,*,#11174,.F.);
#11174 = EDGE_CURVE('',#10767,#11146,#11175,.T.);
#11175 = SURFACE_CURVE('',#11176,(#11181,#11188),.PCURVE_S1.);
#11176 = CIRCLE('',#11177,45.);
#11177 = AXIS2_PLACEMENT_3D('',#11178,#11179,#11180);
#11178 = CARTESIAN_POINT('',(-244.7477455336,-75.,338.14342436536));
#11179 = DIRECTION('',(0.999999573283,0.,9.238146309375E-04));
#11180 = DIRECTION('',(-9.238146309375E-04,0.,0.999999573283));
#11181 = PCURVE('',#311,#11182);
#11182 = DEFINITIONAL_REPRESENTATION('',(#11183),#11187);
#11183 = LINE('',#11184,#11185);
#11184 = CARTESIAN_POINT('',(0.,155.25232071517));
#11185 = VECTOR('',#11186,1.);
#11186 = DIRECTION('',(1.,0.));
#11187 = ( GEOMETRIC_REPRESENTATION_CONTEXT(2) 
PARAMETRIC_REPRESENTATION_CONTEXT() REPRESENTATION_CONTEXT('2D SPACE',''
  ) );
#11188 = PCURVE('',#10806,#11189);
#11189 = DEFINITIONAL_REPRESENTATION('',(#11190),#11194);
#11190 = CIRCLE('',#11191,45.);
#11191 = AXIS2_PLACEMENT_2D('',#11192,#11193);
#11192 = CARTESIAN_POINT('',(0.,0.));
#11193 = DIRECTION('',(1.,0.));
#11194 = ( GEOMETRIC_REPRESENTATION_CONTEXT(2) 
PARAMETRIC_REPRESENTATION_CONTEXT() REPRESENTATION_CONTEXT('2D SPACE',''
  ) );
#11195 = ORIENTED_EDGE('',*,*,#10766,.F.);
#11196 = ADVANCED_FACE('',(#11197),#11162,.T.);
#11197 = FACE_BOUND('',#11198,.T.);
#11198 = EDGE_LOOP('',(#11199,#11234));
#11199 = ORIENTED_EDGE('',*,*,#11200,.F.);
#11200 = EDGE_CURVE('',#11146,#10848,#11201,.T.);
#11201 = SURFACE_CURVE('',#11202,(#11207,#11214),.PCURVE_S1.);
#11202 = ELLIPSE('',#11203,48.021243716233,45.054974499543);
#11203 = AXIS2_PLACEMENT_3D('',#11204,#11205,#11206);
#11204 = CARTESIAN_POINT('',(-244.7499363702,-75.,340.51493439803));
#11205 = DIRECTION('',(0.999999573283,0.,9.238146309375E-04));
#11206 = DIRECTION('',(-9.238146309375E-04,-0.,0.999999573283));
#11207 = PCURVE('',#11162,#11208);
#11208 = DEFINITIONAL_REPRESENTATION('',(#11209),#11213);
#11209 = ELLIPSE('',#11210,48.021243716233,45.054974499543);
#11210 = AXIS2_PLACEMENT_2D('',#11211,#11212);
#11211 = CARTESIAN_POINT('',(2.371511044635,0.));
#11212 = DIRECTION('',(1.,0.));
#11213 = ( GEOMETRIC_REPRESENTATION_CONTEXT(2) 
PARAMETRIC_REPRESENTATION_CONTEXT() REPRESENTATION_CONTEXT('2D SPACE',''
  ) );
#11214 = PCURVE('',#11043,#11215);
#11215 = DEFINITIONAL_REPRESENTATION('',(#11216),#11233);
#11216 = B_SPLINE_CURVE_WITH_KNOTS('',8,(#11217,#11218,#11219,#11220,
    #11221,#11222,#11223,#11224,#11225,#11226,#11227,#11228,#11229,
    #11230,#11231,#11232),.UNSPECIFIED.,.F.,.F.,(9,7,9),(1.620201045976,
    3.14159265359,4.662984261204),.UNSPECIFIED.);
#11217 = CARTESIAN_POINT('',(-1.570796326795,0.));
#11218 = CARTESIAN_POINT('',(-1.761202604808,-3.127566917532));
#11219 = CARTESIAN_POINT('',(-1.95365506696,-6.221524161063));
#11220 = CARTESIAN_POINT('',(-2.148179437182,-9.109505425903));
#11221 = CARTESIAN_POINT('',(-2.344643160919,-11.6217655094));
#11222 = CARTESIAN_POINT('',(-2.542736437794,-13.61101004791));
#11223 = CARTESIAN_POINT('',(-2.741973815153,-14.97216855576));
#11224 = CARTESIAN_POINT('',(-2.94178323321,-15.65275006345));
#11225 = CARTESIAN_POINT('',(-3.34140207397,-15.65275006345));
#11226 = CARTESIAN_POINT('',(-3.541211492018,-14.97216855577));
#11227 = CARTESIAN_POINT('',(-3.740448869405,-13.61101004794));
#11228 = CARTESIAN_POINT('',(-3.938542146203,-11.6217655094));
#11229 = CARTESIAN_POINT('',(-4.135005870012,-9.109505425874));
#11230 = CARTESIAN_POINT('',(-4.329530240211,-6.221524161063));
#11231 = CARTESIAN_POINT('',(-4.521982702371,-3.127566917532));
#11232 = CARTESIAN_POINT('',(-4.712388980385,9.440423041293E-16));
#11233 = ( GEOMETRIC_REPRESENTATION_CONTEXT(2) 
PARAMETRIC_REPRESENTATION_CONTEXT() REPRESENTATION_CONTEXT('2D SPACE',''
  ) );
#11234 = ORIENTED_EDGE('',*,*,#11145,.T.);
#11235 = ADVANCED_FACE('',(#11236),#11043,.T.);
#11236 = FACE_BOUND('',#11237,.T.);
#11237 = EDGE_LOOP('',(#11238,#11263,#11290,#11291,#11318,#11319,#11320,
    #11355));
#11238 = ORIENTED_EDGE('',*,*,#11239,.T.);
#11239 = EDGE_CURVE('',#11240,#11242,#11244,.T.);
#11240 = VERTEX_POINT('',#11241);
#11241 = CARTESIAN_POINT('',(-229.3568390839,-75.,380.42959230073));
#11242 = VERTEX_POINT('',#11243);
#11243 = CARTESIAN_POINT('',(-77.47555684683,-75.,300.67323765729));
#11244 = SEAM_CURVE('',#11245,(#11249,#11256),.PCURVE_S1.);
#11245 = LINE('',#11246,#11247);
#11246 = CARTESIAN_POINT('',(-229.3568390839,-75.,380.42959230073));
#11247 = VECTOR('',#11248,1.);
#11248 = DIRECTION('',(0.885353079992,-3.283832002181E-17,-0.46491926584
    ));
#11249 = PCURVE('',#11043,#11250);
#11250 = DEFINITIONAL_REPRESENTATION('',(#11251),#11255);
#11251 = LINE('',#11252,#11253);
#11252 = CARTESIAN_POINT('',(-6.28318530718,0.));
#11253 = VECTOR('',#11254,1.);
#11254 = DIRECTION('',(-0.,-1.));
#11255 = ( GEOMETRIC_REPRESENTATION_CONTEXT(2) 
PARAMETRIC_REPRESENTATION_CONTEXT() REPRESENTATION_CONTEXT('2D SPACE',''
  ) );
#11256 = PCURVE('',#11043,#11257);
#11257 = DEFINITIONAL_REPRESENTATION('',(#11258),#11262);
#11258 = LINE('',#11259,#11260);
#11259 = CARTESIAN_POINT('',(0.,-0.));
#11260 = VECTOR('',#11261,1.);
#11261 = DIRECTION('',(-0.,-1.));
#11262 = ( GEOMETRIC_REPRESENTATION_CONTEXT(2) 
PARAMETRIC_REPRESENTATION_CONTEXT() REPRESENTATION_CONTEXT('2D SPACE',''
  ) );
#11263 = ORIENTED_EDGE('',*,*,#11264,.F.);
#11264 = EDGE_CURVE('',#11242,#11242,#11265,.T.);
#11265 = SURFACE_CURVE('',#11266,(#11271,#11278),.PCURVE_S1.);
#11266 = CIRCLE('',#11267,22.);
#11267 = AXIS2_PLACEMENT_3D('',#11268,#11269,#11270);
#11268 = CARTESIAN_POINT('',(-85.,-75.,280.));
#11269 = DIRECTION('',(0.939692620786,0.,-0.342020143326));
#11270 = DIRECTION('',(0.342020143326,0.,0.939692620786));
#11271 = PCURVE('',#11043,#11272);
#11272 = DEFINITIONAL_REPRESENTATION('',(#11273),#11277);
#11273 = LINE('',#11274,#11275);
#11274 = CARTESIAN_POINT('',(-0.,-170.));
#11275 = VECTOR('',#11276,1.);
#11276 = DIRECTION('',(-1.,-0.));
#11277 = ( GEOMETRIC_REPRESENTATION_CONTEXT(2) 
PARAMETRIC_REPRESENTATION_CONTEXT() REPRESENTATION_CONTEXT('2D SPACE',''
  ) );
#11278 = PCURVE('',#11279,#11284);
#11279 = PLANE('',#11280);
#11280 = AXIS2_PLACEMENT_3D('',#11281,#11282,#11283);
#11281 = CARTESIAN_POINT('',(-85.,-75.,280.));
#11282 = DIRECTION('',(0.939692620786,0.,-0.342020143326));
#11283 = DIRECTION('',(0.342020143326,0.,0.939692620786));
#11284 = DEFINITIONAL_REPRESENTATION('',(#11285),#11289);
#11285 = CIRCLE('',#11286,22.);
#11286 = AXIS2_PLACEMENT_2D('',#11287,#11288);
#11287 = CARTESIAN_POINT('',(0.,0.));
#11288 = DIRECTION('',(1.,0.));
#11289 = ( GEOMETRIC_REPRESENTATION_CONTEXT(2) 
PARAMETRIC_REPRESENTATION_CONTEXT() REPRESENTATION_CONTEXT('2D SPACE',''
  ) );
#11290 = ORIENTED_EDGE('',*,*,#11239,.F.);
#11291 = ORIENTED_EDGE('',*,*,#11292,.T.);
#11292 = EDGE_CURVE('',#11240,#11146,#11293,.T.);
#11293 = SURFACE_CURVE('',#11294,(#11299,#11306),.PCURVE_S1.);
#11294 = CIRCLE('',#11295,45.);
#11295 = AXIS2_PLACEMENT_3D('',#11296,#11297,#11298);
#11296 = CARTESIAN_POINT('',(-244.7477455336,-75.,338.14342436536));
#11297 = DIRECTION('',(0.939692620786,0.,-0.342020143326));
#11298 = DIRECTION('',(0.342020143326,0.,0.939692620786));
#11299 = PCURVE('',#11043,#11300);
#11300 = DEFINITIONAL_REPRESENTATION('',(#11301),#11305);
#11301 = LINE('',#11302,#11303);
#11302 = CARTESIAN_POINT('',(-0.,-0.));
#11303 = VECTOR('',#11304,1.);
#11304 = DIRECTION('',(-1.,-0.));
#11305 = ( GEOMETRIC_REPRESENTATION_CONTEXT(2) 
PARAMETRIC_REPRESENTATION_CONTEXT() REPRESENTATION_CONTEXT('2D SPACE',''
  ) );
#11306 = PCURVE('',#11307,#11312);
#11307 = PLANE('',#11308);
#11308 = AXIS2_PLACEMENT_3D('',#11309,#11310,#11311);
#11309 = CARTESIAN_POINT('',(-244.7477455336,-75.,338.14342436536));
#11310 = DIRECTION('',(0.939692620786,0.,-0.342020143326));
#11311 = DIRECTION('',(0.342020143326,0.,0.939692620786));
#11312 = DEFINITIONAL_REPRESENTATION('',(#11313),#11317);
#11313 = CIRCLE('',#11314,45.);
#11314 = AXIS2_PLACEMENT_2D('',#11315,#11316);
#11315 = CARTESIAN_POINT('',(0.,0.));
#11316 = DIRECTION('',(1.,0.));
#11317 = ( GEOMETRIC_REPRESENTATION_CONTEXT(2) 
PARAMETRIC_REPRESENTATION_CONTEXT() REPRESENTATION_CONTEXT('2D SPACE',''
  ) );
#11318 = ORIENTED_EDGE('',*,*,#11200,.T.);
#11319 = ORIENTED_EDGE('',*,*,#10847,.T.);
#11320 = ORIENTED_EDGE('',*,*,#11321,.T.);
#11321 = EDGE_CURVE('',#10819,#10790,#11322,.T.);
#11322 = SURFACE_CURVE('',#11323,(#11328,#11348),.PCURVE_S1.);
#11323 = ELLIPSE('',#11324,48.021243716233,45.054974499543);
#11324 = AXIS2_PLACEMENT_3D('',#11325,#11326,#11327);
#11325 = CARTESIAN_POINT('',(-244.7499363702,-75.,340.51493439803));
#11326 = DIRECTION('',(0.999999573283,0.,9.238146309375E-04));
#11327 = DIRECTION('',(-9.238146309375E-04,-0.,0.999999573283));
#11328 = PCURVE('',#11043,#11329);
#11329 = DEFINITIONAL_REPRESENTATION('',(#11330),#11347);
#11330 = B_SPLINE_CURVE_WITH_KNOTS('',8,(#11331,#11332,#11333,#11334,
    #11335,#11336,#11337,#11338,#11339,#11340,#11341,#11342,#11343,
    #11344,#11345,#11346),.UNSPECIFIED.,.F.,.F.,(9,7,9),(1.620201045976,
    3.14159265359,4.662984261204),.UNSPECIFIED.);
#11331 = CARTESIAN_POINT('',(-1.570796326795,0.));
#11332 = CARTESIAN_POINT('',(-1.761202604808,-3.127566917532));
#11333 = CARTESIAN_POINT('',(-1.95365506696,-6.221524161063));
#11334 = CARTESIAN_POINT('',(-2.148179437182,-9.109505425903));
#11335 = CARTESIAN_POINT('',(-2.344643160919,-11.6217655094));
#11336 = CARTESIAN_POINT('',(-2.542736437794,-13.61101004791));
#11337 = CARTESIAN_POINT('',(-2.741973815153,-14.97216855576));
#11338 = CARTESIAN_POINT('',(-2.94178323321,-15.65275006345));
#11339 = CARTESIAN_POINT('',(-3.34140207397,-15.65275006345));
#11340 = CARTESIAN_POINT('',(-3.541211492018,-14.97216855577));
#11341 = CARTESIAN_POINT('',(-3.740448869405,-13.61101004794));
#11342 = CARTESIAN_POINT('',(-3.938542146203,-11.6217655094));
#11343 = CARTESIAN_POINT('',(-4.135005870012,-9.109505425874));
#11344 = CARTESIAN_POINT('',(-4.329530240211,-6.221524161063));
#11345 = CARTESIAN_POINT('',(-4.521982702371,-3.127566917532));
#11346 = CARTESIAN_POINT('',(-4.712388980385,9.440423041293E-16));
#11347 = ( GEOMETRIC_REPRESENTATION_CONTEXT(2) 
PARAMETRIC_REPRESENTATION_CONTEXT() REPRESENTATION_CONTEXT('2D SPACE',''
  ) );
#11348 = PCURVE('',#10835,#11349);
#11349 = DEFINITIONAL_REPRESENTATION('',(#11350),#11354);
#11350 = ELLIPSE('',#11351,48.021243716233,45.054974499543);
#11351 = AXIS2_PLACEMENT_2D('',#11352,#11353);
#11352 = CARTESIAN_POINT('',(2.371511044635,0.));
#11353 = DIRECTION('',(1.,0.));
#11354 = ( GEOMETRIC_REPRESENTATION_CONTEXT(2) 
PARAMETRIC_REPRESENTATION_CONTEXT() REPRESENTATION_CONTEXT('2D SPACE',''
  ) );
#11355 = ORIENTED_EDGE('',*,*,#11356,.T.);
#11356 = EDGE_CURVE('',#10790,#11240,#11357,.T.);
#11357 = SURFACE_CURVE('',#11358,(#11363,#11370),.PCURVE_S1.);
#11358 = CIRCLE('',#11359,45.);
#11359 = AXIS2_PLACEMENT_3D('',#11360,#11361,#11362);
#11360 = CARTESIAN_POINT('',(-244.7477455336,-75.,338.14342436536));
#11361 = DIRECTION('',(0.939692620786,0.,-0.342020143326));
#11362 = DIRECTION('',(0.342020143326,0.,0.939692620786));
#11363 = PCURVE('',#11043,#11364);
#11364 = DEFINITIONAL_REPRESENTATION('',(#11365),#11369);
#11365 = LINE('',#11366,#11367);
#11366 = CARTESIAN_POINT('',(-0.,-0.));
#11367 = VECTOR('',#11368,1.);
#11368 = DIRECTION('',(-1.,-0.));
#11369 = ( GEOMETRIC_REPRESENTATION_CONTEXT(2) 
PARAMETRIC_REPRESENTATION_CONTEXT() REPRESENTATION_CONTEXT('2D SPACE',''
  ) );
#11370 = PCURVE('',#11307,#11371);
#11371 = DEFINITIONAL_REPRESENTATION('',(#11372),#11376);
#11372 = CIRCLE('',#11373,45.);
#11373 = AXIS2_PLACEMENT_2D('',#11374,#11375);
#11374 = CARTESIAN_POINT('',(0.,0.));
#11375 = DIRECTION('',(1.,0.));
#11376 = ( GEOMETRIC_REPRESENTATION_CONTEXT(2) 
PARAMETRIC_REPRESENTATION_CONTEXT() REPRESENTATION_CONTEXT('2D SPACE',''
  ) );
#11377 = ADVANCED_FACE('',(#11378),#11279,.T.);
#11378 = FACE_BOUND('',#11379,.T.);
#11379 = EDGE_LOOP('',(#11380));
#11380 = ORIENTED_EDGE('',*,*,#11264,.T.);
#11381 = ADVANCED_FACE('',(#11382),#11307,.F.);
#11382 = FACE_BOUND('',#11383,.F.);
#11383 = EDGE_LOOP('',(#11384,#11385,#11386));
#11384 = ORIENTED_EDGE('',*,*,#11356,.T.);
#11385 = ORIENTED_EDGE('',*,*,#11292,.T.);
#11386 = ORIENTED_EDGE('',*,*,#11387,.T.);
#11387 = EDGE_CURVE('',#11146,#10790,#11388,.T.);
#11388 = SURFACE_CURVE('',#11389,(#11393,#11399),.PCURVE_S1.);
#11389 = LINE('',#11390,#11391);
#11390 = CARTESIAN_POINT('',(-244.7477455336,-75.,338.14342436536));
#11391 = VECTOR('',#11392,1.);
#11392 = DIRECTION('',(-0.,1.,0.));
#11393 = PCURVE('',#11307,#11394);
#11394 = DEFINITIONAL_REPRESENTATION('',(#11395),#11398);
#11395 = B_SPLINE_CURVE_WITH_KNOTS('',1,(#11396,#11397),.UNSPECIFIED.,
  .F.,.F.,(2,2),(-45.,45.),.PIECEWISE_BEZIER_KNOTS.);
#11396 = CARTESIAN_POINT('',(0.,45.));
#11397 = CARTESIAN_POINT('',(0.,-45.));
#11398 = ( GEOMETRIC_REPRESENTATION_CONTEXT(2) 
PARAMETRIC_REPRESENTATION_CONTEXT() REPRESENTATION_CONTEXT('2D SPACE',''
  ) );
#11399 = PCURVE('',#10806,#11400);
#11400 = DEFINITIONAL_REPRESENTATION('',(#11401),#11404);
#11401 = B_SPLINE_CURVE_WITH_KNOTS('',1,(#11402,#11403),.UNSPECIFIED.,
  .F.,.F.,(2,2),(-45.,45.),.PIECEWISE_BEZIER_KNOTS.);
#11402 = CARTESIAN_POINT('',(0.,45.));
#11403 = CARTESIAN_POINT('',(0.,-45.));
#11404 = ( GEOMETRIC_REPRESENTATION_CONTEXT(2) 
PARAMETRIC_REPRESENTATION_CONTEXT() REPRESENTATION_CONTEXT('2D SPACE',''
  ) );
#11405 = ADVANCED_FACE('',(#11406),#10835,.T.);
#11406 = FACE_BOUND('',#11407,.T.);
#11407 = EDGE_LOOP('',(#11408,#11409));
#11408 = ORIENTED_EDGE('',*,*,#10818,.T.);
#11409 = ORIENTED_EDGE('',*,*,#11321,.F.);
#11410 = ADVANCED_FACE('',(#11411),#10806,.T.);
#11411 = FACE_BOUND('',#11412,.T.);
#11412 = EDGE_LOOP('',(#11413,#11414,#11415));
#11413 = ORIENTED_EDGE('',*,*,#10789,.T.);
#11414 = ORIENTED_EDGE('',*,*,#11174,.T.);
#11415 = ORIENTED_EDGE('',*,*,#11387,.T.);
#11416 = ADVANCED_FACE('',(#11417),#834,.T.);
#11417 = FACE_BOUND('',#11418,.T.);
#11418 = EDGE_LOOP('',(#11419,#11420));
#11419 = ORIENTED_EDGE('',*,*,#817,.T.);
#11420 = ORIENTED_EDGE('',*,*,#11421,.T.);
#11421 = EDGE_CURVE('',#792,#818,#11422,.T.);
#11422 = SURFACE_CURVE('',#11423,(#11427,#11433),.PCURVE_S1.);
#11423 = LINE('',#11424,#11425);
#11424 = CARTESIAN_POINT('',(-400.,-90.,288.));
#11425 = VECTOR('',#11426,1.);
#11426 = DIRECTION('',(-1.,0.,0.));
#11427 = PCURVE('',#834,#11428);
#11428 = DEFINITIONAL_REPRESENTATION('',(#11429),#11432);
#11429 = B_SPLINE_CURVE_WITH_KNOTS('',1,(#11430,#11431),.UNSPECIFIED.,
  .F.,.F.,(2,2),(-31.80394092938,50.),.PIECEWISE_BEZIER_KNOTS.);
#11430 = CARTESIAN_POINT('',(31.803940929385,-50.));
#11431 = CARTESIAN_POINT('',(-50.,-50.));
#11432 = ( GEOMETRIC_REPRESENTATION_CONTEXT(2) 
PARAMETRIC_REPRESENTATION_CONTEXT() REPRESENTATION_CONTEXT('2D SPACE',''
  ) );
#11433 = PCURVE('',#806,#11434);
#11434 = DEFINITIONAL_REPRESENTATION('',(#11435),#11438);
#11435 = B_SPLINE_CURVE_WITH_KNOTS('',1,(#11436,#11437),.UNSPECIFIED.,
  .F.,.F.,(2,2),(-31.80394092938,50.),.PIECEWISE_BEZIER_KNOTS.);
#11436 = CARTESIAN_POINT('',(31.803940929385,-15.));
#11437 = CARTESIAN_POINT('',(-50.,-15.));
#11438 = ( GEOMETRIC_REPRESENTATION_CONTEXT(2) 
PARAMETRIC_REPRESENTATION_CONTEXT() REPRESENTATION_CONTEXT('2D SPACE',''
  ) );
#11439 = ADVANCED_FACE('',(#11440),#806,.F.);
#11440 = FACE_BOUND('',#11441,.F.);
#11441 = EDGE_LOOP('',(#11442,#11464,#11465,#11466));
#11442 = ORIENTED_EDGE('',*,*,#11443,.T.);
#11443 = EDGE_CURVE('',#847,#667,#11444,.T.);
#11444 = SURFACE_CURVE('',#11445,(#11450,#11457),.PCURVE_S1.);
#11445 = CIRCLE('',#11446,50.);
#11446 = AXIS2_PLACEMENT_3D('',#11447,#11448,#11449);
#11447 = CARTESIAN_POINT('',(-400.,-75.,288.));
#11448 = DIRECTION('',(0.,0.,1.));
#11449 = DIRECTION('',(-0.351567916625,0.936162379077,0.));
#11450 = PCURVE('',#806,#11451);
#11451 = DEFINITIONAL_REPRESENTATION('',(#11452),#11456);
#11452 = CIRCLE('',#11453,50.);
#11453 = AXIS2_PLACEMENT_2D('',#11454,#11455);
#11454 = CARTESIAN_POINT('',(0.,0.));
#11455 = DIRECTION('',(-0.351567916625,0.936162379077));
#11456 = ( GEOMETRIC_REPRESENTATION_CONTEXT(2) 
PARAMETRIC_REPRESENTATION_CONTEXT() REPRESENTATION_CONTEXT('2D SPACE',''
  ) );
#11457 = PCURVE('',#181,#11458);
#11458 = DEFINITIONAL_REPRESENTATION('',(#11459),#11463);
#11459 = LINE('',#11460,#11461);
#11460 = CARTESIAN_POINT('',(1.930041738889,0.));
#11461 = VECTOR('',#11462,1.);
#11462 = DIRECTION('',(1.,0.));
#11463 = ( GEOMETRIC_REPRESENTATION_CONTEXT(2) 
PARAMETRIC_REPRESENTATION_CONTEXT() REPRESENTATION_CONTEXT('2D SPACE',''
  ) );
#11464 = ORIENTED_EDGE('',*,*,#791,.T.);
#11465 = ORIENTED_EDGE('',*,*,#11421,.T.);
#11466 = ORIENTED_EDGE('',*,*,#846,.F.);
#11467 = ADVANCED_FACE('',(#11468),#1138,.T.);
#11468 = FACE_BOUND('',#11469,.T.);
#11469 = EDGE_LOOP('',(#11470,#11489));
#11470 = ORIENTED_EDGE('',*,*,#11471,.T.);
#11471 = EDGE_CURVE('',#868,#1122,#11472,.T.);
#11472 = SURFACE_CURVE('',#11473,(#11477,#11483),.PCURVE_S1.);
#11473 = LINE('',#11474,#11475);
#11474 = CARTESIAN_POINT('',(-447.6969600708,-90.,288.));
#11475 = VECTOR('',#11476,1.);
#11476 = DIRECTION('',(0.,0.,1.));
#11477 = PCURVE('',#1138,#11478);
#11478 = DEFINITIONAL_REPRESENTATION('',(#11479),#11482);
#11479 = B_SPLINE_CURVE_WITH_KNOTS('',1,(#11480,#11481),.UNSPECIFIED.,
  .F.,.F.,(2,2),(-2.400000028047E-06,100.0000024),
  .PIECEWISE_BEZIER_KNOTS.);
#11480 = CARTESIAN_POINT('',(-47.69696007084,-50.0000024));
#11481 = CARTESIAN_POINT('',(-47.69696007084,50.0000024));
#11482 = ( GEOMETRIC_REPRESENTATION_CONTEXT(2) 
PARAMETRIC_REPRESENTATION_CONTEXT() REPRESENTATION_CONTEXT('2D SPACE',''
  ) );
#11483 = PCURVE('',#181,#11484);
#11484 = DEFINITIONAL_REPRESENTATION('',(#11485),#11488);
#11485 = B_SPLINE_CURVE_WITH_KNOTS('',1,(#11486,#11487),.UNSPECIFIED.,
  .F.,.F.,(2,2),(26.891559983417,73.108440016583),
  .PIECEWISE_BEZIER_KNOTS.);
#11486 = CARTESIAN_POINT('',(3.446285307605,26.891559983417));
#11487 = CARTESIAN_POINT('',(3.446285307605,73.108440016583));
#11488 = ( GEOMETRIC_REPRESENTATION_CONTEXT(2) 
PARAMETRIC_REPRESENTATION_CONTEXT() REPRESENTATION_CONTEXT('2D SPACE',''
  ) );
#11489 = ORIENTED_EDGE('',*,*,#1121,.T.);
#11490 = ADVANCED_FACE('',(#11491),#181,.T.);
#11491 = FACE_BOUND('',#11492,.T.);
#11492 = EDGE_LOOP('',(#11493,#11494,#11495,#11517,#11518,#11519,#11520,
    #11521,#11522));
#11493 = ORIENTED_EDGE('',*,*,#10524,.F.);
#11494 = ORIENTED_EDGE('',*,*,#83,.T.);
#11495 = ORIENTED_EDGE('',*,*,#11496,.F.);
#11496 = EDGE_CURVE('',#1151,#58,#11497,.T.);
#11497 = SURFACE_CURVE('',#11498,(#11503,#11510),.PCURVE_S1.);
#11498 = CIRCLE('',#11499,50.);
#11499 = AXIS2_PLACEMENT_3D('',#11500,#11501,#11502);
#11500 = CARTESIAN_POINT('',(-400.,-75.,388.));
#11501 = DIRECTION('',(0.,0.,1.));
#11502 = DIRECTION('',(-0.351567916625,0.936162379077,0.));
#11503 = PCURVE('',#181,#11504);
#11504 = DEFINITIONAL_REPRESENTATION('',(#11505),#11509);
#11505 = LINE('',#11506,#11507);
#11506 = CARTESIAN_POINT('',(1.930041738889,100.));
#11507 = VECTOR('',#11508,1.);
#11508 = DIRECTION('',(1.,0.));
#11509 = ( GEOMETRIC_REPRESENTATION_CONTEXT(2) 
PARAMETRIC_REPRESENTATION_CONTEXT() REPRESENTATION_CONTEXT('2D SPACE',''
  ) );
#11510 = PCURVE('',#72,#11511);
#11511 = DEFINITIONAL_REPRESENTATION('',(#11512),#11516);
#11512 = CIRCLE('',#11513,50.);
#11513 = AXIS2_PLACEMENT_2D('',#11514,#11515);
#11514 = CARTESIAN_POINT('',(0.,0.));
#11515 = DIRECTION('',(-0.351567916625,0.936162379077));
#11516 = ( GEOMETRIC_REPRESENTATION_CONTEXT(2) 
PARAMETRIC_REPRESENTATION_CONTEXT() REPRESENTATION_CONTEXT('2D SPACE',''
  ) );
#11517 = ORIENTED_EDGE('',*,*,#1150,.T.);
#11518 = ORIENTED_EDGE('',*,*,#11471,.F.);
#11519 = ORIENTED_EDGE('',*,*,#867,.F.);
#11520 = ORIENTED_EDGE('',*,*,#11443,.T.);
#11521 = ORIENTED_EDGE('',*,*,#666,.F.);
#11522 = ORIENTED_EDGE('',*,*,#10022,.T.);
#11523 = ADVANCED_FACE('',(#11524),#72,.T.);
#11524 = FACE_BOUND('',#11525,.T.);
#11525 = EDGE_LOOP('',(#11526,#11527,#11528,#11547));
#11526 = ORIENTED_EDGE('',*,*,#11496,.T.);
#11527 = ORIENTED_EDGE('',*,*,#57,.T.);
#11528 = ORIENTED_EDGE('',*,*,#11529,.T.);
#11529 = EDGE_CURVE('',#22,#24,#11530,.T.);
#11530 = SURFACE_CURVE('',#11531,(#11535,#11541),.PCURVE_S1.);
#11531 = LINE('',#11532,#11533);
#11532 = CARTESIAN_POINT('',(-400.,-90.,388.));
#11533 = VECTOR('',#11534,1.);
#11534 = DIRECTION('',(-1.,0.,0.));
#11535 = PCURVE('',#72,#11536);
#11536 = DEFINITIONAL_REPRESENTATION('',(#11537),#11540);
#11537 = B_SPLINE_CURVE_WITH_KNOTS('',1,(#11538,#11539),.UNSPECIFIED.,
  .F.,.F.,(2,2),(-31.80394092938,50.),.PIECEWISE_BEZIER_KNOTS.);
#11538 = CARTESIAN_POINT('',(31.803940929385,-15.));
#11539 = CARTESIAN_POINT('',(-50.,-15.));
#11540 = ( GEOMETRIC_REPRESENTATION_CONTEXT(2) 
PARAMETRIC_REPRESENTATION_CONTEXT() REPRESENTATION_CONTEXT('2D SPACE',''
  ) );
#11541 = PCURVE('',#45,#11542);
#11542 = DEFINITIONAL_REPRESENTATION('',(#11543),#11546);
#11543 = B_SPLINE_CURVE_WITH_KNOTS('',1,(#11544,#11545),.UNSPECIFIED.,
  .F.,.F.,(2,2),(-31.80394092938,50.),.PIECEWISE_BEZIER_KNOTS.);
#11544 = CARTESIAN_POINT('',(31.803940929385,50.));
#11545 = CARTESIAN_POINT('',(-50.,50.));
#11546 = ( GEOMETRIC_REPRESENTATION_CONTEXT(2) 
PARAMETRIC_REPRESENTATION_CONTEXT() REPRESENTATION_CONTEXT('2D SPACE',''
  ) );
#11547 = ORIENTED_EDGE('',*,*,#1404,.F.);
#11548 = ADVANCED_FACE('',(#11549),#45,.T.);
#11549 = FACE_BOUND('',#11550,.T.);
#11550 = EDGE_LOOP('',(#11551,#11552));
#11551 = ORIENTED_EDGE('',*,*,#11529,.F.);
#11552 = ORIENTED_EDGE('',*,*,#21,.T.);
#11553 = ( GEOMETRIC_REPRESENTATION_CONTEXT(3) 
GLOBAL_UNCERTAINTY_ASSIGNED_CONTEXT((#11557)) 
GLOBAL_UNIT_ASSIGNED_CONTEXT((#11554,#11555,#11556)) 
REPRESENTATION_CONTEXT('Context #1',
  '3D Context with UNIT and UNCERTAINTY') );
#11554 = ( LENGTH_UNIT() NAMED_UNIT(*) SI_UNIT(.MILLI.,.METRE.) );
#11555 = ( NAMED_UNIT(*) PLANE_ANGLE_UNIT() SI_UNIT($,.RADIAN.) );
#11556 = ( NAMED_UNIT(*) SI_UNIT($,.STERADIAN.) SOLID_ANGLE_UNIT() );
#11557 = UNCERTAINTY_MEASURE_WITH_UNIT(LENGTH_MEASURE(2.E-07),#11554,
  'distance_accuracy_value','confusion accuracy');
#11558 = PRODUCT_RELATED_PRODUCT_CATEGORY('part',$,(#7));
ENDSEC;
END-ISO-10303-21;
