ISO-10303-21;
HEADER;
FILE_DESCRIPTION(('Open CASCADE Model'),'2;1');
FILE_NAME('Open CASCADE Shape Model','2026-10-01T16:37:41',('Author'),(
    'Open CASCADE'),'Open CASCADE STEP processor 8.0','build123d',
  'Unknown');
FILE_SCHEMA(('AUTOMOTIVE_DESIGN { 1 0 10303 214 1 1 1 1 }'));
ENDSEC;
DATA;
#1 = APPLICATION_PROTOCOL_DEFINITION('international standard',
  'automotive_design',2000,#2);
#2 = APPLICATION_CONTEXT(
  'core data for automotive mechanical design processes');
#3 = SHAPE_DEFINITION_REPRESENTATION(#4,#10);
#4 = PRODUCT_DEFINITION_SHAPE('','',#5);
#5 = PRODUCT_DEFINITION('design','',#6,#9);
#6 = PRODUCT_DEFINITION_FORMATION('','',#7);
#7 = PRODUCT('COMPOUND','COMPOUND','',(#8));
#8 = PRODUCT_CONTEXT('',#2,'mechanical');
#9 = PRODUCT_DEFINITION_CONTEXT('part definition',#2,'design');
#10 = SHAPE_REPRESENTATION('',(#11,#15,#4013),#8011);
#11 = AXIS2_PLACEMENT_3D('',#12,#13,#14);
#12 = CARTESIAN_POINT('',(0.,0.,0.));
#13 = DIRECTION('',(0.,0.,1.));
#14 = DIRECTION('',(1.,0.,-0.));
#15 = MANIFOLD_SOLID_BREP('',#16);
#16 = CLOSED_SHELL('',(#17,#1952,#2498,#2724,#2950,#3176,#3768,#3994));
#17 = ADVANCED_FACE('',(#18,#530,#737,#944,#1151,#1745),#189,.T.);
#18 = FACE_BOUND('',#19,.T.);
#19 = EDGE_LOOP('',(#20));
#20 = ORIENTED_EDGE('',*,*,#21,.T.);
#21 = EDGE_CURVE('',#22,#22,#24,.T.);
#22 = VERTEX_POINT('',#23);
#23 = CARTESIAN_POINT('',(90.866177556743,131.08618453607,
    288.55198651616));
#24 = SURFACE_CURVE('',#25,(#188,#359),.PCURVE_S1.);
#25 = B_SPLINE_CURVE_WITH_KNOTS('',6,(#26,#27,#28,#29,#30,#31,#32,#33,
    #34,#35,#36,#37,#38,#39,#40,#41,#42,#43,#44,#45,#46,#47,#48,#49,#50,
    #51,#52,#53,#54,#55,#56,#57,#58,#59,#60,#61,#62,#63,#64,#65,#66,#67,
    #68,#69,#70,#71,#72,#73,#74,#75,#76,#77,#78,#79,#80,#81,#82,#83,#84,
    #85,#86,#87,#88,#89,#90,#91,#92,#93,#94,#95,#96,#97,#98,#99,#100,
    #101,#102,#103,#104,#105,#106,#107,#108,#109,#110,#111,#112,#113,
    #114,#115,#116,#117,#118,#119,#120,#121,#122,#123,#124,#125,#126,
    #127,#128,#129,#130,#131,#132,#133,#134,#135,#136,#137,#138,#139,
    #140,#141,#142,#143,#144,#145,#146,#147,#148,#149,#150,#151,#152,
    #153,#154,#155,#156,#157,#158,#159,#160,#161,#162,#163,#164,#165,
    #166,#167,#168,#169,#170,#171,#172,#173,#174,#175,#176,#177,#178,
    #179,#180,#181,#182,#183,#184,#185,#186,#187),.UNSPECIFIED.,.T.,.F.,
  (7,5,5,5,5,5,5,5,5,5,5,5,5,5,5,5,5,5,5,5,5,5,5,5,5,5,5,5,5,5,5,5,7),(
    0.,6.417413091538E-02,0.121771296678,0.139691818154,0.162058836885,
    0.19085217991,0.213470661211,0.225603855865,0.250000553485,
    0.274397251105,0.286530445759,0.309135357864,0.337781292553,
    0.36030925297,0.378272842138,0.435937676036,0.500000497772,
    0.564174500932,0.621771552028,0.639692037823,0.662059012019,
    0.690852297713,0.713470733974,0.725603904467,0.750000553507,
    0.774397202547,0.786530373039,0.809135240132,0.837781117777,
    0.860309033334,0.878272586732,0.935937305812,1.),.UNSPECIFIED.);
#26 = CARTESIAN_POINT('',(90.866177556743,131.08618453607,
    288.55198651616));
#27 = CARTESIAN_POINT('',(90.866177556743,131.08618453607,
    292.79386760431));
#28 = CARTESIAN_POINT('',(91.142389385625,130.89472025381,
    297.03377007581));
#29 = CARTESIAN_POINT('',(91.694333553584,130.51212446285,
    301.25363228924));
#30 = CARTESIAN_POINT('',(92.517069133567,129.93535884962,
    305.43517652548));
#31 = CARTESIAN_POINT('',(93.601058432606,129.15818337841,
    309.55894531141));
#32 = CARTESIAN_POINT('',(96.127140699348,127.28720901638,317.2332609279
    ));
#33 = CARTESIAN_POINT('',(97.521078984829,126.23407359007,
    320.79903501688));
#34 = CARTESIAN_POINT('',(99.105844320667,125.00532153268,
    324.29075517503));
#35 = CARTESIAN_POINT('',(100.87224930298,123.59042126646,
    327.69621284385));
#36 = CARTESIAN_POINT('',(102.80966366083,121.97606712381,
    330.99991961978));
#37 = CARTESIAN_POINT('',(105.55698453378,119.57726408085,
    335.17143922033));
#38 = CARTESIAN_POINT('',(106.22432774628,118.98709671827,336.1496919653
    ));
#39 = CARTESIAN_POINT('',(106.9067415304,118.37546684465,337.11575147246
    ));
#40 = CARTESIAN_POINT('',(107.60387353525,117.74181185849,
    338.06901464025));
#41 = CARTESIAN_POINT('',(108.31534462937,117.08554160871,
    339.00881034701));
#42 = CARTESIAN_POINT('',(109.94613946402,115.55793107803,
    341.08964942818));
#43 = CARTESIAN_POINT('',(110.87324041045,114.67362474513,
    342.22277633829));
#44 = CARTESIAN_POINT('',(111.82128995105,113.75188306141,
    343.33237987454));
#45 = CARTESIAN_POINT('',(112.78942471015,112.79142905725,
    344.41684366434));
#46 = CARTESIAN_POINT('',(113.77667473793,111.79094070741,
    345.47433647147));
#47 = CARTESIAN_POINT('',(116.07607631645,109.40780672526,
    347.82678386269));
#48 = CARTESIAN_POINT('',(117.40039257706,107.99762744063,
    349.10298863706));
#49 = CARTESIAN_POINT('',(118.75215357071,106.51602075456,
    350.32652735021));
#50 = CARTESIAN_POINT('',(120.12822864227,104.96051937985,
    351.49200719483));
#51 = CARTESIAN_POINT('',(121.52507223068,103.32874772511,
    352.59349131747));
#52 = CARTESIAN_POINT('',(124.0491960561,100.27504688827,354.43428871322
    ));
#53 = CARTESIAN_POINT('',(125.17022465182,98.88294326778,355.20074508571
    ));
#54 = CARTESIAN_POINT('',(126.29888962576,97.442312697264,
    355.91988093522));
#55 = CARTESIAN_POINT('',(127.43219490724,95.953450875325,
    356.58789726869));
#56 = CARTESIAN_POINT('',(128.56709828066,94.416861265351,
    357.20110275267));
#57 = CARTESIAN_POINT('',(130.30856558671,91.983797665932,
    358.05350418715));
#58 = CARTESIAN_POINT('',(130.91606328094,91.120935286013,
    358.33425426139));
#59 = CARTESIAN_POINT('',(131.52238349235,90.245075611678,
    358.59750933032));
#60 = CARTESIAN_POINT('',(132.12688175284,89.35663159878,358.84268153109
    ));
#61 = CARTESIAN_POINT('',(132.72893106238,88.456044827792,
    359.06923176858));
#62 = CARTESIAN_POINT('',(134.53234375863,85.709473310473,
    359.69377000238));
#63 = CARTESIAN_POINT('',(135.72493059668,83.827174958099,360.0337757601
    ));
#64 = CARTESIAN_POINT('',(136.89908205355,81.903155685836,360.291994751)
  );
#65 = CARTESIAN_POINT('',(138.0488192598,79.944297027137,360.46527935467
    ));
#66 = CARTESIAN_POINT('',(139.16893931714,77.958057680901,
    360.55198651616));
#67 = CARTESIAN_POINT('',(141.34120900311,73.946704223886,
    360.55198651616));
#68 = CARTESIAN_POINT('',(142.3924932277,71.923188184252,360.46527935467
    ));
#69 = CARTESIAN_POINT('',(143.40466164753,69.889831851003,360.291994751)
  );
#70 = CARTESIAN_POINT('',(144.37431114284,67.855068557624,360.0337757601
    ));
#71 = CARTESIAN_POINT('',(145.29894600859,65.827666076976,
    359.69377000239));
#72 = CARTESIAN_POINT('',(146.61357528857,62.816403499732,
    359.06923176858));
#73 = CARTESIAN_POINT('',(147.03877746649,61.820048637719,
    358.84268153109));
#74 = CARTESIAN_POINT('',(147.45247214872,60.828278694184,
    358.59750933032));
#75 = CARTESIAN_POINT('',(147.8546321717,59.841860079285,358.33425426139
    ));
#76 = CARTESIAN_POINT('',(148.24526389013,58.861558189199,
    358.05350418716));
#77 = CARTESIAN_POINT('',(149.33076832422,56.07458902449,357.2014355827)
  );
#78 = CARTESIAN_POINT('',(149.99702976393,54.285479877822,
    356.58863336467));
#79 = CARTESIAN_POINT('',(150.62424004272,52.523757746568,
    355.92108429302));
#80 = CARTESIAN_POINT('',(151.21363790807,50.792240060134,
    355.20247292118));
#81 = CARTESIAN_POINT('',(151.76661050584,49.093592434307,
    354.43659108273));
#82 = CARTESIAN_POINT('',(152.9411413553,45.322522211196,352.60185486731
    ));
#83 = CARTESIAN_POINT('',(153.5416734203,43.271084880617,351.50651687781
    ));
#84 = CARTESIAN_POINT('',(154.09019085623,41.278098061894,
    350.34778733332));
#85 = CARTESIAN_POINT('',(154.59055914581,39.345217536156,
    349.13151973209));
#86 = CARTESIAN_POINT('',(155.04649813648,37.473708888974,
    347.86303627936));
#87 = CARTESIAN_POINT('',(155.78795112231,34.241717005137,
    345.51235015054));
#88 = CARTESIAN_POINT('',(156.08912829054,32.857188476911,
    344.44802682063));
#89 = CARTESIAN_POINT('',(156.36685482442,31.5110919217,343.3563026235)
  );
#90 = CARTESIAN_POINT('',(156.62280492462,30.203520279879,
    342.23905193172));
#91 = CARTESIAN_POINT('',(156.85855404139,28.934499766056,
    341.09792785378));
#92 = CARTESIAN_POINT('',(157.24864041079,26.722795205383,
    339.00654410627));
#93 = CARTESIAN_POINT('',(157.40979574034,25.766081119601,
    338.06445209522));
#94 = CARTESIAN_POINT('',(157.55979590738,24.833851875099,337.1088294977
    ));
#95 = CARTESIAN_POINT('',(157.69934730733,23.926102453988,
    336.14035216069));
#96 = CARTESIAN_POINT('',(157.82911826909,23.042820409494,335.1596272785
    ));
#97 = CARTESIAN_POINT('',(158.33695243107,19.427046689139,
    330.98138460493));
#98 = CARTESIAN_POINT('',(158.63009901251,16.920587656651,
    327.67324067267));
#99 = CARTESIAN_POINT('',(158.84956720955,14.666941837894,
    324.26317291881));
#100 = CARTESIAN_POINT('',(159.0123577028,12.667751639689,
    320.76671701065));
#101 = CARTESIAN_POINT('',(159.13234604712,10.924967725571,
    317.19611917284));
#102 = CARTESIAN_POINT('',(159.31804271256,7.793394531549,
    309.52325616402));
#103 = CARTESIAN_POINT('',(159.37624456976,6.465448027881,
    305.40623036618));
#104 = CARTESIAN_POINT('',(159.40952127628,5.464700603321,
    301.23172182106));
#105 = CARTESIAN_POINT('',(159.42823901589,4.795701939366,
    297.01908839354));
#106 = CARTESIAN_POINT('',(159.43760612817,4.460913820973,
    292.78651854777));
#107 = CARTESIAN_POINT('',(159.43760612817,4.460913820973,
    284.31010542803));
#108 = CARTESIAN_POINT('',(159.42820647379,4.796864996438,
    280.07020295647));
#109 = CARTESIAN_POINT('',(159.40942381839,5.468183933787,
    275.85034074313));
#110 = CARTESIAN_POINT('',(159.37601352554,6.472393154793,271.6687965068
    ));
#111 = CARTESIAN_POINT('',(159.31753755192,7.804915227382,
    267.54502772092));
#112 = CARTESIAN_POINT('',(159.13112177097,10.942890026133,
    259.87071210472));
#113 = CARTESIAN_POINT('',(159.0109205192,12.68579272823,256.30493801562
    ));
#114 = CARTESIAN_POINT('',(158.84793000228,14.68447901697,
    252.81321785676));
#115 = CARTESIAN_POINT('',(158.62830957234,16.937010080708,
    249.40776018806));
#116 = CARTESIAN_POINT('',(158.33510686293,19.441754749842,
    246.10405341323));
#117 = CARTESIAN_POINT('',(157.82755470862,23.053460556368,
    241.93253381199));
#118 = CARTESIAN_POINT('',(157.69800123143,23.934857388485,
    240.95428106702));
#119 = CARTESIAN_POINT('',(157.5587094178,24.840604298904,
    239.98822155986));
#120 = CARTESIAN_POINT('',(157.40901555203,25.770713658184,
    239.03495839207));
#121 = CARTESIAN_POINT('',(157.24821821128,26.725190464456,
    238.09516268531));
#122 = CARTESIAN_POINT('',(156.86009751344,28.925746769141,
    236.01432360414));
#123 = CARTESIAN_POINT('',(156.62616562174,30.185425190521,
    234.88119669403));
#124 = CARTESIAN_POINT('',(156.3723308926,31.48310527176,233.77159315779
    ));
#125 = CARTESIAN_POINT('',(156.0970520818,32.81876180778,232.68712936798
    ));
#126 = CARTESIAN_POINT('',(155.7986919713,34.192304963264,
    231.62963656085));
#127 = CARTESIAN_POINT('',(155.05948087302,37.42032945931,
    229.27718916977));
#128 = CARTESIAN_POINT('',(154.60221914718,39.300045099513,
    228.0009843952));
#129 = CARTESIAN_POINT('',(154.10013734887,41.241778867184,
    226.77744568199));
#130 = CARTESIAN_POINT('',(153.54945834539,43.244257272511,
    225.61196583748));
#131 = CARTESIAN_POINT('',(152.94625505642,45.305809244831,
    224.51048171496));
#132 = CARTESIAN_POINT('',(151.76827258714,49.088486496597,
    222.6696843191));
#133 = CARTESIAN_POINT('',(151.21505495213,50.788076991657,
    221.90322794661));
#134 = CARTESIAN_POINT('',(150.62537068246,52.52058197757,221.1840920971
    ));
#135 = CARTESIAN_POINT('',(149.99783010799,54.283330743918,
    220.51607576363));
#136 = CARTESIAN_POINT('',(149.33119233759,56.073500394974,
    219.90287027965));
#137 = CARTESIAN_POINT('',(148.24526389013,58.861558189185,
    219.05046884517));
#138 = CARTESIAN_POINT('',(147.8546321717,59.841860079277,
    218.76971877094));
#139 = CARTESIAN_POINT('',(147.45247214872,60.828278694176,
    218.50646370201));
#140 = CARTESIAN_POINT('',(147.03877746649,61.820048637709,
    218.26129150123));
#141 = CARTESIAN_POINT('',(146.61357528857,62.816403499727,
    218.03474126374));
#142 = CARTESIAN_POINT('',(145.29894600859,65.827666076965,
    217.41020302993));
#143 = CARTESIAN_POINT('',(144.37431114284,67.855068557621,
    217.07019727222));
#144 = CARTESIAN_POINT('',(143.40466164753,69.889831850992,
    216.81197828132));
#145 = CARTESIAN_POINT('',(142.3924932277,71.923188184248,
    216.63869367765));
#146 = CARTESIAN_POINT('',(141.34120900312,73.946704223871,
    216.55198651616));
#147 = CARTESIAN_POINT('',(139.16893931716,77.958057680852,
    216.55198651616));
#148 = CARTESIAN_POINT('',(138.04881925979,79.944297027153,
    216.63869367765));
#149 = CARTESIAN_POINT('',(136.89908205354,81.90315568585,
    216.81197828132));
#150 = CARTESIAN_POINT('',(135.72493059667,83.82717495811,
    217.07019727223));
#151 = CARTESIAN_POINT('',(134.53234375866,85.709473310423,
    217.41020302993));
#152 = CARTESIAN_POINT('',(132.72893106238,88.456044827786,
    218.03474126374));
#153 = CARTESIAN_POINT('',(132.12688175285,89.356631598768,
    218.26129150123));
#154 = CARTESIAN_POINT('',(131.52238349236,90.245075611671,218.506463702
    ));
#155 = CARTESIAN_POINT('',(130.91606328094,91.120935286009,
    218.76971877094));
#156 = CARTESIAN_POINT('',(130.30856558672,91.983797665922,
    219.05046884517));
#157 = CARTESIAN_POINT('',(128.56777825678,94.415911247435,
    219.90253744962));
#158 = CARTESIAN_POINT('',(127.43355736343,95.951606142208,
    220.51533966765));
#159 = CARTESIAN_POINT('',(126.30093135501,97.439630310895,
    221.1828887393));
#160 = CARTESIAN_POINT('',(125.17293669776,98.879481482147,
    221.90150011114));
#161 = CARTESIAN_POINT('',(124.0525638163,100.27086462747,
    222.66738194959));
#162 = CARTESIAN_POINT('',(121.53627425481,103.31533177077,
    224.50211816501));
#163 = CARTESIAN_POINT('',(120.14644157815,104.93933885612,
    225.59745615451));
#164 = CARTESIAN_POINT('',(118.77713414879,106.48784297335,226.756185699
    ));
#165 = CARTESIAN_POINT('',(117.43185106098,107.96317648333,
    227.97245330024));
#166 = CARTESIAN_POINT('',(116.11368504487,109.3677630181,
    229.24093675297));
#167 = CARTESIAN_POINT('',(113.81218606181,111.75494262976,
    231.59162288179));
#168 = CARTESIAN_POINT('',(112.81727560849,112.76379352161,
    232.6559462117));
#169 = CARTESIAN_POINT('',(111.84173530446,113.73200273391,
    233.74767040882));
#170 = CARTESIAN_POINT('',(110.88655791035,114.66092156679,
    234.8649211006));
#171 = CARTESIAN_POINT('',(109.95262634044,115.55185508466,
    236.00604517854));
#172 = CARTESIAN_POINT('',(108.31356940062,117.08720416137,
    238.09742892606));
#173 = CARTESIAN_POINT('',(107.6004202905,117.74499685585,239.0395209371
    ));
#174 = CARTESIAN_POINT('',(106.90168033722,118.38006684577,
    239.99514353462));
#175 = CARTESIAN_POINT('',(106.21773137312,118.99300845741,
    240.96362087163));
#176 = CARTESIAN_POINT('',(105.54892820633,119.58438819727,
    241.94434575383));
#177 = CARTESIAN_POINT('',(102.79835469501,121.98565046849,
    246.12258842794));
#178 = CARTESIAN_POINT('',(100.85947393971,123.6008944788,
    249.43073235951));
#179 = CARTESIAN_POINT('',(99.092052191763,125.01627645218,
    252.84080011298));
#180 = CARTESIAN_POINT('',(97.506755537001,126.24513637544,
    256.33725602157));
#181 = CARTESIAN_POINT('',(96.112800381819,127.29802858265,
    259.90785385997));
#182 = CARTESIAN_POINT('',(93.591686273035,129.16490232511,
    267.58071686829));
#183 = CARTESIAN_POINT('',(92.511379069275,129.93934775141,
    271.69774266615));
#184 = CARTESIAN_POINT('',(91.691469632568,130.51410966956,
    275.87225121126));
#185 = CARTESIAN_POINT('',(91.141433145484,130.89538310034,
    280.0848846388));
#186 = CARTESIAN_POINT('',(90.866177556743,131.08618453607,
    284.31745448454));
#187 = CARTESIAN_POINT('',(90.866177556743,131.08618453607,
    288.55198651616));
#188 = PCURVE('',#189,#194);
#189 = CYLINDRICAL_SURFACE('',#190,159.5);
#190 = AXIS2_PLACEMENT_3D('',#191,#192,#193);
#191 = CARTESIAN_POINT('',(0.,0.,206.55198651616));
#192 = DIRECTION('',(0.,0.,1.));
#193 = DIRECTION('',(1.,0.,-0.));
#194 = DEFINITIONAL_REPRESENTATION('',(#195),#358);
#195 = B_SPLINE_CURVE_WITH_KNOTS('',6,(#196,#197,#198,#199,#200,#201,
    #202,#203,#204,#205,#206,#207,#208,#209,#210,#211,#212,#213,#214,
    #215,#216,#217,#218,#219,#220,#221,#222,#223,#224,#225,#226,#227,
    #228,#229,#230,#231,#232,#233,#234,#235,#236,#237,#238,#239,#240,
    #241,#242,#243,#244,#245,#246,#247,#248,#249,#250,#251,#252,#253,
    #254,#255,#256,#257,#258,#259,#260,#261,#262,#263,#264,#265,#266,
    #267,#268,#269,#270,#271,#272,#273,#274,#275,#276,#277,#278,#279,
    #280,#281,#282,#283,#284,#285,#286,#287,#288,#289,#290,#291,#292,
    #293,#294,#295,#296,#297,#298,#299,#300,#301,#302,#303,#304,#305,
    #306,#307,#308,#309,#310,#311,#312,#313,#314,#315,#316,#317,#318,
    #319,#320,#321,#322,#323,#324,#325,#326,#327,#328,#329,#330,#331,
    #332,#333,#334,#335,#336,#337,#338,#339,#340,#341,#342,#343,#344,
    #345,#346,#347,#348,#349,#350,#351,#352,#353,#354,#355,#356,#357),
  .UNSPECIFIED.,.T.,.F.,(7,5,5,5,5,5,5,5,5,5,5,5,5,5,5,5,5,5,5,5,5,5,5,5
    ,5,5,5,5,5,5,5,5,7),(0.,6.417413091538E-02,0.121771296678,
    0.139691818154,0.162058836885,0.19085217991,0.213470661211,
    0.225603855865,0.250000553485,0.274397251105,0.286530445759,
    0.309135357864,0.337781292553,0.36030925297,0.378272842138,
    0.435937676036,0.500000497772,0.564174500932,0.621771552028,
    0.639692037823,0.662059012019,0.690852297713,0.713470733974,
    0.725603904467,0.750000553507,0.774397202547,0.786530373039,
    0.809135240132,0.837781117777,0.860309033334,0.878272586732,
    0.935937305812,1.),.UNSPECIFIED.);
#196 = CARTESIAN_POINT('',(0.964662965056,82.));
#197 = CARTESIAN_POINT('',(0.964662965056,86.241881088144));
#198 = CARTESIAN_POINT('',(0.962555865938,90.481783559645));
#199 = CARTESIAN_POINT('',(0.958345312801,94.701645773079));
#200 = CARTESIAN_POINT('',(0.952045958869,98.883190009323));
#201 = CARTESIAN_POINT('',(0.943684552666,103.00695879525));
#202 = CARTESIAN_POINT('',(0.923976044407,110.68127441173));
#203 = CARTESIAN_POINT('',(0.913023293889,114.24704850072));
#204 = CARTESIAN_POINT('',(0.900452346576,117.73876865887));
#205 = CARTESIAN_POINT('',(0.886266154303,121.14422632769));
#206 = CARTESIAN_POINT('',(0.870459411574,124.44793310362));
#207 = CARTESIAN_POINT('',(0.847592988121,128.61945270417));
#208 = CARTESIAN_POINT('',(0.842007725268,129.59770544913));
#209 = CARTESIAN_POINT('',(0.836262498364,130.56376495629));
#210 = CARTESIAN_POINT('',(0.830356280326,131.51702812409));
#211 = CARTESIAN_POINT('',(0.824287954316,132.45682383085));
#212 = CARTESIAN_POINT('',(0.810278415984,134.53766291201));
#213 = CARTESIAN_POINT('',(0.802246043583,135.67078982213));
#214 = CARTESIAN_POINT('',(0.793956515738,136.78039335837));
#215 = CARTESIAN_POINT('',(0.785407188484,137.86485714817));
#216 = CARTESIAN_POINT('',(0.776595363844,138.92234995531));
#217 = CARTESIAN_POINT('',(0.75583309439,141.27479734652));
#218 = CARTESIAN_POINT('',(0.7437054657,142.55100212089));
#219 = CARTESIAN_POINT('',(0.731133221579,143.77454083405));
#220 = CARTESIAN_POINT('',(0.718114900861,144.94002067867));
#221 = CARTESIAN_POINT('',(0.704649896468,146.0415048013));
#222 = CARTESIAN_POINT('',(0.679810684245,147.88230219705));
#223 = CARTESIAN_POINT('',(0.668605577452,148.64875856954));
#224 = CARTESIAN_POINT('',(0.657133119012,149.36789441905));
#225 = CARTESIAN_POINT('',(0.645403750477,150.03591075252));
#226 = CARTESIAN_POINT('',(0.633428503042,150.64911623651));
#227 = CARTESIAN_POINT('',(0.614669418365,151.50151767099));
#228 = CARTESIAN_POINT('',(0.608053534942,151.78226774522));
#229 = CARTESIAN_POINT('',(0.601375179357,152.04552281415));
#230 = CARTESIAN_POINT('',(0.594638251268,152.29069501492));
#231 = CARTESIAN_POINT('',(0.58784668908,152.51724525241));
#232 = CARTESIAN_POINT('',(0.567246566994,153.14178348622));
#233 = CARTESIAN_POINT('',(0.553277895001,153.48178924394));
#234 = CARTESIAN_POINT('',(0.539149324263,153.74000823484));
#235 = CARTESIAN_POINT('',(0.524912081339,153.9132928385));
#236 = CARTESIAN_POINT('',(0.51061757009,154.));
#237 = CARTESIAN_POINT('',(0.482017154161,154.));
#238 = CARTESIAN_POINT('',(0.467722642912,153.9132928385));
#239 = CARTESIAN_POINT('',(0.453485399988,153.74000823484));
#240 = CARTESIAN_POINT('',(0.43935682925,153.48178924394));
#241 = CARTESIAN_POINT('',(0.425388157257,153.14178348622));
#242 = CARTESIAN_POINT('',(0.404788035171,152.51724525241));
#243 = CARTESIAN_POINT('',(0.397996472983,152.29069501493));
#244 = CARTESIAN_POINT('',(0.391259544894,152.04552281415));
#245 = CARTESIAN_POINT('',(0.384581189309,151.78226774522));
#246 = CARTESIAN_POINT('',(0.377965305886,151.50151767099));
#247 = CARTESIAN_POINT('',(0.359213545911,150.64944906654));
#248 = CARTESIAN_POINT('',(0.347245350368,150.03664684851));
#249 = CARTESIAN_POINT('',(0.33552273701,149.36909777686));
#250 = CARTESIAN_POINT('',(0.324056714347,148.65048640502));
#251 = CARTESIAN_POINT('',(0.312857702756,147.88460456657));
#252 = CARTESIAN_POINT('',(0.288094405046,146.04986835114));
#253 = CARTESIAN_POINT('',(0.274694935963,144.95453036164));
#254 = CARTESIAN_POINT('',(0.261737551807,143.79580081715));
#255 = CARTESIAN_POINT('',(0.249221709008,142.57953321592));
#256 = CARTESIAN_POINT('',(0.237146023059,141.31104976319));
#257 = CARTESIAN_POINT('',(0.216356368204,138.96036363437));
#258 = CARTESIAN_POINT('',(0.207473503803,137.89604030446));
#259 = CARTESIAN_POINT('',(0.198856988045,136.80431610734));
#260 = CARTESIAN_POINT('',(0.190504064778,135.68706541555));
#261 = CARTESIAN_POINT('',(0.182412032658,134.54594133762));
#262 = CARTESIAN_POINT('',(0.168331521133,132.4545575901));
#263 = CARTESIAN_POINT('',(0.162248991645,131.51246557906));
#264 = CARTESIAN_POINT('',(0.156329348084,130.55684298154));
#265 = CARTESIAN_POINT('',(0.15057146602,129.58836564453));
#266 = CARTESIAN_POINT('',(0.144974311679,128.60764076233));
#267 = CARTESIAN_POINT('',(0.122082386107,124.42939808876));
#268 = CARTESIAN_POINT('',(0.106265019806,121.12125415651));
#269 = CARTESIAN_POINT('',(9.207196833482E-02,117.71118640264));
#270 = CARTESIAN_POINT('',(7.94979736998E-02,114.21473049449));
#271 = CARTESIAN_POINT('',(6.85460569446E-02,110.64413265668));
#272 = CARTESIAN_POINT('',(4.887788075687E-02,102.97126964786));
#273 = CARTESIAN_POINT('',(4.05451989939E-02,98.854243850024));
#274 = CARTESIAN_POINT('',(3.426756374314E-02,94.679735304898));
#275 = CARTESIAN_POINT('',(3.007156359157E-02,90.467101877382));
#276 = CARTESIAN_POINT('',(2.797175919498E-02,86.234532031605));
#277 = CARTESIAN_POINT('',(2.797175919498E-02,77.758118911873));
#278 = CARTESIAN_POINT('',(3.007885831255E-02,73.51821644031));
#279 = CARTESIAN_POINT('',(3.428941144974E-02,69.298354226974));
#280 = CARTESIAN_POINT('',(4.058876538158E-02,65.116809990642));
#281 = CARTESIAN_POINT('',(4.895017158516E-02,60.993041204763));
#282 = CARTESIAN_POINT('',(6.865867984292E-02,53.318725588559));
#283 = CARTESIAN_POINT('',(7.961143036085E-02,49.752951499462));
#284 = CARTESIAN_POINT('',(9.218237767582E-02,46.261231340596));
#285 = CARTESIAN_POINT('',(0.106368569951,42.855773671902));
#286 = CARTESIAN_POINT('',(0.122175312673,39.552066897065));
#287 = CARTESIAN_POINT('',(0.14504173613,35.380547295826));
#288 = CARTESIAN_POINT('',(0.150626998983,34.402294550862));
#289 = CARTESIAN_POINT('',(0.156372225887,33.436235043702));
#290 = CARTESIAN_POINT('',(0.162278443925,32.482971875905));
#291 = CARTESIAN_POINT('',(0.168346769935,31.543176169146));
#292 = CARTESIAN_POINT('',(0.182356308267,29.46233708798));
#293 = CARTESIAN_POINT('',(0.190388680667,28.329210177871));
#294 = CARTESIAN_POINT('',(0.198678208513,27.219606641625));
#295 = CARTESIAN_POINT('',(0.207227535767,26.135142851816));
#296 = CARTESIAN_POINT('',(0.216039360407,25.077650044686));
#297 = CARTESIAN_POINT('',(0.236801629859,22.725202653608));
#298 = CARTESIAN_POINT('',(0.248929258552,21.448997879035));
#299 = CARTESIAN_POINT('',(0.261501502673,20.225459165833));
#300 = CARTESIAN_POINT('',(0.274519823391,19.059979321322));
#301 = CARTESIAN_POINT('',(0.287984827782,17.958495198801));
#302 = CARTESIAN_POINT('',(0.312824040006,16.117697802943));
#303 = CARTESIAN_POINT('',(0.324029146799,15.351241430452));
#304 = CARTESIAN_POINT('',(0.335501605239,14.632105580943));
#305 = CARTESIAN_POINT('',(0.347230973774,13.964089247472));
#306 = CARTESIAN_POINT('',(0.359206221209,13.350883763489));
#307 = CARTESIAN_POINT('',(0.377965305886,12.498482329007));
#308 = CARTESIAN_POINT('',(0.384581189308,12.217732254776));
#309 = CARTESIAN_POINT('',(0.391259544894,11.954477185845));
#310 = CARTESIAN_POINT('',(0.397996472983,11.70930498507));
#311 = CARTESIAN_POINT('',(0.404788035171,11.482754747582));
#312 = CARTESIAN_POINT('',(0.425388157257,10.858216513774));
#313 = CARTESIAN_POINT('',(0.43935682925,10.518210756061));
#314 = CARTESIAN_POINT('',(0.453485399988,10.259991765159));
#315 = CARTESIAN_POINT('',(0.467722642912,10.086707161492));
#316 = CARTESIAN_POINT('',(0.482017154161,10.));
#317 = CARTESIAN_POINT('',(0.510617570089,10.));
#318 = CARTESIAN_POINT('',(0.524912081339,10.086707161489));
#319 = CARTESIAN_POINT('',(0.539149324263,10.259991765162));
#320 = CARTESIAN_POINT('',(0.553277895001,10.518210756066));
#321 = CARTESIAN_POINT('',(0.567246566994,10.858216513766));
#322 = CARTESIAN_POINT('',(0.58784668908,11.482754747581));
#323 = CARTESIAN_POINT('',(0.594638251268,11.709304985069));
#324 = CARTESIAN_POINT('',(0.601375179357,11.954477185844));
#325 = CARTESIAN_POINT('',(0.608053534942,12.217732254775));
#326 = CARTESIAN_POINT('',(0.614669418365,12.498482329004));
#327 = CARTESIAN_POINT('',(0.63342117834,13.350550933458));
#328 = CARTESIAN_POINT('',(0.645389373883,13.963353151488));
#329 = CARTESIAN_POINT('',(0.657111987241,14.630902223141));
#330 = CARTESIAN_POINT('',(0.668578009904,15.349513594977));
#331 = CARTESIAN_POINT('',(0.679777021495,16.115395433431));
#332 = CARTESIAN_POINT('',(0.704540319205,17.950131648852));
#333 = CARTESIAN_POINT('',(0.717939788288,19.045469638351));
#334 = CARTESIAN_POINT('',(0.730897172444,20.204199182843));
#335 = CARTESIAN_POINT('',(0.743413015243,21.420466784083));
#336 = CARTESIAN_POINT('',(0.755488701192,22.688950236813));
#337 = CARTESIAN_POINT('',(0.776278356047,25.039636365625));
#338 = CARTESIAN_POINT('',(0.785161220448,26.103959695539));
#339 = CARTESIAN_POINT('',(0.793777736206,27.195683892661));
#340 = CARTESIAN_POINT('',(0.802130659473,28.312934584443));
#341 = CARTESIAN_POINT('',(0.810222691593,29.454058662378));
#342 = CARTESIAN_POINT('',(0.824303203118,31.545442409897));
#343 = CARTESIAN_POINT('',(0.830385732606,32.48753442094));
#344 = CARTESIAN_POINT('',(0.836305376167,33.443157018461));
#345 = CARTESIAN_POINT('',(0.842063258231,34.41163435547));
#346 = CARTESIAN_POINT('',(0.847660412572,35.392359237667));
#347 = CARTESIAN_POINT('',(0.870552338147,39.570601911776));
#348 = CARTESIAN_POINT('',(0.886369704443,42.878745843346));
#349 = CARTESIAN_POINT('',(0.900562755914,46.288813596815));
#350 = CARTESIAN_POINT('',(0.913136750551,49.785269505413));
#351 = CARTESIAN_POINT('',(0.924088667308,53.355867343806));
#352 = CARTESIAN_POINT('',(0.943756843494,61.028730352127));
#353 = CARTESIAN_POINT('',(0.952089525257,65.145756149986));
#354 = CARTESIAN_POINT('',(0.958367160508,69.320264695101));
#355 = CARTESIAN_POINT('',(0.962563160659,73.532898122635));
#356 = CARTESIAN_POINT('',(0.964662965056,77.765467968381));
#357 = CARTESIAN_POINT('',(0.964662965056,82.));
#358 = ( GEOMETRIC_REPRESENTATION_CONTEXT(2) 
PARAMETRIC_REPRESENTATION_CONTEXT() REPRESENTATION_CONTEXT('2D SPACE',''
  ) );
#359 = PCURVE('',#360,#365);
#360 = CYLINDRICAL_SURFACE('',#361,72.);
#361 = AXIS2_PLACEMENT_3D('',#362,#363,#364);
#362 = CARTESIAN_POINT('',(0.,0.,288.55198651616));
#363 = DIRECTION('',(0.879342157744,0.47619047619,0.));
#364 = DIRECTION('',(-0.47619047619,0.879342157744,0.));
#365 = DEFINITIONAL_REPRESENTATION('',(#366),#529);
#366 = B_SPLINE_CURVE_WITH_KNOTS('',6,(#367,#368,#369,#370,#371,#372,
    #373,#374,#375,#376,#377,#378,#379,#380,#381,#382,#383,#384,#385,
    #386,#387,#388,#389,#390,#391,#392,#393,#394,#395,#396,#397,#398,
    #399,#400,#401,#402,#403,#404,#405,#406,#407,#408,#409,#410,#411,
    #412,#413,#414,#415,#416,#417,#418,#419,#420,#421,#422,#423,#424,
    #425,#426,#427,#428,#429,#430,#431,#432,#433,#434,#435,#436,#437,
    #438,#439,#440,#441,#442,#443,#444,#445,#446,#447,#448,#449,#450,
    #451,#452,#453,#454,#455,#456,#457,#458,#459,#460,#461,#462,#463,
    #464,#465,#466,#467,#468,#469,#470,#471,#472,#473,#474,#475,#476,
    #477,#478,#479,#480,#481,#482,#483,#484,#485,#486,#487,#488,#489,
    #490,#491,#492,#493,#494,#495,#496,#497,#498,#499,#500,#501,#502,
    #503,#504,#505,#506,#507,#508,#509,#510,#511,#512,#513,#514,#515,
    #516,#517,#518,#519,#520,#521,#522,#523,#524,#525,#526,#527,#528),
  .UNSPECIFIED.,.F.,.F.,(7,5,5,5,5,5,5,5,5,5,5,5,5,5,5,5,5,5,5,5,5,5,5,5
    ,5,5,5,5,5,5,5,5,7),(0.,6.417413091538E-02,0.121771296678,
    0.139691818154,0.162058836885,0.19085217991,0.213470661211,
    0.225603855865,0.250000553485,0.274397251105,0.286530445759,
    0.309135357864,0.337781292553,0.36030925297,0.378272842138,
    0.435937676036,0.500000497772,0.564174500932,0.621771552028,
    0.639692037823,0.662059012019,0.690852297713,0.713470733974,
    0.725603904467,0.750000553507,0.774397202547,0.786530373039,
    0.809135240132,0.837781117777,0.860309033334,0.878272586732,
    0.935937305812,1.),.UNSPECIFIED.);
#367 = CARTESIAN_POINT('',(0.,142.3244532749));
#368 = CARTESIAN_POINT('',(5.891501511312E-02,142.3244532749));
#369 = CARTESIAN_POINT('',(0.117802549447,142.47616451276));
#370 = CARTESIAN_POINT('',(0.176779832386,142.77932381648));
#371 = CARTESIAN_POINT('',(0.235959391803,143.22813960462));
#372 = CARTESIAN_POINT('',(0.295452293545,143.81125353609));
#373 = CARTESIAN_POINT('',(0.409143623313,145.14160399477));
#374 = CARTESIAN_POINT('',(0.463256741552,145.86585963434));
#375 = CARTESIAN_POINT('',(0.517870782924,146.67429057694));
#376 = CARTESIAN_POINT('',(0.573148327011,147.55380291401));
#377 = CARTESIAN_POINT('',(0.629257807878,148.48871296796));
#378 = CARTESIAN_POINT('',(0.704157019398,149.76226086908));
#379 = CARTESIAN_POINT('',(0.722032023501,150.0680518121));
#380 = CARTESIAN_POINT('',(0.740015422142,150.37687470073));
#381 = CARTESIAN_POINT('',(0.758114292594,150.6881517925));
#382 = CARTESIAN_POINT('',(0.776335799928,151.00126867682));
#383 = CARTESIAN_POINT('',(0.817592353962,151.70786173953));
#384 = CARTESIAN_POINT('',(0.840700094128,152.10200243244));
#385 = CARTESIAN_POINT('',(0.864025761391,152.49673774983));
#386 = CARTESIAN_POINT('',(0.887584211403,152.89070040828));
#387 = CARTESIAN_POINT('',(0.911390554868,153.28240795421));
#388 = CARTESIAN_POINT('',(0.966446599801,154.16954299399));
#389 = CARTESIAN_POINT('',(0.997877172333,154.66255616708));
#390 = CARTESIAN_POINT('',(1.029775425153,155.14568960262));
#391 = CARTESIAN_POINT('',(1.062165747517,155.61501548492));
#392 = CARTESIAN_POINT('',(1.095074273714,156.06628481868));
#393 = CARTESIAN_POINT('',(1.154810946947,156.8317100541));
#394 = CARTESIAN_POINT('',(1.181433854939,157.1545712724));
#395 = CARTESIAN_POINT('',(1.208389447637,157.46103940857));
#396 = CARTESIAN_POINT('',(1.23567086502,157.7486207002));
#397 = CARTESIAN_POINT('',(1.263273453065,158.01487974333));
#398 = CARTESIAN_POINT('',(1.306172265074,158.38762364786));
#399 = CARTESIAN_POINT('',(1.321239143637,158.51093513355));
#400 = CARTESIAN_POINT('',(1.336390100097,158.62702202114));
#401 = CARTESIAN_POINT('',(1.351620344461,158.7355142483));
#402 = CARTESIAN_POINT('',(1.366925346216,158.83607074389));
#403 = CARTESIAN_POINT('',(1.413216739546,159.11399635679));
#404 = CARTESIAN_POINT('',(1.444430858827,159.26635569151));
#405 = CARTESIAN_POINT('',(1.475866065242,159.38263691365));
#406 = CARTESIAN_POINT('',(1.507451081674,159.46085947196));
#407 = CARTESIAN_POINT('',(1.539117393874,159.5));
#408 = CARTESIAN_POINT('',(1.602475259715,159.5));
#409 = CARTESIAN_POINT('',(1.634141571916,159.46085947196));
#410 = CARTESIAN_POINT('',(1.665726588348,159.38263691366));
#411 = CARTESIAN_POINT('',(1.697161794763,159.26635569151));
#412 = CARTESIAN_POINT('',(1.728375914043,159.11399635679));
#413 = CARTESIAN_POINT('',(1.774667307373,158.83607074389));
#414 = CARTESIAN_POINT('',(1.789972309128,158.7355142483));
#415 = CARTESIAN_POINT('',(1.805202553492,158.62702202114));
#416 = CARTESIAN_POINT('',(1.820353509952,158.51093513355));
#417 = CARTESIAN_POINT('',(1.835420388515,158.38762364787));
#418 = CARTESIAN_POINT('',(1.878302450185,158.01502528552));
#419 = CARTESIAN_POINT('',(1.905888651182,157.74894032102));
#420 = CARTESIAN_POINT('',(1.933154056003,157.46155746033));
#421 = CARTESIAN_POINT('',(1.960094027037,157.15530761939));
#422 = CARTESIAN_POINT('',(1.98670172634,156.83267991486));
#423 = CARTESIAN_POINT('',(2.04625362041,156.06974668107));
#424 = CARTESIAN_POINT('',(2.078997874022,155.62094492357));
#425 = CARTESIAN_POINT('',(2.111229115715,155.154238087));
#426 = CARTESIAN_POINT('',(2.142972986117,154.67381372045));
#427 = CARTESIAN_POINT('',(2.174253403912,154.18354550241));
#428 = CARTESIAN_POINT('',(2.229345895099,153.29649261663));
#429 = CARTESIAN_POINT('',(2.253330799444,152.90203109845));
#430 = CARTESIAN_POINT('',(2.277063899535,152.50524938839));
#431 = CARTESIAN_POINT('',(2.300560635008,152.107663939));
#432 = CARTESIAN_POINT('',(2.323836182149,151.71067259326));
#433 = CARTESIAN_POINT('',(2.365301771878,151.00049933509));
#434 = CARTESIAN_POINT('',(2.383566810255,150.68663187422));
#435 = CARTESIAN_POINT('',(2.401708639548,150.37461465691));
#436 = CARTESIAN_POINT('',(2.419734475434,150.06506645696));
#437 = CARTESIAN_POINT('',(2.437651444946,149.7585690371));
#438 = CARTESIAN_POINT('',(2.512655556857,148.48333201519));
#439 = CARTESIAN_POINT('',(2.568826754889,147.54755624241));
#440 = CARTESIAN_POINT('',(2.624164889695,146.66737920475));
#441 = CARTESIAN_POINT('',(2.67883884189,145.85853241587));
#442 = CARTESIAN_POINT('',(2.733011621696,145.13414612351));
#443 = CARTESIAN_POINT('',(2.846655201373,143.8062116995));
#444 = CARTESIAN_POINT('',(2.906042911302,143.22503556825));
#445 = CARTESIAN_POINT('',(2.965119042952,142.77775078652));
#446 = CARTESIAN_POINT('',(3.023994016425,142.47563929169));
#447 = CARTESIAN_POINT('',(3.082779708706,142.3244532749));
#448 = CARTESIAN_POINT('',(3.200507668703,142.3244532749));
#449 = CARTESIAN_POINT('',(3.259395203037,142.47616451276));
#450 = CARTESIAN_POINT('',(3.318372485975,142.77932381648));
#451 = CARTESIAN_POINT('',(3.377552045393,143.22813960462));
#452 = CARTESIAN_POINT('',(3.437044947134,143.81125353609));
#453 = CARTESIAN_POINT('',(3.550736276899,145.14160399472));
#454 = CARTESIAN_POINT('',(3.604849395139,145.86585963429));
#455 = CARTESIAN_POINT('',(3.659463436521,146.67429057704));
#456 = CARTESIAN_POINT('',(3.714740980609,147.55380291416));
#457 = CARTESIAN_POINT('',(3.770850461455,148.48871296775));
#458 = CARTESIAN_POINT('',(3.845749672988,149.76226086908));
#459 = CARTESIAN_POINT('',(3.86362467709,150.0680518121));
#460 = CARTESIAN_POINT('',(3.881608075732,150.37687470073));
#461 = CARTESIAN_POINT('',(3.899706946183,150.6881517925));
#462 = CARTESIAN_POINT('',(3.917928453518,151.00126867682));
#463 = CARTESIAN_POINT('',(3.959185007552,151.70786173953));
#464 = CARTESIAN_POINT('',(3.982292747717,152.10200243244));
#465 = CARTESIAN_POINT('',(4.005618414981,152.49673774983));
#466 = CARTESIAN_POINT('',(4.029176864993,152.89070040828));
#467 = CARTESIAN_POINT('',(4.052983208458,153.28240795421));
#468 = CARTESIAN_POINT('',(4.108039253388,154.16954299394));
#469 = CARTESIAN_POINT('',(4.139469825924,154.6625561671));
#470 = CARTESIAN_POINT('',(4.171368078746,155.14568960267));
#471 = CARTESIAN_POINT('',(4.203758401108,155.61501548493));
#472 = CARTESIAN_POINT('',(4.2366669273,156.06628481864));
#473 = CARTESIAN_POINT('',(4.296403600537,156.8317100541));
#474 = CARTESIAN_POINT('',(4.323026508529,157.1545712724));
#475 = CARTESIAN_POINT('',(4.349982101227,157.46103940857));
#476 = CARTESIAN_POINT('',(4.37726351861,157.7486207002));
#477 = CARTESIAN_POINT('',(4.404866106655,158.01487974333));
#478 = CARTESIAN_POINT('',(4.447764918664,158.38762364786));
#479 = CARTESIAN_POINT('',(4.462831797227,158.51093513355));
#480 = CARTESIAN_POINT('',(4.477982753687,158.62702202114));
#481 = CARTESIAN_POINT('',(4.493212998051,158.7355142483));
#482 = CARTESIAN_POINT('',(4.508517999806,158.83607074389));
#483 = CARTESIAN_POINT('',(4.554809393136,159.11399635679));
#484 = CARTESIAN_POINT('',(4.586023512417,159.26635569151));
#485 = CARTESIAN_POINT('',(4.617458718831,159.38263691366));
#486 = CARTESIAN_POINT('',(4.649043735263,159.46085947196));
#487 = CARTESIAN_POINT('',(4.680710047464,159.5));
#488 = CARTESIAN_POINT('',(4.744067913305,159.5));
#489 = CARTESIAN_POINT('',(4.775734225506,159.46085947196));
#490 = CARTESIAN_POINT('',(4.807319241938,159.38263691365));
#491 = CARTESIAN_POINT('',(4.838754448353,159.2663556915));
#492 = CARTESIAN_POINT('',(4.869968567632,159.11399635679));
#493 = CARTESIAN_POINT('',(4.916259960963,158.83607074389));
#494 = CARTESIAN_POINT('',(4.931564962718,158.7355142483));
#495 = CARTESIAN_POINT('',(4.946795207082,158.62702202114));
#496 = CARTESIAN_POINT('',(4.961946163542,158.51093513355));
#497 = CARTESIAN_POINT('',(4.977013042105,158.38762364787));
#498 = CARTESIAN_POINT('',(5.019895103775,158.01502528552));
#499 = CARTESIAN_POINT('',(5.047481304772,157.74894032102));
#500 = CARTESIAN_POINT('',(5.074746709593,157.46155746033));
#501 = CARTESIAN_POINT('',(5.101686680627,157.15530761939));
#502 = CARTESIAN_POINT('',(5.12829437993,156.83267991486));
#503 = CARTESIAN_POINT('',(5.187846274,156.06974668107));
#504 = CARTESIAN_POINT('',(5.220590527612,155.62094492357));
#505 = CARTESIAN_POINT('',(5.252821769304,155.154238087));
#506 = CARTESIAN_POINT('',(5.284565639707,154.67381372045));
#507 = CARTESIAN_POINT('',(5.315846057502,154.18354550241));
#508 = CARTESIAN_POINT('',(5.370938548688,153.29649261663));
#509 = CARTESIAN_POINT('',(5.394923453033,152.90203109845));
#510 = CARTESIAN_POINT('',(5.418656553125,152.50524938839));
#511 = CARTESIAN_POINT('',(5.442153288598,152.107663939));
#512 = CARTESIAN_POINT('',(5.465428835739,151.71067259326));
#513 = CARTESIAN_POINT('',(5.506894425468,151.00049933509));
#514 = CARTESIAN_POINT('',(5.525159463845,150.68663187422));
#515 = CARTESIAN_POINT('',(5.543301293137,150.37461465691));
#516 = CARTESIAN_POINT('',(5.561327129024,150.06506645696));
#517 = CARTESIAN_POINT('',(5.579244098535,149.7585690371));
#518 = CARTESIAN_POINT('',(5.654248210457,148.48333201502));
#519 = CARTESIAN_POINT('',(5.710419408475,147.54755624248));
#520 = CARTESIAN_POINT('',(5.765757543277,146.66737920488));
#521 = CARTESIAN_POINT('',(5.820431495478,145.85853241585));
#522 = CARTESIAN_POINT('',(5.874604275293,145.13414612342));
#523 = CARTESIAN_POINT('',(5.988247854963,143.8062116995));
#524 = CARTESIAN_POINT('',(6.047635564892,143.22503556825));
#525 = CARTESIAN_POINT('',(6.106711696542,142.77775078652));
#526 = CARTESIAN_POINT('',(6.165586670015,142.47563929169));
#527 = CARTESIAN_POINT('',(6.224372362296,142.3244532749));
#528 = CARTESIAN_POINT('',(6.28318530718,142.3244532749));
#529 = ( GEOMETRIC_REPRESENTATION_CONTEXT(2) 
PARAMETRIC_REPRESENTATION_CONTEXT() REPRESENTATION_CONTEXT('2D SPACE',''
  ) );
#530 = FACE_BOUND('',#531,.T.);
#531 = EDGE_LOOP('',(#532));
#532 = ORIENTED_EDGE('',*,*,#533,.F.);
#533 = EDGE_CURVE('',#534,#534,#536,.T.);
#534 = VERTEX_POINT('',#535);
#535 = CARTESIAN_POINT('',(155.92083966362,33.599728549377,
    240.55198651616));
#536 = SURFACE_CURVE('',#537,(#600,#666),.PCURVE_S1.);
#537 = B_SPLINE_CURVE_WITH_KNOTS('',7,(#538,#539,#540,#541,#542,#543,
    #544,#545,#546,#547,#548,#549,#550,#551,#552,#553,#554,#555,#556,
    #557,#558,#559,#560,#561,#562,#563,#564,#565,#566,#567,#568,#569,
    #570,#571,#572,#573,#574,#575,#576,#577,#578,#579,#580,#581,#582,
    #583,#584,#585,#586,#587,#588,#589,#590,#591,#592,#593,#594,#595,
    #596,#597,#598,#599),.UNSPECIFIED.,.T.,.F.,(8,6,6,6,6,6,6,6,6,6,8),(
    0.,0.121838761833,0.22425553866,0.309296629391,0.416501834299,
    0.531426566257,0.643352540097,0.737762081015,0.822920894727,
    0.905356441832,1.),.UNSPECIFIED.);
#538 = CARTESIAN_POINT('',(155.92083966362,33.599728549377,
    240.55198651616));
#539 = CARTESIAN_POINT('',(155.92083966362,33.599728549377,
    240.85579898306));
#540 = CARTESIAN_POINT('',(155.92771516974,33.567822483721,
    241.15935177892));
#541 = CARTESIAN_POINT('',(155.94144587542,33.50410468293,
    241.46074267482));
#542 = CARTESIAN_POINT('',(155.96213636404,33.407889757203,
    241.75789071758));
#543 = CARTESIAN_POINT('',(155.98998455097,33.277863760021,
    242.04816502197));
#544 = CARTESIAN_POINT('',(156.02522715873,33.112257512477,
    242.32793136632));
#545 = CARTESIAN_POINT('',(156.10407494178,32.738329923281,
    242.8138106738));
#546 = CARTESIAN_POINT('',(156.14576863922,32.539522387331,
    243.0265091425));
#547 = CARTESIAN_POINT('',(156.1931616845,32.311967455691,243.2248191444
    ));
#548 = CARTESIAN_POINT('',(156.24605898358,32.055775788779,
    243.40323986366));
#549 = CARTESIAN_POINT('',(156.30405790728,31.771879108269,
    243.55596431438));
#550 = CARTESIAN_POINT('',(156.36653933056,31.462201210415,
    243.67679452476));
#551 = CARTESIAN_POINT('',(156.48753901934,30.854160702531,
    243.82719414419));
#552 = CARTESIAN_POINT('',(156.54437744523,30.565575509549,
    243.86808022367));
#553 = CARTESIAN_POINT('',(156.60182157042,30.270491901608,
    243.8777687095));
#554 = CARTESIAN_POINT('',(156.65846295969,29.9758717411,243.85494599339
    ));
#555 = CARTESIAN_POINT('',(156.71298925596,29.688732949345,
    243.80080024762));
#556 = CARTESIAN_POINT('',(156.76429044621,29.415539029369,
    243.71898722569));
#557 = CARTESIAN_POINT('',(156.87103079494,28.84156182872,
    243.48526870972));
#558 = CARTESIAN_POINT('',(156.92426760471,28.551049918292,
    243.32020623019));
#559 = CARTESIAN_POINT('',(156.9712255767,28.291478125083,243.1282307594
    ));
#560 = CARTESIAN_POINT('',(157.01213031638,28.062956530823,
    242.91564382218));
#561 = CARTESIAN_POINT('',(157.04727964919,27.86490534772,242.6876508136
    ));
#562 = CARTESIAN_POINT('',(157.07699459355,27.696354369985,
    242.44857983877));
#563 = CARTESIAN_POINT('',(157.12796742143,27.405750401872,
    241.93763674389));
#564 = CARTESIAN_POINT('',(157.14858138004,27.287240396449,
    241.6634480607));
#565 = CARTESIAN_POINT('',(157.16382071024,27.19913884873,
    241.38280088526));
#566 = CARTESIAN_POINT('',(157.17396109892,27.140328538395,
    241.09814217381));
#567 = CARTESIAN_POINT('',(157.17916850605,27.110107016631,
    240.81137366796));
#568 = CARTESIAN_POINT('',(157.17949126222,27.108269440382,
    240.52418070249));
#569 = CARTESIAN_POINT('',(157.17032222194,27.161379194673,
    239.95988195553));
#570 = CARTESIAN_POINT('',(157.16109166427,27.214814855095,
    239.68304077291));
#571 = CARTESIAN_POINT('',(157.14709528972,27.295711488147,
    239.40927931363));
#572 = CARTESIAN_POINT('',(157.12814974888,27.404837951171,
    239.14038872862));
#573 = CARTESIAN_POINT('',(157.10396674169,27.543378957622,
    238.87869685157));
#574 = CARTESIAN_POINT('',(157.07416669213,27.71277940985,
    238.62738618915));
#575 = CARTESIAN_POINT('',(157.00805811346,28.084685491901,
    238.19150891206));
#576 = CARTESIAN_POINT('',(156.9732639369,28.279178310792,238.0011083187
    ));
#577 = CARTESIAN_POINT('',(156.93375467516,28.498303898896,
    237.82417090436));
#578 = CARTESIAN_POINT('',(156.88945852444,28.741672527696,
    237.66527298064));
#579 = CARTESIAN_POINT('',(156.84040454035,29.008209334696,237.529131868
    ));
#580 = CARTESIAN_POINT('',(156.78675827431,29.296068841731,
    237.42064949949));
#581 = CARTESIAN_POINT('',(156.67669101166,29.878815147621,
    237.27677888752));
#582 = CARTESIAN_POINT('',(156.62153365046,30.167726346611,
    237.23589280902));
#583 = CARTESIAN_POINT('',(156.56450891855,30.462891297927,
    237.22620432351));
#584 = CARTESIAN_POINT('',(156.5069128859,30.757326321722,
    237.24902703859));
#585 = CARTESIAN_POINT('',(156.45015168603,31.044031682284,
    237.30317278381));
#586 = CARTESIAN_POINT('',(156.3956118771,31.316597533543,
    237.38498580742));
#587 = CARTESIAN_POINT('',(156.29501409753,31.814793198741,
    237.58845270205));
#588 = CARTESIAN_POINT('',(156.24696745562,32.050427565853,
    237.71233700644));
#589 = CARTESIAN_POINT('',(156.20096110409,32.27396410321,
    237.85892428241));
#590 = CARTESIAN_POINT('',(156.1575857495,32.482929121028,
    238.02674405512));
#591 = CARTESIAN_POINT('',(156.1174056329,32.675064088413,
    238.21396950857));
#592 = CARTESIAN_POINT('',(156.08093673268,32.848372746659,
    238.41845511309));
#593 = CARTESIAN_POINT('',(156.01150665897,33.176677900932,
    238.88962525829));
#594 = CARTESIAN_POINT('',(155.98094593829,33.320049147698,
    239.15370027315));
#595 = CARTESIAN_POINT('',(155.95676100764,33.432883429143,
    239.42610611852));
#596 = CARTESIAN_POINT('',(155.93876838364,33.516529205839,
    239.70405299905));
#597 = CARTESIAN_POINT('',(155.92682043896,33.571974702682,
    239.98546215714));
#598 = CARTESIAN_POINT('',(155.92083966362,33.599728549377,
    240.26863190786));
#599 = CARTESIAN_POINT('',(155.92083966362,33.599728549377,
    240.55198651616));
#600 = PCURVE('',#189,#601);
#601 = DEFINITIONAL_REPRESENTATION('',(#602),#665);
#602 = B_SPLINE_CURVE_WITH_KNOTS('',7,(#603,#604,#605,#606,#607,#608,
    #609,#610,#611,#612,#613,#614,#615,#616,#617,#618,#619,#620,#621,
    #622,#623,#624,#625,#626,#627,#628,#629,#630,#631,#632,#633,#634,
    #635,#636,#637,#638,#639,#640,#641,#642,#643,#644,#645,#646,#647,
    #648,#649,#650,#651,#652,#653,#654,#655,#656,#657,#658,#659,#660,
    #661,#662,#663,#664),.UNSPECIFIED.,.T.,.F.,(8,6,6,6,6,6,6,6,6,6,8),(
    0.,0.121838761833,0.22425553866,0.309296629391,0.416501834299,
    0.531426566257,0.643352540097,0.737762081015,0.822920894727,
    0.905356441832,1.),.UNSPECIFIED.);
#603 = CARTESIAN_POINT('',(0.212246588896,34.));
#604 = CARTESIAN_POINT('',(0.212246588896,34.303812466897));
#605 = CARTESIAN_POINT('',(0.212041959002,34.607365262755));
#606 = CARTESIAN_POINT('',(0.211633304165,34.908756158664));
#607 = CARTESIAN_POINT('',(0.211016285619,35.205904201421));
#608 = CARTESIAN_POINT('',(0.210182588778,35.496178505806));
#609 = CARTESIAN_POINT('',(0.209121056392,35.77594485016));
#610 = CARTESIAN_POINT('',(0.206725130049,36.261824157643));
#611 = CARTESIAN_POINT('',(0.205451573057,36.474522626334));
#612 = CARTESIAN_POINT('',(0.203994284724,36.672832628242));
#613 = CARTESIAN_POINT('',(0.20235419163,36.851253347496));
#614 = CARTESIAN_POINT('',(0.200537518496,37.003977798224));
#615 = CARTESIAN_POINT('',(0.198556846974,37.124808008602));
#616 = CARTESIAN_POINT('',(0.194669931297,37.275207628027));
#617 = CARTESIAN_POINT('',(0.192825864194,37.316093707509));
#618 = CARTESIAN_POINT('',(0.190941088482,37.325782193341));
#619 = CARTESIAN_POINT('',(0.189060122405,37.302959477226));
#620 = CARTESIAN_POINT('',(0.187227714644,37.248813731463));
#621 = CARTESIAN_POINT('',(0.185484965282,37.167000709532));
#622 = CARTESIAN_POINT('',(0.18182466503,36.933282193555));
#623 = CARTESIAN_POINT('',(0.179972950404,36.768219714032));
#624 = CARTESIAN_POINT('',(0.178319131363,36.576244243238));
#625 = CARTESIAN_POINT('',(0.17686362574,36.363657306023));
#626 = CARTESIAN_POINT('',(0.175602523191,36.135664297442));
#627 = CARTESIAN_POINT('',(0.174529481232,35.896593322606));
#628 = CARTESIAN_POINT('',(0.172679697546,35.385650227733));
#629 = CARTESIAN_POINT('',(0.171925532333,35.111461544542));
#630 = CARTESIAN_POINT('',(0.171364969227,34.830814369094));
#631 = CARTESIAN_POINT('',(0.170990811552,34.546155657647));
#632 = CARTESIAN_POINT('',(0.170798542764,34.259387151798));
#633 = CARTESIAN_POINT('',(0.17078684559,33.972194186325));
#634 = CARTESIAN_POINT('',(0.171124747969,33.407895439367));
#635 = CARTESIAN_POINT('',(0.171464729474,33.131054256745));
#636 = CARTESIAN_POINT('',(0.171979453591,32.857292797474));
#637 = CARTESIAN_POINT('',(0.172673866095,32.588402212458));
#638 = CARTESIAN_POINT('',(0.17355559446,32.326710335411));
#639 = CARTESIAN_POINT('',(0.174633972784,32.075399672986));
#640 = CARTESIAN_POINT('',(0.177002223504,31.639522395902));
#641 = CARTESIAN_POINT('',(0.178240972523,31.449121802536));
#642 = CARTESIAN_POINT('',(0.179636951294,31.272184388196));
#643 = CARTESIAN_POINT('',(0.181187837237,31.113286464481));
#644 = CARTESIAN_POINT('',(0.182886973427,30.977145351842));
#645 = CARTESIAN_POINT('',(0.184722802913,30.86866298333));
#646 = CARTESIAN_POINT('',(0.188440983446,30.72479237136));
#647 = CARTESIAN_POINT('',(0.190285050497,30.683906292854));
#648 = CARTESIAN_POINT('',(0.192169826264,30.674217807352));
#649 = CARTESIAN_POINT('',(0.194050792344,30.697040522432));
#650 = CARTESIAN_POINT('',(0.195883200051,30.751186267644));
#651 = CARTESIAN_POINT('',(0.197625949457,30.83299929126));
#652 = CARTESIAN_POINT('',(0.200812474592,31.036466185893));
#653 = CARTESIAN_POINT('',(0.202320201771,31.160350490276));
#654 = CARTESIAN_POINT('',(0.203751055481,31.306937766249));
#655 = CARTESIAN_POINT('',(0.205089104603,31.474757538963));
#656 = CARTESIAN_POINT('',(0.206319769685,31.661982992413));
#657 = CARTESIAN_POINT('',(0.207430139818,31.866468596928));
#658 = CARTESIAN_POINT('',(0.2095340044,32.337638742125));
#659 = CARTESIAN_POINT('',(0.210453076562,32.601713756989));
#660 = CARTESIAN_POINT('',(0.211176568785,32.874119602359));
#661 = CARTESIAN_POINT('',(0.211712989149,33.152066482885));
#662 = CARTESIAN_POINT('',(0.212068589237,33.433475640981));
#663 = CARTESIAN_POINT('',(0.212246588896,33.716645391696));
#664 = CARTESIAN_POINT('',(0.212246588896,34.));
#665 = ( GEOMETRIC_REPRESENTATION_CONTEXT(2) 
PARAMETRIC_REPRESENTATION_CONTEXT() REPRESENTATION_CONTEXT('2D SPACE',''
  ) );
#666 = PCURVE('',#667,#672);
#667 = CYLINDRICAL_SURFACE('',#668,3.3);
#668 = AXIS2_PLACEMENT_3D('',#669,#670,#671);
#669 = CARTESIAN_POINT('',(139.20637665883,26.996753462592,
    240.55198651616));
#670 = DIRECTION('',(0.981709285323,0.190386131612,0.));
#671 = DIRECTION('',(-0.190386131612,0.981709285323,0.));
#672 = DEFINITIONAL_REPRESENTATION('',(#673),#736);
#673 = B_SPLINE_CURVE_WITH_KNOTS('',7,(#674,#675,#676,#677,#678,#679,
    #680,#681,#682,#683,#684,#685,#686,#687,#688,#689,#690,#691,#692,
    #693,#694,#695,#696,#697,#698,#699,#700,#701,#702,#703,#704,#705,
    #706,#707,#708,#709,#710,#711,#712,#713,#714,#715,#716,#717,#718,
    #719,#720,#721,#722,#723,#724,#725,#726,#727,#728,#729,#730,#731,
    #732,#733,#734,#735),.UNSPECIFIED.,.F.,.F.,(8,6,6,6,6,6,6,6,6,6,8),(
    0.,0.121838761833,0.22425553866,0.309296629391,0.416501834299,
    0.531426566257,0.643352540097,0.737762081015,0.822920894727,
    0.905356441832,1.),.UNSPECIFIED.);
#674 = CARTESIAN_POINT('',(0.,17.665858414897));
#675 = CARTESIAN_POINT('',(9.206438390815E-02,17.665858414897));
#676 = CARTESIAN_POINT('',(0.184049969542,17.666533690689));
#677 = CARTESIAN_POINT('',(0.276655583671,17.667882266341));
#678 = CARTESIAN_POINT('',(0.370513217186,17.66987632362));
#679 = CARTESIAN_POINT('',(0.466281125694,17.672460000701));
#680 = CARTESIAN_POINT('',(0.56463193169,17.675528863131));
#681 = CARTESIAN_POINT('',(0.751942629615,17.681743836675));
#682 = CARTESIAN_POINT('',(0.840654273723,17.684824728884));
#683 = CARTESIAN_POINT('',(0.93244770357,17.688027618327));
#684 = CARTESIAN_POINT('',(1.027356815068,17.691182047594));
#685 = CARTESIAN_POINT('',(1.125515427698,17.694070138743));
#686 = CARTESIAN_POINT('',(1.227180311433,17.696450355122));
#687 = CARTESIAN_POINT('',(1.420494902676,17.69947439296));
#688 = CARTESIAN_POINT('',(1.51003291768,17.700330584889));
#689 = CARTESIAN_POINT('',(1.600357560261,17.700544189358));
#690 = CARTESIAN_POINT('',(1.690589841909,17.700057974477));
#691 = CARTESIAN_POINT('',(1.779888665278,17.698919702022));
#692 = CARTESIAN_POINT('',(1.867300530518,17.697270223233));
#693 = CARTESIAN_POINT('',(2.057859979398,17.692780915839));
#694 = CARTESIAN_POINT('',(2.159534659691,17.689734547503));
#695 = CARTESIAN_POINT('',(2.25731799284,17.686414755039));
#696 = CARTESIAN_POINT('',(2.351685225382,17.683063975476));
#697 = CARTESIAN_POINT('',(2.443040819333,17.679864203251));
#698 = CARTESIAN_POINT('',(2.531708592424,17.676945871415));
#699 = CARTESIAN_POINT('',(2.710492309615,17.671659404523));
#700 = CARTESIAN_POINT('',(2.800671220172,17.669333657608));
#701 = CARTESIAN_POINT('',(2.889155989256,17.667520936709));
#702 = CARTESIAN_POINT('',(2.976490367279,17.666279182947));
#703 = CARTESIAN_POINT('',(3.063187262574,17.665637584261));
#704 = CARTESIAN_POINT('',(3.149768339989,17.665604587958));
#705 = CARTESIAN_POINT('',(3.321545781836,17.666714616647));
#706 = CARTESIAN_POINT('',(3.406618784729,17.667826301153));
#707 = CARTESIAN_POINT('',(3.49256022523,17.66948752732));
#708 = CARTESIAN_POINT('',(3.57987914754,17.671664679117));
#709 = CARTESIAN_POINT('',(3.669105167446,17.674300282698));
#710 = CARTESIAN_POINT('',(3.760786413668,17.677296794136));
#711 = CARTESIAN_POINT('',(3.935558623725,17.6832031489));
#712 = CARTESIAN_POINT('',(4.018367901317,17.686074118111));
#713 = CARTESIAN_POINT('',(4.103904346915,17.689005982059));
#714 = CARTESIAN_POINT('',(4.192153748192,17.691854051389));
#715 = CARTESIAN_POINT('',(4.283185750388,17.694442211337));
#716 = CARTESIAN_POINT('',(4.377164957839,17.696581631834));
#717 = CARTESIAN_POINT('',(4.562087557054,17.699474392972));
#718 = CARTESIAN_POINT('',(4.65162556947,17.700330584881));
#719 = CARTESIAN_POINT('',(4.741950214847,17.700544189345));
#720 = CARTESIAN_POINT('',(4.832182496606,17.700057974484));
#721 = CARTESIAN_POINT('',(4.921481317208,17.698919702039));
#722 = CARTESIAN_POINT('',(5.008893184753,17.697270223218));
#723 = CARTESIAN_POINT('',(5.174787355117,17.693361994421));
#724 = CARTESIAN_POINT('',(5.256390217816,17.691055675553));
#725 = CARTESIAN_POINT('',(5.337987137822,17.688449069693));
#726 = CARTESIAN_POINT('',(5.419584805363,17.68565112272));
#727 = CARTESIAN_POINT('',(5.501186864649,17.682785762362));
#728 = CARTESIAN_POINT('',(5.582788767101,17.679979469411));
#729 = CARTESIAN_POINT('',(5.758068716771,17.674324069676));
#730 = CARTESIAN_POINT('',(5.849016973739,17.671618223472));
#731 = CARTESIAN_POINT('',(5.937877782927,17.66935773485));
#732 = CARTESIAN_POINT('',(6.025203553347,17.667619204653));
#733 = CARTESIAN_POINT('',(6.11151051254,17.66644585008));
#734 = CARTESIAN_POINT('',(6.19732027436,17.665858414897));
#735 = CARTESIAN_POINT('',(6.28318530718,17.665858414897));
#736 = ( GEOMETRIC_REPRESENTATION_CONTEXT(2) 
PARAMETRIC_REPRESENTATION_CONTEXT() REPRESENTATION_CONTEXT('2D SPACE',''
  ) );
#737 = FACE_BOUND('',#738,.T.);
#738 = EDGE_LOOP('',(#739));
#739 = ORIENTED_EDGE('',*,*,#740,.F.);
#740 = EDGE_CURVE('',#741,#741,#743,.T.);
#741 = VERTEX_POINT('',#742);
#742 = CARTESIAN_POINT('',(113.34716243959,112.21706985522,
    240.55198651616));
#743 = SURFACE_CURVE('',#744,(#807,#873),.PCURVE_S1.);
#744 = B_SPLINE_CURVE_WITH_KNOTS('',7,(#745,#746,#747,#748,#749,#750,
    #751,#752,#753,#754,#755,#756,#757,#758,#759,#760,#761,#762,#763,
    #764,#765,#766,#767,#768,#769,#770,#771,#772,#773,#774,#775,#776,
    #777,#778,#779,#780,#781,#782,#783,#784,#785,#786,#787,#788,#789,
    #790,#791,#792,#793,#794,#795,#796,#797,#798,#799,#800,#801,#802,
    #803,#804,#805,#806),.UNSPECIFIED.,.T.,.F.,(8,6,6,6,6,6,6,6,6,6,8),(
    0.,0.121838753041,0.224255524934,0.309296613671,0.416501816066,
    0.531426546572,0.643352522558,0.737762068002,0.822920886375,
    0.905356438046,1.),.UNSPECIFIED.);
#745 = CARTESIAN_POINT('',(113.34716243959,112.21706985522,
    240.55198651616));
#746 = CARTESIAN_POINT('',(113.34716243959,112.21706985522,
    240.24817404926));
#747 = CARTESIAN_POINT('',(113.32419947033,112.24026407116,
    239.94462125341));
#748 = CARTESIAN_POINT('',(113.27834143343,112.28658394667,
    239.6432303575));
#749 = CARTESIAN_POINT('',(113.20907148964,112.3564916225,
    239.34608231474));
#750 = CARTESIAN_POINT('',(113.1153974077,112.45087089899,
    239.05580801036));
#751 = CARTESIAN_POINT('',(112.99596692096,112.57088685402,238.776041666
    ));
#752 = CARTESIAN_POINT('',(112.72590340917,112.84126532516,
    238.2901623532));
#753 = CARTESIAN_POINT('',(112.58219331961,112.98482786855,
    238.07746390019));
#754 = CARTESIAN_POINT('',(112.41752276563,113.14887349451,
    237.87915388368));
#755 = CARTESIAN_POINT('',(112.23187785437,113.3331782957,
    237.70073316203));
#756 = CARTESIAN_POINT('',(112.02581883867,113.53689591444,
    237.5480087254));
#757 = CARTESIAN_POINT('',(111.80061844424,113.75845657664,
    237.42717850553));
#758 = CARTESIAN_POINT('',(111.35752808985,114.19207520097,
    237.27677888813));
#759 = CARTESIAN_POINT('',(111.14690837919,114.39738315928,
    237.23589280865));
#760 = CARTESIAN_POINT('',(110.931177455,114.60674965981,237.22620432282
    ));
#761 = CARTESIAN_POINT('',(110.71539597019,114.81519062691,
    237.24902703893));
#762 = CARTESIAN_POINT('',(110.50472403055,115.01777181204,
    237.3031727847));
#763 = CARTESIAN_POINT('',(110.30396801196,115.21003140485,
    237.38498580663));
#764 = CARTESIAN_POINT('',(109.88161208678,115.61309318843,
    237.61870432261));
#765 = CARTESIAN_POINT('',(109.6674105804,115.81643782858,
    237.78376680213));
#766 = CARTESIAN_POINT('',(109.47568916213,115.99761582046,
    237.97574227292));
#767 = CARTESIAN_POINT('',(109.30666331204,116.15675594354,
    238.18832921014));
#768 = CARTESIAN_POINT('',(109.16001023321,116.2944244628,
    238.41632221872));
#769 = CARTESIAN_POINT('',(109.03509284047,116.41142042429,
    238.65539319355));
#770 = CARTESIAN_POINT('',(108.81957700472,116.61291935971,
    239.16633629129));
#771 = CARTESIAN_POINT('',(108.73159380951,116.6949468737,
    239.44052496479));
#772 = CARTESIAN_POINT('',(108.66613958634,116.75585553519,
    239.72117215126));
#773 = CARTESIAN_POINT('',(108.62242936284,116.79648676229,
    240.00583086261));
#774 = CARTESIAN_POINT('',(108.59996555663,116.81736341745,
    240.29259935742));
#775 = CARTESIAN_POINT('',(108.59860302516,116.81863792429,
    240.57979233284));
#776 = CARTESIAN_POINT('',(108.63807003803,116.78193544173,
    241.14409108273));
#777 = CARTESIAN_POINT('',(108.67777636811,116.74500333797,
    241.42093224522));
#778 = CARTESIAN_POINT('',(108.73787595178,116.68907299806,
    241.69469372866));
#779 = CARTESIAN_POINT('',(108.81891250505,116.61357068473,
    241.96358430906));
#780 = CARTESIAN_POINT('',(108.92172059054,116.51760757063,
    242.22527616935));
#781 = CARTESIAN_POINT('',(109.04730289438,116.40007610009,
    242.47658684826));
#782 = CARTESIAN_POINT('',(109.32263523934,116.14147104314,
    242.91246412171));
#783 = CARTESIAN_POINT('',(109.46650238344,116.00604455319,
    243.10286471081));
#784 = CARTESIAN_POINT('',(109.62842198528,115.85320787346,
    243.27980212911));
#785 = CARTESIAN_POINT('',(109.80802840569,115.68311386472,
    243.43870005347));
#786 = CARTESIAN_POINT('',(110.00443736043,115.49637425566,
    243.57484116229));
#787 = CARTESIAN_POINT('',(110.21619380521,115.29413620317,
    243.68332353339));
#788 = CARTESIAN_POINT('',(110.64407547052,114.88349604822,
    243.82719414476));
#789 = CARTESIAN_POINT('',(110.85588687836,114.67941777127,
    243.86808022339));
#790 = CARTESIAN_POINT('',(111.0719151173,114.47035804658,
    243.87776870875));
#791 = CARTESIAN_POINT('',(111.28701985716,114.26121877018,
    243.85494599369));
#792 = CARTESIAN_POINT('',(111.49610746983,114.05700278698,
    243.80080024862));
#793 = CARTESIAN_POINT('',(111.69456764339,113.86237418236,
    243.71898722483));
#794 = CARTESIAN_POINT('',(112.05681572634,113.50587010062,
    243.51552033027));
#795 = CARTESIAN_POINT('',(112.22789535691,113.33686183228,
    243.39163602589));
#796 = CARTESIAN_POINT('',(112.38995842208,113.17617352896,
    243.24504874991));
#797 = CARTESIAN_POINT('',(112.54125609646,113.02565172395,
    243.0772289772));
#798 = CARTESIAN_POINT('',(112.68020528049,112.88700320531,
    242.89000352375));
#799 = CARTESIAN_POINT('',(112.80541614452,112.76175101477,
    242.68551791923));
#800 = CARTESIAN_POINT('',(113.04241892849,112.5241915738,
    242.21434777791));
#801 = CARTESIAN_POINT('',(113.14578688492,112.42024764784,
    241.95027274978));
#802 = CARTESIAN_POINT('',(113.22706535444,112.33833125697,
    241.67786691968));
#803 = CARTESIAN_POINT('',(113.28728337088,112.27755181449,
    241.39992003889));
#804 = CARTESIAN_POINT('',(113.32718786807,112.23724563423,
    241.11851086548));
#805 = CARTESIAN_POINT('',(113.34716243959,112.21706985522,
    240.83534112871));
#806 = CARTESIAN_POINT('',(113.34716243959,112.21706985522,
    240.55198651616));
#807 = PCURVE('',#189,#808);
#808 = DEFINITIONAL_REPRESENTATION('',(#809),#872);
#809 = B_SPLINE_CURVE_WITH_KNOTS('',7,(#810,#811,#812,#813,#814,#815,
    #816,#817,#818,#819,#820,#821,#822,#823,#824,#825,#826,#827,#828,
    #829,#830,#831,#832,#833,#834,#835,#836,#837,#838,#839,#840,#841,
    #842,#843,#844,#845,#846,#847,#848,#849,#850,#851,#852,#853,#854,
    #855,#856,#857,#858,#859,#860,#861,#862,#863,#864,#865,#866,#867,
    #868,#869,#870,#871),.UNSPECIFIED.,.T.,.F.,(8,6,6,6,6,6,6,6,6,6,8),(
    0.,0.121838753041,0.224255524934,0.309296613671,0.416501816066,
    0.531426546572,0.643352522558,0.737762068002,0.822920886375,
    0.905356438046,1.),.UNSPECIFIED.);
#810 = CARTESIAN_POINT('',(0.780388135355,34.));
#811 = CARTESIAN_POINT('',(0.780388135355,33.696187533103));
#812 = CARTESIAN_POINT('',(0.780592765249,33.392634737245));
#813 = CARTESIAN_POINT('',(0.781001420086,33.091243841336));
#814 = CARTESIAN_POINT('',(0.781618438632,32.794095798579));
#815 = CARTESIAN_POINT('',(0.782452135473,32.503821494194));
#816 = CARTESIAN_POINT('',(0.783513667859,32.22405514984));
#817 = CARTESIAN_POINT('',(0.785909594228,31.738175837038));
#818 = CARTESIAN_POINT('',(0.787183151112,31.525477384034));
#819 = CARTESIAN_POINT('',(0.788640439594,31.327167367517));
#820 = CARTESIAN_POINT('',(0.790280532668,31.148746645864));
#821 = CARTESIAN_POINT('',(0.792097205649,30.996022209242));
#822 = CARTESIAN_POINT('',(0.794077877329,30.875191989365));
#823 = CARTESIAN_POINT('',(0.797964792953,30.724792371973));
#824 = CARTESIAN_POINT('',(0.799808860057,30.683906292491));
#825 = CARTESIAN_POINT('',(0.801693635768,30.674217806659));
#826 = CARTESIAN_POINT('',(0.803574601846,30.697040522774));
#827 = CARTESIAN_POINT('',(0.805407009607,30.751186268537));
#828 = CARTESIAN_POINT('',(0.807149758968,30.832999290468));
#829 = CARTESIAN_POINT('',(0.81081005922,31.066717806445));
#830 = CARTESIAN_POINT('',(0.812661773847,31.231780285968));
#831 = CARTESIAN_POINT('',(0.814315592888,31.423755756763));
#832 = CARTESIAN_POINT('',(0.815771098511,31.636342693977));
#833 = CARTESIAN_POINT('',(0.81703220106,31.864335702559));
#834 = CARTESIAN_POINT('',(0.818105243019,32.103406677393));
#835 = CARTESIAN_POINT('',(0.819955026716,32.614349775126));
#836 = CARTESIAN_POINT('',(0.820709191903,32.888538448631));
#837 = CARTESIAN_POINT('',(0.821269755025,33.169185635095));
#838 = CARTESIAN_POINT('',(0.821643912709,33.453844346448));
#839 = CARTESIAN_POINT('',(0.821836181482,33.740612841264));
#840 = CARTESIAN_POINT('',(0.821847878659,34.027805816674));
#841 = CARTESIAN_POINT('',(0.821509976279,34.592104566566));
#842 = CARTESIAN_POINT('',(0.821169994777,34.868945729062));
#843 = CARTESIAN_POINT('',(0.820655270693,35.142707212503));
#844 = CARTESIAN_POINT('',(0.819960858081,35.411597792902));
#845 = CARTESIAN_POINT('',(0.819079129863,35.673289653184));
#846 = CARTESIAN_POINT('',(0.81800075144,35.924600332098));
#847 = CARTESIAN_POINT('',(0.815632500739,36.360477605548));
#848 = CARTESIAN_POINT('',(0.814393751752,36.550878194653));
#849 = CARTESIAN_POINT('',(0.812997772938,36.727815612951));
#850 = CARTESIAN_POINT('',(0.811446887,36.886713537313));
#851 = CARTESIAN_POINT('',(0.809747750854,37.022854646131));
#852 = CARTESIAN_POINT('',(0.807911921324,37.131337017231));
#853 = CARTESIAN_POINT('',(0.804193740807,37.275207628597));
#854 = CARTESIAN_POINT('',(0.802349673753,37.316093707227));
#855 = CARTESIAN_POINT('',(0.800464897986,37.325782192592));
#856 = CARTESIAN_POINT('',(0.798583931907,37.302959477533));
#857 = CARTESIAN_POINT('',(0.796751524201,37.248813732463));
#858 = CARTESIAN_POINT('',(0.795008774793,37.167000708672));
#859 = CARTESIAN_POINT('',(0.791822249659,36.963533814107));
#860 = CARTESIAN_POINT('',(0.79031452248,36.839649509724));
#861 = CARTESIAN_POINT('',(0.78888366877,36.693062233751));
#862 = CARTESIAN_POINT('',(0.787545619648,36.525242461037));
#863 = CARTESIAN_POINT('',(0.786314954566,36.338017007587));
#864 = CARTESIAN_POINT('',(0.785204584433,36.133531403072));
#865 = CARTESIAN_POINT('',(0.783100719868,35.66236126175));
#866 = CARTESIAN_POINT('',(0.782181647661,35.398286233617));
#867 = CARTESIAN_POINT('',(0.781458155472,35.12588040352));
#868 = CARTESIAN_POINT('',(0.78092173512,34.847933522734));
#869 = CARTESIAN_POINT('',(0.780566135001,34.566524349314));
#870 = CARTESIAN_POINT('',(0.780388135355,34.28335461255));
#871 = CARTESIAN_POINT('',(0.780388135355,34.));
#872 = ( GEOMETRIC_REPRESENTATION_CONTEXT(2) 
PARAMETRIC_REPRESENTATION_CONTEXT() REPRESENTATION_CONTEXT('2D SPACE',''
  ) );
#873 = PCURVE('',#874,#879);
#874 = CYLINDRICAL_SURFACE('',#875,3.3);
#875 = AXIS2_PLACEMENT_3D('',#876,#877,#878);
#876 = CARTESIAN_POINT('',(98.68316966069,101.82765845152,
    240.55198651616));
#877 = DIRECTION('',(0.695932085054,0.718107605441,0.));
#878 = DIRECTION('',(0.718107605441,-0.695932085054,0.));
#879 = DEFINITIONAL_REPRESENTATION('',(#880),#943);
#880 = B_SPLINE_CURVE_WITH_KNOTS('',7,(#881,#882,#883,#884,#885,#886,
    #887,#888,#889,#890,#891,#892,#893,#894,#895,#896,#897,#898,#899,
    #900,#901,#902,#903,#904,#905,#906,#907,#908,#909,#910,#911,#912,
    #913,#914,#915,#916,#917,#918,#919,#920,#921,#922,#923,#924,#925,
    #926,#927,#928,#929,#930,#931,#932,#933,#934,#935,#936,#937,#938,
    #939,#940,#941,#942),.UNSPECIFIED.,.F.,.F.,(8,6,6,6,6,6,6,6,6,6,8),(
    0.,0.121838753041,0.224255524934,0.309296613671,0.416501816066,
    0.531426546572,0.643352522558,0.737762068002,0.822920886375,
    0.905356438046,1.),.UNSPECIFIED.);
#881 = CARTESIAN_POINT('',(0.,17.665858414897));
#882 = CARTESIAN_POINT('',(9.20643839082E-02,17.665858414897));
#883 = CARTESIAN_POINT('',(0.184049969542,17.666533690689));
#884 = CARTESIAN_POINT('',(0.276655583671,17.667882266341));
#885 = CARTESIAN_POINT('',(0.370513217186,17.66987632362));
#886 = CARTESIAN_POINT('',(0.466281125694,17.672460000701));
#887 = CARTESIAN_POINT('',(0.56463193169,17.675528863131));
#888 = CARTESIAN_POINT('',(0.751942631666,17.681743836743));
#889 = CARTESIAN_POINT('',(0.840654268426,17.684824728735));
#890 = CARTESIAN_POINT('',(0.932447707139,17.688027618402));
#891 = CARTESIAN_POINT('',(1.027356818216,17.691182047688));
#892 = CARTESIAN_POINT('',(1.125515421887,17.694070138619));
#893 = CARTESIAN_POINT('',(1.227180314046,17.696450355163));
#894 = CARTESIAN_POINT('',(1.420494902676,17.69947439296));
#895 = CARTESIAN_POINT('',(1.51003291768,17.700330584889));
#896 = CARTESIAN_POINT('',(1.600357560261,17.700544189358));
#897 = CARTESIAN_POINT('',(1.690589841909,17.700057974477));
#898 = CARTESIAN_POINT('',(1.779888665278,17.698919702021));
#899 = CARTESIAN_POINT('',(1.867300530518,17.697270223233));
#900 = CARTESIAN_POINT('',(2.057859979398,17.692780915839));
#901 = CARTESIAN_POINT('',(2.15953465969,17.689734547503));
#902 = CARTESIAN_POINT('',(2.25731799284,17.686414755039));
#903 = CARTESIAN_POINT('',(2.351685225381,17.683063975476));
#904 = CARTESIAN_POINT('',(2.443040819333,17.679864203251));
#905 = CARTESIAN_POINT('',(2.531708592423,17.676945871415));
#906 = CARTESIAN_POINT('',(2.710492310615,17.671659404494));
#907 = CARTESIAN_POINT('',(2.800671217902,17.669333657653));
#908 = CARTESIAN_POINT('',(2.88915599056,17.667520936705));
#909 = CARTESIAN_POINT('',(2.976490368649,17.666279182917));
#910 = CARTESIAN_POINT('',(3.063187260385,17.665637584274));
#911 = CARTESIAN_POINT('',(3.149768340902,17.665604587964));
#912 = CARTESIAN_POINT('',(3.321545783642,17.666714616659));
#913 = CARTESIAN_POINT('',(3.406618780611,17.667826301143));
#914 = CARTESIAN_POINT('',(3.49256022745,17.669487527249));
#915 = CARTESIAN_POINT('',(3.579879150601,17.671664679302));
#916 = CARTESIAN_POINT('',(3.669105162712,17.674300282519));
#917 = CARTESIAN_POINT('',(3.760786415707,17.677296794205));
#918 = CARTESIAN_POINT('',(3.935558624306,17.683203148919));
#919 = CARTESIAN_POINT('',(4.018367899837,17.686074118069));
#920 = CARTESIAN_POINT('',(4.1039043479,17.68900598208));
#921 = CARTESIAN_POINT('',(4.192153749071,17.691854051415));
#922 = CARTESIAN_POINT('',(4.28318574878,17.694442211302));
#923 = CARTESIAN_POINT('',(4.377164958561,17.696581631845));
#924 = CARTESIAN_POINT('',(4.562087556998,17.699474392971));
#925 = CARTESIAN_POINT('',(4.651625569525,17.700330584883));
#926 = CARTESIAN_POINT('',(4.741950214892,17.700544189344));
#927 = CARTESIAN_POINT('',(4.832182496563,17.700057974484));
#928 = CARTESIAN_POINT('',(4.921481317152,17.698919702041));
#929 = CARTESIAN_POINT('',(5.008893184809,17.697270223217));
#930 = CARTESIAN_POINT('',(5.174787355117,17.693361994421));
#931 = CARTESIAN_POINT('',(5.256390217816,17.691055675553));
#932 = CARTESIAN_POINT('',(5.337987137822,17.688449069693));
#933 = CARTESIAN_POINT('',(5.419584805363,17.68565112272));
#934 = CARTESIAN_POINT('',(5.501186864649,17.682785762362));
#935 = CARTESIAN_POINT('',(5.582788767101,17.679979469411));
#936 = CARTESIAN_POINT('',(5.75806871533,17.674324069722));
#937 = CARTESIAN_POINT('',(5.849016976992,17.671618223395));
#938 = CARTESIAN_POINT('',(5.937877781078,17.669357734866));
#939 = CARTESIAN_POINT('',(6.025203551381,17.667619204704));
#940 = CARTESIAN_POINT('',(6.11151051565,17.666445850045));
#941 = CARTESIAN_POINT('',(6.197320273073,17.665858414897));
#942 = CARTESIAN_POINT('',(6.28318530718,17.665858414897));
#943 = ( GEOMETRIC_REPRESENTATION_CONTEXT(2) 
PARAMETRIC_REPRESENTATION_CONTEXT() REPRESENTATION_CONTEXT('2D SPACE',''
  ) );
#944 = FACE_BOUND('',#945,.T.);
#945 = EDGE_LOOP('',(#946));
#946 = ORIENTED_EDGE('',*,*,#947,.F.);
#947 = EDGE_CURVE('',#948,#948,#950,.T.);
#948 = VERTEX_POINT('',#949);
#949 = CARTESIAN_POINT('',(155.92083966362,33.599728549377,
    336.55198651616));
#950 = SURFACE_CURVE('',#951,(#1014,#1080),.PCURVE_S1.);
#951 = B_SPLINE_CURVE_WITH_KNOTS('',7,(#952,#953,#954,#955,#956,#957,
    #958,#959,#960,#961,#962,#963,#964,#965,#966,#967,#968,#969,#970,
    #971,#972,#973,#974,#975,#976,#977,#978,#979,#980,#981,#982,#983,
    #984,#985,#986,#987,#988,#989,#990,#991,#992,#993,#994,#995,#996,
    #997,#998,#999,#1000,#1001,#1002,#1003,#1004,#1005,#1006,#1007,#1008
    ,#1009,#1010,#1011,#1012,#1013),.UNSPECIFIED.,.T.,.F.,(8,6,6,6,6,6,6
    ,6,6,6,8),(0.,0.121838756216,0.224255528165,0.309296617004,
    0.416501819456,0.53142654878,0.643352522441,0.737762067395,
    0.822920885971,0.905356437152,1.),.UNSPECIFIED.);
#952 = CARTESIAN_POINT('',(155.92083966362,33.599728549377,
    336.55198651616));
#953 = CARTESIAN_POINT('',(155.92083966362,33.599728549377,
    336.85579897544));
#954 = CARTESIAN_POINT('',(155.92771516938,33.567822485468,
    337.15935179716));
#955 = CARTESIAN_POINT('',(155.94144587714,33.504104674748,
    337.46074266217));
#956 = CARTESIAN_POINT('',(155.96213636082,33.40788977246,
    337.75789071019));
#957 = CARTESIAN_POINT('',(155.98998455385,33.27786374639,
    338.04816503714));
#958 = CARTESIAN_POINT('',(156.02522715763,33.112257517657,
    338.32793135959));
#959 = CARTESIAN_POINT('',(156.10407494265,32.738329919187,
    338.81381067912));
#960 = CARTESIAN_POINT('',(156.14576863657,32.539522400231,
    339.02650913213));
#961 = CARTESIAN_POINT('',(156.19316168661,32.311967445209,
    339.22481914864));
#962 = CARTESIAN_POINT('',(156.24605898512,32.055775781357,
    339.4032398703));
#963 = CARTESIAN_POINT('',(156.30405790393,31.771879124893,
    339.55596430692));
#964 = CARTESIAN_POINT('',(156.3665393322,31.462201202196,339.6767945268
    ));
#965 = CARTESIAN_POINT('',(156.48753901938,30.854160702355,
    339.82719414423));
#966 = CARTESIAN_POINT('',(156.5443774452,30.565575509727,
    339.86808022359));
#967 = CARTESIAN_POINT('',(156.6018215704,30.270491901747,
    339.87776870956));
#968 = CARTESIAN_POINT('',(156.65846295971,29.975871740961,
    339.85494599342));
#969 = CARTESIAN_POINT('',(156.71298925599,29.688732949173,
    339.80080024752));
#970 = CARTESIAN_POINT('',(156.76429044617,29.415539029538,
    339.71898722576));
#971 = CARTESIAN_POINT('',(156.87103079494,28.84156182872,
    339.48526870972));
#972 = CARTESIAN_POINT('',(156.92426760471,28.551049918292,
    339.32020623019));
#973 = CARTESIAN_POINT('',(156.9712255767,28.291478125082,339.1282307594
    ));
#974 = CARTESIAN_POINT('',(157.01213031638,28.062956530824,
    338.91564382218));
#975 = CARTESIAN_POINT('',(157.04727964919,27.86490534772,338.6876508136
    ));
#976 = CARTESIAN_POINT('',(157.07699459355,27.696354369985,
    338.44857983877));
#977 = CARTESIAN_POINT('',(157.12796742143,27.405750401872,
    337.93763674389));
#978 = CARTESIAN_POINT('',(157.14858138004,27.287240396448,
    337.6634480607));
#979 = CARTESIAN_POINT('',(157.16382071024,27.19913884873,
    337.38280088526));
#980 = CARTESIAN_POINT('',(157.17396109892,27.140328538395,
    337.09814217381));
#981 = CARTESIAN_POINT('',(157.17916850605,27.110107016631,
    336.81137366796));
#982 = CARTESIAN_POINT('',(157.17949126222,27.108269440382,
    336.52418070249));
#983 = CARTESIAN_POINT('',(157.17032222185,27.161379195231,
    335.95988194959));
#984 = CARTESIAN_POINT('',(157.16109166427,27.214814855074,
    335.6830407871));
#985 = CARTESIAN_POINT('',(157.14709529065,27.295711482972,
    335.40927930366));
#986 = CARTESIAN_POINT('',(157.12814974677,27.404837963041,
    335.14038872326));
#987 = CARTESIAN_POINT('',(157.10396674369,27.543378946403,
    334.87869686298));
#988 = CARTESIAN_POINT('',(157.07416669136,27.712779414188,
    334.62738618406));
#989 = CARTESIAN_POINT('',(157.00805811277,28.084685495789,
    334.19150890751));
#990 = CARTESIAN_POINT('',(156.97326393904,28.279178299097,
    334.00110832753));
#991 = CARTESIAN_POINT('',(156.93375467345,28.498303908072,
    333.82417090075));
#992 = CARTESIAN_POINT('',(156.88945852322,28.741672534455,333.665272975
    ));
#993 = CARTESIAN_POINT('',(156.84040454308,29.00820932006,
    333.52913187438));
#994 = CARTESIAN_POINT('',(156.78675827296,29.296068848883,
    333.42064949773));
#995 = CARTESIAN_POINT('',(156.67669101213,29.878815145137,
    333.27677888813));
#996 = CARTESIAN_POINT('',(156.62153364937,30.167726352257,
    333.23589280865));
#997 = CARTESIAN_POINT('',(156.56450891916,30.462891294856,
    333.22620432282));
#998 = CARTESIAN_POINT('',(156.50691288657,30.757326318224,
    333.24902703894));
#999 = CARTESIAN_POINT('',(156.45015168502,31.044031687399,
    333.3031727847));
#1000 = CARTESIAN_POINT('',(156.39561187749,31.316597531604,
    333.38498580663));
#1001 = CARTESIAN_POINT('',(156.29501409753,31.814793198741,
    333.58845270205));
#1002 = CARTESIAN_POINT('',(156.24696745562,32.050427565854,
    333.71233700644));
#1003 = CARTESIAN_POINT('',(156.20096110409,32.27396410321,
    333.85892428241));
#1004 = CARTESIAN_POINT('',(156.1575857495,32.482929121028,
    334.02674405512));
#1005 = CARTESIAN_POINT('',(156.1174056329,32.675064088413,
    334.21396950857));
#1006 = CARTESIAN_POINT('',(156.08093673268,32.848372746659,
    334.41845511309));
#1007 = CARTESIAN_POINT('',(156.01150665897,33.176677900932,
    334.88962525829));
#1008 = CARTESIAN_POINT('',(155.98094593829,33.320049147698,
    335.15370027315));
#1009 = CARTESIAN_POINT('',(155.95676100764,33.432883429143,
    335.42610611852));
#1010 = CARTESIAN_POINT('',(155.93876838364,33.516529205839,
    335.70405299905));
#1011 = CARTESIAN_POINT('',(155.92682043896,33.571974702682,
    335.98546215714));
#1012 = CARTESIAN_POINT('',(155.92083966362,33.599728549377,
    336.26863190786));
#1013 = CARTESIAN_POINT('',(155.92083966362,33.599728549377,
    336.55198651616));
#1014 = PCURVE('',#189,#1015);
#1015 = DEFINITIONAL_REPRESENTATION('',(#1016),#1079);
#1016 = B_SPLINE_CURVE_WITH_KNOTS('',7,(#1017,#1018,#1019,#1020,#1021,
    #1022,#1023,#1024,#1025,#1026,#1027,#1028,#1029,#1030,#1031,#1032,
    #1033,#1034,#1035,#1036,#1037,#1038,#1039,#1040,#1041,#1042,#1043,
    #1044,#1045,#1046,#1047,#1048,#1049,#1050,#1051,#1052,#1053,#1054,
    #1055,#1056,#1057,#1058,#1059,#1060,#1061,#1062,#1063,#1064,#1065,
    #1066,#1067,#1068,#1069,#1070,#1071,#1072,#1073,#1074,#1075,#1076,
    #1077,#1078),.UNSPECIFIED.,.T.,.F.,(8,6,6,6,6,6,6,6,6,6,8),(0.,
    0.121838756216,0.224255528165,0.309296617004,0.416501819456,
    0.53142654878,0.643352522441,0.737762067395,0.822920885971,
    0.905356437152,1.),.UNSPECIFIED.);
#1017 = CARTESIAN_POINT('',(0.212246588896,130.));
#1018 = CARTESIAN_POINT('',(0.212246588896,130.30381245928));
#1019 = CARTESIAN_POINT('',(0.212041959014,130.607365281));
#1020 = CARTESIAN_POINT('',(0.211633304112,130.90875614601));
#1021 = CARTESIAN_POINT('',(0.211016285717,131.20590419403));
#1022 = CARTESIAN_POINT('',(0.21018258869,131.49617852097));
#1023 = CARTESIAN_POINT('',(0.209121056425,131.77594484342));
#1024 = CARTESIAN_POINT('',(0.206725130023,132.26182416296));
#1025 = CARTESIAN_POINT('',(0.205451573139,132.47452261596));
#1026 = CARTESIAN_POINT('',(0.203994284657,132.67283263248));
#1027 = CARTESIAN_POINT('',(0.202354191583,132.85125335413));
#1028 = CARTESIAN_POINT('',(0.200537518602,133.00397779075));
#1029 = CARTESIAN_POINT('',(0.198556846922,133.12480801063));
#1030 = CARTESIAN_POINT('',(0.194669931296,133.27520762807));
#1031 = CARTESIAN_POINT('',(0.192825864196,133.31609370742));
#1032 = CARTESIAN_POINT('',(0.190941088483,133.32578219339));
#1033 = CARTESIAN_POINT('',(0.189060122404,133.30295947726));
#1034 = CARTESIAN_POINT('',(0.187227714643,133.24881373135));
#1035 = CARTESIAN_POINT('',(0.185484965284,133.1670007096));
#1036 = CARTESIAN_POINT('',(0.18182466503,132.93328219355));
#1037 = CARTESIAN_POINT('',(0.179972950404,132.76821971403));
#1038 = CARTESIAN_POINT('',(0.178319131363,132.57624424323));
#1039 = CARTESIAN_POINT('',(0.17686362574,132.36365730602));
#1040 = CARTESIAN_POINT('',(0.175602523191,132.13566429744));
#1041 = CARTESIAN_POINT('',(0.174529481232,131.8965933226));
#1042 = CARTESIAN_POINT('',(0.172679697546,131.38565022773));
#1043 = CARTESIAN_POINT('',(0.171925532333,131.11146154454));
#1044 = CARTESIAN_POINT('',(0.171364969227,130.83081436909));
#1045 = CARTESIAN_POINT('',(0.170990811552,130.54615565764));
#1046 = CARTESIAN_POINT('',(0.170798542764,130.25938715179));
#1047 = CARTESIAN_POINT('',(0.17078684559,129.97219418632));
#1048 = CARTESIAN_POINT('',(0.171124747972,129.40789543343));
#1049 = CARTESIAN_POINT('',(0.171464729474,129.13105427093));
#1050 = CARTESIAN_POINT('',(0.171979453558,128.85729278749));
#1051 = CARTESIAN_POINT('',(0.17267386617,128.58840220709));
#1052 = CARTESIAN_POINT('',(0.173555594388,128.32671034681));
#1053 = CARTESIAN_POINT('',(0.174633972811,128.0753996679));
#1054 = CARTESIAN_POINT('',(0.177002223529,127.63952239134));
#1055 = CARTESIAN_POINT('',(0.178240972448,127.44912181137));
#1056 = CARTESIAN_POINT('',(0.179636951352,127.27218438459));
#1057 = CARTESIAN_POINT('',(0.18118783728,127.11328645884));
#1058 = CARTESIAN_POINT('',(0.182886973333,126.97714535821));
#1059 = CARTESIAN_POINT('',(0.184722802958,126.86866298156));
#1060 = CARTESIAN_POINT('',(0.18844098343,126.72479237197));
#1061 = CARTESIAN_POINT('',(0.190285050533,126.68390629249));
#1062 = CARTESIAN_POINT('',(0.192169826245,126.67421780665));
#1063 = CARTESIAN_POINT('',(0.194050792322,126.69704052277));
#1064 = CARTESIAN_POINT('',(0.195883200083,126.75118626853));
#1065 = CARTESIAN_POINT('',(0.197625949445,126.83299929046));
#1066 = CARTESIAN_POINT('',(0.200812474592,127.03646618589));
#1067 = CARTESIAN_POINT('',(0.202320201771,127.16035049027));
#1068 = CARTESIAN_POINT('',(0.203751055481,127.30693776624));
#1069 = CARTESIAN_POINT('',(0.205089104603,127.47475753896));
#1070 = CARTESIAN_POINT('',(0.206319769685,127.66198299241));
#1071 = CARTESIAN_POINT('',(0.207430139818,127.86646859692));
#1072 = CARTESIAN_POINT('',(0.2095340044,128.33763874212));
#1073 = CARTESIAN_POINT('',(0.210453076562,128.60171375698));
#1074 = CARTESIAN_POINT('',(0.211176568785,128.87411960235));
#1075 = CARTESIAN_POINT('',(0.211712989149,129.15206648288));
#1076 = CARTESIAN_POINT('',(0.212068589237,129.43347564098));
#1077 = CARTESIAN_POINT('',(0.212246588896,129.71664539169));
#1078 = CARTESIAN_POINT('',(0.212246588896,130.));
#1079 = ( GEOMETRIC_REPRESENTATION_CONTEXT(2) 
PARAMETRIC_REPRESENTATION_CONTEXT() REPRESENTATION_CONTEXT('2D SPACE',''
  ) );
#1080 = PCURVE('',#1081,#1086);
#1081 = CYLINDRICAL_SURFACE('',#1082,3.3);
#1082 = AXIS2_PLACEMENT_3D('',#1083,#1084,#1085);
#1083 = CARTESIAN_POINT('',(139.20637665883,26.996753462592,
    336.55198651616));
#1084 = DIRECTION('',(0.981709285323,0.190386131612,0.));
#1085 = DIRECTION('',(-0.190386131612,0.981709285323,0.));
#1086 = DEFINITIONAL_REPRESENTATION('',(#1087),#1150);
#1087 = B_SPLINE_CURVE_WITH_KNOTS('',7,(#1088,#1089,#1090,#1091,#1092,
    #1093,#1094,#1095,#1096,#1097,#1098,#1099,#1100,#1101,#1102,#1103,
    #1104,#1105,#1106,#1107,#1108,#1109,#1110,#1111,#1112,#1113,#1114,
    #1115,#1116,#1117,#1118,#1119,#1120,#1121,#1122,#1123,#1124,#1125,
    #1126,#1127,#1128,#1129,#1130,#1131,#1132,#1133,#1134,#1135,#1136,
    #1137,#1138,#1139,#1140,#1141,#1142,#1143,#1144,#1145,#1146,#1147,
    #1148,#1149),.UNSPECIFIED.,.F.,.F.,(8,6,6,6,6,6,6,6,6,6,8),(0.,
    0.121838756216,0.224255528165,0.309296617004,0.416501819456,
    0.53142654878,0.643352522441,0.737762067395,0.822920885971,
    0.905356437152,1.),.UNSPECIFIED.);
#1088 = CARTESIAN_POINT('',(0.,17.665858414897));
#1089 = CARTESIAN_POINT('',(9.206438160028E-02,17.665858414897));
#1090 = CARTESIAN_POINT('',(0.184049974831,17.666533690664));
#1091 = CARTESIAN_POINT('',(0.276655580774,17.667882266472));
#1092 = CARTESIAN_POINT('',(0.370513213334,17.669876323366));
#1093 = CARTESIAN_POINT('',(0.466281131711,17.67246000093));
#1094 = CARTESIAN_POINT('',(0.564631929095,17.675528863045));
#1095 = CARTESIAN_POINT('',(0.751942631666,17.681743836743));
#1096 = CARTESIAN_POINT('',(0.840654268426,17.684824728735));
#1097 = CARTESIAN_POINT('',(0.932447707139,17.688027618402));
#1098 = CARTESIAN_POINT('',(1.027356818216,17.691182047688));
#1099 = CARTESIAN_POINT('',(1.125515421887,17.694070138619));
#1100 = CARTESIAN_POINT('',(1.227180314046,17.696450355163));
#1101 = CARTESIAN_POINT('',(1.420494902732,17.699474392961));
#1102 = CARTESIAN_POINT('',(1.510032917625,17.700330584887));
#1103 = CARTESIAN_POINT('',(1.600357560216,17.700544189359));
#1104 = CARTESIAN_POINT('',(1.690589841952,17.700057974478));
#1105 = CARTESIAN_POINT('',(1.779888665335,17.69891970202));
#1106 = CARTESIAN_POINT('',(1.867300530461,17.697270223235));
#1107 = CARTESIAN_POINT('',(2.057859979398,17.692780915839));
#1108 = CARTESIAN_POINT('',(2.15953465969,17.689734547503));
#1109 = CARTESIAN_POINT('',(2.25731799284,17.686414755039));
#1110 = CARTESIAN_POINT('',(2.351685225382,17.683063975476));
#1111 = CARTESIAN_POINT('',(2.443040819333,17.679864203251));
#1112 = CARTESIAN_POINT('',(2.531708592423,17.676945871415));
#1113 = CARTESIAN_POINT('',(2.710492309615,17.671659404523));
#1114 = CARTESIAN_POINT('',(2.800671220172,17.669333657608));
#1115 = CARTESIAN_POINT('',(2.889155989256,17.667520936709));
#1116 = CARTESIAN_POINT('',(2.976490367279,17.666279182947));
#1117 = CARTESIAN_POINT('',(3.063187262574,17.665637584261));
#1118 = CARTESIAN_POINT('',(3.149768339989,17.665604587958));
#1119 = CARTESIAN_POINT('',(3.321545783642,17.666714616659));
#1120 = CARTESIAN_POINT('',(3.406618780611,17.667826301143));
#1121 = CARTESIAN_POINT('',(3.49256022745,17.669487527249));
#1122 = CARTESIAN_POINT('',(3.579879150602,17.671664679302));
#1123 = CARTESIAN_POINT('',(3.669105162711,17.674300282519));
#1124 = CARTESIAN_POINT('',(3.760786415707,17.677296794205));
#1125 = CARTESIAN_POINT('',(3.935558625552,17.683203148961));
#1126 = CARTESIAN_POINT('',(4.018367896664,17.686074117979));
#1127 = CARTESIAN_POINT('',(4.103904350011,17.689005982124));
#1128 = CARTESIAN_POINT('',(4.192153750957,17.691854051472));
#1129 = CARTESIAN_POINT('',(4.283185745332,17.694442211228));
#1130 = CARTESIAN_POINT('',(4.377164960109,17.696581631869));
#1131 = CARTESIAN_POINT('',(4.562087556266,17.69947439296));
#1132 = CARTESIAN_POINT('',(4.65162557127,17.700330584889));
#1133 = CARTESIAN_POINT('',(4.741950213851,17.700544189358));
#1134 = CARTESIAN_POINT('',(4.832182495498,17.700057974477));
#1135 = CARTESIAN_POINT('',(4.921481318868,17.698919702022));
#1136 = CARTESIAN_POINT('',(5.008893184107,17.697270223233));
#1137 = CARTESIAN_POINT('',(5.174787355117,17.693361994421));
#1138 = CARTESIAN_POINT('',(5.256390217816,17.691055675553));
#1139 = CARTESIAN_POINT('',(5.337987137822,17.688449069693));
#1140 = CARTESIAN_POINT('',(5.419584805363,17.68565112272));
#1141 = CARTESIAN_POINT('',(5.50118686465,17.682785762362));
#1142 = CARTESIAN_POINT('',(5.582788767101,17.679979469411));
#1143 = CARTESIAN_POINT('',(5.758068716771,17.674324069676));
#1144 = CARTESIAN_POINT('',(5.849016973739,17.671618223472));
#1145 = CARTESIAN_POINT('',(5.937877782927,17.66935773485));
#1146 = CARTESIAN_POINT('',(6.025203553347,17.667619204653));
#1147 = CARTESIAN_POINT('',(6.11151051254,17.66644585008));
#1148 = CARTESIAN_POINT('',(6.19732027436,17.665858414897));
#1149 = CARTESIAN_POINT('',(6.28318530718,17.665858414897));
#1150 = ( GEOMETRIC_REPRESENTATION_CONTEXT(2) 
PARAMETRIC_REPRESENTATION_CONTEXT() REPRESENTATION_CONTEXT('2D SPACE',''
  ) );
#1151 = FACE_BOUND('',#1152,.T.);
#1152 = EDGE_LOOP('',(#1153));
#1153 = ORIENTED_EDGE('',*,*,#1154,.F.);
#1154 = EDGE_CURVE('',#1155,#1155,#1157,.T.);
#1155 = VERTEX_POINT('',#1156);
#1156 = CARTESIAN_POINT('',(140.7666508801,75.,329.98049196));
#1157 = SURFACE_CURVE('',#1158,(#1350,#1545),.PCURVE_S1.);
#1158 = B_SPLINE_CURVE_WITH_KNOTS('',8,(#1159,#1160,#1161,#1162,#1163,
    #1164,#1165,#1166,#1167,#1168,#1169,#1170,#1171,#1172,#1173,#1174,
    #1175,#1176,#1177,#1178,#1179,#1180,#1181,#1182,#1183,#1184,#1185,
    #1186,#1187,#1188,#1189,#1190,#1191,#1192,#1193,#1194,#1195,#1196,
    #1197,#1198,#1199,#1200,#1201,#1202,#1203,#1204,#1205,#1206,#1207,
    #1208,#1209,#1210,#1211,#1212,#1213,#1214,#1215,#1216,#1217,#1218,
    #1219,#1220,#1221,#1222,#1223,#1224,#1225,#1226,#1227,#1228,#1229,
    #1230,#1231,#1232,#1233,#1234,#1235,#1236,#1237,#1238,#1239,#1240,
    #1241,#1242,#1243,#1244,#1245,#1246,#1247,#1248,#1249,#1250,#1251,
    #1252,#1253,#1254,#1255,#1256,#1257,#1258,#1259,#1260,#1261,#1262,
    #1263,#1264,#1265,#1266,#1267,#1268,#1269,#1270,#1271,#1272,#1273,
    #1274,#1275,#1276,#1277,#1278,#1279,#1280,#1281,#1282,#1283,#1284,
    #1285,#1286,#1287,#1288,#1289,#1290,#1291,#1292,#1293,#1294,#1295,
    #1296,#1297,#1298,#1299,#1300,#1301,#1302,#1303,#1304,#1305,#1306,
    #1307,#1308,#1309,#1310,#1311,#1312,#1313,#1314,#1315,#1316,#1317,
    #1318,#1319,#1320,#1321,#1322,#1323,#1324,#1325,#1326,#1327,#1328,
    #1329,#1330,#1331,#1332,#1333,#1334,#1335,#1336,#1337,#1338,#1339,
    #1340,#1341,#1342,#1343,#1344,#1345,#1346,#1347,#1348,#1349),
  .UNSPECIFIED.,.T.,.F.,(9,7,7,7,7,7,7,7,7,7,7,7,7,7,7,7,7,7,7,7,7,7,7,7
    ,7,7,7,9),(0.,2.218293623456E-02,3.343528802943E-02,
    5.572335184721E-02,7.752659522813E-02,8.87155822259E-02,
    0.110757668729,0.141847451223,0.168896875122,0.191833979368,
    0.268729852291,0.349763889982,0.386499013269,0.442954297185,
    0.512881848094,0.562374808907,0.583594690745,0.617413276591,
    0.644550710318,0.656029060585,0.673339578302,0.743091470073,
    0.772155141427,0.848910430265,0.898604834282,0.939374155566,
    0.967471003914,1.),.UNSPECIFIED.);
#1159 = CARTESIAN_POINT('',(140.7666508801,75.,329.98049196));
#1160 = CARTESIAN_POINT('',(141.13804065248,74.302942740938,
    330.14704173284));
#1161 = CARTESIAN_POINT('',(141.50981471659,73.595658410254,
    330.29785497737));
#1162 = CARTESIAN_POINT('',(141.88170643847,72.878259552338,
    330.43204386434));
#1163 = CARTESIAN_POINT('',(142.25338830889,72.150980512599,
    330.54866026089));
#1164 = CARTESIAN_POINT('',(142.62447441391,71.414187153231,
    330.64671102744));
#1165 = CARTESIAN_POINT('',(142.99452295491,70.668389562978,
    330.72518017004));
#1166 = CARTESIAN_POINT('',(143.36303881792,69.914257760875,
    330.78305784813));
#1167 = CARTESIAN_POINT('',(143.91535249861,68.766308014225,
    330.83779883472));
#1168 = CARTESIAN_POINT('',(144.1006906786,68.378056458933,
    330.85067376945));
#1169 = CARTESIAN_POINT('',(144.28541699209,67.988001911139,
    330.8578750342));
#1170 = CARTESIAN_POINT('',(144.46945391321,67.596273486215,
    330.8592796438));
#1171 = CARTESIAN_POINT('',(144.65272037147,67.203013675476,
    330.85476939731));
#1172 = CARTESIAN_POINT('',(144.83513199269,66.808378789788,
    330.84423263986));
#1173 = CARTESIAN_POINT('',(145.01660134005,66.412539403173,
    330.82756602448));
#1174 = CARTESIAN_POINT('',(145.55443786307,65.229604239712,
    330.75933746549));
#1175 = CARTESIAN_POINT('',(145.90783852454,64.439414634621,
    330.6895766893));
#1176 = CARTESIAN_POINT('',(146.25647532781,63.64668503625,
    330.59466551748));
#1177 = CARTESIAN_POINT('',(146.59960044369,62.853094179738,
    330.47405057116));
#1178 = CARTESIAN_POINT('',(146.93649026419,62.06042476367,
    330.32738521308));
#1179 = CARTESIAN_POINT('',(147.2664515009,61.270559594285,
    330.15456663334));
#1180 = CARTESIAN_POINT('',(147.58882614288,60.485475590527,
    329.95577832839));
#1181 = CARTESIAN_POINT('',(148.21033045073,58.945924350125,
    329.51217539953));
#1182 = CARTESIAN_POINT('',(148.50987732063,58.191003775073,
    329.26841027471));
#1183 = CARTESIAN_POINT('',(148.80105418633,57.444401069808,
    329.0007070798));
#1184 = CARTESIAN_POINT('',(149.08342860602,56.707840860805,
    328.70975366705));
#1185 = CARTESIAN_POINT('',(149.35669513468,55.982858309557,
    328.39642581581));
#1186 = CARTESIAN_POINT('',(149.62065557123,55.27081082762,
    328.06175560756));
#1187 = CARTESIAN_POINT('',(149.87520171187,54.572888453073,
    327.70690362019));
#1188 = CARTESIAN_POINT('',(150.24608044551,53.539741301051,
    327.14132435582));
#1189 = CARTESIAN_POINT('',(150.36938088284,53.193327401742,
    326.94451884852));
#1190 = CARTESIAN_POINT('',(150.49020212365,52.851007130465,
    326.74288042841));
#1191 = CARTESIAN_POINT('',(150.60855135344,52.512889637534,
    326.5365732923));
#1192 = CARTESIAN_POINT('',(150.72444192258,52.179068400649,
    326.3257625639));
#1193 = CARTESIAN_POINT('',(150.83789252807,51.849622341956,
    326.11061303259));
#1194 = CARTESIAN_POINT('',(150.94892639519,51.524616945095,
    325.8912878921));
#1195 = CARTESIAN_POINT('',(151.27159714958,50.57270381506,
    325.22797121535));
#1196 = CARTESIAN_POINT('',(151.4763425898,49.958762298411,
    324.77242659442));
#1197 = CARTESIAN_POINT('',(151.67202525753,49.362653174911,
    324.30252053056));
#1198 = CARTESIAN_POINT('',(151.85891477404,48.784577320981,
    323.81942104021));
#1199 = CARTESIAN_POINT('',(152.03731367709,48.22459493603,
    323.32423506765));
#1200 = CARTESIAN_POINT('',(152.2075434408,47.682651434735,
    322.81799022075));
#1201 = CARTESIAN_POINT('',(152.36993474228,47.158598432433,
    322.30162041702));
#1202 = CARTESIAN_POINT('',(152.74328633804,45.93796202756,
    321.03451883432));
#1203 = CARTESIAN_POINT('',(152.94679315307,45.258949856609,
    320.27468671026));
#1204 = CARTESIAN_POINT('',(153.13630729876,44.614457179173,
    319.49872634781));
#1205 = CARTESIAN_POINT('',(153.31273846382,44.00367213627,
    318.7086731407));
#1206 = CARTESIAN_POINT('',(153.47693809608,43.425711253676,
    317.90632146088));
#1207 = CARTESIAN_POINT('',(153.6296977091,42.879643615937,
    317.09321566332));
#1208 = CARTESIAN_POINT('',(153.77174854644,42.364515102233,
    316.27064123105));
#1209 = CARTESIAN_POINT('',(154.01862040941,41.457278289513,
    314.71658906261));
#1210 = CARTESIAN_POINT('',(154.125868723,41.057926325287,
    313.98724003133));
#1211 = CARTESIAN_POINT('',(154.22594598774,40.680705682314,
    313.25228333641));
#1212 = CARTESIAN_POINT('',(154.31924556105,40.32504749986,
    312.51236497658));
#1213 = CARTESIAN_POINT('',(154.40612209382,39.990417530584,
    311.76806415708));
#1214 = CARTESIAN_POINT('',(154.48689639183,39.676311630752,
    311.01989418682));
#1215 = CARTESIAN_POINT('',(154.56185875918,39.382254375634,
    310.26830269535));
#1216 = CARTESIAN_POINT('',(154.69013018315,38.875072358391,
    308.87376615565));
#1217 = CARTESIAN_POINT('',(154.74499704099,38.656446281743,
    308.23169305717));
#1218 = CARTESIAN_POINT('',(154.79603017845,38.451653949993,
    307.58769451425));
#1219 = CARTESIAN_POINT('',(154.84337291461,38.260446331809,
    306.94199683695));
#1220 = CARTESIAN_POINT('',(154.8871543461,38.082592451813,
    306.29481013477));
#1221 = CARTESIAN_POINT('',(154.92749058668,37.917877857716,
    305.64632844625));
#1222 = CARTESIAN_POINT('',(154.96448600686,37.766103087462,
    304.99672986853));
#1223 = CARTESIAN_POINT('',(155.11137507637,37.161019059024,
    302.16521895811));
#1224 = CARTESIAN_POINT('',(155.18798542094,36.83844980951,
    299.97424042971));
#1225 = CARTESIAN_POINT('',(155.23167495741,36.652053731836,
    297.77856617731));
#1226 = CARTESIAN_POINT('',(155.24450258683,36.596991075264,
    295.58314171266));
#1227 = CARTESIAN_POINT('',(155.22757209925,36.669649916768,
    293.3925115461));
#1228 = CARTESIAN_POINT('',(155.18110725643,36.867551572283,
    291.2107633153));
#1229 = CARTESIAN_POINT('',(155.10455785788,37.189191446099,
    289.04157887633));
#1230 = CARTESIAN_POINT('',(154.88257609832,38.10342033817,
    284.61893813823));
#1231 = CARTESIAN_POINT('',(154.73380815613,38.709043704388,
    282.37020008588));
#1232 = CARTESIAN_POINT('',(154.54868133542,39.450101012993,
    280.1466170838));
#1233 = CARTESIAN_POINT('',(154.32479316244,40.326374736053,
    277.95384607552));
#1234 = CARTESIAN_POINT('',(154.05892753886,41.338003669639,
    275.79845223526));
#1235 = CARTESIAN_POINT('',(153.74709038689,42.485171119724,
    273.68783986881));
#1236 = CARTESIAN_POINT('',(153.38449317673,43.767963885762,
    271.63023101088));
#1237 = CARTESIAN_POINT('',(152.77555127568,45.829362442754,
    268.73005277801));
#1238 = CARTESIAN_POINT('',(152.57403877867,46.500155826116,
    267.8382774703));
#1239 = CARTESIAN_POINT('',(152.36044720397,47.19869341016,
    266.96025265201));
#1240 = CARTESIAN_POINT('',(152.13424260764,47.924884774011,
    266.09694020137));
#1241 = CARTESIAN_POINT('',(151.894871395,48.678586269229,
    265.24937007991));
#1242 = CARTESIAN_POINT('',(151.64176502393,49.459591426505,
    264.41863478064));
#1243 = CARTESIAN_POINT('',(151.37434578648,50.267622402984,
    263.60588376955));
#1244 = CARTESIAN_POINT('',(150.65817066962,52.385106494467,
    261.59274979828));
#1245 = CARTESIAN_POINT('',(150.18914107431,53.730855909418,
    260.41851404368));
#1246 = CARTESIAN_POINT('',(149.68284582812,55.138258099698,
    259.29398223742));
#1247 = CARTESIAN_POINT('',(149.13723479587,56.605388834096,
    258.22396295013));
#1248 = CARTESIAN_POINT('',(148.55039329391,58.129606175549,
    257.21358462417));
#1249 = CARTESIAN_POINT('',(147.92066413543,59.707463020334,
    256.26816786511));
#1250 = CARTESIAN_POINT('',(147.24680518907,61.334638266504,
    255.393087143));
#1251 = CARTESIAN_POINT('',(145.63807040729,65.075955090948,
    253.6033754218));
#1252 = CARTESIAN_POINT('',(144.67899645578,67.214303343336,
    252.72882216619));
#1253 = CARTESIAN_POINT('',(143.6501991205,69.409831601068,
    251.98069942211));
#1254 = CARTESIAN_POINT('',(142.55229650391,71.649661178442,
    251.36884105721));
#1255 = CARTESIAN_POINT('',(141.38767054661,73.91932807747,
    250.90189625139));
#1256 = CARTESIAN_POINT('',(140.16088422369,76.203035920558,
    250.58704851439));
#1257 = CARTESIAN_POINT('',(138.87905013717,78.483938789596,
    250.42987762901));
#1258 = CARTESIAN_POINT('',(136.61318078435,82.343973284914,
    250.43643087268));
#1259 = CARTESIAN_POINT('',(135.65140305716,83.933709689646,
    250.51980367993));
#1260 = CARTESIAN_POINT('',(134.67035347013,85.507309526811,
    250.6850679796));
#1261 = CARTESIAN_POINT('',(133.6739745916,87.058782828584,
    250.93295953514));
#1262 = CARTESIAN_POINT('',(132.66673234269,88.582275601583,
    251.2637580989));
#1263 = CARTESIAN_POINT('',(131.6536224163,90.072077581069,
    251.67731183209));
#1264 = CARTESIAN_POINT('',(130.64015974571,91.522624769267,
    252.17299798819));
#1265 = CARTESIAN_POINT('',(129.20024367493,93.531262502919,
    252.99677914023));
#1266 = CARTESIAN_POINT('',(128.76917979849,94.125818754582,
    253.25885558484));
#1267 = CARTESIAN_POINT('',(128.33962112105,94.711742838345,
    253.53570635686));
#1268 = CARTESIAN_POINT('',(127.91205406091,95.28861615604,
    253.82721502108));
#1269 = CARTESIAN_POINT('',(127.48697848142,95.856027885657,
    254.13324367524));
#1270 = CARTESIAN_POINT('',(127.06490620327,96.413575514546,
    254.45363038295));
#1271 = CARTESIAN_POINT('',(126.6463595168,96.960865372615,
    254.78818660668));
#1272 = CARTESIAN_POINT('',(125.57128827602,98.352780390465,
    255.69211945181));
#1273 = CARTESIAN_POINT('',(124.92096248432,99.181080018609,
    256.28302126679));
#1274 = CARTESIAN_POINT('',(124.28309764262,99.980781044929,
    256.90848083159));
#1275 = CARTESIAN_POINT('',(123.659898618,100.75039221596,257.5674095014
    ));
#1276 = CARTESIAN_POINT('',(123.05354907151,101.48855805994,
    258.25853679562));
#1277 = CARTESIAN_POINT('',(122.46618103743,102.19406285087,
    258.98038586282));
#1278 = CARTESIAN_POINT('',(121.89983483175,102.86584250671,
    259.7312368558));
#1279 = CARTESIAN_POINT('',(120.92034213135,104.01428952726,
    261.13325033537));
#1280 = CARTESIAN_POINT('',(120.4989976731,104.50332628591,
    261.77485369832));
#1281 = CARTESIAN_POINT('',(120.09336364475,104.96964432114,
    262.43285017464));
#1282 = CARTESIAN_POINT('',(119.70431912877,105.41290362342,
    263.10615163978));
#1283 = CARTESIAN_POINT('',(119.33263013535,105.83288198504,
    263.79362266004));
#1284 = CARTESIAN_POINT('',(118.97894534564,106.22946529692,
    264.49408220516));
#1285 = CARTESIAN_POINT('',(118.64379202312,106.60264070741,
    265.20630438909));
#1286 = CARTESIAN_POINT('',(118.19382020074,107.10046990182,
    266.23470531295));
#1287 = CARTESIAN_POINT('',(118.06345272566,107.24427763481,
    266.54227592857));
#1288 = CARTESIAN_POINT('',(117.93649894157,107.38392347919,
    266.85163726762));
#1289 = CARTESIAN_POINT('',(117.81298348023,107.51941883021,
    267.16269709981));
#1290 = CARTESIAN_POINT('',(117.69292647998,107.65077858983,
    267.4753638683));
#1291 = CARTESIAN_POINT('',(117.57634373412,107.77802091565,
    267.78954677514));
#1292 = CARTESIAN_POINT('',(117.46324683933,107.90116696974,
    268.10515586684));
#1293 = CARTESIAN_POINT('',(117.18835014403,108.19981589459,
    268.90008925206));
#1294 = CARTESIAN_POINT('',(117.03100155113,108.37012976912,
    269.38111958072));
#1295 = CARTESIAN_POINT('',(116.88162363852,108.53126435917,
    269.86488750836));
#1296 = CARTESIAN_POINT('',(116.74021993523,108.68331755532,
    270.35109706653));
#1297 = CARTESIAN_POINT('',(116.60677335815,108.82640091556,
    270.83946245373));
#1298 = CARTESIAN_POINT('',(116.48124814391,108.96063751021,
    271.32970857346));
#1299 = CARTESIAN_POINT('',(116.36359178085,109.08615976682,
    271.82157157224));
#1300 = CARTESIAN_POINT('',(115.81108219053,109.67434178975,
    274.30223690336));
#1301 = CARTESIAN_POINT('',(115.49538483593,110.00604722184,
    276.31053998196));
#1302 = CARTESIAN_POINT('',(115.30157638644,110.20808725636,
    278.32483647815));
#1303 = CARTESIAN_POINT('',(115.22136412898,110.29152370356,
    280.3332270546));
#1304 = CARTESIAN_POINT('',(115.24507116065,110.26701584784,
    282.32659169005));
#1305 = CARTESIAN_POINT('',(115.36286429243,110.1443227845,
    284.2984342091));
#1306 = CARTESIAN_POINT('',(115.56560969334,109.93182275706,
    286.24477711324));
#1307 = CARTESIAN_POINT('',(115.96211815978,109.51285740548,
    288.96378555061));
#1308 = CARTESIAN_POINT('',(116.09212640573,109.37518606004,
    289.75876385281));
#1309 = CARTESIAN_POINT('',(116.2349466091,109.22355476982,
    290.54884028562));
#1310 = CARTESIAN_POINT('',(116.39003123629,109.0584082257,
    291.33387349869));
#1311 = CARTESIAN_POINT('',(116.55686124202,108.88015142066,
    292.11374489857));
#1312 = CARTESIAN_POINT('',(116.73494702495,108.68915041161,
    292.88835838959));
#1313 = CARTESIAN_POINT('',(116.92382938334,108.48573308132,
    293.65764011474));
#1314 = CARTESIAN_POINT('',(117.64928979162,107.70095420677,
    296.43894395368));
#1315 = CARTESIAN_POINT('',(118.24766109339,107.04731295045,
    298.41820625134));
#1316 = CARTESIAN_POINT('',(118.91040323221,106.31451644048,
    300.35903192401));
#1317 = CARTESIAN_POINT('',(119.63103399471,105.50618005828,
    302.26074313217));
#1318 = CARTESIAN_POINT('',(120.4040476592,104.62475448545,
    304.12251531975));
#1319 = CARTESIAN_POINT('',(121.22484997072,103.67157790216,
    305.94341198693));
#1320 = CARTESIAN_POINT('',(122.08970611017,102.64686626384,
    307.72239883568));
#1321 = CARTESIAN_POINT('',(123.58247079872,100.83884148806,
    310.58207970237));
#1322 = CARTESIAN_POINT('',(124.1863053689,100.09792631901,
    311.68762392881));
#1323 = CARTESIAN_POINT('',(124.80650639665,99.326386828531,
    312.77445564213));
#1324 = CARTESIAN_POINT('',(125.44234204763,98.523812231077,
    313.84199115211));
#1325 = CARTESIAN_POINT('',(126.09315214628,97.689645002037,
    314.88948197147));
#1326 = CARTESIAN_POINT('',(126.75834598779,96.823165073057,
    315.9160103799));
#1327 = CARTESIAN_POINT('',(127.43740989923,95.923452414552,
    316.92047117398));
#1328 = CARTESIAN_POINT('',(128.69806401786,94.222971734306,
    318.70640877822));
#1329 = CARTESIAN_POINT('',(129.27521077852,93.43351584713,
    319.4954680949));
#1330 = CARTESIAN_POINT('',(129.86114247571,92.620300129449,
    320.26800772327));
#1331 = CARTESIAN_POINT('',(130.45563220889,91.782606576205,
    321.02314258609));
#1332 = CARTESIAN_POINT('',(131.05844661498,90.919657675351,
    321.75981311682));
#1333 = CARTESIAN_POINT('',(131.66934978829,90.030599961336,
    322.47677395887));
#1334 = CARTESIAN_POINT('',(132.28811303829,89.114472838434,
    323.17257060584));
#1335 = CARTESIAN_POINT('',(133.34623637195,87.519375791723,
    324.30926708808));
#1336 = CARTESIAN_POINT('',(133.7815517784,86.855242207086,
    324.76214328293));
#1337 = CARTESIAN_POINT('',(134.22040965054,86.17739836964,
    325.20357957296));
#1338 = CARTESIAN_POINT('',(134.66272335947,85.485482732587,
    325.63293950675));
#1339 = CARTESIAN_POINT('',(135.10838708589,84.779135374118,
    326.04950256001));
#1340 = CARTESIAN_POINT('',(135.55727730049,84.05799508708,
    326.45246069687));
#1341 = CARTESIAN_POINT('',(136.0092553402,83.321693936878,
    326.84091210808));
#1342 = CARTESIAN_POINT('',(136.990847672,81.69940462602,327.64562170575
    ));
#1343 = CARTESIAN_POINT('',(137.52138719097,80.808249299939,
    328.05653892324));
#1344 = CARTESIAN_POINT('',(138.05560462894,79.895717033953,
    328.44509537802));
#1345 = CARTESIAN_POINT('',(138.59318786065,78.961284573187,
    328.80949827186));
#1346 = CARTESIAN_POINT('',(139.13369939936,78.004586661433,
    329.14768353546));
#1347 = CARTESIAN_POINT('',(139.67658048977,77.025433441468,
    329.45732868766));
#1348 = CARTESIAN_POINT('',(140.22115753821,76.023830277535,
    329.73586542762));
#1349 = CARTESIAN_POINT('',(140.7666508801,75.,329.98049196));
#1350 = PCURVE('',#189,#1351);
#1351 = DEFINITIONAL_REPRESENTATION('',(#1352),#1544);
#1352 = B_SPLINE_CURVE_WITH_KNOTS('',8,(#1353,#1354,#1355,#1356,#1357,
    #1358,#1359,#1360,#1361,#1362,#1363,#1364,#1365,#1366,#1367,#1368,
    #1369,#1370,#1371,#1372,#1373,#1374,#1375,#1376,#1377,#1378,#1379,
    #1380,#1381,#1382,#1383,#1384,#1385,#1386,#1387,#1388,#1389,#1390,
    #1391,#1392,#1393,#1394,#1395,#1396,#1397,#1398,#1399,#1400,#1401,
    #1402,#1403,#1404,#1405,#1406,#1407,#1408,#1409,#1410,#1411,#1412,
    #1413,#1414,#1415,#1416,#1417,#1418,#1419,#1420,#1421,#1422,#1423,
    #1424,#1425,#1426,#1427,#1428,#1429,#1430,#1431,#1432,#1433,#1434,
    #1435,#1436,#1437,#1438,#1439,#1440,#1441,#1442,#1443,#1444,#1445,
    #1446,#1447,#1448,#1449,#1450,#1451,#1452,#1453,#1454,#1455,#1456,
    #1457,#1458,#1459,#1460,#1461,#1462,#1463,#1464,#1465,#1466,#1467,
    #1468,#1469,#1470,#1471,#1472,#1473,#1474,#1475,#1476,#1477,#1478,
    #1479,#1480,#1481,#1482,#1483,#1484,#1485,#1486,#1487,#1488,#1489,
    #1490,#1491,#1492,#1493,#1494,#1495,#1496,#1497,#1498,#1499,#1500,
    #1501,#1502,#1503,#1504,#1505,#1506,#1507,#1508,#1509,#1510,#1511,
    #1512,#1513,#1514,#1515,#1516,#1517,#1518,#1519,#1520,#1521,#1522,
    #1523,#1524,#1525,#1526,#1527,#1528,#1529,#1530,#1531,#1532,#1533,
    #1534,#1535,#1536,#1537,#1538,#1539,#1540,#1541,#1542,#1543),
  .UNSPECIFIED.,.T.,.F.,(9,7,7,7,7,7,7,7,7,7,7,7,7,7,7,7,7,7,7,7,7,7,7,7
    ,7,7,7,9),(0.,2.218293623456E-02,3.343528802943E-02,
    5.572335184721E-02,7.752659522813E-02,8.87155822259E-02,
    0.110757668729,0.141847451223,0.168896875122,0.191833979368,
    0.268729852291,0.349763889982,0.386499013269,0.442954297185,
    0.512881848094,0.562374808907,0.583594690745,0.617413276591,
    0.644550710318,0.656029060585,0.673339578302,0.743091470073,
    0.772155141427,0.848910430265,0.898604834282,0.939374155566,
    0.967471003914,1.),.UNSPECIFIED.);
#1353 = CARTESIAN_POINT('',(0.489539399986,123.42850544383));
#1354 = CARTESIAN_POINT('',(0.484587536355,123.59505521668));
#1355 = CARTESIAN_POINT('',(0.479577951125,123.74586846121));
#1356 = CARTESIAN_POINT('',(0.474511867952,123.88005734818));
#1357 = CARTESIAN_POINT('',(0.469391346086,123.99667374473));
#1358 = CARTESIAN_POINT('',(0.46421932633,124.09472451128));
#1359 = CARTESIAN_POINT('',(0.458999696013,124.17319365388));
#1360 = CARTESIAN_POINT('',(0.45373737299,124.23107133196));
#1361 = CARTESIAN_POINT('',(0.445750495301,124.28581231856));
#1362 = CARTESIAN_POINT('',(0.443053201936,124.29868725328));
#1363 = CARTESIAN_POINT('',(0.440347355862,124.30588851804));
#1364 = CARTESIAN_POINT('',(0.437633866781,124.30729312764));
#1365 = CARTESIAN_POINT('',(0.434913728924,124.30278288114));
#1366 = CARTESIAN_POINT('',(0.432188023167,124.2922461237));
#1367 = CARTESIAN_POINT('',(0.429457919151,124.27557950832));
#1368 = CARTESIAN_POINT('',(0.421310816576,124.20735094933));
#1369 = CARTESIAN_POINT('',(0.415883858248,124.13759017314));
#1370 = CARTESIAN_POINT('',(0.410454523463,124.04267900131));
#1371 = CARTESIAN_POINT('',(0.405034086923,123.92206405499));
#1372 = CARTESIAN_POINT('',(0.399634359414,123.77539869692));
#1373 = CARTESIAN_POINT('',(0.394267661268,123.60258011718));
#1374 = CARTESIAN_POINT('',(0.388946786848,123.40379181222));
#1375 = CARTESIAN_POINT('',(0.378537591026,122.96018888336));
#1376 = CARTESIAN_POINT('',(0.373445654863,122.71642375855));
#1377 = CARTESIAN_POINT('',(0.368421512758,122.44872056363));
#1378 = CARTESIAN_POINT('',(0.363476017383,122.15776715089));
#1379 = CARTESIAN_POINT('',(0.358618649927,121.84443929965));
#1380 = CARTESIAN_POINT('',(0.353857639647,121.50976909139));
#1381 = CARTESIAN_POINT('',(0.349200065975,121.15491710403));
#1382 = CARTESIAN_POINT('',(0.34231793779,120.58933783965));
#1383 = CARTESIAN_POINT('',(0.340012597467,120.39253233235));
#1384 = CARTESIAN_POINT('',(0.337736645509,120.19089391224));
#1385 = CARTESIAN_POINT('',(0.335490693434,119.98458677613));
#1386 = CARTESIAN_POINT('',(0.333275249219,119.77377604774));
#1387 = CARTESIAN_POINT('',(0.331090725563,119.55862651642));
#1388 = CARTESIAN_POINT('',(0.328937448148,119.33930137593));
#1389 = CARTESIAN_POINT('',(0.322635790262,118.67598469919));
#1390 = CARTESIAN_POINT('',(0.318578270377,118.22044007825));
#1391 = CARTESIAN_POINT('',(0.314644764026,117.75053401439));
#1392 = CARTESIAN_POINT('',(0.310835837627,117.26743452405));
#1393 = CARTESIAN_POINT('',(0.307151180391,116.77224855149));
#1394 = CARTESIAN_POINT('',(0.30358978255,116.26600370459));
#1395 = CARTESIAN_POINT('',(0.300150075664,115.74963390086));
#1396 = CARTESIAN_POINT('',(0.292147205121,114.48253231816));
#1397 = CARTESIAN_POINT('',(0.28770305644,113.72270019409));
#1398 = CARTESIAN_POINT('',(0.28349136966,112.94673983164));
#1399 = CARTESIAN_POINT('',(0.279505519594,112.15668662454));
#1400 = CARTESIAN_POINT('',(0.275738606297,111.35433494472));
#1401 = CARTESIAN_POINT('',(0.272183588,110.54122914715));
#1402 = CARTESIAN_POINT('',(0.268833415861,109.71865471489));
#1403 = CARTESIAN_POINT('',(0.262938583939,108.16460254644));
#1404 = CARTESIAN_POINT('',(0.260346106967,107.43525351516));
#1405 = CARTESIAN_POINT('',(0.257899289492,106.70029682025));
#1406 = CARTESIAN_POINT('',(0.255594025505,105.96037846041));
#1407 = CARTESIAN_POINT('',(0.2534264922,105.21607764091));
#1408 = CARTESIAN_POINT('',(0.251393111411,104.46790767066));
#1409 = CARTESIAN_POINT('',(0.249490533383,103.71631617919));
#1410 = CARTESIAN_POINT('',(0.246210588682,102.32177963948));
#1411 = CARTESIAN_POINT('',(0.24479738908,101.679706541));
#1412 = CARTESIAN_POINT('',(0.243474162179,101.03570799809));
#1413 = CARTESIAN_POINT('',(0.242239171357,100.39001032079));
#1414 = CARTESIAN_POINT('',(0.24109081348,99.742823618613));
#1415 = CARTESIAN_POINT('',(0.240027607128,99.09434193009));
#1416 = CARTESIAN_POINT('',(0.23904818082,98.444743352365));
#1417 = CARTESIAN_POINT('',(0.235144368428,95.613232441945));
#1418 = CARTESIAN_POINT('',(0.233065761175,93.422253913546));
#1419 = CARTESIAN_POINT('',(0.231865457551,91.226579661147));
#1420 = CARTESIAN_POINT('',(0.231510990871,89.031155196502));
#1421 = CARTESIAN_POINT('',(0.231978738975,86.840525029936));
#1422 = CARTESIAN_POINT('',(0.233253241217,84.658776799139));
#1423 = CARTESIAN_POINT('',(0.235326095503,82.489592360164));
#1424 = CARTESIAN_POINT('',(0.241224480552,78.066951622064));
#1425 = CARTESIAN_POINT('',(0.245134358302,75.818213569717));
#1426 = CARTESIAN_POINT('',(0.24992320564,73.594630567637));
#1427 = CARTESIAN_POINT('',(0.25559339644,71.401859559355));
#1428 = CARTESIAN_POINT('',(0.262150915193,69.246465719099));
#1429 = CARTESIAN_POINT('',(0.269603622186,67.135853352653));
#1430 = CARTESIAN_POINT('',(0.277960752312,65.078244494718));
#1431 = CARTESIAN_POINT('',(0.291436984661,62.178066261846));
#1432 = CARTESIAN_POINT('',(0.295828209514,61.286290954138));
#1433 = CARTESIAN_POINT('',(0.300407820738,60.408266135853));
#1434 = CARTESIAN_POINT('',(0.305176378501,59.544953685211));
#1435 = CARTESIAN_POINT('',(0.310134209196,58.697383563746));
#1436 = CARTESIAN_POINT('',(0.315281348809,57.866648264478));
#1437 = CARTESIAN_POINT('',(0.32061749083,57.053897253387));
#1438 = CARTESIAN_POINT('',(0.334632022504,55.040763282123));
#1439 = CARTESIAN_POINT('',(0.343566701821,53.866527527519));
#1440 = CARTESIAN_POINT('',(0.352943337318,52.741995721254));
#1441 = CARTESIAN_POINT('',(0.362755949612,51.671976433973));
#1442 = CARTESIAN_POINT('',(0.372994539946,50.661598108008));
#1443 = CARTESIAN_POINT('',(0.383644386859,49.716181348945));
#1444 = CARTESIAN_POINT('',(0.394685318889,48.841100626835));
#1445 = CARTESIAN_POINT('',(0.420218405848,47.051388905642));
#1446 = CARTESIAN_POINT('',(0.434909911932,46.176835650025));
#1447 = CARTESIAN_POINT('',(0.450107732631,45.428712905946));
#1448 = CARTESIAN_POINT('',(0.465741897588,44.816854541045));
#1449 = CARTESIAN_POINT('',(0.481730257286,44.349909735229));
#1450 = CARTESIAN_POINT('',(0.497978409445,44.035061998227));
#1451 = CARTESIAN_POINT('',(0.514379349352,43.877891112851));
#1452 = CARTESIAN_POINT('',(0.54244166304,43.884444356522));
#1453 = CARTESIAN_POINT('',(0.554089732839,43.967817163774));
#1454 = CARTESIAN_POINT('',(0.565714118012,44.133081463442));
#1455 = CARTESIAN_POINT('',(0.577272345953,44.380973018978));
#1456 = CARTESIAN_POINT('',(0.588720869566,44.711771582743));
#1457 = CARTESIAN_POINT('',(0.600014891866,45.125325315931));
#1458 = CARTESIAN_POINT('',(0.611108233884,45.621011472025));
#1459 = CARTESIAN_POINT('',(0.626603115131,46.444792624068));
#1460 = CARTESIAN_POINT('',(0.631207308724,46.706869068675));
#1461 = CARTESIAN_POINT('',(0.635762171751,46.983719840697));
#1462 = CARTESIAN_POINT('',(0.64026393479,47.275228504918));
#1463 = CARTESIAN_POINT('',(0.644708804306,47.581257159075));
#1464 = CARTESIAN_POINT('',(0.649092969283,47.90164386679));
#1465 = CARTESIAN_POINT('',(0.65341260786,48.236200090515));
#1466 = CARTESIAN_POINT('',(0.664439260806,49.140132935654));
#1467 = CARTESIAN_POINT('',(0.671041513451,49.73103475063));
#1468 = CARTESIAN_POINT('',(0.677454581306,50.356494315426));
#1469 = CARTESIAN_POINT('',(0.683662987137,51.015422985243));
#1470 = CARTESIAN_POINT('',(0.689651894707,51.706550279462));
#1471 = CARTESIAN_POINT('',(0.695407242895,52.42839934666));
#1472 = CARTESIAN_POINT('',(0.70091596628,53.17925033964));
#1473 = CARTESIAN_POINT('',(0.710379389162,54.581263819206));
#1474 = CARTESIAN_POINT('',(0.714426446927,55.222867182164));
#1475 = CARTESIAN_POINT('',(0.718301327278,55.880863658476));
#1476 = CARTESIAN_POINT('',(0.721998907652,56.554165123619));
#1477 = CARTESIAN_POINT('',(0.725515053285,57.24163614388));
#1478 = CARTESIAN_POINT('',(0.728846593462,57.942095688996));
#1479 = CARTESIAN_POINT('',(0.731991311869,58.654317872931));
#1480 = CARTESIAN_POINT('',(0.73619852398,59.682718796785));
#1481 = CARTESIAN_POINT('',(0.73741547532,59.990289412407));
#1482 = CARTESIAN_POINT('',(0.7385987205,60.299650751456));
#1483 = CARTESIAN_POINT('',(0.739748211276,60.61071058365));
#1484 = CARTESIAN_POINT('',(0.740863934007,60.923377352136));
#1485 = CARTESIAN_POINT('',(0.741945907938,61.237560258983));
#1486 = CARTESIAN_POINT('',(0.742994183481,61.55316935068));
#1487 = CARTESIAN_POINT('',(0.745539046311,62.348102735902));
#1488 = CARTESIAN_POINT('',(0.746992797235,62.829133064555));
#1489 = CARTESIAN_POINT('',(0.748370366548,63.312900992198));
#1490 = CARTESIAN_POINT('',(0.749672194031,63.799110550369));
#1491 = CARTESIAN_POINT('',(0.750898868252,64.287475937571));
#1492 = CARTESIAN_POINT('',(0.75205110886,64.7777220573));
#1493 = CARTESIAN_POINT('',(0.753129748868,65.269585056078));
#1494 = CARTESIAN_POINT('',(0.758189216533,67.750250387203));
#1495 = CARTESIAN_POINT('',(0.761060144542,69.758553465802));
#1496 = CARTESIAN_POINT('',(0.762815433455,71.772849961988));
#1497 = CARTESIAN_POINT('',(0.763541078715,73.781240538438));
#1498 = CARTESIAN_POINT('',(0.763327294748,75.774605173885));
#1499 = CARTESIAN_POINT('',(0.762260935194,77.746447692934));
#1500 = CARTESIAN_POINT('',(0.760419546672,79.69279059708));
#1501 = CARTESIAN_POINT('',(0.756802959384,82.411799034449));
#1502 = CARTESIAN_POINT('',(0.755615777632,83.206777336646));
#1503 = CARTESIAN_POINT('',(0.754309811835,83.996853769454));
#1504 = CARTESIAN_POINT('',(0.752889442937,84.781886982525));
#1505 = CARTESIAN_POINT('',(0.751358745811,85.561758382408));
#1506 = CARTESIAN_POINT('',(0.749721487915,86.336371873431));
#1507 = CARTESIAN_POINT('',(0.747981127944,87.105653598583));
#1508 = CARTESIAN_POINT('',(0.741280664881,89.886957437519));
#1509 = CARTESIAN_POINT('',(0.735724813335,91.866219735183));
#1510 = CARTESIAN_POINT('',(0.729530414685,93.807045407852));
#1511 = CARTESIAN_POINT('',(0.722741315337,95.70875661601));
#1512 = CARTESIAN_POINT('',(0.715391546234,97.570528803593));
#1513 = CARTESIAN_POINT('',(0.707505764995,99.391425470767));
#1514 = CARTESIAN_POINT('',(0.699099367239,101.17041231951));
#1515 = CARTESIAN_POINT('',(0.684399479035,104.0300931862));
#1516 = CARTESIAN_POINT('',(0.678407065282,105.13563741264));
#1517 = CARTESIAN_POINT('',(0.672200969362,106.22246912597));
#1518 = CARTESIAN_POINT('',(0.665781739615,107.29000463594));
#1519 = CARTESIAN_POINT('',(0.659148825172,108.3374954553));
#1520 = CARTESIAN_POINT('',(0.652300490891,109.36402386374));
#1521 = CARTESIAN_POINT('',(0.645233581448,110.36848465781));
#1522 = CARTESIAN_POINT('',(0.631962047212,112.15442226205));
#1523 = CARTESIAN_POINT('',(0.625830986842,112.94348157873));
#1524 = CARTESIAN_POINT('',(0.619547132888,113.7160212071));
#1525 = CARTESIAN_POINT('',(0.613107320975,114.47115606992));
#1526 = CARTESIAN_POINT('',(0.606508032572,115.20782660065));
#1527 = CARTESIAN_POINT('',(0.599745283876,115.9247874427));
#1528 = CARTESIAN_POINT('',(0.592814413909,116.62058408967));
#1529 = CARTESIAN_POINT('',(0.580813490903,117.75728057192));
#1530 = CARTESIAN_POINT('',(0.575834969309,118.21015676676));
#1531 = CARTESIAN_POINT('',(0.570772361225,118.6515930568));
#1532 = CARTESIAN_POINT('',(0.565623873802,119.08095299059));
#1533 = CARTESIAN_POINT('',(0.560387760765,119.49751604385));
#1534 = CARTESIAN_POINT('',(0.555062298495,119.9004741807));
#1535 = CARTESIAN_POINT('',(0.549645744613,120.28892559191));
#1536 = CARTESIAN_POINT('',(0.537757720833,121.09363518958));
#1537 = CARTESIAN_POINT('',(0.531255530844,121.50455240708));
#1538 = CARTESIAN_POINT('',(0.52462633976,121.89310886185));
#1539 = CARTESIAN_POINT('',(0.517867894612,122.25751175569));
#1540 = CARTESIAN_POINT('',(0.510979121748,122.59569701929));
#1541 = CARTESIAN_POINT('',(0.503960200071,122.90534217149));
#1542 = CARTESIAN_POINT('',(0.496812644545,123.18387891146));
#1543 = CARTESIAN_POINT('',(0.489539399986,123.42850544383));
#1544 = ( GEOMETRIC_REPRESENTATION_CONTEXT(2) 
PARAMETRIC_REPRESENTATION_CONTEXT() REPRESENTATION_CONTEXT('2D SPACE',''
  ) );
#1545 = PCURVE('',#1546,#1551);
#1546 = CONICAL_SURFACE('',#1547,34.5,7.249841301143E-02);
#1547 = AXIS2_PLACEMENT_3D('',#1548,#1549,#1550);
#1548 = CARTESIAN_POINT('',(106.54276641292,75.,276.92181871006));
#1549 = DIRECTION('',(0.939692620786,0.,0.342020143326));
#1550 = DIRECTION('',(-0.342020143326,0.,0.939692620786));
#1551 = DEFINITIONAL_REPRESENTATION('',(#1552),#1744);
#1552 = B_SPLINE_CURVE_WITH_KNOTS('',8,(#1553,#1554,#1555,#1556,#1557,
    #1558,#1559,#1560,#1561,#1562,#1563,#1564,#1565,#1566,#1567,#1568,
    #1569,#1570,#1571,#1572,#1573,#1574,#1575,#1576,#1577,#1578,#1579,
    #1580,#1581,#1582,#1583,#1584,#1585,#1586,#1587,#1588,#1589,#1590,
    #1591,#1592,#1593,#1594,#1595,#1596,#1597,#1598,#1599,#1600,#1601,
    #1602,#1603,#1604,#1605,#1606,#1607,#1608,#1609,#1610,#1611,#1612,
    #1613,#1614,#1615,#1616,#1617,#1618,#1619,#1620,#1621,#1622,#1623,
    #1624,#1625,#1626,#1627,#1628,#1629,#1630,#1631,#1632,#1633,#1634,
    #1635,#1636,#1637,#1638,#1639,#1640,#1641,#1642,#1643,#1644,#1645,
    #1646,#1647,#1648,#1649,#1650,#1651,#1652,#1653,#1654,#1655,#1656,
    #1657,#1658,#1659,#1660,#1661,#1662,#1663,#1664,#1665,#1666,#1667,
    #1668,#1669,#1670,#1671,#1672,#1673,#1674,#1675,#1676,#1677,#1678,
    #1679,#1680,#1681,#1682,#1683,#1684,#1685,#1686,#1687,#1688,#1689,
    #1690,#1691,#1692,#1693,#1694,#1695,#1696,#1697,#1698,#1699,#1700,
    #1701,#1702,#1703,#1704,#1705,#1706,#1707,#1708,#1709,#1710,#1711,
    #1712,#1713,#1714,#1715,#1716,#1717,#1718,#1719,#1720,#1721,#1722,
    #1723,#1724,#1725,#1726,#1727,#1728,#1729,#1730,#1731,#1732,#1733,
    #1734,#1735,#1736,#1737,#1738,#1739,#1740,#1741,#1742,#1743),
  .UNSPECIFIED.,.F.,.F.,(9,7,7,7,7,7,7,7,7,7,7,7,7,7,7,7,7,7,7,7,7,7,7,7
    ,7,7,7,9),(0.,2.218293623456E-02,3.343528802943E-02,
    5.572335184721E-02,7.752659522813E-02,8.87155822259E-02,
    0.110757668729,0.141847451223,0.168896875122,0.191833979368,
    0.268729852291,0.349763889982,0.386499013269,0.442954297185,
    0.512881848094,0.562374808907,0.583594690745,0.617413276591,
    0.644550710318,0.656029060585,0.673339578302,0.743091470073,
    0.772155141427,0.848910430265,0.898604834282,0.939374155566,
    0.967471003914,1.),.UNSPECIFIED.);
#1553 = CARTESIAN_POINT('',(0.,50.307066718045));
#1554 = CARTESIAN_POINT('',(1.826977054747E-02,50.713022323768));
#1555 = CARTESIAN_POINT('',(3.677532035825E-02,51.113956835917));
#1556 = CARTESIAN_POINT('',(5.552296889976E-02,51.509316045057));
#1557 = CARTESIAN_POINT('',(7.451699547978E-02,51.898467912631));
#1558 = CARTESIAN_POINT('',(9.375958967568E-02,52.280710124427));
#1559 = CARTESIAN_POINT('',(0.113250632596,52.655280035134));
#1560 = CARTESIAN_POINT('',(0.132987308972,53.021367004));
#1561 = CARTESIAN_POINT('',(0.163096550071,53.55909461419));
#1562 = CARTESIAN_POINT('',(0.173291010834,53.737659021292));
#1563 = CARTESIAN_POINT('',(0.183545993365,53.913707952547));
#1564 = CARTESIAN_POINT('',(0.193860316673,54.087126494056));
#1565 = CARTESIAN_POINT('',(0.204232535598,54.257798037362));
#1566 = CARTESIAN_POINT('',(0.214660918632,54.425605108481));
#1567 = CARTESIAN_POINT('',(0.22514342574,54.59043019691));
#1568 = CARTESIAN_POINT('',(0.256543392568,55.072495667256));
#1569 = CARTESIAN_POINT('',(0.277615173725,55.380724070351));
#1570 = CARTESIAN_POINT('',(0.298871101971,55.67587396913));
#1571 = CARTESIAN_POINT('',(0.320287181505,55.957053367297));
#1572 = CARTESIAN_POINT('',(0.341836962913,56.223463738846));
#1573 = CARTESIAN_POINT('',(0.363490984691,56.47441844272));
#1574 = CARTESIAN_POINT('',(0.385216041781,56.709361910369));
#1575 = CARTESIAN_POINT('',(0.428259225005,57.141663784929));
#1576 = CARTESIAN_POINT('',(0.449580361654,57.339773185228));
#1577 = CARTESIAN_POINT('',(0.470902519459,57.521830052173));
#1578 = CARTESIAN_POINT('',(0.492194154914,57.68766328273));
#1579 = CARTESIAN_POINT('',(0.51342664944,57.837285386627));
#1580 = CARTESIAN_POINT('',(0.534573733082,57.970863108439));
#1581 = CARTESIAN_POINT('',(0.555611035078,58.08869171087));
#1582 = CARTESIAN_POINT('',(0.587243647317,58.243764219017));
#1583 = CARTESIAN_POINT('',(0.597937350811,58.2923172823));
#1584 = CARTESIAN_POINT('',(0.608594225789,58.336887709382));
#1585 = CARTESIAN_POINT('',(0.619211932287,58.377538411023));
#1586 = CARTESIAN_POINT('',(0.629788417997,58.414338408124));
#1587 = CARTESIAN_POINT('',(0.640321899899,58.447361631393));
#1588 = CARTESIAN_POINT('',(0.65081084589,58.476685720998));
#1589 = CARTESIAN_POINT('',(0.68182668079,58.553029382986));
#1590 = CARTESIAN_POINT('',(0.702220865477,58.58962172576));
#1591 = CARTESIAN_POINT('',(0.722427645083,58.612785945333));
#1592 = CARTESIAN_POINT('',(0.742441326863,58.623174887966));
#1593 = CARTESIAN_POINT('',(0.762258902177,58.621451443414));
#1594 = CARTESIAN_POINT('',(0.781879716097,58.608269161112));
#1595 = CARTESIAN_POINT('',(0.801305295128,58.584258194511));
#1596 = CARTESIAN_POINT('',(0.847668437031,58.501719669088));
#1597 = CARTESIAN_POINT('',(0.874412936189,58.43307562947));
#1598 = CARTESIAN_POINT('',(0.900785864795,58.34576659933));
#1599 = CARTESIAN_POINT('',(0.926801357894,58.241343552085));
#1600 = CARTESIAN_POINT('',(0.952474907986,58.12122029833));
#1601 = CARTESIAN_POINT('',(0.977823684123,57.98666881801));
#1602 = CARTESIAN_POINT('',(1.002866913441,57.838815916418));
#1603 = CARTESIAN_POINT('',(1.04916805905,57.539282438946));
#1604 = CARTESIAN_POINT('',(1.070492718476,57.390610827603));
#1605 = CARTESIAN_POINT('',(1.091613439706,57.233282700655));
#1606 = CARTESIAN_POINT('',(1.112542380541,57.067888637737));
#1607 = CARTESIAN_POINT('',(1.133291078342,56.894960001539));
#1608 = CARTESIAN_POINT('',(1.153870744772,56.71497381287));
#1609 = CARTESIAN_POINT('',(1.174292497236,56.528355966667));
#1610 = CARTESIAN_POINT('',(1.211760147211,56.171932090051));
#1611 = CARTESIAN_POINT('',(1.228846791509,56.003888138317));
#1612 = CARTESIAN_POINT('',(1.245834020007,55.831583127054));
#1613 = CARTESIAN_POINT('',(1.26272799882,55.655229134743));
#1614 = CARTESIAN_POINT('',(1.279534579728,55.475019334206));
#1615 = CARTESIAN_POINT('',(1.296259379821,55.291129201774));
#1616 = CARTESIAN_POINT('',(1.312907861151,55.103717726458));
#1617 = CARTESIAN_POINT('',(1.385061088309,54.27331453374));
#1618 = CARTESIAN_POINT('',(1.439821473705,53.595945918896));
#1619 = CARTESIAN_POINT('',(1.493990368731,52.886035831467));
#1620 = CARTESIAN_POINT('',(1.547735259411,52.14721046999));
#1621 = CARTESIAN_POINT('',(1.601203139634,51.382061372407));
#1622 = CARTESIAN_POINT('',(1.654530694637,50.59219685969));
#1623 = CARTESIAN_POINT('',(1.707855662003,49.778359182108));
#1624 = CARTESIAN_POINT('',(1.817680381322,48.057132341575));
#1625 = CARTESIAN_POINT('',(1.874122776866,47.148222493126));
#1626 = CARTESIAN_POINT('',(1.930809842427,46.213750008721));
#1627 = CARTESIAN_POINT('',(1.987868863407,45.253392090168));
#1628 = CARTESIAN_POINT('',(2.045414606674,44.266372015399));
#1629 = CARTESIAN_POINT('',(2.103556617121,43.251469000726));
#1630 = CARTESIAN_POINT('',(2.162405752249,42.206995401525));
#1631 = CARTESIAN_POINT('',(2.249140194043,40.642857815745));
#1632 = CARTESIAN_POINT('',(2.276362339041,40.148492890754));
#1633 = CARTESIAN_POINT('',(2.303761982439,39.647480289952));
#1634 = CARTESIAN_POINT('',(2.331348309209,39.139647251891));
#1635 = CARTESIAN_POINT('',(2.359129846691,38.624825835318));
#1636 = CARTESIAN_POINT('',(2.387114587432,38.102855440026));
#1637 = CARTESIAN_POINT('',(2.415310099711,37.573586338636));
#1638 = CARTESIAN_POINT('',(2.487390109909,36.212069496751));
#1639 = CARTESIAN_POINT('',(2.531570747143,35.369713566017));
#1640 = CARTESIAN_POINT('',(2.57629133405,34.509339129684));
#1641 = CARTESIAN_POINT('',(2.621570091918,33.630664318864));
#1642 = CARTESIAN_POINT('',(2.667418992677,32.733643950037));
#1643 = CARTESIAN_POINT('',(2.713844282525,31.818540531285));
#1644 = CARTESIAN_POINT('',(2.760846203211,30.886025017937));
#1645 = CARTESIAN_POINT('',(2.867341944087,28.762191355307));
#1646 = CARTESIAN_POINT('',(2.927158985544,27.561841810457));
#1647 = CARTESIAN_POINT('',(2.987822595855,26.339215498038));
#1648 = CARTESIAN_POINT('',(3.049284763778,25.098256625265));
#1649 = CARTESIAN_POINT('',(3.111496253273,23.844161677764));
#1650 = CARTESIAN_POINT('',(3.174403122324,22.583675354722));
#1651 = CARTESIAN_POINT('',(3.237943470974,21.325389713795));
#1652 = CARTESIAN_POINT('',(3.347382602362,19.19841034463));
#1653 = CARTESIAN_POINT('',(3.393019380019,18.323150091034));
#1654 = CARTESIAN_POINT('',(3.438910763527,17.457788752944));
#1655 = CARTESIAN_POINT('',(3.485034616256,16.606282778629));
#1656 = CARTESIAN_POINT('',(3.531370240826,15.772924442178));
#1657 = CARTESIAN_POINT('',(3.577896445779,14.962356227405));
#1658 = CARTESIAN_POINT('',(3.624588695119,14.179547484561));
#1659 = CARTESIAN_POINT('',(3.691490152791,13.108218725988));
#1660 = CARTESIAN_POINT('',(3.711590938422,12.792786605355));
#1661 = CARTESIAN_POINT('',(3.731713799997,12.483822026692));
#1662 = CARTESIAN_POINT('',(3.751855983669,12.181742250508));
#1663 = CARTESIAN_POINT('',(3.772014475852,11.886969829344));
#1664 = CARTESIAN_POINT('',(3.792185929025,11.599930331817));
#1665 = CARTESIAN_POINT('',(3.812366587533,11.32105006668));
#1666 = CARTESIAN_POINT('',(3.864722483055,10.619976796152));
#1667 = CARTESIAN_POINT('',(3.896907710793,10.210970772034));
#1668 = CARTESIAN_POINT('',(3.929088123599,9.825493657221));
#1669 = CARTESIAN_POINT('',(3.961243128563,9.465245010603));
#1670 = CARTESIAN_POINT('',(3.993350527502,9.131842272372));
#1671 = CARTESIAN_POINT('',(4.025385610965,8.826783786478));
#1672 = CARTESIAN_POINT('',(4.057320131616,8.551398600427));
#1673 = CARTESIAN_POINT('',(4.114639616653,8.110493388975));
#1674 = CARTESIAN_POINT('',(4.140074232258,7.934000384903));
#1675 = CARTESIAN_POINT('',(4.16540781196,7.777877130864));
#1676 = CARTESIAN_POINT('',(4.19062412957,7.64257753365));
#1677 = CARTESIAN_POINT('',(4.215707550897,7.52843306619));
#1678 = CARTESIAN_POINT('',(4.240642724711,7.435649353228));
#1679 = CARTESIAN_POINT('',(4.265414338338,7.36430258265));
#1680 = CARTESIAN_POINT('',(4.300408896845,7.29320121297));
#1681 = CARTESIAN_POINT('',(4.310779051237,7.275891204688));
#1682 = CARTESIAN_POINT('',(4.321116338695,7.262401480115));
#1683 = CARTESIAN_POINT('',(4.33141975448,7.252723640931));
#1684 = CARTESIAN_POINT('',(4.341688347965,7.246845296693));
#1685 = CARTESIAN_POINT('',(4.351921219115,7.244750233531));
#1686 = CARTESIAN_POINT('',(4.362117514962,7.246418582842));
#1687 = CARTESIAN_POINT('',(4.38759709559,7.259983417136));
#1688 = CARTESIAN_POINT('',(4.4028328008,7.276646167445));
#1689 = CARTESIAN_POINT('',(4.417980763004,7.301735221203));
#1690 = CARTESIAN_POINT('',(4.433038576665,7.33515266745));
#1691 = CARTESIAN_POINT('',(4.448004184209,7.376784703423));
#1692 = CARTESIAN_POINT('',(4.462875850828,7.42650363401));
#1693 = CARTESIAN_POINT('',(4.477652139278,7.484169871196));
#1694 = CARTESIAN_POINT('',(4.551483206945,7.813418198354));
#1695 = CARTESIAN_POINT('',(4.609028519173,8.203639830613));
#1696 = CARTESIAN_POINT('',(4.664945322187,8.710449437111));
#1697 = CARTESIAN_POINT('',(4.71926858098,9.321984603489));
#1698 = CARTESIAN_POINT('',(4.772064777661,10.026032784527));
#1699 = CARTESIAN_POINT('',(4.823429687695,10.811131982221));
#1700 = CARTESIAN_POINT('',(4.87348669995,11.66733881839));
#1701 = CARTESIAN_POINT('',(4.942769877535,12.969890553835));
#1702 = CARTESIAN_POINT('',(4.962946518655,13.363956936058));
#1703 = CARTESIAN_POINT('',(4.98293220043,13.768386082045));
#1704 = CARTESIAN_POINT('',(5.002736667608,14.182615133864));
#1705 = CARTESIAN_POINT('',(5.022369507128,14.606115787138));
#1706 = CARTESIAN_POINT('',(5.041840239893,15.038395100444));
#1707 = CARTESIAN_POINT('',(5.061158412532,15.478996304721));
#1708 = CARTESIAN_POINT('',(5.130974362849,17.111968034677));
#1709 = CARTESIAN_POINT('',(5.180603460373,18.351200706165));
#1710 = CARTESIAN_POINT('',(5.229415573883,19.637776078226));
#1711 = CARTESIAN_POINT('',(5.277573748675,20.965371028049));
#1712 = CARTESIAN_POINT('',(5.325228712674,22.328529854768));
#1713 = CARTESIAN_POINT('',(5.372527338717,23.722615069121));
#1714 = CARTESIAN_POINT('',(5.419621311197,25.143763338381));
#1715 = CARTESIAN_POINT('',(5.497147119218,27.524571760675));
#1716 = CARTESIAN_POINT('',(5.527593850571,28.47010904523));
#1717 = CARTESIAN_POINT('',(5.558063402547,29.424625712768));
#1718 = CARTESIAN_POINT('',(5.588598568927,30.387234430161));
#1719 = CARTESIAN_POINT('',(5.619242465081,31.357058837557));
#1720 = CARTESIAN_POINT('',(5.650039952765,32.333229975196));
#1721 = CARTESIAN_POINT('',(5.68103942952,33.314887146579));
#1722 = CARTESIAN_POINT('',(5.737937058722,35.110341154587));
#1723 = CARTESIAN_POINT('',(5.763749435028,35.922555887273));
#1724 = CARTESIAN_POINT('',(5.789762457806,36.737375693831));
#1725 = CARTESIAN_POINT('',(5.816007007139,37.554284643246));
#1726 = CARTESIAN_POINT('',(5.842515082563,38.372701052851));
#1727 = CARTESIAN_POINT('',(5.86932079829,39.191977306788));
#1728 = CARTESIAN_POINT('',(5.89646178804,40.011401035746));
#1729 = CARTESIAN_POINT('',(5.942946350479,41.394484818045));
#1730 = CARTESIAN_POINT('',(5.962090196999,41.958440274269));
#1731 = CARTESIAN_POINT('',(5.98142664034,42.521811881476));
#1732 = CARTESIAN_POINT('',(6.000969908083,43.084300555929));
#1733 = CARTESIAN_POINT('',(6.020734564611,43.645560426178));
#1734 = CARTESIAN_POINT('',(6.040735790434,44.205199048097));
#1735 = CARTESIAN_POINT('',(6.060989750327,44.762777684107));
#1736 = CARTESIAN_POINT('',(6.105275963521,45.960399646854));
#1737 = CARTESIAN_POINT('',(6.129396866048,46.599485683484));
#1738 = CARTESIAN_POINT('',(6.153906158761,47.234380002196));
#1739 = CARTESIAN_POINT('',(6.178831115901,47.86417612807));
#1740 = CARTESIAN_POINT('',(6.204197367868,48.48775700477));
#1741 = CARTESIAN_POINT('',(6.23002937078,49.103803238727));
#1742 = CARTESIAN_POINT('',(6.256350862796,49.710803448318));
#1743 = CARTESIAN_POINT('',(6.28318530718,50.307066718045));
#1744 = ( GEOMETRIC_REPRESENTATION_CONTEXT(2) 
PARAMETRIC_REPRESENTATION_CONTEXT() REPRESENTATION_CONTEXT('2D SPACE',''
  ) );
#1745 = FACE_BOUND('',#1746,.T.);
#1746 = EDGE_LOOP('',(#1747));
#1747 = ORIENTED_EDGE('',*,*,#1748,.F.);
#1748 = EDGE_CURVE('',#1749,#1749,#1751,.T.);
#1749 = VERTEX_POINT('',#1750);
#1750 = CARTESIAN_POINT('',(113.34716243959,112.21706985522,
    336.55198651616));
#1751 = SURFACE_CURVE('',#1752,(#1815,#1881),.PCURVE_S1.);
#1752 = B_SPLINE_CURVE_WITH_KNOTS('',7,(#1753,#1754,#1755,#1756,#1757,
    #1758,#1759,#1760,#1761,#1762,#1763,#1764,#1765,#1766,#1767,#1768,
    #1769,#1770,#1771,#1772,#1773,#1774,#1775,#1776,#1777,#1778,#1779,
    #1780,#1781,#1782,#1783,#1784,#1785,#1786,#1787,#1788,#1789,#1790,
    #1791,#1792,#1793,#1794,#1795,#1796,#1797,#1798,#1799,#1800,#1801,
    #1802,#1803,#1804,#1805,#1806,#1807,#1808,#1809,#1810,#1811,#1812,
    #1813,#1814),.UNSPECIFIED.,.T.,.F.,(8,6,6,6,6,6,6,6,6,6,8),(0.,
    0.121838750311,0.224255519908,0.309296607503,0.416501809308,
    0.531426539219,0.643352514624,0.73776206105,0.822920881719,
    0.905356435557,1.),.UNSPECIFIED.);
#1753 = CARTESIAN_POINT('',(113.34716243959,112.21706985522,
    336.55198651616));
#1754 = CARTESIAN_POINT('',(113.34716243959,112.21706985522,
    336.24817404926));
#1755 = CARTESIAN_POINT('',(113.32419947033,112.24026407116,
    335.94462125341));
#1756 = CARTESIAN_POINT('',(113.27834143343,112.28658394667,
    335.6432303575));
#1757 = CARTESIAN_POINT('',(113.20907148964,112.3564916225,
    335.34608231474));
#1758 = CARTESIAN_POINT('',(113.1153974077,112.45087089898,
    335.05580801036));
#1759 = CARTESIAN_POINT('',(112.99596692096,112.57088685402,
    334.776041666));
#1760 = CARTESIAN_POINT('',(112.72590340917,112.84126532516,
    334.2901623532));
#1761 = CARTESIAN_POINT('',(112.58219331961,112.98482786855,
    334.07746390019));
#1762 = CARTESIAN_POINT('',(112.41752276563,113.14887349451,
    333.87915388368));
#1763 = CARTESIAN_POINT('',(112.23187785437,113.3331782957,
    333.70073316203));
#1764 = CARTESIAN_POINT('',(112.02581883867,113.53689591444,
    333.5480087254));
#1765 = CARTESIAN_POINT('',(111.80061844424,113.75845657664,
    333.42717850553));
#1766 = CARTESIAN_POINT('',(111.35752808805,114.19207520274,
    333.27677888752));
#1767 = CARTESIAN_POINT('',(111.14690838332,114.39738315528,
    333.23589280901));
#1768 = CARTESIAN_POINT('',(110.93117745274,114.60674966198,
    333.22620432351));
#1769 = CARTESIAN_POINT('',(110.71539596764,114.8151906294,
    333.24902703859));
#1770 = CARTESIAN_POINT('',(110.50472403431,115.01777180842,
    333.3031727838));
#1771 = CARTESIAN_POINT('',(110.30396801052,115.21003140622,
    333.38498580742));
#1772 = CARTESIAN_POINT('',(109.88161208672,115.61309318849,
    333.61870432264));
#1773 = CARTESIAN_POINT('',(109.6674105804,115.81643782859,
    333.78376680216));
#1774 = CARTESIAN_POINT('',(109.47568916217,115.99761582042,
    333.97574227289));
#1775 = CARTESIAN_POINT('',(109.30666331208,116.15675594351,
    334.18832921007));
#1776 = CARTESIAN_POINT('',(109.1600102332,116.29442446281,
    334.41632221871));
#1777 = CARTESIAN_POINT('',(109.03509284044,116.41142042432,
    334.65539319363));
#1778 = CARTESIAN_POINT('',(108.81957700472,116.61291935971,
    335.16633629129));
#1779 = CARTESIAN_POINT('',(108.73159380951,116.6949468737,
    335.44052496479));
#1780 = CARTESIAN_POINT('',(108.66613958634,116.75585553519,
    335.72117215126));
#1781 = CARTESIAN_POINT('',(108.62242936284,116.79648676229,
    336.00583086261));
#1782 = CARTESIAN_POINT('',(108.59996555663,116.81736341745,
    336.29259935742));
#1783 = CARTESIAN_POINT('',(108.59860302516,116.81863792429,
    336.57979233284));
#1784 = CARTESIAN_POINT('',(108.63807003803,116.78193544173,
    337.14409108273));
#1785 = CARTESIAN_POINT('',(108.67777636811,116.74500333797,
    337.42093224522));
#1786 = CARTESIAN_POINT('',(108.73787595178,116.68907299806,
    337.69469372866));
#1787 = CARTESIAN_POINT('',(108.81891250505,116.61357068473,
    337.96358430906));
#1788 = CARTESIAN_POINT('',(108.92172059054,116.51760757063,
    338.22527616934));
#1789 = CARTESIAN_POINT('',(109.04730289438,116.40007610009,
    338.47658684826));
#1790 = CARTESIAN_POINT('',(109.3226352413,116.1414710413,
    338.91246412482));
#1791 = CARTESIAN_POINT('',(109.46650237755,116.00604455877,
    339.10286470479));
#1792 = CARTESIAN_POINT('',(109.62842198988,115.85320786906,
    339.27980213157));
#1793 = CARTESIAN_POINT('',(109.8080284091,115.6831138615,
    339.43870005732));
#1794 = CARTESIAN_POINT('',(110.00443735308,115.49637426267,
    339.57484115795));
#1795 = CARTESIAN_POINT('',(110.21619380879,115.29413619974,
    339.6833235346));
#1796 = CARTESIAN_POINT('',(110.64407547065,114.88349604809,
    339.8271941448));
#1797 = CARTESIAN_POINT('',(110.85588687823,114.6794177714,
    339.86808022331));
#1798 = CARTESIAN_POINT('',(111.0719151172,114.47035804668,
    339.87776870881));
#1799 = CARTESIAN_POINT('',(111.28701985726,114.26121877008,
    339.85494599373));
#1800 = CARTESIAN_POINT('',(111.49610746996,114.05700278685,
    339.80080024852));
#1801 = CARTESIAN_POINT('',(111.69456764327,113.86237418248,
    339.7189872249));
#1802 = CARTESIAN_POINT('',(112.05681572634,113.50587010062,
    339.51552033027));
#1803 = CARTESIAN_POINT('',(112.22789535691,113.33686183228,
    339.39163602589));
#1804 = CARTESIAN_POINT('',(112.38995842208,113.17617352896,
    339.24504874991));
#1805 = CARTESIAN_POINT('',(112.54125609646,113.02565172395,
    339.0772289772));
#1806 = CARTESIAN_POINT('',(112.68020528049,112.88700320531,
    338.89000352375));
#1807 = CARTESIAN_POINT('',(112.80541614452,112.76175101477,
    338.68551791923));
#1808 = CARTESIAN_POINT('',(113.04241892849,112.5241915738,
    338.21434777791));
#1809 = CARTESIAN_POINT('',(113.14578688492,112.42024764784,
    337.95027274978));
#1810 = CARTESIAN_POINT('',(113.22706535444,112.33833125697,
    337.67786691968));
#1811 = CARTESIAN_POINT('',(113.28728337088,112.27755181449,
    337.3999200389));
#1812 = CARTESIAN_POINT('',(113.32718786807,112.23724563423,
    337.11851086548));
#1813 = CARTESIAN_POINT('',(113.34716243959,112.21706985522,
    336.83534112871));
#1814 = CARTESIAN_POINT('',(113.34716243959,112.21706985522,
    336.55198651616));
#1815 = PCURVE('',#189,#1816);
#1816 = DEFINITIONAL_REPRESENTATION('',(#1817),#1880);
#1817 = B_SPLINE_CURVE_WITH_KNOTS('',7,(#1818,#1819,#1820,#1821,#1822,
    #1823,#1824,#1825,#1826,#1827,#1828,#1829,#1830,#1831,#1832,#1833,
    #1834,#1835,#1836,#1837,#1838,#1839,#1840,#1841,#1842,#1843,#1844,
    #1845,#1846,#1847,#1848,#1849,#1850,#1851,#1852,#1853,#1854,#1855,
    #1856,#1857,#1858,#1859,#1860,#1861,#1862,#1863,#1864,#1865,#1866,
    #1867,#1868,#1869,#1870,#1871,#1872,#1873,#1874,#1875,#1876,#1877,
    #1878,#1879),.UNSPECIFIED.,.T.,.F.,(8,6,6,6,6,6,6,6,6,6,8),(0.,
    0.121838750311,0.224255519908,0.309296607503,0.416501809308,
    0.531426539219,0.643352514624,0.73776206105,0.822920881719,
    0.905356435557,1.),.UNSPECIFIED.);
#1818 = CARTESIAN_POINT('',(0.780388135355,130.));
#1819 = CARTESIAN_POINT('',(0.780388135355,129.6961875331));
#1820 = CARTESIAN_POINT('',(0.780592765249,129.39263473724));
#1821 = CARTESIAN_POINT('',(0.781001420086,129.09124384133));
#1822 = CARTESIAN_POINT('',(0.781618438632,128.79409579857));
#1823 = CARTESIAN_POINT('',(0.782452135473,128.50382149419));
#1824 = CARTESIAN_POINT('',(0.783513667859,128.22405514984));
#1825 = CARTESIAN_POINT('',(0.785909594228,127.73817583703));
#1826 = CARTESIAN_POINT('',(0.787183151112,127.52547738403));
#1827 = CARTESIAN_POINT('',(0.788640439594,127.32716736751));
#1828 = CARTESIAN_POINT('',(0.790280532668,127.14874664586));
#1829 = CARTESIAN_POINT('',(0.792097205649,126.99602220924));
#1830 = CARTESIAN_POINT('',(0.794077877329,126.87519198936));
#1831 = CARTESIAN_POINT('',(0.797964792969,126.72479237136));
#1832 = CARTESIAN_POINT('',(0.799808860021,126.68390629285));
#1833 = CARTESIAN_POINT('',(0.801693635788,126.67421780735));
#1834 = CARTESIAN_POINT('',(0.803574601868,126.69704052243));
#1835 = CARTESIAN_POINT('',(0.805407009575,126.75118626764));
#1836 = CARTESIAN_POINT('',(0.807149758981,126.83299929126));
#1837 = CARTESIAN_POINT('',(0.810810059221,127.06671780647));
#1838 = CARTESIAN_POINT('',(0.812661773847,127.23178028599));
#1839 = CARTESIAN_POINT('',(0.814315592888,127.42375575672));
#1840 = CARTESIAN_POINT('',(0.815771098511,127.63634269391));
#1841 = CARTESIAN_POINT('',(0.81703220106,127.86433570255));
#1842 = CARTESIAN_POINT('',(0.818105243019,128.10340667747));
#1843 = CARTESIAN_POINT('',(0.819955026716,128.61434977512));
#1844 = CARTESIAN_POINT('',(0.820709191903,128.88853844863));
#1845 = CARTESIAN_POINT('',(0.821269755025,129.16918563509));
#1846 = CARTESIAN_POINT('',(0.821643912709,129.45384434644));
#1847 = CARTESIAN_POINT('',(0.821836181482,129.74061284126));
#1848 = CARTESIAN_POINT('',(0.821847878659,130.02780581667));
#1849 = CARTESIAN_POINT('',(0.821509976279,130.59210456656));
#1850 = CARTESIAN_POINT('',(0.821169994777,130.86894572906));
#1851 = CARTESIAN_POINT('',(0.820655270693,131.1427072125));
#1852 = CARTESIAN_POINT('',(0.819960858081,131.4115977929));
#1853 = CARTESIAN_POINT('',(0.819079129863,131.67328965318));
#1854 = CARTESIAN_POINT('',(0.81800075144,131.92460033209));
#1855 = CARTESIAN_POINT('',(0.815632500722,132.36047760865));
#1856 = CARTESIAN_POINT('',(0.814393751803,132.55087818862));
#1857 = CARTESIAN_POINT('',(0.812997772899,132.7278156154));
#1858 = CARTESIAN_POINT('',(0.811446886971,132.88671354116));
#1859 = CARTESIAN_POINT('',(0.809747750918,133.02285464178));
#1860 = CARTESIAN_POINT('',(0.807911921293,133.13133701843));
#1861 = CARTESIAN_POINT('',(0.804193740805,133.27520762864));
#1862 = CARTESIAN_POINT('',(0.802349673754,133.31609370714));
#1863 = CARTESIAN_POINT('',(0.800464897987,133.32578219264));
#1864 = CARTESIAN_POINT('',(0.798583931906,133.30295947756));
#1865 = CARTESIAN_POINT('',(0.7967515242,133.24881373235));
#1866 = CARTESIAN_POINT('',(0.795008774794,133.16700070874));
#1867 = CARTESIAN_POINT('',(0.791822249659,132.9635338141));
#1868 = CARTESIAN_POINT('',(0.79031452248,132.83964950972));
#1869 = CARTESIAN_POINT('',(0.78888366877,132.69306223375));
#1870 = CARTESIAN_POINT('',(0.787545619648,132.52524246103));
#1871 = CARTESIAN_POINT('',(0.786314954566,132.33801700758));
#1872 = CARTESIAN_POINT('',(0.785204584433,132.13353140307));
#1873 = CARTESIAN_POINT('',(0.783100719868,131.66236126175));
#1874 = CARTESIAN_POINT('',(0.782181647661,131.39828623361));
#1875 = CARTESIAN_POINT('',(0.781458155472,131.12588040352));
#1876 = CARTESIAN_POINT('',(0.78092173512,130.84793352273));
#1877 = CARTESIAN_POINT('',(0.780566135001,130.56652434931));
#1878 = CARTESIAN_POINT('',(0.780388135355,130.28335461255));
#1879 = CARTESIAN_POINT('',(0.780388135355,130.));
#1880 = ( GEOMETRIC_REPRESENTATION_CONTEXT(2) 
PARAMETRIC_REPRESENTATION_CONTEXT() REPRESENTATION_CONTEXT('2D SPACE',''
  ) );
#1881 = PCURVE('',#1882,#1887);
#1882 = CYLINDRICAL_SURFACE('',#1883,3.3);
#1883 = AXIS2_PLACEMENT_3D('',#1884,#1885,#1886);
#1884 = CARTESIAN_POINT('',(98.68316966069,101.82765845152,
    336.55198651616));
#1885 = DIRECTION('',(0.695932085054,0.718107605441,0.));
#1886 = DIRECTION('',(0.718107605441,-0.695932085054,0.));
#1887 = DEFINITIONAL_REPRESENTATION('',(#1888),#1951);
#1888 = B_SPLINE_CURVE_WITH_KNOTS('',7,(#1889,#1890,#1891,#1892,#1893,
    #1894,#1895,#1896,#1897,#1898,#1899,#1900,#1901,#1902,#1903,#1904,
    #1905,#1906,#1907,#1908,#1909,#1910,#1911,#1912,#1913,#1914,#1915,
    #1916,#1917,#1918,#1919,#1920,#1921,#1922,#1923,#1924,#1925,#1926,
    #1927,#1928,#1929,#1930,#1931,#1932,#1933,#1934,#1935,#1936,#1937,
    #1938,#1939,#1940,#1941,#1942,#1943,#1944,#1945,#1946,#1947,#1948,
    #1949,#1950),.UNSPECIFIED.,.F.,.F.,(8,6,6,6,6,6,6,6,6,6,8),(0.,
    0.121838750311,0.224255519908,0.309296607503,0.416501809308,
    0.531426539219,0.643352514624,0.73776206105,0.822920881719,
    0.905356435557,1.),.UNSPECIFIED.);
#1889 = CARTESIAN_POINT('',(0.,17.665858414897));
#1890 = CARTESIAN_POINT('',(9.206438390813E-02,17.665858414897));
#1891 = CARTESIAN_POINT('',(0.184049969543,17.666533690689));
#1892 = CARTESIAN_POINT('',(0.27665558367,17.667882266341));
#1893 = CARTESIAN_POINT('',(0.370513217186,17.66987632362));
#1894 = CARTESIAN_POINT('',(0.466281125694,17.672460000701));
#1895 = CARTESIAN_POINT('',(0.56463193169,17.675528863131));
#1896 = CARTESIAN_POINT('',(0.751942631666,17.681743836743));
#1897 = CARTESIAN_POINT('',(0.840654268426,17.684824728735));
#1898 = CARTESIAN_POINT('',(0.932447707139,17.688027618402));
#1899 = CARTESIAN_POINT('',(1.027356818216,17.691182047688));
#1900 = CARTESIAN_POINT('',(1.125515421887,17.694070138619));
#1901 = CARTESIAN_POINT('',(1.227180314046,17.696450355163));
#1902 = CARTESIAN_POINT('',(1.420494903463,17.699474392972));
#1903 = CARTESIAN_POINT('',(1.510032915881,17.700330584881));
#1904 = CARTESIAN_POINT('',(1.600357561257,17.700544189345));
#1905 = CARTESIAN_POINT('',(1.690589843016,17.700057974484));
#1906 = CARTESIAN_POINT('',(1.779888663618,17.698919702039));
#1907 = CARTESIAN_POINT('',(1.867300531164,17.697270223218));
#1908 = CARTESIAN_POINT('',(2.057859979425,17.692780915838));
#1909 = CARTESIAN_POINT('',(2.159534659695,17.689734547502));
#1910 = CARTESIAN_POINT('',(2.257317992821,17.68641475504));
#1911 = CARTESIAN_POINT('',(2.351685225358,17.683063975477));
#1912 = CARTESIAN_POINT('',(2.443040819333,17.679864203251));
#1913 = CARTESIAN_POINT('',(2.531708592452,17.676945871414));
#1914 = CARTESIAN_POINT('',(2.710492310615,17.671659404494));
#1915 = CARTESIAN_POINT('',(2.800671217902,17.669333657653));
#1916 = CARTESIAN_POINT('',(2.88915599056,17.667520936705));
#1917 = CARTESIAN_POINT('',(2.976490368649,17.666279182917));
#1918 = CARTESIAN_POINT('',(3.063187260385,17.665637584274));
#1919 = CARTESIAN_POINT('',(3.149768340902,17.665604587964));
#1920 = CARTESIAN_POINT('',(3.321545783642,17.666714616659));
#1921 = CARTESIAN_POINT('',(3.406618780612,17.667826301143));
#1922 = CARTESIAN_POINT('',(3.492560227449,17.669487527249));
#1923 = CARTESIAN_POINT('',(3.579879150602,17.671664679302));
#1924 = CARTESIAN_POINT('',(3.669105162711,17.674300282519));
#1925 = CARTESIAN_POINT('',(3.760786415707,17.677296794205));
#1926 = CARTESIAN_POINT('',(3.935558625552,17.683203148961));
#1927 = CARTESIAN_POINT('',(4.018367896664,17.686074117979));
#1928 = CARTESIAN_POINT('',(4.103904350011,17.689005982124));
#1929 = CARTESIAN_POINT('',(4.192153750957,17.691854051472));
#1930 = CARTESIAN_POINT('',(4.283185745332,17.694442211228));
#1931 = CARTESIAN_POINT('',(4.377164960109,17.696581631869));
#1932 = CARTESIAN_POINT('',(4.562087557054,17.699474392972));
#1933 = CARTESIAN_POINT('',(4.65162556947,17.700330584881));
#1934 = CARTESIAN_POINT('',(4.741950214847,17.700544189345));
#1935 = CARTESIAN_POINT('',(4.832182496606,17.700057974484));
#1936 = CARTESIAN_POINT('',(4.921481317209,17.698919702039));
#1937 = CARTESIAN_POINT('',(5.008893184753,17.697270223218));
#1938 = CARTESIAN_POINT('',(5.174787355117,17.693361994421));
#1939 = CARTESIAN_POINT('',(5.256390217816,17.691055675553));
#1940 = CARTESIAN_POINT('',(5.337987137822,17.688449069693));
#1941 = CARTESIAN_POINT('',(5.419584805363,17.68565112272));
#1942 = CARTESIAN_POINT('',(5.501186864649,17.682785762362));
#1943 = CARTESIAN_POINT('',(5.582788767101,17.679979469411));
#1944 = CARTESIAN_POINT('',(5.75806871533,17.674324069722));
#1945 = CARTESIAN_POINT('',(5.849016976992,17.671618223395));
#1946 = CARTESIAN_POINT('',(5.937877781078,17.669357734866));
#1947 = CARTESIAN_POINT('',(6.02520355138,17.667619204704));
#1948 = CARTESIAN_POINT('',(6.11151051565,17.666445850045));
#1949 = CARTESIAN_POINT('',(6.197320273074,17.665858414897));
#1950 = CARTESIAN_POINT('',(6.28318530718,17.665858414897));
#1951 = ( GEOMETRIC_REPRESENTATION_CONTEXT(2) 
PARAMETRIC_REPRESENTATION_CONTEXT() REPRESENTATION_CONTEXT('2D SPACE',''
  ) );
#1952 = ADVANCED_FACE('',(#1953),#360,.T.);
#1953 = FACE_BOUND('',#1954,.T.);
#1954 = EDGE_LOOP('',(#1955,#1956,#1979,#2497));
#1955 = ORIENTED_EDGE('',*,*,#21,.F.);
#1956 = ORIENTED_EDGE('',*,*,#1957,.F.);
#1957 = EDGE_CURVE('',#1958,#22,#1960,.T.);
#1958 = VERTEX_POINT('',#1959);
#1959 = CARTESIAN_POINT('',(88.892044275162,130.01713142729,
    288.55198651616));
#1960 = SEAM_CURVE('',#1961,(#1965,#1972),.PCURVE_S1.);
#1961 = LINE('',#1962,#1963);
#1962 = CARTESIAN_POINT('',(-34.28571428571,63.312635357552,
    288.55198651616));
#1963 = VECTOR('',#1964,1.);
#1964 = DIRECTION('',(0.879342157744,0.47619047619,1.232595164408E-32));
#1965 = PCURVE('',#360,#1966);
#1966 = DEFINITIONAL_REPRESENTATION('',(#1967),#1971);
#1967 = LINE('',#1968,#1969);
#1968 = CARTESIAN_POINT('',(6.28318530718,-0.));
#1969 = VECTOR('',#1970,1.);
#1970 = DIRECTION('',(0.,1.));
#1971 = ( GEOMETRIC_REPRESENTATION_CONTEXT(2) 
PARAMETRIC_REPRESENTATION_CONTEXT() REPRESENTATION_CONTEXT('2D SPACE',''
  ) );
#1972 = PCURVE('',#360,#1973);
#1973 = DEFINITIONAL_REPRESENTATION('',(#1974),#1978);
#1974 = LINE('',#1975,#1976);
#1975 = CARTESIAN_POINT('',(0.,-0.));
#1976 = VECTOR('',#1977,1.);
#1977 = DIRECTION('',(0.,1.));
#1978 = ( GEOMETRIC_REPRESENTATION_CONTEXT(2) 
PARAMETRIC_REPRESENTATION_CONTEXT() REPRESENTATION_CONTEXT('2D SPACE',''
  ) );
#1979 = ORIENTED_EDGE('',*,*,#1980,.T.);
#1980 = EDGE_CURVE('',#1958,#1958,#1981,.T.);
#1981 = SURFACE_CURVE('',#1982,(#2150,#2321),.PCURVE_S1.);
#1982 = B_SPLINE_CURVE_WITH_KNOTS('',6,(#1983,#1984,#1985,#1986,#1987,
    #1988,#1989,#1990,#1991,#1992,#1993,#1994,#1995,#1996,#1997,#1998,
    #1999,#2000,#2001,#2002,#2003,#2004,#2005,#2006,#2007,#2008,#2009,
    #2010,#2011,#2012,#2013,#2014,#2015,#2016,#2017,#2018,#2019,#2020,
    #2021,#2022,#2023,#2024,#2025,#2026,#2027,#2028,#2029,#2030,#2031,
    #2032,#2033,#2034,#2035,#2036,#2037,#2038,#2039,#2040,#2041,#2042,
    #2043,#2044,#2045,#2046,#2047,#2048,#2049,#2050,#2051,#2052,#2053,
    #2054,#2055,#2056,#2057,#2058,#2059,#2060,#2061,#2062,#2063,#2064,
    #2065,#2066,#2067,#2068,#2069,#2070,#2071,#2072,#2073,#2074,#2075,
    #2076,#2077,#2078,#2079,#2080,#2081,#2082,#2083,#2084,#2085,#2086,
    #2087,#2088,#2089,#2090,#2091,#2092,#2093,#2094,#2095,#2096,#2097,
    #2098,#2099,#2100,#2101,#2102,#2103,#2104,#2105,#2106,#2107,#2108,
    #2109,#2110,#2111,#2112,#2113,#2114,#2115,#2116,#2117,#2118,#2119,
    #2120,#2121,#2122,#2123,#2124,#2125,#2126,#2127,#2128,#2129,#2130,
    #2131,#2132,#2133,#2134,#2135,#2136,#2137,#2138,#2139,#2140,#2141,
    #2142,#2143,#2144,#2145,#2146,#2147,#2148,#2149),.UNSPECIFIED.,.T.,
  .F.,(7,5,5,5,5,5,5,5,5,5,5,5,5,5,5,5,5,5,5,5,5,5,5,5,5,5,5,5,5,5,5,5,5
    ,7),(0.,6.680040774921E-02,0.123030130273,0.140579407071,
    0.162745196196,0.19116666677,0.213429272216,0.225556380769,
    0.249935996707,0.274315612644,0.286442721197,0.308705359817,
    0.337165197289,0.359289973374,0.37688251929,0.433180991305,
    0.464271519879,0.499889494709,0.566721758384,0.622978295869,
    0.640535941611,0.662712301214,0.691147325491,0.713420547585,
    0.725553439344,0.749944681495,0.774335923647,0.786468815407,
    0.80874207069,0.837215480159,0.859350807162,0.876951742655,
    0.933277062521,1.),.UNSPECIFIED.);
#1983 = CARTESIAN_POINT('',(88.892044275162,130.01713142729,
    288.55198651616));
#1984 = CARTESIAN_POINT('',(88.892044275162,130.01713142729,
    292.97125560123));
#1985 = CARTESIAN_POINT('',(89.194160891794,129.81057574473,
    297.38799705309));
#1986 = CARTESIAN_POINT('',(89.79775177785,129.39790416304,
    301.78183530119));
#1987 = CARTESIAN_POINT('',(90.696802185085,128.77550133319,
    306.13211863376));
#1988 = CARTESIAN_POINT('',(91.879754170658,127.93592500277,
    310.4167338281));
#1989 = CARTESIAN_POINT('',(94.55023634667,125.97141985199,
    318.14144762016));
#1990 = CARTESIAN_POINT('',(95.960014000889,124.91262072392,
    321.60808989119));
#1991 = CARTESIAN_POINT('',(97.550939855246,123.68552633093,
    325.00167527442));
#1992 = CARTESIAN_POINT('',(99.314124873942,122.27992521432,
    328.31080488899));
#1993 = CARTESIAN_POINT('',(101.23937894197,120.68303535456,
    331.52096250636));
#1994 = CARTESIAN_POINT('',(103.96186305887,118.31701955066,
    335.57811115949));
#1995 = CARTESIAN_POINT('',(104.62411836716,117.73404640097,
    336.53180663748));
#1996 = CARTESIAN_POINT('',(105.30073584674,117.13037148317,
    337.47364526401));
#1997 = CARTESIAN_POINT('',(105.99137607696,116.50545501407,
    338.40305491441));
#1998 = CARTESIAN_POINT('',(106.69567437131,115.85873163132,
    339.31939938914));
#1999 = CARTESIAN_POINT('',(108.31956705783,114.34446679851,
    341.36199057467));
#2000 = CARTESIAN_POINT('',(109.24706572497,113.46358470144,
    342.48005092794));
#2001 = CARTESIAN_POINT('',(110.19497679683,112.54574017497,
    343.5747824468));
#2002 = CARTESIAN_POINT('',(111.16243994428,111.5896699435,
    344.64459623086));
#2003 = CARTESIAN_POINT('',(112.14848971857,110.59406719817,
    345.68769268641));
#2004 = CARTESIAN_POINT('',(114.43884236952,108.22857039496,
    348.002709908));
#2005 = CARTESIAN_POINT('',(115.754731766,106.8320253338,349.25643722387
    ));
#2006 = CARTESIAN_POINT('',(117.09700759325,105.36552069641,
    350.45848251276));
#2007 = CARTESIAN_POINT('',(118.46259550338,103.82665677925,
    351.60361255096));
#2008 = CARTESIAN_POINT('',(119.84802278181,102.21312324155,
    352.68607420894));
#2009 = CARTESIAN_POINT('',(122.34712059873,99.198740641148,
    354.49337998665));
#2010 = CARTESIAN_POINT('',(123.45479149926,97.827368778215,
    355.24501030227));
#2011 = CARTESIAN_POINT('',(124.56961080342,96.408767828688,
    355.95066771889));
#2012 = CARTESIAN_POINT('',(125.6886881488,94.943210918275,
    356.60671237645));
#2013 = CARTESIAN_POINT('',(126.80909096678,93.431167270955,
    357.209606177));
#2014 = CARTESIAN_POINT('',(128.53731849632,91.024718062923,
    358.05347780976));
#2015 = CARTESIAN_POINT('',(129.14618136904,90.162657266498,
    358.3342157295));
#2016 = CARTESIAN_POINT('',(129.75380440325,89.287523538301,
    358.59747005473));
#2017 = CARTESIAN_POINT('',(130.35953839858,88.399727555649,
    358.84265019588));
#2018 = CARTESIAN_POINT('',(130.96275192805,87.499708764638,
    359.06921439686));
#2019 = CARTESIAN_POINT('',(132.76920239399,84.7549645041,
    359.69372206575));
#2020 = CARTESIAN_POINT('',(133.9634459286,82.873683995291,
    360.03372690175));
#2021 = CARTESIAN_POINT('',(135.13890724647,80.95036829539,
    360.29196440931));
#2022 = CARTESIAN_POINT('',(136.28956536611,78.991913836424,
    360.46526864238));
#2023 = CARTESIAN_POINT('',(137.41018791348,77.005800614768,
    360.55198651616));
#2024 = CARTESIAN_POINT('',(139.58259177579,72.994199385245,
    360.55198651616));
#2025 = CARTESIAN_POINT('',(140.63349577158,70.970331451179,
    360.46526864238));
#2026 = CARTESIAN_POINT('',(141.64482242119,68.93642477093,
    360.29196440931));
#2027 = CARTESIAN_POINT('',(142.61316687691,66.900949001891,
    360.03372690175));
#2028 = CARTESIAN_POINT('',(143.53604397028,64.872715326164,
    359.69372206575));
#2029 = CARTESIAN_POINT('',(144.84748288348,61.859907280745,
    359.06921439687));
#2030 = CARTESIAN_POINT('',(145.27157316691,60.862887813633,
    358.84265019589));
#2031 = CARTESIAN_POINT('',(145.68404983321,59.870437119804,
    358.59747005474));
#2032 = CARTESIAN_POINT('',(146.08488992554,58.88332415042,
    358.33421572951));
#2033 = CARTESIAN_POINT('',(146.47410429294,57.902317019607,
    358.05347780976));
#2034 = CARTESIAN_POINT('',(147.5449803958,55.139888831963,
    357.20960536296));
#2035 = CARTESIAN_POINT('',(148.19898582707,53.375277241563,
    356.60671146175));
#2036 = CARTESIAN_POINT('',(148.81478391666,51.637181575712,
    355.95066738811));
#2037 = CARTESIAN_POINT('',(149.39358488174,49.928312757219,
    355.24501086281));
#2038 = CARTESIAN_POINT('',(149.93673995893,48.251239173337,
    354.49338101785));
#2039 = CARTESIAN_POINT('',(151.0963486542,44.508174239632,
    352.68470630626));
#2040 = CARTESIAN_POINT('',(151.69124498839,42.463464570919,
    351.60068843691));
#2041 = CARTESIAN_POINT('',(152.23431581212,40.476331402733,
    350.45383976975));
#2042 = CARTESIAN_POINT('',(152.72940859463,38.548428434464,
    349.24993674763));
#2043 = CARTESIAN_POINT('',(153.1802272977,36.681024868237,
    347.99423371893));
#2044 = CARTESIAN_POINT('',(153.90908644504,33.47111921891,
    345.67877118804));
#2045 = CARTESIAN_POINT('',(154.20330905304,32.104040010797,
    344.63742427708));
#2046 = CARTESIAN_POINT('',(154.47467480034,30.773993592253,
    343.56946807995));
#2047 = CARTESIAN_POINT('',(154.72479643794,29.481073423929,
    342.47669138564));
#2048 = CARTESIAN_POINT('',(154.95519348819,28.225309276181,
    341.36067387622));
#2049 = CARTESIAN_POINT('',(155.335950197,26.037664812189,
    339.31799163128));
#2050 = CARTESIAN_POINT('',(155.49303817689,25.09212760142,
    338.39936444354));
#2051 = CARTESIAN_POINT('',(155.6392755354,24.170061007052,
    337.46760891104));
#2052 = CARTESIAN_POINT('',(155.77533994724,23.271461468748,
    336.52336584849));
#2053 = CARTESIAN_POINT('',(155.90187351342,22.396318186825,
    335.56721138179));
#2054 = CARTESIAN_POINT('',(156.39585636487,18.819045841989,
    331.50335353415));
#2055 = CARTESIAN_POINT('',(156.68104365828,16.332147212135,
    328.28875382017));
#2056 = CARTESIAN_POINT('',(156.89449877659,14.086104990636,
    324.97500215602));
#2057 = CARTESIAN_POINT('',(157.0525440798,12.082478629566,
    321.57666073599));
#2058 = CARTESIAN_POINT('',(157.16862534521,10.323143855505,
    318.10516489898));
#2059 = CARTESIAN_POINT('',(157.30014927737,7.975755513353,
    312.61731932261));
#2060 = CARTESIAN_POINT('',(157.33736876098,7.216188193207,
    310.64590318198));
#2061 = CARTESIAN_POINT('',(157.36679502131,6.53288782441,
    308.65776491921));
#2062 = CARTESIAN_POINT('',(157.389960469,5.926473108765,306.65506759383
    ));
#2063 = CARTESIAN_POINT('',(157.40813461061,5.397485091462,
    304.63986380636));
#2064 = CARTESIAN_POINT('',(157.43854643817,4.429607655798,
    300.2933337925));
#2065 = CARTESIAN_POINT('',(157.4495338042,4.015072958249,
    297.95878009385));
#2066 = CARTESIAN_POINT('',(157.45675742771,3.703616829155,
    295.61397068213));
#2067 = CARTESIAN_POINT('',(157.4612342317,3.49578597387,293.26232913168
    ));
#2068 = CARTESIAN_POINT('',(157.46347284659,3.391860712191,
    290.90721745383));
#2069 = CARTESIAN_POINT('',(157.46347284659,3.391860712191,
    284.13271743109));
#2070 = CARTESIAN_POINT('',(157.45559120118,3.757753564961,
    279.71597597926));
#2071 = CARTESIAN_POINT('',(157.43984518196,4.488760989652,
    275.32213773111));
#2072 = CARTESIAN_POINT('',(157.40992007593,5.581821557673,
    270.97185439858));
#2073 = CARTESIAN_POINT('',(157.35326698408,7.031322934692,
    266.68723920422));
#2074 = CARTESIAN_POINT('',(157.16743451509,10.341341338648,
    258.96252541172));
#2075 = CARTESIAN_POINT('',(157.05114607183,12.10060414584,
    255.49588314145));
#2076 = CARTESIAN_POINT('',(156.89291042951,14.103543786956,
    252.10229775783));
#2077 = CARTESIAN_POINT('',(156.67931808408,16.348296382599,
    248.79316814398));
#2078 = CARTESIAN_POINT('',(156.39409574584,18.833313218483,
    245.5830105253));
#2079 = CARTESIAN_POINT('',(155.90042895777,22.406301274601,
    241.52586187283));
#2080 = CARTESIAN_POINT('',(155.77411994418,23.279505614779,
    240.57216639483));
#2081 = CARTESIAN_POINT('',(155.63832256224,24.176051035321,
    239.63032776831));
#2082 = CARTESIAN_POINT('',(155.49239927203,25.095948265626,
    238.70091811792));
#2083 = CARTESIAN_POINT('',(155.33567730446,26.039200854334,
    237.78457364319));
#2084 = CARTESIAN_POINT('',(154.95496128892,28.226683598665,
    235.74198245765));
#2085 = CARTESIAN_POINT('',(154.72411443614,29.484823804313,
    234.62392210437));
#2086 = CARTESIAN_POINT('',(154.47346778317,30.7802581833,
    233.52919058552));
#2087 = CARTESIAN_POINT('',(154.20149321901,32.112956598403,
    232.45937680146));
#2088 = CARTESIAN_POINT('',(153.90656872864,33.482824668289,
    231.41628034591));
#2089 = CARTESIAN_POINT('',(153.17718311048,36.693632512375,
    229.10126312433));
#2090 = CARTESIAN_POINT('',(152.72673446334,38.558840015041,
    227.84753580844));
#2091 = CARTESIAN_POINT('',(152.23211665483,40.484377205371,
    226.64549051956));
#2092 = CARTESIAN_POINT('',(151.68963992249,42.468980815857,
    225.50036048136));
#2093 = CARTESIAN_POINT('',(151.09547164086,44.511005123773,
    224.41789882338));
#2094 = CARTESIAN_POINT('',(149.93674062007,48.251237039266,
    222.61059304567));
#2095 = CARTESIAN_POINT('',(149.39358540002,49.928311282486,
    221.85896273005));
#2096 = CARTESIAN_POINT('',(148.81478379442,51.637182089853,
    221.15330531343));
#2097 = CARTESIAN_POINT('',(148.19898499705,53.375279614091,
    220.49726065587));
#2098 = CARTESIAN_POINT('',(147.54497936279,55.139891496714,
    219.89436685533));
#2099 = CARTESIAN_POINT('',(146.47410429294,57.902317019599,
    219.05049522256));
#2100 = CARTESIAN_POINT('',(146.08488992554,58.883324150415,
    218.76975730282));
#2101 = CARTESIAN_POINT('',(145.68404983321,59.870437119796,
    218.50650297759));
#2102 = CARTESIAN_POINT('',(145.27157316691,60.862887813621,
    218.26132283644));
#2103 = CARTESIAN_POINT('',(144.84748288349,61.859907280734,
    218.03475863546));
#2104 = CARTESIAN_POINT('',(143.53604397026,64.872715326203,
    217.41025096656));
#2105 = CARTESIAN_POINT('',(142.61316687692,66.900949001872,
    217.07024613058));
#2106 = CARTESIAN_POINT('',(141.64482242121,68.936424770877,
    216.81200862301));
#2107 = CARTESIAN_POINT('',(140.63349577159,70.970331451156,
    216.63870438994));
#2108 = CARTESIAN_POINT('',(139.58259177577,72.99419938528,
    216.55198651616));
#2109 = CARTESIAN_POINT('',(137.41018791349,77.005800614748,
    216.55198651616));
#2110 = CARTESIAN_POINT('',(136.28956536612,78.991913836419,
    216.63870438994));
#2111 = CARTESIAN_POINT('',(135.13890724647,80.950368295386,
    216.81200862301));
#2112 = CARTESIAN_POINT('',(133.9634459286,82.873683995289,
    217.07024613058));
#2113 = CARTESIAN_POINT('',(132.769202394,84.754964504087,
    217.41025096657));
#2114 = CARTESIAN_POINT('',(130.96275192805,87.499708764633,
    218.03475863546));
#2115 = CARTESIAN_POINT('',(130.35953839859,88.399727555639,
    218.26132283644));
#2116 = CARTESIAN_POINT('',(129.75380440326,89.287523538293,
    218.50650297759));
#2117 = CARTESIAN_POINT('',(129.14618136904,90.162657266492,
    218.76975730282));
#2118 = CARTESIAN_POINT('',(128.53731849632,91.024718062914,
    219.05049522256));
#2119 = CARTESIAN_POINT('',(126.80908929972,93.43116959224,
    219.89436766933));
#2120 = CARTESIAN_POINT('',(125.68868661546,94.943212909967,
    220.49726157057));
#2121 = CARTESIAN_POINT('',(124.56961043959,96.408768212102,
    221.15330564425));
#2122 = CARTESIAN_POINT('',(123.45479245105,97.827367538262,
    221.85896216953));
#2123 = CARTESIAN_POINT('',(122.34712202469,99.198738921162,
    222.61059201444));
#2124 = CARTESIAN_POINT('',(119.84613127975,102.21540474926,
    224.41926672606));
#2125 = CARTESIAN_POINT('',(118.45885296562,103.8310155183,
    225.50328459543));
#2126 = CARTESIAN_POINT('',(117.09147129227,105.37175933437,
    226.65013326255));
#2127 = CARTESIAN_POINT('',(115.74747376625,106.83995461045,
    227.8540362847));
#2128 = CARTESIAN_POINT('',(114.42994746535,108.23800969824,
    229.10973931339));
#2129 = CARTESIAN_POINT('',(112.14006266575,110.60257256246,
    231.42520184428));
#2130 = CARTESIAN_POINT('',(111.15596490758,111.59606343141,
    232.46654875524));
#2131 = CARTESIAN_POINT('',(110.19039001487,112.55017452078,
    233.53450495237));
#2132 = CARTESIAN_POINT('',(109.24429760264,113.46620538422,
    234.62728164669));
#2133 = CARTESIAN_POINT('',(108.31854299921,114.34541230511,
    235.7432991561));
#2134 = CARTESIAN_POINT('',(106.6945371158,115.85979959469,
    237.78598140105));
#2135 = CARTESIAN_POINT('',(105.98852554227,116.50807801359,
    238.70460858879));
#2136 = CARTESIAN_POINT('',(105.2962401712,117.13444303055,
    239.63636412128));
#2137 = CARTESIAN_POINT('',(104.61804836016,117.73946412261,
    240.58060718383));
#2138 = CARTESIAN_POINT('',(103.9542919635,118.32368493116,
    241.53676165053));
#2139 = CARTESIAN_POINT('',(101.22839260965,120.69230673161,
    245.6006195035));
#2140 = CARTESIAN_POINT('',(99.30154345919,122.29019560437,
    248.81521919474));
#2141 = CARTESIAN_POINT('',(97.537203404728,123.6963865771,
    252.12897090123));
#2142 = CARTESIAN_POINT('',(95.945598446285,124.92369683341,
    255.52731227827));
#2143 = CARTESIAN_POINT('',(94.535647292984,125.98236179265,
    258.99880813913));
#2144 = CARTESIAN_POINT('',(91.870084267899,127.94278744791,
    266.72229687439));
#2145 = CARTESIAN_POINT('',(90.690923600062,128.77957100119,
    271.0003243351));
#2146 = CARTESIAN_POINT('',(89.794790536676,129.39992874409,
    275.34370633079));
#2147 = CARTESIAN_POINT('',(89.193171792764,129.81125198813,
    279.73043641594));
#2148 = CARTESIAN_POINT('',(88.892044275162,130.01713142729,
    284.13995752751));
#2149 = CARTESIAN_POINT('',(88.892044275162,130.01713142729,
    288.55198651616));
#2150 = PCURVE('',#360,#2151);
#2151 = DEFINITIONAL_REPRESENTATION('',(#2152),#2320);
#2152 = B_SPLINE_CURVE_WITH_KNOTS('',6,(#2153,#2154,#2155,#2156,#2157,
    #2158,#2159,#2160,#2161,#2162,#2163,#2164,#2165,#2166,#2167,#2168,
    #2169,#2170,#2171,#2172,#2173,#2174,#2175,#2176,#2177,#2178,#2179,
    #2180,#2181,#2182,#2183,#2184,#2185,#2186,#2187,#2188,#2189,#2190,
    #2191,#2192,#2193,#2194,#2195,#2196,#2197,#2198,#2199,#2200,#2201,
    #2202,#2203,#2204,#2205,#2206,#2207,#2208,#2209,#2210,#2211,#2212,
    #2213,#2214,#2215,#2216,#2217,#2218,#2219,#2220,#2221,#2222,#2223,
    #2224,#2225,#2226,#2227,#2228,#2229,#2230,#2231,#2232,#2233,#2234,
    #2235,#2236,#2237,#2238,#2239,#2240,#2241,#2242,#2243,#2244,#2245,
    #2246,#2247,#2248,#2249,#2250,#2251,#2252,#2253,#2254,#2255,#2256,
    #2257,#2258,#2259,#2260,#2261,#2262,#2263,#2264,#2265,#2266,#2267,
    #2268,#2269,#2270,#2271,#2272,#2273,#2274,#2275,#2276,#2277,#2278,
    #2279,#2280,#2281,#2282,#2283,#2284,#2285,#2286,#2287,#2288,#2289,
    #2290,#2291,#2292,#2293,#2294,#2295,#2296,#2297,#2298,#2299,#2300,
    #2301,#2302,#2303,#2304,#2305,#2306,#2307,#2308,#2309,#2310,#2311,
    #2312,#2313,#2314,#2315,#2316,#2317,#2318,#2319),.UNSPECIFIED.,.F.,
  .F.,(7,5,5,5,5,5,5,5,5,5,5,5,5,5,5,5,5,5,5,5,5,5,5,5,5,5,5,5,5,5,5,5,5
    ,7),(0.,6.680040774921E-02,0.123030130273,0.140579407071,
    0.162745196196,0.19116666677,0.213429272216,0.225556380769,
    0.249935996707,0.274315612644,0.286442721197,0.308705359817,
    0.337165197289,0.359289973374,0.37688251929,0.433180991305,
    0.464271519879,0.499889494709,0.566721758384,0.622978295869,
    0.640535941611,0.662712301214,0.691147325491,0.713420547585,
    0.725553439344,0.749944681495,0.774335923647,0.786468815407,
    0.80874207069,0.837215480159,0.859350807162,0.876951742655,
    0.933277062521,1.),.UNSPECIFIED.);
#2153 = CARTESIAN_POINT('',(0.,140.07944174646));
#2154 = CARTESIAN_POINT('',(6.137873729256E-02,140.07944174646));
#2155 = CARTESIAN_POINT('',(0.122722367517,140.24674577518));
#2156 = CARTESIAN_POINT('',(0.184164124811,140.58099841032));
#2157 = CARTESIAN_POINT('',(0.245831021317,141.07518903541));
#2158 = CARTESIAN_POINT('',(0.307848018318,141.71561033433));
#2159 = CARTESIAN_POINT('',(0.422938215593,143.12839924997));
#2160 = CARTESIAN_POINT('',(0.475876673343,143.86388611339));
#2161 = CARTESIAN_POINT('',(0.529308643649,144.67852362364));
#2162 = CARTESIAN_POINT('',(0.583389578486,145.55963267743));
#2163 = CARTESIAN_POINT('',(0.638280391551,146.49216600108));
#2164 = CARTESIAN_POINT('',(0.71159518241,147.75948686652));
#2165 = CARTESIAN_POINT('',(0.729132709666,148.06422961653));
#2166 = CARTESIAN_POINT('',(0.746775727163,148.37174364442));
#2167 = CARTESIAN_POINT('',(0.764530992048,148.68147344369));
#2168 = CARTESIAN_POINT('',(0.782405341321,148.99282910994));
#2169 = CARTESIAN_POINT('',(0.823141541326,149.69970791703));
#2170 = CARTESIAN_POINT('',(0.846078649232,150.09582893103));
#2171 = CARTESIAN_POINT('',(0.869232116201,150.49229827618));
#2172 = CARTESIAN_POINT('',(0.892616573302,150.887757869));
#2173 = CARTESIAN_POINT('',(0.916246896866,151.28073645978));
#2174 = CARTESIAN_POINT('',(0.970773484063,152.16831305271));
#2175 = CARTESIAN_POINT('',(1.00184551599,152.66040861627));
#2176 = CARTESIAN_POINT('',(1.03337703163,153.14239279687));
#2177 = CARTESIAN_POINT('',(1.065391570907,153.61041947485));
#2178 = CARTESIAN_POINT('',(1.097914362548,154.0603347836));
#2179 = CARTESIAN_POINT('',(1.156868542875,154.82247656443));
#2180 = CARTESIAN_POINT('',(1.183096683806,155.14346406373));
#2181 = CARTESIAN_POINT('',(1.209648920477,155.44824741446));
#2182 = CARTESIAN_POINT('',(1.236518660232,155.73441505898));
#2183 = CARTESIAN_POINT('',(1.263701404951,155.99961170605));
#2184 = CARTESIAN_POINT('',(1.306170937579,156.37338683664));
#2185 = CARTESIAN_POINT('',(1.321237038251,156.49828048775));
#2186 = CARTESIAN_POINT('',(1.336387750454,156.61585869099));
#2187 = CARTESIAN_POINT('',(1.351618270949,156.72574613772));
#2188 = CARTESIAN_POINT('',(1.366924058608,156.82759684763));
#2189 = CARTESIAN_POINT('',(1.413213186436,157.10906382177));
#2190 = CARTESIAN_POINT('',(1.444425855402,157.26336464702));
#2191 = CARTESIAN_POINT('',(1.475861160744,157.38113271962));
#2192 = CARTESIAN_POINT('',(1.507447341961,157.46035755196));
#2193 = CARTESIAN_POINT('',(1.539115437136,157.5));
#2194 = CARTESIAN_POINT('',(1.602477216453,157.5));
#2195 = CARTESIAN_POINT('',(1.634145311629,157.46035755196));
#2196 = CARTESIAN_POINT('',(1.665731492846,157.38113271962));
#2197 = CARTESIAN_POINT('',(1.697166798188,157.26336464702));
#2198 = CARTESIAN_POINT('',(1.728379467154,157.10906382177));
#2199 = CARTESIAN_POINT('',(1.774668594982,156.82759684763));
#2200 = CARTESIAN_POINT('',(1.789974382641,156.72574613772));
#2201 = CARTESIAN_POINT('',(1.805204903135,156.61585869099));
#2202 = CARTESIAN_POINT('',(1.820355615338,156.49828048775));
#2203 = CARTESIAN_POINT('',(1.835421716011,156.37338683664));
#2204 = CARTESIAN_POINT('',(1.877891289606,155.99961134549));
#2205 = CARTESIAN_POINT('',(1.905074030001,155.73441465907));
#2206 = CARTESIAN_POINT('',(1.93194374136,155.44824727712));
#2207 = CARTESIAN_POINT('',(1.958495947068,155.14346431023));
#2208 = CARTESIAN_POINT('',(1.984724077077,154.82247699928));
#2209 = CARTESIAN_POINT('',(2.043722911926,154.05975793833));
#2210 = CARTESIAN_POINT('',(2.076288938457,153.60920409365));
#2211 = CARTESIAN_POINT('',(2.10834541341,153.14049527399));
#2212 = CARTESIAN_POINT('',(2.139917636187,152.65780219714));
#2213 = CARTESIAN_POINT('',(2.171029207698,152.1649862948));
#2214 = CARTESIAN_POINT('',(2.225547732427,151.27737637043));
#2215 = CARTESIAN_POINT('',(2.249132639737,150.88510861431));
#2216 = CARTESIAN_POINT('',(2.272472662474,150.49037651868));
#2217 = CARTESIAN_POINT('',(2.295582596844,150.09464274855));
#2218 = CARTESIAN_POINT('',(2.318476995394,149.69925766036));
#2219 = CARTESIAN_POINT('',(2.359215686718,148.99233762721));
#2220 = CARTESIAN_POINT('',(2.377133870074,148.68021589575));
#2221 = CARTESIAN_POINT('',(2.394932395156,148.36972923948));
#2222 = CARTESIAN_POINT('',(2.412618148593,148.06147187093));
#2223 = CARTESIAN_POINT('',(2.43019793637,147.75600327389));
#2224 = CARTESIAN_POINT('',(2.503619160586,146.48692019902));
#2225 = CARTESIAN_POINT('',(2.558572858786,145.55345996618));
#2226 = CARTESIAN_POINT('',(2.612715479866,144.6716161355));
#2227 = CARTESIAN_POINT('',(2.666208391856,143.85648424245));
#2228 = CARTESIAN_POINT('',(2.719207479743,143.12078092902));
#2229 = CARTESIAN_POINT('',(2.800951203021,142.11863149486));
#2230 = CARTESIAN_POINT('',(2.829922933388,141.78966143201));
#2231 = CARTESIAN_POINT('',(2.858800281895,141.49015605526));
#2232 = CARTESIAN_POINT('',(2.887598765052,141.22175749781));
#2233 = CARTESIAN_POINT('',(2.916333971167,140.98583973085));
#2234 = CARTESIAN_POINT('',(2.977887839391,140.55168811594));
#2235 = CARTESIAN_POINT('',(3.010690755469,140.36395229507));
#2236 = CARTESIAN_POINT('',(3.043446534634,140.22199188932));
#2237 = CARTESIAN_POINT('',(3.076171228498,140.12696145786));
#2238 = CARTESIAN_POINT('',(3.108881112789,140.07944174646));
#2239 = CARTESIAN_POINT('',(3.202971390882,140.07944174646));
#2240 = CARTESIAN_POINT('',(3.264315021106,140.24674577517));
#2241 = CARTESIAN_POINT('',(3.325756778401,140.58099841032));
#2242 = CARTESIAN_POINT('',(3.387423674906,141.07518903541));
#2243 = CARTESIAN_POINT('',(3.449440671908,141.71561033433));
#2244 = CARTESIAN_POINT('',(3.564530869189,143.12839925005));
#2245 = CARTESIAN_POINT('',(3.617469326928,143.86388611334));
#2246 = CARTESIAN_POINT('',(3.670901297241,144.67852362367));
#2247 = CARTESIAN_POINT('',(3.724982232064,145.55963267721));
#2248 = CARTESIAN_POINT('',(3.779873045152,146.49216600129));
#2249 = CARTESIAN_POINT('',(3.853187836,147.75948686652));
#2250 = CARTESIAN_POINT('',(3.870725363256,148.06422961653));
#2251 = CARTESIAN_POINT('',(3.888368380753,148.37174364442));
#2252 = CARTESIAN_POINT('',(3.906123645638,148.68147344369));
#2253 = CARTESIAN_POINT('',(3.923997994911,148.99282910994));
#2254 = CARTESIAN_POINT('',(3.964734194916,149.69970791703));
#2255 = CARTESIAN_POINT('',(3.987671302822,150.09582893104));
#2256 = CARTESIAN_POINT('',(4.010824769791,150.49229827619));
#2257 = CARTESIAN_POINT('',(4.034209226892,150.887757869));
#2258 = CARTESIAN_POINT('',(4.057839550456,151.28073645978));
#2259 = CARTESIAN_POINT('',(4.112366137652,152.16831305271));
#2260 = CARTESIAN_POINT('',(4.14343816958,152.66040861627));
#2261 = CARTESIAN_POINT('',(4.17496968522,153.14239279687));
#2262 = CARTESIAN_POINT('',(4.206984224497,153.61041947485));
#2263 = CARTESIAN_POINT('',(4.239507016137,154.0603347836));
#2264 = CARTESIAN_POINT('',(4.298461196465,154.82247656443));
#2265 = CARTESIAN_POINT('',(4.324689337396,155.14346406373));
#2266 = CARTESIAN_POINT('',(4.351241574067,155.44824741446));
#2267 = CARTESIAN_POINT('',(4.378111313822,155.73441505898));
#2268 = CARTESIAN_POINT('',(4.405294058541,155.99961170605));
#2269 = CARTESIAN_POINT('',(4.447763591169,156.37338683664));
#2270 = CARTESIAN_POINT('',(4.462829691841,156.49828048775));
#2271 = CARTESIAN_POINT('',(4.477980404044,156.61585869099));
#2272 = CARTESIAN_POINT('',(4.493210924539,156.72574613772));
#2273 = CARTESIAN_POINT('',(4.508516712198,156.82759684763));
#2274 = CARTESIAN_POINT('',(4.554805840026,157.10906382177));
#2275 = CARTESIAN_POINT('',(4.586018508992,157.26336464702));
#2276 = CARTESIAN_POINT('',(4.617453814333,157.38113271962));
#2277 = CARTESIAN_POINT('',(4.64903999555,157.46035755196));
#2278 = CARTESIAN_POINT('',(4.680708090727,157.5));
#2279 = CARTESIAN_POINT('',(4.744069870043,157.5));
#2280 = CARTESIAN_POINT('',(4.775737965219,157.46035755196));
#2281 = CARTESIAN_POINT('',(4.807324146436,157.38113271962));
#2282 = CARTESIAN_POINT('',(4.838759451777,157.26336464702));
#2283 = CARTESIAN_POINT('',(4.869972120744,157.10906382177));
#2284 = CARTESIAN_POINT('',(4.916261248572,156.82759684763));
#2285 = CARTESIAN_POINT('',(4.931567036231,156.72574613772));
#2286 = CARTESIAN_POINT('',(4.946797556725,156.61585869099));
#2287 = CARTESIAN_POINT('',(4.961948268928,156.49828048775));
#2288 = CARTESIAN_POINT('',(4.977014369601,156.37338683664));
#2289 = CARTESIAN_POINT('',(5.019483943195,155.9996113455));
#2290 = CARTESIAN_POINT('',(5.046666683591,155.73441465907));
#2291 = CARTESIAN_POINT('',(5.073536394951,155.44824727711));
#2292 = CARTESIAN_POINT('',(5.100088600658,155.14346431023));
#2293 = CARTESIAN_POINT('',(5.126316730665,154.8224769993));
#2294 = CARTESIAN_POINT('',(5.185315565516,154.05975793833));
#2295 = CARTESIAN_POINT('',(5.217881592047,153.60920409364));
#2296 = CARTESIAN_POINT('',(5.249938067,153.140495274));
#2297 = CARTESIAN_POINT('',(5.281510289777,152.65780219713));
#2298 = CARTESIAN_POINT('',(5.312621861287,152.1649862948));
#2299 = CARTESIAN_POINT('',(5.367140386017,151.27737637043));
#2300 = CARTESIAN_POINT('',(5.390725293327,150.88510861431));
#2301 = CARTESIAN_POINT('',(5.414065316064,150.49037651868));
#2302 = CARTESIAN_POINT('',(5.437175250433,150.09464274855));
#2303 = CARTESIAN_POINT('',(5.460069648984,149.69925766036));
#2304 = CARTESIAN_POINT('',(5.500808340308,148.99233762721));
#2305 = CARTESIAN_POINT('',(5.518726523664,148.68021589575));
#2306 = CARTESIAN_POINT('',(5.536525048746,148.36972923948));
#2307 = CARTESIAN_POINT('',(5.554210802183,148.06147187093));
#2308 = CARTESIAN_POINT('',(5.57179058996,147.75600327389));
#2309 = CARTESIAN_POINT('',(5.645211814272,146.48692019736));
#2310 = CARTESIAN_POINT('',(5.700165512078,145.55345997096));
#2311 = CARTESIAN_POINT('',(5.754308133863,144.67161612939));
#2312 = CARTESIAN_POINT('',(5.807801045162,143.85648424635));
#2313 = CARTESIAN_POINT('',(5.860800133419,143.12078092796));
#2314 = CARTESIAN_POINT('',(5.975844683622,141.71037501219));
#2315 = CARTESIAN_POINT('',(6.037757845176,141.07195768492));
#2316 = CARTESIAN_POINT('',(6.099322788461,140.57935855233));
#2317 = CARTESIAN_POINT('',(6.16066377909,140.24619803937));
#2318 = CARTESIAN_POINT('',(6.221907126782,140.07944174646));
#2319 = CARTESIAN_POINT('',(6.28318530718,140.07944174646));
#2320 = ( GEOMETRIC_REPRESENTATION_CONTEXT(2) 
PARAMETRIC_REPRESENTATION_CONTEXT() REPRESENTATION_CONTEXT('2D SPACE',''
  ) );
#2321 = PCURVE('',#2322,#2327);
#2322 = CYLINDRICAL_SURFACE('',#2323,157.5);
#2323 = AXIS2_PLACEMENT_3D('',#2324,#2325,#2326);
#2324 = CARTESIAN_POINT('',(0.,0.,205.55198651616));
#2325 = DIRECTION('',(0.,0.,1.));
#2326 = DIRECTION('',(1.,0.,-0.));
#2327 = DEFINITIONAL_REPRESENTATION('',(#2328),#2496);
#2328 = B_SPLINE_CURVE_WITH_KNOTS('',6,(#2329,#2330,#2331,#2332,#2333,
    #2334,#2335,#2336,#2337,#2338,#2339,#2340,#2341,#2342,#2343,#2344,
    #2345,#2346,#2347,#2348,#2349,#2350,#2351,#2352,#2353,#2354,#2355,
    #2356,#2357,#2358,#2359,#2360,#2361,#2362,#2363,#2364,#2365,#2366,
    #2367,#2368,#2369,#2370,#2371,#2372,#2373,#2374,#2375,#2376,#2377,
    #2378,#2379,#2380,#2381,#2382,#2383,#2384,#2385,#2386,#2387,#2388,
    #2389,#2390,#2391,#2392,#2393,#2394,#2395,#2396,#2397,#2398,#2399,
    #2400,#2401,#2402,#2403,#2404,#2405,#2406,#2407,#2408,#2409,#2410,
    #2411,#2412,#2413,#2414,#2415,#2416,#2417,#2418,#2419,#2420,#2421,
    #2422,#2423,#2424,#2425,#2426,#2427,#2428,#2429,#2430,#2431,#2432,
    #2433,#2434,#2435,#2436,#2437,#2438,#2439,#2440,#2441,#2442,#2443,
    #2444,#2445,#2446,#2447,#2448,#2449,#2450,#2451,#2452,#2453,#2454,
    #2455,#2456,#2457,#2458,#2459,#2460,#2461,#2462,#2463,#2464,#2465,
    #2466,#2467,#2468,#2469,#2470,#2471,#2472,#2473,#2474,#2475,#2476,
    #2477,#2478,#2479,#2480,#2481,#2482,#2483,#2484,#2485,#2486,#2487,
    #2488,#2489,#2490,#2491,#2492,#2493,#2494,#2495),.UNSPECIFIED.,.T.,
  .F.,(7,5,5,5,5,5,5,5,5,5,5,5,5,5,5,5,5,5,5,5,5,5,5,5,5,5,5,5,5,5,5,5,5
    ,7),(0.,6.680040774921E-02,0.123030130273,0.140579407071,
    0.162745196196,0.19116666677,0.213429272216,0.225556380769,
    0.249935996707,0.274315612644,0.286442721197,0.308705359817,
    0.337165197289,0.359289973374,0.37688251929,0.433180991305,
    0.464271519879,0.499889494709,0.566721758384,0.622978295869,
    0.640535941611,0.662712301214,0.691147325491,0.713420547585,
    0.725553439344,0.749944681495,0.774335923647,0.786468815407,
    0.80874207069,0.837215480159,0.859350807162,0.876951742655,
    0.933277062521,1.),.UNSPECIFIED.);
#2329 = CARTESIAN_POINT('',(0.971097435691,83.));
#2330 = CARTESIAN_POINT('',(0.971097435691,87.419269085064));
#2331 = CARTESIAN_POINT('',(0.96877377078,91.836010536927));
#2332 = CARTESIAN_POINT('',(0.964131362076,96.229848785025));
#2333 = CARTESIAN_POINT('',(0.957188849669,100.58013211759));
#2334 = CARTESIAN_POINT('',(0.947979977286,104.86474731193));
#2335 = CARTESIAN_POINT('',(0.926930892571,112.589461104));
#2336 = CARTESIAN_POINT('',(0.915737143999,116.05610337503));
#2337 = CARTESIAN_POINT('',(0.90298214846,119.44968875825));
#2338 = CARTESIAN_POINT('',(0.888668698819,122.75881837282));
#2339 = CARTESIAN_POINT('',(0.872791433979,125.96897599019));
#2340 = CARTESIAN_POINT('',(0.849890285378,130.02612464332));
#2341 = CARTESIAN_POINT('',(0.844288542442,130.97982012132));
#2342 = CARTESIAN_POINT('',(0.838531460254,131.92165874785));
#2343 = CARTESIAN_POINT('',(0.832618044507,132.85106839824));
#2344 = CARTESIAN_POINT('',(0.82654721557,133.76741287297));
#2345 = CARTESIAN_POINT('',(0.812449653283,135.81000405851));
#2346 = CARTESIAN_POINT('',(0.804328449949,136.92806441178));
#2347 = CARTESIAN_POINT('',(0.795951531608,138.02279593064));
#2348 = CARTESIAN_POINT('',(0.787316267231,139.09260971469));
#2349 = CARTESIAN_POINT('',(0.778419971872,140.13570617024));
#2350 = CARTESIAN_POINT('',(0.757514502125,142.45072339183));
#2351 = CARTESIAN_POINT('',(0.74533258852,143.7044507077));
#2352 = CARTESIAN_POINT('',(0.732712105563,144.9064959966));
#2353 = CARTESIAN_POINT('',(0.719651686009,146.05162603479));
#2354 = CARTESIAN_POINT('',(0.706150774021,147.13408769278));
#2355 = CARTESIAN_POINT('',(0.681289765697,148.94139347048));
#2356 = CARTESIAN_POINT('',(0.670098061179,149.69302378611));
#2357 = CARTESIAN_POINT('',(0.658644200006,150.39868120272));
#2358 = CARTESIAN_POINT('',(0.64693829326,151.05472586029));
#2359 = CARTESIAN_POINT('',(0.634990996005,151.65761966083));
#2360 = CARTESIAN_POINT('',(0.616180012808,152.50149129359));
#2361 = CARTESIAN_POINT('',(0.609479287512,152.78222921334));
#2362 = CARTESIAN_POINT('',(0.602715210726,153.04548353857));
#2363 = CARTESIAN_POINT('',(0.595891725591,153.29066367972));
#2364 = CARTESIAN_POINT('',(0.589012812567,153.5172278807));
#2365 = CARTESIAN_POINT('',(0.568150201275,154.14173554958));
#2366 = CARTESIAN_POINT('',(0.554004020937,154.48174038558));
#2367 = CARTESIAN_POINT('',(0.539695596628,154.73997789314));
#2368 = CARTESIAN_POINT('',(0.525276898475,154.91328212621));
#2369 = CARTESIAN_POINT('',(0.510800054541,155.));
#2370 = CARTESIAN_POINT('',(0.48183466971,155.));
#2371 = CARTESIAN_POINT('',(0.467357825776,154.91328212621));
#2372 = CARTESIAN_POINT('',(0.452939127623,154.73997789315));
#2373 = CARTESIAN_POINT('',(0.438630703314,154.48174038558));
#2374 = CARTESIAN_POINT('',(0.424484522976,154.14173554959));
#2375 = CARTESIAN_POINT('',(0.403621911684,153.5172278807));
#2376 = CARTESIAN_POINT('',(0.39674299866,153.29066367972));
#2377 = CARTESIAN_POINT('',(0.389919513525,153.04548353857));
#2378 = CARTESIAN_POINT('',(0.383155436739,152.78222921334));
#2379 = CARTESIAN_POINT('',(0.376454711443,152.5014912936));
#2380 = CARTESIAN_POINT('',(0.357643710101,151.6576188468));
#2381 = CARTESIAN_POINT('',(0.345696415043,151.05472494559));
#2382 = CARTESIAN_POINT('',(0.333990520909,150.39868087194));
#2383 = CARTESIAN_POINT('',(0.322536672987,149.69302434664));
#2384 = CARTESIAN_POINT('',(0.311344972739,148.94139450168));
#2385 = CARTESIAN_POINT('',(0.28646513358,147.13271979009));
#2386 = CARTESIAN_POINT('',(0.272946567398,146.04870192075));
#2387 = CARTESIAN_POINT('',(0.259869670495,144.90185325359));
#2388 = CARTESIAN_POINT('',(0.247233895986,143.69795023147));
#2389 = CARTESIAN_POINT('',(0.235037880805,142.44224720277));
#2390 = CARTESIAN_POINT('',(0.214138737344,140.12678467188));
#2391 = CARTESIAN_POINT('',(0.205260686718,139.08543776092));
#2392 = CARTESIAN_POINT('',(0.196642688952,138.01748156379));
#2393 = CARTESIAN_POINT('',(0.188282072956,136.92470486947));
#2394 = CARTESIAN_POINT('',(0.180176221552,135.80868736005));
#2395 = CARTESIAN_POINT('',(0.166077603378,133.76600511511));
#2396 = CARTESIAN_POINT('',(0.159992085522,132.84737792737));
#2397 = CARTESIAN_POINT('',(0.154064755354,131.91562239488));
#2398 = CARTESIAN_POINT('',(0.148294525647,130.97137933232));
#2399 = CARTESIAN_POINT('',(0.142680395376,130.01522486563));
#2400 = CARTESIAN_POINT('',(0.119752026205,125.95136701798));
#2401 = CARTESIAN_POINT('',(0.103862928581,122.736767304));
#2402 = CARTESIAN_POINT('',(8.954141545403E-02,119.42301563986));
#2403 = CARTESIAN_POINT('',(7.678216868644E-02,116.02467421982));
#2404 = CARTESIAN_POINT('',(6.558805000972E-02,112.55317838282));
#2405 = CARTESIAN_POINT('',(5.066062085942E-02,107.06533280644));
#2406 = CARTESIAN_POINT('',(4.583230270195E-02,105.09391666582));
#2407 = CARTESIAN_POINT('',(4.148996228411E-02,103.10577840305));
#2408 = CARTESIAN_POINT('',(3.763694549929E-02,101.10308107767));
#2409 = CARTESIAN_POINT('',(3.427632504515E-02,99.087877290198));
#2410 = CARTESIAN_POINT('',(2.812803866307E-02,94.741347276337));
#2411 = CARTESIAN_POINT('',(2.549517976579E-02,92.406793577695));
#2412 = CARTESIAN_POINT('',(2.351715174442E-02,90.061984165967));
#2413 = CARTESIAN_POINT('',(2.219728452895E-02,87.710342615517));
#2414 = CARTESIAN_POINT('',(2.153728855996E-02,85.355230937673));
#2415 = CARTESIAN_POINT('',(2.153728855996E-02,78.580730914929));
#2416 = CARTESIAN_POINT('',(2.386095347142E-02,74.163989463097));
#2417 = CARTESIAN_POINT('',(2.850336217513E-02,69.770151214948));
#2418 = CARTESIAN_POINT('',(3.544587458226E-02,65.41986788242));
#2419 = CARTESIAN_POINT('',(4.465474696506E-02,61.135252688054));
#2420 = CARTESIAN_POINT('',(6.570383168126E-02,53.410538895558));
#2421 = CARTESIAN_POINT('',(7.689758025119E-02,49.943896625288));
#2422 = CARTESIAN_POINT('',(8.965257579216E-02,46.55031124167));
#2423 = CARTESIAN_POINT('',(0.103966025428,43.241181627821));
#2424 = CARTESIAN_POINT('',(0.119843290276,40.031024009137));
#2425 = CARTESIAN_POINT('',(0.142744438873,35.973875356671));
#2426 = CARTESIAN_POINT('',(0.148346181809,35.020179878673));
#2427 = CARTESIAN_POINT('',(0.154103263997,34.078341252148));
#2428 = CARTESIAN_POINT('',(0.160016679744,33.148931601761));
#2429 = CARTESIAN_POINT('',(0.166087508681,32.232587127028));
#2430 = CARTESIAN_POINT('',(0.180185070968,30.189995941488));
#2431 = CARTESIAN_POINT('',(0.188306274302,29.071935588213));
#2432 = CARTESIAN_POINT('',(0.196683192643,27.977204069357));
#2433 = CARTESIAN_POINT('',(0.20531845702,26.907390285304));
#2434 = CARTESIAN_POINT('',(0.214214752379,25.864293829751));
#2435 = CARTESIAN_POINT('',(0.235120222125,23.549276608168));
#2436 = CARTESIAN_POINT('',(0.247302135731,22.29554929228));
#2437 = CARTESIAN_POINT('',(0.259922618688,21.0935040034));
#2438 = CARTESIAN_POINT('',(0.272983038242,19.948373965196));
#2439 = CARTESIAN_POINT('',(0.28648395023,18.86591230722));
#2440 = CARTESIAN_POINT('',(0.311344958554,17.058606529512));
#2441 = CARTESIAN_POINT('',(0.322536663072,16.306976213885));
#2442 = CARTESIAN_POINT('',(0.333990524245,15.601318797273));
#2443 = CARTESIAN_POINT('',(0.345696430991,14.945274139706));
#2444 = CARTESIAN_POINT('',(0.357643728246,14.342380339164));
#2445 = CARTESIAN_POINT('',(0.376454711443,13.498508706402));
#2446 = CARTESIAN_POINT('',(0.383155436739,13.217770786656));
#2447 = CARTESIAN_POINT('',(0.389919513525,12.954516461427));
#2448 = CARTESIAN_POINT('',(0.39674299866,12.709336320276));
#2449 = CARTESIAN_POINT('',(0.403621911684,12.482772119296));
#2450 = CARTESIAN_POINT('',(0.424484522976,11.858264450402));
#2451 = CARTESIAN_POINT('',(0.438630703314,11.51825961442));
#2452 = CARTESIAN_POINT('',(0.452939127623,11.260022106853));
#2453 = CARTESIAN_POINT('',(0.467357825775,11.08671787378));
#2454 = CARTESIAN_POINT('',(0.48183466971,11.));
#2455 = CARTESIAN_POINT('',(0.510800054541,11.));
#2456 = CARTESIAN_POINT('',(0.525276898475,11.086717873783));
#2457 = CARTESIAN_POINT('',(0.539695596628,11.260022106848));
#2458 = CARTESIAN_POINT('',(0.554004020937,11.518259614415));
#2459 = CARTESIAN_POINT('',(0.568150201275,11.858264450408));
#2460 = CARTESIAN_POINT('',(0.589012812567,12.482772119295));
#2461 = CARTESIAN_POINT('',(0.595891725591,12.709336320275));
#2462 = CARTESIAN_POINT('',(0.602715210726,12.954516461426));
#2463 = CARTESIAN_POINT('',(0.609479287512,13.217770786654));
#2464 = CARTESIAN_POINT('',(0.616180012808,13.4985087064));
#2465 = CARTESIAN_POINT('',(0.63499101415,14.342381153172));
#2466 = CARTESIAN_POINT('',(0.646938309208,14.945275054412));
#2467 = CARTESIAN_POINT('',(0.658644203343,15.601319128085));
#2468 = CARTESIAN_POINT('',(0.670098051264,16.306975653371));
#2469 = CARTESIAN_POINT('',(0.681289751512,17.058605498278));
#2470 = CARTESIAN_POINT('',(0.706169590671,18.867280209903));
#2471 = CARTESIAN_POINT('',(0.719688156853,19.951298079266));
#2472 = CARTESIAN_POINT('',(0.732765053755,21.098146746387));
#2473 = CARTESIAN_POINT('',(0.745400828265,22.302049768541));
#2474 = CARTESIAN_POINT('',(0.757596843446,23.557752797228));
#2475 = CARTESIAN_POINT('',(0.778495986907,25.873215328122));
#2476 = CARTESIAN_POINT('',(0.787374037533,26.914562239077));
#2477 = CARTESIAN_POINT('',(0.795992035299,27.982518436211));
#2478 = CARTESIAN_POINT('',(0.804352651295,29.07529513053));
#2479 = CARTESIAN_POINT('',(0.812458502699,30.191312639943));
#2480 = CARTESIAN_POINT('',(0.826557120873,32.233994884893));
#2481 = CARTESIAN_POINT('',(0.832642638729,33.152622072628));
#2482 = CARTESIAN_POINT('',(0.838569968897,34.08437760512));
#2483 = CARTESIAN_POINT('',(0.844340198604,35.02862066767));
#2484 = CARTESIAN_POINT('',(0.849954328875,35.984775134364));
#2485 = CARTESIAN_POINT('',(0.872882698076,40.048632987341));
#2486 = CARTESIAN_POINT('',(0.888771795587,43.263232678575));
#2487 = CARTESIAN_POINT('',(0.903093308899,46.57698438507));
#2488 = CARTESIAN_POINT('',(0.915852555502,49.975325762106));
#2489 = CARTESIAN_POINT('',(0.927046674257,53.446821622973));
#2490 = CARTESIAN_POINT('',(0.948055252083,61.170310358226));
#2491 = CARTESIAN_POINT('',(0.957234244296,65.44833781894));
#2492 = CARTESIAN_POINT('',(0.964154137978,69.791719814632));
#2493 = CARTESIAN_POINT('',(0.968781378198,74.178449899775));
#2494 = CARTESIAN_POINT('',(0.971097435691,78.58797101135));
#2495 = CARTESIAN_POINT('',(0.971097435691,83.));
#2496 = ( GEOMETRIC_REPRESENTATION_CONTEXT(2) 
PARAMETRIC_REPRESENTATION_CONTEXT() REPRESENTATION_CONTEXT('2D SPACE',''
  ) );
#2497 = ORIENTED_EDGE('',*,*,#1957,.T.);
#2498 = ADVANCED_FACE('',(#2499),#667,.F.);
#2499 = FACE_BOUND('',#2500,.F.);
#2500 = EDGE_LOOP('',(#2501,#2502,#2525,#2723));
#2501 = ORIENTED_EDGE('',*,*,#533,.F.);
#2502 = ORIENTED_EDGE('',*,*,#2503,.F.);
#2503 = EDGE_CURVE('',#2504,#534,#2506,.T.);
#2504 = VERTEX_POINT('',#2505);
#2505 = CARTESIAN_POINT('',(153.95699538599,33.21887372739,
    240.55198651616));
#2506 = SEAM_CURVE('',#2507,(#2511,#2518),.PCURVE_S1.);
#2507 = LINE('',#2508,#2509);
#2508 = CARTESIAN_POINT('',(138.57810242451,30.236394104158,
    240.55198651616));
#2509 = VECTOR('',#2510,1.);
#2510 = DIRECTION('',(0.981709285323,0.190386131612,0.));
#2511 = PCURVE('',#667,#2512);
#2512 = DEFINITIONAL_REPRESENTATION('',(#2513),#2517);
#2513 = LINE('',#2514,#2515);
#2514 = CARTESIAN_POINT('',(6.28318530718,-0.));
#2515 = VECTOR('',#2516,1.);
#2516 = DIRECTION('',(0.,1.));
#2517 = ( GEOMETRIC_REPRESENTATION_CONTEXT(2) 
PARAMETRIC_REPRESENTATION_CONTEXT() REPRESENTATION_CONTEXT('2D SPACE',''
  ) );
#2518 = PCURVE('',#667,#2519);
#2519 = DEFINITIONAL_REPRESENTATION('',(#2520),#2524);
#2520 = LINE('',#2521,#2522);
#2521 = CARTESIAN_POINT('',(0.,-0.));
#2522 = VECTOR('',#2523,1.);
#2523 = DIRECTION('',(0.,1.));
#2524 = ( GEOMETRIC_REPRESENTATION_CONTEXT(2) 
PARAMETRIC_REPRESENTATION_CONTEXT() REPRESENTATION_CONTEXT('2D SPACE',''
  ) );
#2525 = ORIENTED_EDGE('',*,*,#2526,.T.);
#2526 = EDGE_CURVE('',#2504,#2504,#2527,.T.);
#2527 = SURFACE_CURVE('',#2528,(#2591,#2657),.PCURVE_S1.);
#2528 = B_SPLINE_CURVE_WITH_KNOTS('',7,(#2529,#2530,#2531,#2532,#2533,
    #2534,#2535,#2536,#2537,#2538,#2539,#2540,#2541,#2542,#2543,#2544,
    #2545,#2546,#2547,#2548,#2549,#2550,#2551,#2552,#2553,#2554,#2555,
    #2556,#2557,#2558,#2559,#2560,#2561,#2562,#2563,#2564,#2565,#2566,
    #2567,#2568,#2569,#2570,#2571,#2572,#2573,#2574,#2575,#2576,#2577,
    #2578,#2579,#2580,#2581,#2582,#2583,#2584,#2585,#2586,#2587,#2588,
    #2589,#2590),.UNSPECIFIED.,.T.,.F.,(8,6,6,6,6,6,6,6,6,6,8),(0.,
    0.121838694765,0.2242555335,0.309296597527,0.416501882724,
    0.531426528891,0.643352472801,0.737762080732,0.822920874911,
    0.905356473268,1.),.UNSPECIFIED.);
#2529 = CARTESIAN_POINT('',(153.95699538599,33.218873727389,
    240.55198651616));
#2530 = CARTESIAN_POINT('',(153.95699538599,33.218873727389,
    240.85579917466));
#2531 = CARTESIAN_POINT('',(153.96387932257,33.186969254748,
    241.15935216339));
#2532 = CARTESIAN_POINT('',(153.97762686458,33.123254634808,
    241.46074319829));
#2533 = CARTESIAN_POINT('',(153.99834224145,33.027044440405,
    241.75789127755));
#2534 = CARTESIAN_POINT('',(154.02622265915,32.89702464333,
    242.04816549303));
#2535 = CARTESIAN_POINT('',(154.06150352412,32.731425871704,
    242.32793163532));
#2536 = CARTESIAN_POINT('',(154.14042876606,32.357513495693,
    242.81381070396));
#2537 = CARTESIAN_POINT('',(154.18216086935,32.158713456309,
    243.02650909988));
#2538 = CARTESIAN_POINT('',(154.22959382782,31.931166373671,
    243.22481901321));
#2539 = CARTESIAN_POINT('',(154.28253043079,31.674982455126,
    243.40323968727));
#2540 = CARTESIAN_POINT('',(154.34056534676,31.3910928298,
    243.55596416459));
#2541 = CARTESIAN_POINT('',(154.4030764561,31.081420629742,
    243.67679445938));
#2542 = CARTESIAN_POINT('',(154.52411388979,30.473387202485,
    243.82719413581));
#2543 = CARTESIAN_POINT('',(154.58096300098,30.18480401997,
    243.86808023743));
#2544 = CARTESIAN_POINT('',(154.63840980851,29.889720827522,
    243.87776872584));
#2545 = CARTESIAN_POINT('',(154.6950451549,29.595099394372,
    243.85494598137));
#2546 = CARTESIAN_POINT('',(154.74955726962,29.307957803391,
    243.80080018752));
#2547 = CARTESIAN_POINT('',(154.80083788572,29.034759950055,
    243.71898713753));
#2548 = CARTESIAN_POINT('',(154.90752223896,28.460772044647,
    243.48526868232));
#2549 = CARTESIAN_POINT('',(154.96072106185,28.170252804232,
    243.32020619764));
#2550 = CARTESIAN_POINT('',(155.00763762832,27.910673065005,
    243.12823077265));
#2551 = CARTESIAN_POINT('',(155.04850057611,27.682143438784,
    242.91564391761));
#2552 = CARTESIAN_POINT('',(155.08361000678,27.484084538446,
    242.68765098307));
#2553 = CARTESIAN_POINT('',(155.1132885683,27.315526457515,
    242.44858000503));
#2554 = CARTESIAN_POINT('',(155.16419546766,27.024909733558,
    241.93763696098));
#2555 = CARTESIAN_POINT('',(155.18478041996,26.9063941182,
    241.66344841208));
#2556 = CARTESIAN_POINT('',(155.19999715109,26.818288140528,
    241.38280126934));
#2557 = CARTESIAN_POINT('',(155.210122063,26.759474768873,
    241.09814249966));
#2558 = CARTESIAN_POINT('',(155.21532147463,26.729251658431,
    240.81137387934));
#2559 = CARTESIAN_POINT('',(155.21564382043,26.727413996171,
    240.52418079075));
#2560 = CARTESIAN_POINT('',(155.20648861892,26.780526464183,
    239.95988173618));
#2561 = CARTESIAN_POINT('',(155.19727191556,26.833964871597,
    239.6830403949));
#2562 = CARTESIAN_POINT('',(155.18329624524,26.914865600782,
    239.40927880461));
#2563 = CARTESIAN_POINT('',(155.16437783935,27.023997422553,
    239.14038821563));
#2564 = CARTESIAN_POINT('',(155.14022769879,27.16254480551,
    238.87869645111));
#2565 = CARTESIAN_POINT('',(155.11046502413,27.331952451756,
    238.62738595447));
#2566 = CARTESIAN_POINT('',(155.04443012933,27.70387261373,
    238.19150891512));
#2567 = CARTESIAN_POINT('',(155.00967176077,27.898372315815,
    238.00110838988));
#2568 = CARTESIAN_POINT('',(154.97019907205,28.11750489403,
    237.82417104501));
#2569 = CARTESIAN_POINT('',(154.92593844894,28.360880306804,
    237.66527314972));
#2570 = CARTESIAN_POINT('',(154.87691674173,28.62742332072,
    237.52913200589));
#2571 = CARTESIAN_POINT('',(154.82329713574,28.915288066708,
    237.42064956057));
#2572 = CARTESIAN_POINT('',(154.71326589572,29.498041577308,
    237.27677889651));
#2573 = CARTESIAN_POINT('',(154.65811919517,29.786954913945,
    237.23589279489));
#2574 = CARTESIAN_POINT('',(154.60109710816,30.082120473849,
    237.22620430648));
#2575 = CARTESIAN_POINT('',(154.54349499505,30.376554418739,
    237.24902705095));
#2576 = CARTESIAN_POINT('',(154.48671959366,30.663257083044,
    237.30317284481));
#2577 = CARTESIAN_POINT('',(154.43215923315,30.935818884678,
    237.38498589479));
#2578 = CARTESIAN_POINT('',(154.331512773,31.434004888317,
    237.58845270266));
#2579 = CARTESIAN_POINT('',(154.28343737787,31.669633678582,
    237.71233700717));
#2580 = CARTESIAN_POINT('',(154.23739852849,31.893163911948,
    237.85892428222));
#2581 = CARTESIAN_POINT('',(154.19398828874,32.102122163957,
    238.02674405422));
#2582 = CARTESIAN_POINT('',(154.1537724445,32.29425020345,
    238.21396950805));
#2583 = CARTESIAN_POINT('',(154.11726855167,32.467552075967,
    238.4184551135));
#2584 = CARTESIAN_POINT('',(154.04776799204,32.795843385793,
    238.8896250176));
#2585 = CARTESIAN_POINT('',(154.01717353606,32.939208054719,
    239.15369987724));
#2586 = CARTESIAN_POINT('',(153.99296040771,33.052036903718,
    239.42610563862));
#2587 = CARTESIAN_POINT('',(153.97494608681,33.135678545531,
    239.70405255503));
#2588 = CARTESIAN_POINT('',(153.96298349389,33.191121272338,
    239.98546184684));
#2589 = CARTESIAN_POINT('',(153.95699538599,33.218873727389,
    240.26863174462));
#2590 = CARTESIAN_POINT('',(153.95699538599,33.218873727389,
    240.55198651616));
#2591 = PCURVE('',#667,#2592);
#2592 = DEFINITIONAL_REPRESENTATION('',(#2593),#2656);
#2593 = B_SPLINE_CURVE_WITH_KNOTS('',7,(#2594,#2595,#2596,#2597,#2598,
    #2599,#2600,#2601,#2602,#2603,#2604,#2605,#2606,#2607,#2608,#2609,
    #2610,#2611,#2612,#2613,#2614,#2615,#2616,#2617,#2618,#2619,#2620,
    #2621,#2622,#2623,#2624,#2625,#2626,#2627,#2628,#2629,#2630,#2631,
    #2632,#2633,#2634,#2635,#2636,#2637,#2638,#2639,#2640,#2641,#2642,
    #2643,#2644,#2645,#2646,#2647,#2648,#2649,#2650,#2651,#2652,#2653,
    #2654,#2655),.UNSPECIFIED.,.F.,.F.,(8,6,6,6,6,6,6,6,6,6,8),(0.,
    0.121838694765,0.2242555335,0.309296597527,0.416501882724,
    0.531426528891,0.643352472801,0.737762080732,0.822920874911,
    0.905356473268,1.),.UNSPECIFIED.);
#2594 = CARTESIAN_POINT('',(0.,15.665424776362));
#2595 = CARTESIAN_POINT('',(9.206444197001E-02,15.665424776362));
#2596 = CARTESIAN_POINT('',(0.184050086052,15.66610863169));
#2597 = CARTESIAN_POINT('',(0.276655744702,15.667474341317));
#2598 = CARTESIAN_POINT('',(0.370513396566,15.669493732404));
#2599 = CARTESIAN_POINT('',(0.466281287932,15.672110231139));
#2600 = CARTESIAN_POINT('',(0.564632035392,15.67521807435));
#2601 = CARTESIAN_POINT('',(0.751942641241,15.681511986379));
#2602 = CARTESIAN_POINT('',(0.840654259162,15.684632009208));
#2603 = CARTESIAN_POINT('',(0.932447648222,15.687875576141));
#2604 = CARTESIAN_POINT('',(1.027356723224,15.691070065578));
#2605 = CARTESIAN_POINT('',(1.125515320421,15.693994833891));
#2606 = CARTESIAN_POINT('',(1.227180227393,15.696405278134));
#2607 = CARTESIAN_POINT('',(1.42049489191,15.699467718545));
#2608 = CARTESIAN_POINT('',(1.5100329263,15.700334783098));
#2609 = CARTESIAN_POINT('',(1.600357599121,15.700551099946));
#2610 = CARTESIAN_POINT('',(1.690589909721,15.700058710434));
#2611 = CARTESIAN_POINT('',(1.779888749703,15.698905982887));
#2612 = CARTESIAN_POINT('',(1.867300602402,15.697235557402));
#2613 = CARTESIAN_POINT('',(2.057860001731,15.692689240676));
#2614 = CARTESIAN_POINT('',(2.159534672409,15.689604184732));
#2615 = CARTESIAN_POINT('',(2.257317978443,15.68624223128));
#2616 = CARTESIAN_POINT('',(2.35168517976,15.682848895051));
#2617 = CARTESIAN_POINT('',(2.443040753276,15.679608481272));
#2618 = CARTESIAN_POINT('',(2.531708534248,15.676653079716));
#2619 = CARTESIAN_POINT('',(2.710492233654,15.671299461648));
#2620 = CARTESIAN_POINT('',(2.800671106692,15.668944170915));
#2621 = CARTESIAN_POINT('',(2.889155871014,15.667108420892));
#2622 = CARTESIAN_POINT('',(2.97649026901,15.665850890612));
#2623 = CARTESIAN_POINT('',(3.063187198747,15.665201140213));
#2624 = CARTESIAN_POINT('',(3.149768313119,15.665167724661));
#2625 = CARTESIAN_POINT('',(3.321545848609,15.666291855662));
#2626 = CARTESIAN_POINT('',(3.406618901227,15.66741766406));
#2627 = CARTESIAN_POINT('',(3.492560385017,15.669099995605));
#2628 = CARTESIAN_POINT('',(3.579879318929,15.671304806266));
#2629 = CARTESIAN_POINT('',(3.669105310212,15.673973889327));
#2630 = CARTESIAN_POINT('',(3.760786507766,15.677008461686));
#2631 = CARTESIAN_POINT('',(3.9355586225,15.682989833209));
#2632 = CARTESIAN_POINT('',(4.018367872601,15.685897265934));
#2633 = CARTESIAN_POINT('',(4.103904282166,15.68886636478));
#2634 = CARTESIAN_POINT('',(4.192153653797,15.691750603463));
#2635 = CARTESIAN_POINT('',(4.283185646503,15.694371631642));
#2636 = CARTESIAN_POINT('',(4.377164879332,15.69653822198));
#2637 = CARTESIAN_POINT('',(4.562087545501,15.699467718545));
#2638 = CARTESIAN_POINT('',(4.651625579888,15.700334783098));
#2639 = CARTESIAN_POINT('',(4.74195025271,15.700551099946));
#2640 = CARTESIAN_POINT('',(4.832182563312,15.700058710434));
#2641 = CARTESIAN_POINT('',(4.921481403295,15.698905982887));
#2642 = CARTESIAN_POINT('',(5.00889325599,15.697235557402));
#2643 = CARTESIAN_POINT('',(5.174787355609,15.693277698999));
#2644 = CARTESIAN_POINT('',(5.256390218145,15.690942091075));
#2645 = CARTESIAN_POINT('',(5.337987137631,15.688302381586));
#2646 = CARTESIAN_POINT('',(5.419584804946,15.685468899409));
#2647 = CARTESIAN_POINT('',(5.501186864489,15.682567145917));
#2648 = CARTESIAN_POINT('',(5.582788767254,15.679725208483));
#2649 = CARTESIAN_POINT('',(5.758068627234,15.673997976285));
#2650 = CARTESIAN_POINT('',(5.849016839925,15.671257759494));
#2651 = CARTESIAN_POINT('',(5.937877630413,15.668968554665));
#2652 = CARTESIAN_POINT('',(6.02520341679,15.667207937187));
#2653 = CARTESIAN_POINT('',(6.111510418679,15.666019674924));
#2654 = CARTESIAN_POINT('',(6.197320224894,15.665424776362));
#2655 = CARTESIAN_POINT('',(6.28318530718,15.665424776362));
#2656 = ( GEOMETRIC_REPRESENTATION_CONTEXT(2) 
PARAMETRIC_REPRESENTATION_CONTEXT() REPRESENTATION_CONTEXT('2D SPACE',''
  ) );
#2657 = PCURVE('',#2322,#2658);
#2658 = DEFINITIONAL_REPRESENTATION('',(#2659),#2722);
#2659 = B_SPLINE_CURVE_WITH_KNOTS('',7,(#2660,#2661,#2662,#2663,#2664,
    #2665,#2666,#2667,#2668,#2669,#2670,#2671,#2672,#2673,#2674,#2675,
    #2676,#2677,#2678,#2679,#2680,#2681,#2682,#2683,#2684,#2685,#2686,
    #2687,#2688,#2689,#2690,#2691,#2692,#2693,#2694,#2695,#2696,#2697,
    #2698,#2699,#2700,#2701,#2702,#2703,#2704,#2705,#2706,#2707,#2708,
    #2709,#2710,#2711,#2712,#2713,#2714,#2715,#2716,#2717,#2718,#2719,
    #2720,#2721),.UNSPECIFIED.,.T.,.F.,(8,6,6,6,6,6,6,6,6,6,8),(0.,
    0.121838694765,0.2242555335,0.309296597527,0.416501882724,
    0.531426528891,0.643352472801,0.737762080732,0.822920874911,
    0.905356473268,1.),.UNSPECIFIED.);
#2660 = CARTESIAN_POINT('',(0.212509371643,35.));
#2661 = CARTESIAN_POINT('',(0.212509371643,35.303812658501));
#2662 = CARTESIAN_POINT('',(0.212302141879,35.607365647231));
#2663 = CARTESIAN_POINT('',(0.211888294983,35.908756682126));
#2664 = CARTESIAN_POINT('',(0.21126343741,36.20590476139));
#2665 = CARTESIAN_POINT('',(0.210419149567,36.496178976872));
#2666 = CARTESIAN_POINT('',(0.209344133291,36.77594511916));
#2667 = CARTESIAN_POINT('',(0.206917775477,37.2618241878));
#2668 = CARTESIAN_POINT('',(0.205628042862,37.474522583717));
#2669 = CARTESIAN_POINT('',(0.204152246433,37.672832497051));
#2670 = CARTESIAN_POINT('',(0.202491324592,37.851253171108));
#2671 = CARTESIAN_POINT('',(0.200651580923,38.00397764843));
#2672 = CARTESIAN_POINT('',(0.198645756375,38.124807943219));
#2673 = CARTESIAN_POINT('',(0.19470948035,38.275207619651));
#2674 = CARTESIAN_POINT('',(0.192841996024,38.316093721271));
#2675 = CARTESIAN_POINT('',(0.190933286188,38.325782209683));
#2676 = CARTESIAN_POINT('',(0.18902843436,38.302959465206));
#2677 = CARTESIAN_POINT('',(0.187172757434,38.248813671357));
#2678 = CARTESIAN_POINT('',(0.185407877548,38.167000621367));
#2679 = CARTESIAN_POINT('',(0.181701095456,37.933282166164));
#2680 = CARTESIAN_POINT('',(0.179825864839,37.768219681474));
#2681 = CARTESIAN_POINT('',(0.178151042206,37.576244256493));
#2682 = CARTESIAN_POINT('',(0.176677050583,37.36365740145));
#2683 = CARTESIAN_POINT('',(0.175399930071,37.135664466905));
#2684 = CARTESIAN_POINT('',(0.174313257859,36.896593488864));
#2685 = CARTESIAN_POINT('',(0.172439977354,36.385650444819));
#2686 = CARTESIAN_POINT('',(0.171676231905,36.111461895916));
#2687 = CARTESIAN_POINT('',(0.171108547264,35.830814753179));
#2688 = CARTESIAN_POINT('',(0.170729635909,35.546155983496));
#2689 = CARTESIAN_POINT('',(0.170534924286,35.259387363175));
#2690 = CARTESIAN_POINT('',(0.170523078491,34.972194274594));
#2691 = CARTESIAN_POINT('',(0.170865273735,34.407895220015));
#2692 = CARTESIAN_POINT('',(0.171209574691,34.131053878743));
#2693 = CARTESIAN_POINT('',(0.171730838219,33.857292288451));
#2694 = CARTESIAN_POINT('',(0.172434072728,33.588401699466));
#2695 = CARTESIAN_POINT('',(0.173327001649,33.326709934951));
#2696 = CARTESIAN_POINT('',(0.17441907752,33.075399438309));
#2697 = CARTESIAN_POINT('',(0.176817407452,32.639522398956));
#2698 = CARTESIAN_POINT('',(0.178071889601,32.449121873724));
#2699 = CARTESIAN_POINT('',(0.179485597526,32.272184528851));
#2700 = CARTESIAN_POINT('',(0.181056179145,32.113286633554));
#2701 = CARTESIAN_POINT('',(0.182776893183,31.977145489734));
#2702 = CARTESIAN_POINT('',(0.184636036345,31.868663044409));
#2703 = CARTESIAN_POINT('',(0.188401434377,31.724792380348));
#2704 = CARTESIAN_POINT('',(0.190268918703,31.683906278731));
#2705 = CARTESIAN_POINT('',(0.192177628539,31.674217790315));
#2706 = CARTESIAN_POINT('',(0.194082480367,31.697040534793));
#2707 = CARTESIAN_POINT('',(0.195938157293,31.751186328646));
#2708 = CARTESIAN_POINT('',(0.197703037179,31.832999378631));
#2709 = CARTESIAN_POINT('',(0.200930027188,32.036466186496));
#2710 = CARTESIAN_POINT('',(0.202456901828,32.160350491009));
#2711 = CARTESIAN_POINT('',(0.203905927421,32.306937766058));
#2712 = CARTESIAN_POINT('',(0.20526097054,32.474757538056));
#2713 = CARTESIAN_POINT('',(0.206507266474,32.661982991888));
#2714 = CARTESIAN_POINT('',(0.207631740143,32.866468597339));
#2715 = CARTESIAN_POINT('',(0.209762327111,33.337638501441));
#2716 = CARTESIAN_POINT('',(0.210693073834,33.601713361078));
#2717 = CARTESIAN_POINT('',(0.211425757066,33.874119122463));
#2718 = CARTESIAN_POINT('',(0.21196899244,34.152066038866));
#2719 = CARTESIAN_POINT('',(0.212329110495,34.43347533068));
#2720 = CARTESIAN_POINT('',(0.212509371643,34.716645228456));
#2721 = CARTESIAN_POINT('',(0.212509371643,35.));
#2722 = ( GEOMETRIC_REPRESENTATION_CONTEXT(2) 
PARAMETRIC_REPRESENTATION_CONTEXT() REPRESENTATION_CONTEXT('2D SPACE',''
  ) );
#2723 = ORIENTED_EDGE('',*,*,#2503,.T.);
#2724 = ADVANCED_FACE('',(#2725),#874,.F.);
#2725 = FACE_BOUND('',#2726,.F.);
#2726 = EDGE_LOOP('',(#2727,#2728,#2751,#2949));
#2727 = ORIENTED_EDGE('',*,*,#740,.F.);
#2728 = ORIENTED_EDGE('',*,*,#2729,.F.);
#2729 = EDGE_CURVE('',#2730,#741,#2732,.T.);
#2730 = VERTEX_POINT('',#2731);
#2731 = CARTESIAN_POINT('',(111.95499648651,110.7805432452,
    240.55198651616));
#2732 = SEAM_CURVE('',#2733,(#2737,#2744),.PCURVE_S1.);
#2733 = LINE('',#2734,#2735);
#2734 = CARTESIAN_POINT('',(101.05292475864,99.531082570841,
    240.55198651616));
#2735 = VECTOR('',#2736,1.);
#2736 = DIRECTION('',(0.695932085054,0.718107605441,0.));
#2737 = PCURVE('',#874,#2738);
#2738 = DEFINITIONAL_REPRESENTATION('',(#2739),#2743);
#2739 = LINE('',#2740,#2741);
#2740 = CARTESIAN_POINT('',(6.28318530718,-0.));
#2741 = VECTOR('',#2742,1.);
#2742 = DIRECTION('',(0.,1.));
#2743 = ( GEOMETRIC_REPRESENTATION_CONTEXT(2) 
PARAMETRIC_REPRESENTATION_CONTEXT() REPRESENTATION_CONTEXT('2D SPACE',''
  ) );
#2744 = PCURVE('',#874,#2745);
#2745 = DEFINITIONAL_REPRESENTATION('',(#2746),#2750);
#2746 = LINE('',#2747,#2748);
#2747 = CARTESIAN_POINT('',(0.,-0.));
#2748 = VECTOR('',#2749,1.);
#2749 = DIRECTION('',(0.,1.));
#2750 = ( GEOMETRIC_REPRESENTATION_CONTEXT(2) 
PARAMETRIC_REPRESENTATION_CONTEXT() REPRESENTATION_CONTEXT('2D SPACE',''
  ) );
#2751 = ORIENTED_EDGE('',*,*,#2752,.T.);
#2752 = EDGE_CURVE('',#2730,#2730,#2753,.T.);
#2753 = SURFACE_CURVE('',#2754,(#2817,#2883),.PCURVE_S1.);
#2754 = B_SPLINE_CURVE_WITH_KNOTS('',7,(#2755,#2756,#2757,#2758,#2759,
    #2760,#2761,#2762,#2763,#2764,#2765,#2766,#2767,#2768,#2769,#2770,
    #2771,#2772,#2773,#2774,#2775,#2776,#2777,#2778,#2779,#2780,#2781,
    #2782,#2783,#2784,#2785,#2786,#2787,#2788,#2789,#2790,#2791,#2792,
    #2793,#2794,#2795,#2796,#2797,#2798,#2799,#2800,#2801,#2802,#2803,
    #2804,#2805,#2806,#2807,#2808,#2809,#2810,#2811,#2812,#2813,#2814,
    #2815,#2816),.UNSPECIFIED.,.T.,.F.,(8,6,6,6,6,6,6,6,6,6,8),(0.,
    0.121838691933,0.22425552815,0.309296592151,0.416501877384,
    0.531426523591,0.643352467538,0.737762075506,0.822920870428,
    0.905356470194,1.),.UNSPECIFIED.);
#2755 = CARTESIAN_POINT('',(111.95499648651,110.7805432452,
    240.55198651616));
#2756 = CARTESIAN_POINT('',(111.95499648651,110.7805432452,
    240.24817386528));
#2757 = CARTESIAN_POINT('',(111.93203945973,110.80374364956,
    239.94462085068));
#2758 = CARTESIAN_POINT('',(111.88619328033,110.85007589386,
    239.64322984669));
#2759 = CARTESIAN_POINT('',(111.81694091687,110.92000181027,
    239.34608176216));
#2760 = CARTESIAN_POINT('',(111.7232896201,111.01440471165,
    239.05580752412));
#2761 = CARTESIAN_POINT('',(111.6038863148,111.13444860683,
    238.77604140373));
#2762 = CARTESIAN_POINT('',(111.33387786995,111.40488363734,
    238.290162323));
#2763 = CARTESIAN_POINT('',(111.19019504677,111.54847424765,
    238.07746394282));
#2764 = CARTESIAN_POINT('',(111.02555287809,111.71254901027,
    237.8791540149));
#2765 = CARTESIAN_POINT('',(110.83993593484,111.89688249286,
    237.70073333843));
#2766 = CARTESIAN_POINT('',(110.63390249685,112.10062639848,
    237.54800887518));
#2767 = CARTESIAN_POINT('',(110.40872309712,112.3222088081,
    237.4271785709));
#2768 = CARTESIAN_POINT('',(109.96565929973,112.75585517299,
    237.27677889655));
#2769 = CARTESIAN_POINT('',(109.75504711187,112.96117098147,
    237.23589279481));
#2770 = CARTESIAN_POINT('',(109.53931800153,113.17053950128,
    237.22620430653));
#2771 = CARTESIAN_POINT('',(109.32353214878,113.37897610295,
    237.24902705099));
#2772 = CARTESIAN_POINT('',(109.1128501149,113.58154694119,
    237.3031728447));
#2773 = CARTESIAN_POINT('',(108.91207955852,113.77379145355,
    237.38498589486));
#2774 = CARTESIAN_POINT('',(108.48968406785,114.17681219253,237.61870435
    ));
#2775 = CARTESIAN_POINT('',(108.27545566356,114.38012902559,
    237.78376683469));
#2776 = CARTESIAN_POINT('',(108.08370496325,114.56127668402,
    237.97574225967));
#2777 = CARTESIAN_POINT('',(107.91464954799,114.72038619705,
    238.18832911471));
#2778 = CARTESIAN_POINT('',(107.76796820028,114.85802551686,
    238.41632204926));
#2779 = CARTESIAN_POINT('',(107.64302497615,114.97499489066,
    238.6553930273));
#2780 = CARTESIAN_POINT('',(107.42746243002,115.17644558276,
    239.16633607134));
#2781 = CARTESIAN_POINT('',(107.33945868216,115.25845187342,
    239.44052462024));
#2782 = CARTESIAN_POINT('',(107.27398840094,115.31934402796,
    239.72117176298));
#2783 = CARTESIAN_POINT('',(107.23026715689,115.35996396574,
    240.00583053267));
#2784 = CARTESIAN_POINT('',(107.20779764905,115.38083479475,
    240.29259915299));
#2785 = CARTESIAN_POINT('',(107.20643482161,115.38210900461,
    240.57979224157));
#2786 = CARTESIAN_POINT('',(107.24591166962,115.34541662878,
    241.14409129615));
#2787 = CARTESIAN_POINT('',(107.28562787182,115.30849462599,
    241.42093263742));
#2788 = CARTESIAN_POINT('',(107.34574220423,115.25257938314,
    241.69469422771));
#2789 = CARTESIAN_POINT('',(107.42679806153,115.17709687787,
    241.96358481669));
#2790 = CARTESIAN_POINT('',(107.52962946537,115.08115778782,
    242.22527658121));
#2791 = CARTESIAN_POINT('',(107.65523820728,114.96365369698,
    242.47658707785));
#2792 = CARTESIAN_POINT('',(107.93062261319,114.70510265134,
    242.91246411721));
#2793 = CARTESIAN_POINT('',(108.07451509395,114.56970238445,
    243.10286464244));
#2794 = CARTESIAN_POINT('',(108.23646053151,114.41689251814,
    243.2798019873));
#2795 = CARTESIAN_POINT('',(108.41609204916,114.24682455477,
    243.4386998826));
#2796 = CARTESIAN_POINT('',(108.61252384585,114.06010857983,
    243.57484102643));
#2797 = CARTESIAN_POINT('',(108.82429924233,113.85788999616,
    243.68332347175));
#2798 = CARTESIAN_POINT('',(109.25220663068,113.44727606842,
    243.82719413638));
#2799 = CARTESIAN_POINT('',(109.46402564867,113.24320555698,
    243.86808023715));
#2800 = CARTESIAN_POINT('',(109.68005584905,113.03414770853,
    243.87776872509));
#2801 = CARTESIAN_POINT('',(109.8951563628,112.82500392927,
    243.85494598167));
#2802 = CARTESIAN_POINT('',(110.10423395022,112.62077753232,
    243.80080018852));
#2803 = CARTESIAN_POINT('',(110.30267950637,112.42613392442,
    243.71898713667));
#2804 = CARTESIAN_POINT('',(110.66489289343,112.06959435551,
    243.51552032966));
#2805 = CARTESIAN_POINT('',(110.83595214035,111.90056505491,
    243.39163602515));
#2806 = CARTESIAN_POINT('',(110.99799216653,111.7398529807,
    243.2450487501));
#2807 = CARTESIAN_POINT('',(111.14926511053,111.58930565787,
    243.07722897811));
#2808 = CARTESIAN_POINT('',(111.28818896804,111.45063100444,
    242.89000352427));
#2809 = CARTESIAN_POINT('',(111.41337502628,111.32535321698,
    242.68551791882));
#2810 = CARTESIAN_POINT('',(111.65032770035,111.08774230814,
    242.21434801084));
#2811 = CARTESIAN_POINT('',(111.75367170202,110.98377373483,
    241.95027316448));
#2812 = CARTESIAN_POINT('',(111.83493021999,110.90183669041,
    241.67786738782));
#2813 = CARTESIAN_POINT('',(111.89513291941,110.84104133423,
    241.39992047168));
#2814 = CARTESIAN_POINT('',(111.93502708475,110.80072440732,
    241.11851119519));
#2815 = CARTESIAN_POINT('',(111.95499648651,110.7805432452,
    240.83534128346));
#2816 = CARTESIAN_POINT('',(111.95499648651,110.7805432452,
    240.55198651616));
#2817 = PCURVE('',#874,#2818);
#2818 = DEFINITIONAL_REPRESENTATION('',(#2819),#2882);
#2819 = B_SPLINE_CURVE_WITH_KNOTS('',7,(#2820,#2821,#2822,#2823,#2824,
    #2825,#2826,#2827,#2828,#2829,#2830,#2831,#2832,#2833,#2834,#2835,
    #2836,#2837,#2838,#2839,#2840,#2841,#2842,#2843,#2844,#2845,#2846,
    #2847,#2848,#2849,#2850,#2851,#2852,#2853,#2854,#2855,#2856,#2857,
    #2858,#2859,#2860,#2861,#2862,#2863,#2864,#2865,#2866,#2867,#2868,
    #2869,#2870,#2871,#2872,#2873,#2874,#2875,#2876,#2877,#2878,#2879,
    #2880,#2881),.UNSPECIFIED.,.F.,.F.,(8,6,6,6,6,6,6,6,6,6,8),(0.,
    0.121838691933,0.22425552815,0.309296592151,0.416501877384,
    0.531426523591,0.643352467538,0.737762075506,0.822920870428,
    0.905356470194,1.),.UNSPECIFIED.);
#2820 = CARTESIAN_POINT('',(0.,15.665424776362));
#2821 = CARTESIAN_POINT('',(9.206443966179E-02,15.665424776362));
#2822 = CARTESIAN_POINT('',(0.184050091341,15.666108631664));
#2823 = CARTESIAN_POINT('',(0.276655741804,15.66747434145));
#2824 = CARTESIAN_POINT('',(0.370513392714,15.669493732147));
#2825 = CARTESIAN_POINT('',(0.466281293949,15.67211023137));
#2826 = CARTESIAN_POINT('',(0.564632032797,15.675218074263));
#2827 = CARTESIAN_POINT('',(0.751942643309,15.681511986448));
#2828 = CARTESIAN_POINT('',(0.840654253865,15.684632009058));
#2829 = CARTESIAN_POINT('',(0.932447651778,15.687875576217));
#2830 = CARTESIAN_POINT('',(1.02735672636,15.691070065673));
#2831 = CARTESIAN_POINT('',(1.125515314613,15.693994833765));
#2832 = CARTESIAN_POINT('',(1.227180230023,15.696405278176));
#2833 = CARTESIAN_POINT('',(1.420494891854,15.699467718544));
#2834 = CARTESIAN_POINT('',(1.510032926355,15.7003347831));
#2835 = CARTESIAN_POINT('',(1.600357599167,15.700551099945));
#2836 = CARTESIAN_POINT('',(1.690589909677,15.700058710433));
#2837 = CARTESIAN_POINT('',(1.779888749646,15.698905982889));
#2838 = CARTESIAN_POINT('',(1.867300602457,15.697235557401));
#2839 = CARTESIAN_POINT('',(2.057860001731,15.692689240676));
#2840 = CARTESIAN_POINT('',(2.159534672409,15.689604184732));
#2841 = CARTESIAN_POINT('',(2.257317978443,15.68624223128));
#2842 = CARTESIAN_POINT('',(2.35168517976,15.682848895052));
#2843 = CARTESIAN_POINT('',(2.443040753276,15.679608481272));
#2844 = CARTESIAN_POINT('',(2.531708534248,15.676653079716));
#2845 = CARTESIAN_POINT('',(2.710492233654,15.671299461648));
#2846 = CARTESIAN_POINT('',(2.800671106692,15.668944170915));
#2847 = CARTESIAN_POINT('',(2.889155871014,15.667108420892));
#2848 = CARTESIAN_POINT('',(2.97649026901,15.665850890612));
#2849 = CARTESIAN_POINT('',(3.063187198747,15.665201140213));
#2850 = CARTESIAN_POINT('',(3.149768313119,15.665167724661));
#2851 = CARTESIAN_POINT('',(3.321545848609,15.666291855662));
#2852 = CARTESIAN_POINT('',(3.406618901227,15.66741766406));
#2853 = CARTESIAN_POINT('',(3.492560385017,15.669099995605));
#2854 = CARTESIAN_POINT('',(3.579879318928,15.671304806266));
#2855 = CARTESIAN_POINT('',(3.669105310213,15.673973889327));
#2856 = CARTESIAN_POINT('',(3.760786507766,15.677008461685));
#2857 = CARTESIAN_POINT('',(3.935558622503,15.682989833209));
#2858 = CARTESIAN_POINT('',(4.018367872601,15.685897265934));
#2859 = CARTESIAN_POINT('',(4.103904282163,15.68886636478));
#2860 = CARTESIAN_POINT('',(4.192153653795,15.691750603463));
#2861 = CARTESIAN_POINT('',(4.283185646503,15.694371631642));
#2862 = CARTESIAN_POINT('',(4.377164879335,15.69653822198));
#2863 = CARTESIAN_POINT('',(4.562087546231,15.699467718556));
#2864 = CARTESIAN_POINT('',(4.651625578147,15.700334783092));
#2865 = CARTESIAN_POINT('',(4.741950253753,15.700551099931));
#2866 = CARTESIAN_POINT('',(4.832182564374,15.70005871044));
#2867 = CARTESIAN_POINT('',(4.921481401575,15.698905982906));
#2868 = CARTESIAN_POINT('',(5.008893256694,15.697235557385));
#2869 = CARTESIAN_POINT('',(5.174787355609,15.693277698999));
#2870 = CARTESIAN_POINT('',(5.256390218145,15.690942091075));
#2871 = CARTESIAN_POINT('',(5.337987137631,15.688302381586));
#2872 = CARTESIAN_POINT('',(5.419584804945,15.685468899409));
#2873 = CARTESIAN_POINT('',(5.501186864489,15.682567145917));
#2874 = CARTESIAN_POINT('',(5.582788767254,15.679725208483));
#2875 = CARTESIAN_POINT('',(5.758068628676,15.673997976238));
#2876 = CARTESIAN_POINT('',(5.849016836672,15.671257759571));
#2877 = CARTESIAN_POINT('',(5.937877632262,15.668968554648));
#2878 = CARTESIAN_POINT('',(6.025203418756,15.667207937135));
#2879 = CARTESIAN_POINT('',(6.111510415569,15.666019674959));
#2880 = CARTESIAN_POINT('',(6.19732022618,15.665424776362));
#2881 = CARTESIAN_POINT('',(6.28318530718,15.665424776362));
#2882 = ( GEOMETRIC_REPRESENTATION_CONTEXT(2) 
PARAMETRIC_REPRESENTATION_CONTEXT() REPRESENTATION_CONTEXT('2D SPACE',''
  ) );
#2883 = PCURVE('',#2322,#2884);
#2884 = DEFINITIONAL_REPRESENTATION('',(#2885),#2948);
#2885 = B_SPLINE_CURVE_WITH_KNOTS('',7,(#2886,#2887,#2888,#2889,#2890,
    #2891,#2892,#2893,#2894,#2895,#2896,#2897,#2898,#2899,#2900,#2901,
    #2902,#2903,#2904,#2905,#2906,#2907,#2908,#2909,#2910,#2911,#2912,
    #2913,#2914,#2915,#2916,#2917,#2918,#2919,#2920,#2921,#2922,#2923,
    #2924,#2925,#2926,#2927,#2928,#2929,#2930,#2931,#2932,#2933,#2934,
    #2935,#2936,#2937,#2938,#2939,#2940,#2941,#2942,#2943,#2944,#2945,
    #2946,#2947),.UNSPECIFIED.,.T.,.F.,(8,6,6,6,6,6,6,6,6,6,8),(0.,
    0.121838691933,0.22425552815,0.309296592151,0.416501877384,
    0.531426523591,0.643352467538,0.737762075506,0.822920870428,
    0.905356470194,1.),.UNSPECIFIED.);
#2886 = CARTESIAN_POINT('',(0.780125352608,35.));
#2887 = CARTESIAN_POINT('',(0.780125352608,34.696187349116));
#2888 = CARTESIAN_POINT('',(0.78033258236,34.39263433452));
#2889 = CARTESIAN_POINT('',(0.780746429321,34.091243330526));
#2890 = CARTESIAN_POINT('',(0.781371286742,33.794095246002));
#2891 = CARTESIAN_POINT('',(0.782215574772,33.503821007955));
#2892 = CARTESIAN_POINT('',(0.783290590926,33.224054887571));
#2893 = CARTESIAN_POINT('',(0.785716948801,32.738175806836));
#2894 = CARTESIAN_POINT('',(0.787006681305,32.525477426658));
#2895 = CARTESIAN_POINT('',(0.788482477886,32.327167498741));
#2896 = CARTESIAN_POINT('',(0.790143399707,32.148746822267));
#2897 = CARTESIAN_POINT('',(0.79198314322,31.996022359021));
#2898 = CARTESIAN_POINT('',(0.79398896793,31.875192054735));
#2899 = CARTESIAN_POINT('',(0.7979252439,31.724792380392));
#2900 = CARTESIAN_POINT('',(0.799792728228,31.683906278648));
#2901 = CARTESIAN_POINT('',(0.801701438064,31.674217790372));
#2902 = CARTESIAN_POINT('',(0.80360628989,31.697040534829));
#2903 = CARTESIAN_POINT('',(0.805461966816,31.751186328536));
#2904 = CARTESIAN_POINT('',(0.807226846704,31.832999378701));
#2905 = CARTESIAN_POINT('',(0.810933628795,32.066717833836));
#2906 = CARTESIAN_POINT('',(0.812808859412,32.231780318526));
#2907 = CARTESIAN_POINT('',(0.814483682045,32.423755743507));
#2908 = CARTESIAN_POINT('',(0.815957673668,32.63634259855));
#2909 = CARTESIAN_POINT('',(0.81723479418,32.864335533096));
#2910 = CARTESIAN_POINT('',(0.818321466392,33.103406511135));
#2911 = CARTESIAN_POINT('',(0.820194746897,33.614349555181));
#2912 = CARTESIAN_POINT('',(0.820958492346,33.888538104084));
#2913 = CARTESIAN_POINT('',(0.821526176987,34.169185246821));
#2914 = CARTESIAN_POINT('',(0.821905088342,34.453844016504));
#2915 = CARTESIAN_POINT('',(0.822099799965,34.740612636825));
#2916 = CARTESIAN_POINT('',(0.82211164576,35.027805725407));
#2917 = CARTESIAN_POINT('',(0.821769450516,35.592104779985));
#2918 = CARTESIAN_POINT('',(0.82142514956,35.868946121257));
#2919 = CARTESIAN_POINT('',(0.820903886032,36.142707711551));
#2920 = CARTESIAN_POINT('',(0.820200651523,36.411598300532));
#2921 = CARTESIAN_POINT('',(0.819307722602,36.67329006505));
#2922 = CARTESIAN_POINT('',(0.818215646731,36.924600561691));
#2923 = CARTESIAN_POINT('',(0.815817316799,37.360477601053));
#2924 = CARTESIAN_POINT('',(0.81456283465,37.550878126275));
#2925 = CARTESIAN_POINT('',(0.813149126725,37.727815471142));
#2926 = CARTESIAN_POINT('',(0.811578545106,37.886713366443));
#2927 = CARTESIAN_POINT('',(0.809857831067,38.022854510269));
#2928 = CARTESIAN_POINT('',(0.807998687905,38.131336955594));
#2929 = CARTESIAN_POINT('',(0.804233289859,38.27520762022));
#2930 = CARTESIAN_POINT('',(0.802365805583,38.316093720992));
#2931 = CARTESIAN_POINT('',(0.800457095691,38.325782208934));
#2932 = CARTESIAN_POINT('',(0.798552243862,38.302959465511));
#2933 = CARTESIAN_POINT('',(0.796696566992,38.24881367236));
#2934 = CARTESIAN_POINT('',(0.794931687058,38.167000620505));
#2935 = CARTESIAN_POINT('',(0.791704697063,37.963533813504));
#2936 = CARTESIAN_POINT('',(0.790177822423,37.83964950899));
#2937 = CARTESIAN_POINT('',(0.78872879683,37.693062233942));
#2938 = CARTESIAN_POINT('',(0.787373753711,37.525242461944));
#2939 = CARTESIAN_POINT('',(0.786127457777,37.338017008112));
#2940 = CARTESIAN_POINT('',(0.785002984108,37.133531402661));
#2941 = CARTESIAN_POINT('',(0.782872397122,36.662361494683));
#2942 = CARTESIAN_POINT('',(0.781941650446,36.398286648317));
#2943 = CARTESIAN_POINT('',(0.781208967179,36.125880871658));
#2944 = CARTESIAN_POINT('',(0.780665731792,35.847933955515));
#2945 = CARTESIAN_POINT('',(0.780305613769,35.566524679025));
#2946 = CARTESIAN_POINT('',(0.780125352608,35.283354767298));
#2947 = CARTESIAN_POINT('',(0.780125352608,35.));
#2948 = ( GEOMETRIC_REPRESENTATION_CONTEXT(2) 
PARAMETRIC_REPRESENTATION_CONTEXT() REPRESENTATION_CONTEXT('2D SPACE',''
  ) );
#2949 = ORIENTED_EDGE('',*,*,#2729,.T.);
#2950 = ADVANCED_FACE('',(#2951),#1081,.F.);
#2951 = FACE_BOUND('',#2952,.F.);
#2952 = EDGE_LOOP('',(#2953,#2954,#2977,#3175));
#2953 = ORIENTED_EDGE('',*,*,#947,.F.);
#2954 = ORIENTED_EDGE('',*,*,#2955,.F.);
#2955 = EDGE_CURVE('',#2956,#948,#2958,.T.);
#2956 = VERTEX_POINT('',#2957);
#2957 = CARTESIAN_POINT('',(153.95699538599,33.21887372739,
    336.55198651616));
#2958 = SEAM_CURVE('',#2959,(#2963,#2970),.PCURVE_S1.);
#2959 = LINE('',#2960,#2961);
#2960 = CARTESIAN_POINT('',(138.57810242451,30.236394104158,
    336.55198651616));
#2961 = VECTOR('',#2962,1.);
#2962 = DIRECTION('',(0.981709285323,0.190386131612,0.));
#2963 = PCURVE('',#1081,#2964);
#2964 = DEFINITIONAL_REPRESENTATION('',(#2965),#2969);
#2965 = LINE('',#2966,#2967);
#2966 = CARTESIAN_POINT('',(6.28318530718,-0.));
#2967 = VECTOR('',#2968,1.);
#2968 = DIRECTION('',(0.,1.));
#2969 = ( GEOMETRIC_REPRESENTATION_CONTEXT(2) 
PARAMETRIC_REPRESENTATION_CONTEXT() REPRESENTATION_CONTEXT('2D SPACE',''
  ) );
#2970 = PCURVE('',#1081,#2971);
#2971 = DEFINITIONAL_REPRESENTATION('',(#2972),#2976);
#2972 = LINE('',#2973,#2974);
#2973 = CARTESIAN_POINT('',(0.,-0.));
#2974 = VECTOR('',#2975,1.);
#2975 = DIRECTION('',(0.,1.));
#2976 = ( GEOMETRIC_REPRESENTATION_CONTEXT(2) 
PARAMETRIC_REPRESENTATION_CONTEXT() REPRESENTATION_CONTEXT('2D SPACE',''
  ) );
#2977 = ORIENTED_EDGE('',*,*,#2978,.T.);
#2978 = EDGE_CURVE('',#2956,#2956,#2979,.T.);
#2979 = SURFACE_CURVE('',#2980,(#3043,#3109),.PCURVE_S1.);
#2980 = B_SPLINE_CURVE_WITH_KNOTS('',7,(#2981,#2982,#2983,#2984,#2985,
    #2986,#2987,#2988,#2989,#2990,#2991,#2992,#2993,#2994,#2995,#2996,
    #2997,#2998,#2999,#3000,#3001,#3002,#3003,#3004,#3005,#3006,#3007,
    #3008,#3009,#3010,#3011,#3012,#3013,#3014,#3015,#3016,#3017,#3018,
    #3019,#3020,#3021,#3022,#3023,#3024,#3025,#3026,#3027,#3028,#3029,
    #3030,#3031,#3032,#3033,#3034,#3035,#3036,#3037,#3038,#3039,#3040,
    #3041,#3042),.UNSPECIFIED.,.T.,.F.,(8,6,6,6,6,6,6,6,6,6,8),(0.,
    0.121838693686,0.22425553061,0.309296593067,0.416501877175,
    0.531426523417,0.643352466188,0.737762073282,0.822920869401,
    0.905356470323,1.),.UNSPECIFIED.);
#2981 = CARTESIAN_POINT('',(153.95699538599,33.218873727389,
    336.55198651616));
#2982 = CARTESIAN_POINT('',(153.95699538599,33.218873727389,
    336.85579917466));
#2983 = CARTESIAN_POINT('',(153.96387932257,33.186969254748,
    337.15935216339));
#2984 = CARTESIAN_POINT('',(153.97762686458,33.123254634809,
    337.46074319829));
#2985 = CARTESIAN_POINT('',(153.99834224145,33.027044440404,
    337.75789127755));
#2986 = CARTESIAN_POINT('',(154.02622265915,32.89702464333,
    338.04816549303));
#2987 = CARTESIAN_POINT('',(154.06150352412,32.731425871704,
    338.32793163532));
#2988 = CARTESIAN_POINT('',(154.14042876575,32.3575134972,338.813810702)
  );
#2989 = CARTESIAN_POINT('',(154.18216087035,32.158713451448,
    339.02650910377));
#2990 = CARTESIAN_POINT('',(154.22959382701,31.931166377646,
    339.22481901158));
#2991 = CARTESIAN_POINT('',(154.2825304302,31.674982457957,
    339.40323968476));
#2992 = CARTESIAN_POINT('',(154.34056534802,31.391092823542,
    339.55596416741));
#2993 = CARTESIAN_POINT('',(154.4030764555,31.081420632782,
    339.67679445863));
#2994 = CARTESIAN_POINT('',(154.52411389024,30.47338720018,
    339.82719413638));
#2995 = CARTESIAN_POINT('',(154.58096299991,30.184804025439,
    339.86808023715));
#2996 = CARTESIAN_POINT('',(154.63840980911,29.88972082431,
    339.8777687251));
#2997 = CARTESIAN_POINT('',(154.69504515556,29.595099391013,
    339.85494598167));
#2998 = CARTESIAN_POINT('',(154.74955726862,29.307957808681,
    339.80080018852));
#2999 = CARTESIAN_POINT('',(154.80083788611,29.034759947945,
    339.71898713667));
#3000 = CARTESIAN_POINT('',(154.90752223896,28.460772044648,
    339.48526868233));
#3001 = CARTESIAN_POINT('',(154.96072106185,28.170252804232,
    339.32020619764));
#3002 = CARTESIAN_POINT('',(155.00763762832,27.910673065005,
    339.12823077265));
#3003 = CARTESIAN_POINT('',(155.04850057611,27.682143438784,
    338.91564391761));
#3004 = CARTESIAN_POINT('',(155.08361000678,27.484084538445,
    338.68765098307));
#3005 = CARTESIAN_POINT('',(155.1132885683,27.315526457515,
    338.44858000503));
#3006 = CARTESIAN_POINT('',(155.16419546794,27.024909731932,
    337.93763695812));
#3007 = CARTESIAN_POINT('',(155.18478041954,26.906394120612,
    337.6634484189));
#3008 = CARTESIAN_POINT('',(155.19999715113,26.81828814029,
    337.38280126515));
#3009 = CARTESIAN_POINT('',(155.21012206328,26.759474767236,
    337.09814249556));
#3010 = CARTESIAN_POINT('',(155.21532147451,26.729251659149,
    336.81137388627));
#3011 = CARTESIAN_POINT('',(155.21564382038,26.727413996453,
    336.52418078776));
#3012 = CARTESIAN_POINT('',(155.20648861902,26.780526463624,
    335.95988174211));
#3013 = CARTESIAN_POINT('',(155.19727191557,26.833964871618,
    335.68304038071));
#3014 = CARTESIAN_POINT('',(155.1832962443,26.914865605958,
    335.40927881459));
#3015 = CARTESIAN_POINT('',(155.16437784146,27.023997410681,
    335.14038822099));
#3016 = CARTESIAN_POINT('',(155.1402276968,27.162544816731,
    334.87869643971));
#3017 = CARTESIAN_POINT('',(155.1104650249,27.331952447417,
    334.62738595955));
#3018 = CARTESIAN_POINT('',(155.04443012864,27.703872617611,
    334.19150891057));
#3019 = CARTESIAN_POINT('',(155.0096717629,27.898372304122,
    334.00110839872));
#3020 = CARTESIAN_POINT('',(154.97019907034,28.117504903209,
    333.8241710414));
#3021 = CARTESIAN_POINT('',(154.92593844771,28.360880313567,
    333.66527314407));
#3022 = CARTESIAN_POINT('',(154.87691674445,28.627423306087,
    333.52913201227));
#3023 = CARTESIAN_POINT('',(154.82329713439,28.915288073849,
    333.42064955881));
#3024 = CARTESIAN_POINT('',(154.71326589528,29.498041579611,
    333.27677889594));
#3025 = CARTESIAN_POINT('',(154.65811919623,29.78695490848,
    333.23589279517));
#3026 = CARTESIAN_POINT('',(154.60109710752,30.082120477062,
    333.22620430723));
#3027 = CARTESIAN_POINT('',(154.54349499441,30.376554422096,
    333.24902705065));
#3028 = CARTESIAN_POINT('',(154.4867195947,30.663257077755,
    333.3031728438));
#3029 = CARTESIAN_POINT('',(154.43215923272,30.935818886788,
    333.38498589565));
#3030 = CARTESIAN_POINT('',(154.331512773,31.434004888317,
    333.58845270266));
#3031 = CARTESIAN_POINT('',(154.28343737787,31.669633678582,
    333.71233700717));
#3032 = CARTESIAN_POINT('',(154.23739852849,31.893163911948,
    333.85892428222));
#3033 = CARTESIAN_POINT('',(154.19398828874,32.102122163957,
    334.02674405422));
#3034 = CARTESIAN_POINT('',(154.1537724445,32.29425020345,
    334.21396950805));
#3035 = CARTESIAN_POINT('',(154.11726855167,32.467552075967,
    334.4184551135));
#3036 = CARTESIAN_POINT('',(154.04776799204,32.795843385793,
    334.8896250176));
#3037 = CARTESIAN_POINT('',(154.01717353606,32.939208054719,
    335.15369987724));
#3038 = CARTESIAN_POINT('',(153.99296040771,33.052036903718,
    335.42610563862));
#3039 = CARTESIAN_POINT('',(153.97494608681,33.135678545531,
    335.70405255503));
#3040 = CARTESIAN_POINT('',(153.96298349389,33.191121272338,
    335.98546184684));
#3041 = CARTESIAN_POINT('',(153.95699538599,33.218873727389,
    336.26863174462));
#3042 = CARTESIAN_POINT('',(153.95699538599,33.218873727389,
    336.55198651616));
#3043 = PCURVE('',#1081,#3044);
#3044 = DEFINITIONAL_REPRESENTATION('',(#3045),#3108);
#3045 = B_SPLINE_CURVE_WITH_KNOTS('',7,(#3046,#3047,#3048,#3049,#3050,
    #3051,#3052,#3053,#3054,#3055,#3056,#3057,#3058,#3059,#3060,#3061,
    #3062,#3063,#3064,#3065,#3066,#3067,#3068,#3069,#3070,#3071,#3072,
    #3073,#3074,#3075,#3076,#3077,#3078,#3079,#3080,#3081,#3082,#3083,
    #3084,#3085,#3086,#3087,#3088,#3089,#3090,#3091,#3092,#3093,#3094,
    #3095,#3096,#3097,#3098,#3099,#3100,#3101,#3102,#3103,#3104,#3105,
    #3106,#3107),.UNSPECIFIED.,.F.,.F.,(8,6,6,6,6,6,6,6,6,6,8),(0.,
    0.121838693686,0.22425553061,0.309296593067,0.416501877175,
    0.531426523417,0.643352466188,0.737762073282,0.822920869401,
    0.905356470323,1.),.UNSPECIFIED.);
#3046 = CARTESIAN_POINT('',(0.,15.665424776362));
#3047 = CARTESIAN_POINT('',(9.206444196998E-02,15.665424776362));
#3048 = CARTESIAN_POINT('',(0.184050086052,15.66610863169));
#3049 = CARTESIAN_POINT('',(0.276655744701,15.667474341317));
#3050 = CARTESIAN_POINT('',(0.370513396566,15.669493732404));
#3051 = CARTESIAN_POINT('',(0.466281287932,15.672110231139));
#3052 = CARTESIAN_POINT('',(0.564632035392,15.67521807435));
#3053 = CARTESIAN_POINT('',(0.751942640487,15.681511986353));
#3054 = CARTESIAN_POINT('',(0.840654261154,15.684632009265));
#3055 = CARTESIAN_POINT('',(0.932447646866,15.687875576112));
#3056 = CARTESIAN_POINT('',(1.027356722027,15.691070065542));
#3057 = CARTESIAN_POINT('',(1.12551532261,15.693994833939));
#3058 = CARTESIAN_POINT('',(1.227180226426,15.696405278119));
#3059 = CARTESIAN_POINT('',(1.420494892643,15.699467718556));
#3060 = CARTESIAN_POINT('',(1.510032924555,15.700334783092));
#3061 = CARTESIAN_POINT('',(1.600357600161,15.700551099931));
#3062 = CARTESIAN_POINT('',(1.690589910786,15.70005871044));
#3063 = CARTESIAN_POINT('',(1.779888747988,15.698905982906));
#3064 = CARTESIAN_POINT('',(1.867300603102,15.697235557385));
#3065 = CARTESIAN_POINT('',(2.057860001731,15.692689240676));
#3066 = CARTESIAN_POINT('',(2.159534672409,15.689604184732));
#3067 = CARTESIAN_POINT('',(2.257317978443,15.68624223128));
#3068 = CARTESIAN_POINT('',(2.35168517976,15.682848895051));
#3069 = CARTESIAN_POINT('',(2.443040753276,15.679608481272));
#3070 = CARTESIAN_POINT('',(2.531708534248,15.676653079716));
#3071 = CARTESIAN_POINT('',(2.710492234655,15.671299461618));
#3072 = CARTESIAN_POINT('',(2.800671104422,15.66894417096));
#3073 = CARTESIAN_POINT('',(2.889155872318,15.667108420888));
#3074 = CARTESIAN_POINT('',(2.97649027038,15.665850890582));
#3075 = CARTESIAN_POINT('',(3.063187196557,15.665201140225));
#3076 = CARTESIAN_POINT('',(3.149768314032,15.665167724667));
#3077 = CARTESIAN_POINT('',(3.321545846803,15.66629185565));
#3078 = CARTESIAN_POINT('',(3.406618905345,15.66741766407));
#3079 = CARTESIAN_POINT('',(3.492560382797,15.669099995677));
#3080 = CARTESIAN_POINT('',(3.579879315866,15.671304806079));
#3081 = CARTESIAN_POINT('',(3.669105314947,15.673973889509));
#3082 = CARTESIAN_POINT('',(3.760786505727,15.677008461616));
#3083 = CARTESIAN_POINT('',(3.935558624324,15.682989833272));
#3084 = CARTESIAN_POINT('',(4.01836786795,15.6858972658));
#3085 = CARTESIAN_POINT('',(4.103904285263,15.688866364846));
#3086 = CARTESIAN_POINT('',(4.192153656563,15.691750603548));
#3087 = CARTESIAN_POINT('',(4.283185641447,15.694371631531));
#3088 = CARTESIAN_POINT('',(4.377164881598,15.696538222016));
#3089 = CARTESIAN_POINT('',(4.562087546232,15.699467718556));
#3090 = CARTESIAN_POINT('',(4.651625578145,15.700334783092));
#3091 = CARTESIAN_POINT('',(4.741950253752,15.700551099931));
#3092 = CARTESIAN_POINT('',(4.832182564375,15.70005871044));
#3093 = CARTESIAN_POINT('',(4.921481401577,15.698905982906));
#3094 = CARTESIAN_POINT('',(5.008893256692,15.697235557385));
#3095 = CARTESIAN_POINT('',(5.174787355609,15.693277698999));
#3096 = CARTESIAN_POINT('',(5.256390218145,15.690942091075));
#3097 = CARTESIAN_POINT('',(5.337987137631,15.688302381586));
#3098 = CARTESIAN_POINT('',(5.419584804946,15.685468899409));
#3099 = CARTESIAN_POINT('',(5.501186864489,15.682567145917));
#3100 = CARTESIAN_POINT('',(5.582788767254,15.679725208483));
#3101 = CARTESIAN_POINT('',(5.758068627234,15.673997976285));
#3102 = CARTESIAN_POINT('',(5.849016839925,15.671257759494));
#3103 = CARTESIAN_POINT('',(5.937877630413,15.668968554665));
#3104 = CARTESIAN_POINT('',(6.02520341679,15.667207937187));
#3105 = CARTESIAN_POINT('',(6.111510418679,15.666019674924));
#3106 = CARTESIAN_POINT('',(6.197320224894,15.665424776362));
#3107 = CARTESIAN_POINT('',(6.28318530718,15.665424776362));
#3108 = ( GEOMETRIC_REPRESENTATION_CONTEXT(2) 
PARAMETRIC_REPRESENTATION_CONTEXT() REPRESENTATION_CONTEXT('2D SPACE',''
  ) );
#3109 = PCURVE('',#2322,#3110);
#3110 = DEFINITIONAL_REPRESENTATION('',(#3111),#3174);
#3111 = B_SPLINE_CURVE_WITH_KNOTS('',7,(#3112,#3113,#3114,#3115,#3116,
    #3117,#3118,#3119,#3120,#3121,#3122,#3123,#3124,#3125,#3126,#3127,
    #3128,#3129,#3130,#3131,#3132,#3133,#3134,#3135,#3136,#3137,#3138,
    #3139,#3140,#3141,#3142,#3143,#3144,#3145,#3146,#3147,#3148,#3149,
    #3150,#3151,#3152,#3153,#3154,#3155,#3156,#3157,#3158,#3159,#3160,
    #3161,#3162,#3163,#3164,#3165,#3166,#3167,#3168,#3169,#3170,#3171,
    #3172,#3173),.UNSPECIFIED.,.T.,.F.,(8,6,6,6,6,6,6,6,6,6,8),(0.,
    0.121838693686,0.22425553061,0.309296593067,0.416501877175,
    0.531426523417,0.643352466188,0.737762073282,0.822920869401,
    0.905356470323,1.),.UNSPECIFIED.);
#3112 = CARTESIAN_POINT('',(0.212509371643,131.));
#3113 = CARTESIAN_POINT('',(0.212509371643,131.3038126585));
#3114 = CARTESIAN_POINT('',(0.212302141879,131.60736564723));
#3115 = CARTESIAN_POINT('',(0.211888294983,131.90875668212));
#3116 = CARTESIAN_POINT('',(0.21126343741,132.20590476139));
#3117 = CARTESIAN_POINT('',(0.210419149567,132.49617897687));
#3118 = CARTESIAN_POINT('',(0.209344133291,132.77594511916));
#3119 = CARTESIAN_POINT('',(0.206917775486,133.26182418584));
#3120 = CARTESIAN_POINT('',(0.205628042831,133.47452258761));
#3121 = CARTESIAN_POINT('',(0.204152246458,133.67283249542));
#3122 = CARTESIAN_POINT('',(0.20249132461,133.85125316859));
#3123 = CARTESIAN_POINT('',(0.200651580883,134.00397765125));
#3124 = CARTESIAN_POINT('',(0.198645756394,134.12480794246));
#3125 = CARTESIAN_POINT('',(0.194709480335,134.27520762022));
#3126 = CARTESIAN_POINT('',(0.19284199606,134.31609372098));
#3127 = CARTESIAN_POINT('',(0.190933286167,134.32578220893));
#3128 = CARTESIAN_POINT('',(0.189028434338,134.30295946551));
#3129 = CARTESIAN_POINT('',(0.187172757468,134.24881367235));
#3130 = CARTESIAN_POINT('',(0.185407877534,134.1670006205));
#3131 = CARTESIAN_POINT('',(0.181701095456,133.93328216616));
#3132 = CARTESIAN_POINT('',(0.179825864839,133.76821968147));
#3133 = CARTESIAN_POINT('',(0.178151042206,133.57624425649));
#3134 = CARTESIAN_POINT('',(0.176677050583,133.36365740145));
#3135 = CARTESIAN_POINT('',(0.175399930071,133.1356644669));
#3136 = CARTESIAN_POINT('',(0.174313257859,132.89659348886));
#3137 = CARTESIAN_POINT('',(0.172439977343,132.38565044196));
#3138 = CARTESIAN_POINT('',(0.171676231921,132.11146190274));
#3139 = CARTESIAN_POINT('',(0.171108547263,131.83081474898));
#3140 = CARTESIAN_POINT('',(0.170729635898,131.5461559794));
#3141 = CARTESIAN_POINT('',(0.170534924291,131.25938737011));
#3142 = CARTESIAN_POINT('',(0.170523078492,130.97219427159));
#3143 = CARTESIAN_POINT('',(0.170865273731,130.40789522594));
#3144 = CARTESIAN_POINT('',(0.171209574691,130.13105386454));
#3145 = CARTESIAN_POINT('',(0.171730838252,129.85729229842));
#3146 = CARTESIAN_POINT('',(0.172434072652,129.58840170482));
#3147 = CARTESIAN_POINT('',(0.173327001721,129.32670992354));
#3148 = CARTESIAN_POINT('',(0.174419077492,129.07539944339));
#3149 = CARTESIAN_POINT('',(0.176817407477,128.6395223944));
#3150 = CARTESIAN_POINT('',(0.178071889526,128.44912188255));
#3151 = CARTESIAN_POINT('',(0.179485597585,128.27218452524));
#3152 = CARTESIAN_POINT('',(0.181056179189,128.11328662791));
#3153 = CARTESIAN_POINT('',(0.182776893089,127.9771454961));
#3154 = CARTESIAN_POINT('',(0.184636036392,127.86866304264));
#3155 = CARTESIAN_POINT('',(0.188401434392,127.72479237977));
#3156 = CARTESIAN_POINT('',(0.190268918667,127.68390627901));
#3157 = CARTESIAN_POINT('',(0.19217762856,127.67421779106));
#3158 = CARTESIAN_POINT('',(0.194082480389,127.69704053448));
#3159 = CARTESIAN_POINT('',(0.195938157259,127.75118632764));
#3160 = CARTESIAN_POINT('',(0.197703037193,127.83299937949));
#3161 = CARTESIAN_POINT('',(0.200930027188,128.03646618649));
#3162 = CARTESIAN_POINT('',(0.202456901828,128.160350491));
#3163 = CARTESIAN_POINT('',(0.203905927421,128.30693776605));
#3164 = CARTESIAN_POINT('',(0.20526097054,128.47475753805));
#3165 = CARTESIAN_POINT('',(0.206507266474,128.66198299188));
#3166 = CARTESIAN_POINT('',(0.207631740143,128.86646859733));
#3167 = CARTESIAN_POINT('',(0.209762327111,129.33763850144));
#3168 = CARTESIAN_POINT('',(0.210693073834,129.60171336107));
#3169 = CARTESIAN_POINT('',(0.211425757066,129.87411912246));
#3170 = CARTESIAN_POINT('',(0.21196899244,130.15206603886));
#3171 = CARTESIAN_POINT('',(0.212329110495,130.43347533068));
#3172 = CARTESIAN_POINT('',(0.212509371643,130.71664522845));
#3173 = CARTESIAN_POINT('',(0.212509371643,131.));
#3174 = ( GEOMETRIC_REPRESENTATION_CONTEXT(2) 
PARAMETRIC_REPRESENTATION_CONTEXT() REPRESENTATION_CONTEXT('2D SPACE',''
  ) );
#3175 = ORIENTED_EDGE('',*,*,#2955,.T.);
#3176 = ADVANCED_FACE('',(#3177),#1546,.F.);
#3177 = FACE_BOUND('',#3178,.F.);
#3178 = EDGE_LOOP('',(#3179,#3180,#3203,#3767));
#3179 = ORIENTED_EDGE('',*,*,#1154,.F.);
#3180 = ORIENTED_EDGE('',*,*,#3181,.F.);
#3181 = EDGE_CURVE('',#3182,#1155,#3184,.T.);
#3182 = VERTEX_POINT('',#3183);
#3183 = CARTESIAN_POINT('',(138.49638984464,75.,328.96239321882));
#3184 = SEAM_CURVE('',#3185,(#3189,#3196),.PCURVE_S1.);
#3185 = LINE('',#3186,#3187);
#3186 = CARTESIAN_POINT('',(94.743071468191,75.,309.34121412718));
#3187 = VECTOR('',#3188,1.);
#3188 = DIRECTION('',(0.912449978688,1.774143879294E-17,0.409188265218)
  );
#3189 = PCURVE('',#1546,#3190);
#3190 = DEFINITIONAL_REPRESENTATION('',(#3191),#3195);
#3191 = LINE('',#3192,#3193);
#3192 = CARTESIAN_POINT('',(6.28318530718,-0.));
#3193 = VECTOR('',#3194,1.);
#3194 = DIRECTION('',(0.,1.));
#3195 = ( GEOMETRIC_REPRESENTATION_CONTEXT(2) 
PARAMETRIC_REPRESENTATION_CONTEXT() REPRESENTATION_CONTEXT('2D SPACE',''
  ) );
#3196 = PCURVE('',#1546,#3197);
#3197 = DEFINITIONAL_REPRESENTATION('',(#3198),#3202);
#3198 = LINE('',#3199,#3200);
#3199 = CARTESIAN_POINT('',(0.,-0.));
#3200 = VECTOR('',#3201,1.);
#3201 = DIRECTION('',(0.,1.));
#3202 = ( GEOMETRIC_REPRESENTATION_CONTEXT(2) 
PARAMETRIC_REPRESENTATION_CONTEXT() REPRESENTATION_CONTEXT('2D SPACE',''
  ) );
#3203 = ORIENTED_EDGE('',*,*,#3204,.T.);
#3204 = EDGE_CURVE('',#3182,#3182,#3205,.T.);
#3205 = SURFACE_CURVE('',#3206,(#3391,#3579),.PCURVE_S1.);
#3206 = B_SPLINE_CURVE_WITH_KNOTS('',8,(#3207,#3208,#3209,#3210,#3211,
    #3212,#3213,#3214,#3215,#3216,#3217,#3218,#3219,#3220,#3221,#3222,
    #3223,#3224,#3225,#3226,#3227,#3228,#3229,#3230,#3231,#3232,#3233,
    #3234,#3235,#3236,#3237,#3238,#3239,#3240,#3241,#3242,#3243,#3244,
    #3245,#3246,#3247,#3248,#3249,#3250,#3251,#3252,#3253,#3254,#3255,
    #3256,#3257,#3258,#3259,#3260,#3261,#3262,#3263,#3264,#3265,#3266,
    #3267,#3268,#3269,#3270,#3271,#3272,#3273,#3274,#3275,#3276,#3277,
    #3278,#3279,#3280,#3281,#3282,#3283,#3284,#3285,#3286,#3287,#3288,
    #3289,#3290,#3291,#3292,#3293,#3294,#3295,#3296,#3297,#3298,#3299,
    #3300,#3301,#3302,#3303,#3304,#3305,#3306,#3307,#3308,#3309,#3310,
    #3311,#3312,#3313,#3314,#3315,#3316,#3317,#3318,#3319,#3320,#3321,
    #3322,#3323,#3324,#3325,#3326,#3327,#3328,#3329,#3330,#3331,#3332,
    #3333,#3334,#3335,#3336,#3337,#3338,#3339,#3340,#3341,#3342,#3343,
    #3344,#3345,#3346,#3347,#3348,#3349,#3350,#3351,#3352,#3353,#3354,
    #3355,#3356,#3357,#3358,#3359,#3360,#3361,#3362,#3363,#3364,#3365,
    #3366,#3367,#3368,#3369,#3370,#3371,#3372,#3373,#3374,#3375,#3376,
    #3377,#3378,#3379,#3380,#3381,#3382,#3383,#3384,#3385,#3386,#3387,
    #3388,#3389,#3390),.UNSPECIFIED.,.T.,.F.,(9,7,7,7,7,7,7,7,7,7,7,7,7,
    7,7,7,7,7,7,7,7,7,7,7,7,7,9),(0.,2.264783801659E-02,
    3.404670506151E-02,5.649565930341E-02,7.827606374032E-02,
    8.941864729632E-02,0.111349880007,0.142327407597,0.169395740628,
    0.192361601074,0.268289599465,0.350454730257,0.387375182839,
    0.445554569917,0.523271966171,0.569790661922,0.589030283958,
    0.620879294856,0.64882418736,0.660535698621,0.711081315758,
    0.774424206496,0.8492160596,0.898809178112,0.939612271089,
    0.967770572016,1.),.UNSPECIFIED.);
#3207 = CARTESIAN_POINT('',(138.49638984464,75.,328.96239321882));
#3208 = CARTESIAN_POINT('',(138.8784417154,74.294495935555,
    329.13372441053));
#3209 = CARTESIAN_POINT('',(139.26093719599,73.578363957021,
    329.28888044281));
#3210 = CARTESIAN_POINT('',(139.64360130232,72.851702827445,
    329.4269264323));
#3211 = CARTESIAN_POINT('',(140.0260926948,72.114740561702,
    329.54685999333));
#3212 = CARTESIAN_POINT('',(140.40800635958,71.367844930313,
    329.6476274025));
#3213 = CARTESIAN_POINT('',(140.78887634319,70.611537299265,
    329.72814731664));
#3214 = CARTESIAN_POINT('',(141.1681785407,69.846509805819,
    329.78734204403));
#3215 = CARTESIAN_POINT('',(141.73515914705,68.684656279437,
    329.8427154269));
#3216 = CARTESIAN_POINT('',(141.92443703685,68.293689324715,
    329.85558975487));
#3217 = CARTESIAN_POINT('',(142.11309054413,67.90086360317,
    329.86266772125));
#3218 = CARTESIAN_POINT('',(142.30103891425,67.506311338333,
    329.86382068838));
#3219 = CARTESIAN_POINT('',(142.48819755927,67.110178858541,
    329.85892489551));
#3220 = CARTESIAN_POINT('',(142.67447831657,66.712627075237,
    329.84786334166));
#3221 = CARTESIAN_POINT('',(142.85978970767,66.313831961262,
    329.83052766839));
#3222 = CARTESIAN_POINT('',(143.40689461398,65.126525587135,
    329.76013019109));
#3223 = CARTESIAN_POINT('',(143.76568021129,64.334868167075,
    329.68871964631));
#3224 = CARTESIAN_POINT('',(144.11960517507,63.540613894953,
    329.5918375817));
#3225 = CARTESIAN_POINT('',(144.46789755238,62.7454740198,
    329.46891256756));
#3226 = CARTESIAN_POINT('',(144.80980994128,61.951268112056,
    329.31958584625));
#3227 = CARTESIAN_POINT('',(145.14462597833,61.15991996389,
    329.14375031731));
#3228 = CARTESIAN_POINT('',(145.47166562325,60.373451191511,
    328.94159523232));
#3229 = CARTESIAN_POINT('',(146.09942396424,58.837707454249,
    328.49250618171));
#3230 = CARTESIAN_POINT('',(146.40070183946,58.087862396085,
    328.24703830801));
#3231 = CARTESIAN_POINT('',(146.69353701437,57.34635940194,
    327.97772164387));
#3232 = CARTESIAN_POINT('',(146.97749445864,56.614917716517,
    327.68524776282));
#3233 = CARTESIAN_POINT('',(147.25226739128,55.895066820685,
    327.37049568648));
#3234 = CARTESIAN_POINT('',(147.51765726214,55.188158145425,
    327.03450022698));
#3235 = CARTESIAN_POINT('',(147.77355628763,54.495375471296,
    326.67842413189));
#3236 = CARTESIAN_POINT('',(148.14597556203,53.471076201897,
    326.11174492674));
#3237 = CARTESIAN_POINT('',(148.26953486729,53.128350090807,
    325.91501862267));
#3238 = CARTESIAN_POINT('',(148.39061084007,52.789689619322,
    325.71351576593));
#3239 = CARTESIAN_POINT('',(148.50921081324,52.455202164385,
    325.5073991018));
#3240 = CARTESIAN_POINT('',(148.62534825422,52.124979643613,
    325.29683223364));
#3241 = CARTESIAN_POINT('',(148.73904195039,51.799099618212,
    325.08197838239));
#3242 = CARTESIAN_POINT('',(148.85031519446,51.477626395905,
    324.86299914607));
#3243 = CARTESIAN_POINT('',(149.17349605022,50.536653289922,
    324.20124316641));
#3244 = CARTESIAN_POINT('',(149.37851816631,49.929988092647,
    323.74708047229));
#3245 = CARTESIAN_POINT('',(149.57447949118,49.340980930297,
    323.27875685582));
#3246 = CARTESIAN_POINT('',(149.7616488861,48.769827695865,
    322.79742519189));
#3247 = CARTESIAN_POINT('',(149.94032784268,48.216586042747,
    322.30417784815));
#3248 = CARTESIAN_POINT('',(150.11083662746,47.681200836351,
    321.80002880364));
#3249 = CARTESIAN_POINT('',(150.27350462896,47.163524801605,
    321.28589958925));
#3250 = CARTESIAN_POINT('',(150.64782640494,45.956823099496,
    320.02346924286));
#3251 = CARTESIAN_POINT('',(150.85198050504,45.285289585508,
    319.26614745681));
#3252 = CARTESIAN_POINT('',(151.04209236764,44.648023142115,
    318.49289036539));
#3253 = CARTESIAN_POINT('',(151.21907197949,44.044218037505,
    317.70571478133));
#3254 = CARTESIAN_POINT('',(151.38377107596,43.472997609456,
    316.90639857585));
#3255 = CARTESIAN_POINT('',(151.53698142292,42.933438388667,
    316.09647176273));
#3256 = CARTESIAN_POINT('',(151.6794344586,42.424594226315,
    315.27720774728));
#3257 = CARTESIAN_POINT('',(151.9274660353,41.526903118828,
    313.72645944397));
#3258 = CARTESIAN_POINT('',(152.03541732334,41.131060090725,
    312.99701987833));
#3259 = CARTESIAN_POINT('',(152.13610044559,40.757377365118,
    312.26201266341));
#3260 = CARTESIAN_POINT('',(152.22991375565,40.405283548652,
    311.52208565722));
#3261 = CARTESIAN_POINT('',(152.31721619794,40.074242139455,
    310.77781952812));
#3262 = CARTESIAN_POINT('',(152.39833227302,39.763746995529,
    310.02972864652));
#3263 = CARTESIAN_POINT('',(152.47355544477,39.473320963095,
    309.27826129582));
#3264 = CARTESIAN_POINT('',(152.6021967953,38.972757274899,
    307.88368327349));
#3265 = CARTESIAN_POINT('',(152.65719026854,38.757128594733,
    307.24142967862));
#3266 = CARTESIAN_POINT('',(152.70829106194,38.555361682707,
    306.59728174278));
#3267 = CARTESIAN_POINT('',(152.75564406935,38.367206349868,
    305.95146641007));
#3268 = CARTESIAN_POINT('',(152.79937969153,38.192430612715,
    305.30419437007));
#3269 = CARTESIAN_POINT('',(152.83961510204,38.030819145902,
    304.65566018418));
#3270 = CARTESIAN_POINT('',(152.87645551304,37.882171734932,
    304.0060424118));
#3271 = CARTESIAN_POINT('',(153.02088262552,37.297098546297,
    301.20474175706));
#3272 = CARTESIAN_POINT('',(153.0956547024,36.98771573239,
    299.04465850785));
#3273 = CARTESIAN_POINT('',(153.13780424079,36.811084169316,
    296.88030240221));
#3274 = CARTESIAN_POINT('',(153.14932184376,36.762527219894,
    294.71640215447));
#3275 = CARTESIAN_POINT('',(153.13127146698,36.838554481466,
    292.55734520198));
#3276 = CARTESIAN_POINT('',(153.08386747846,37.03675022764,
    290.40712098334));
#3277 = CARTESIAN_POINT('',(153.00657921716,37.355606843241,
    288.26936903108));
#3278 = CARTESIAN_POINT('',(152.78055020739,38.270002967257,
    283.85100580189));
#3279 = CARTESIAN_POINT('',(152.62660775635,38.885527609314,
    281.57594136796));
#3280 = CARTESIAN_POINT('',(152.43464373453,39.640111957565,
    279.32697689406));
#3281 = CARTESIAN_POINT('',(152.2021184016,40.5334751022,277.11004039217
    ));
#3282 = CARTESIAN_POINT('',(151.92564469218,41.565656619666,
    274.93200814638));
#3283 = CARTESIAN_POINT('',(151.60099086922,42.736755035438,
    272.80065554368));
#3284 = CARTESIAN_POINT('',(151.22310755278,44.046691635539,
    270.72460695479));
#3285 = CARTESIAN_POINT('',(150.5896630774,46.146133189737,
    267.80963160695));
#3286 = CARTESIAN_POINT('',(150.38135115283,46.824935372161,
    266.91909107461));
#3287 = CARTESIAN_POINT('',(150.16059311072,47.531573578794,
    266.04265702706));
#3288 = CARTESIAN_POINT('',(149.92684353774,48.265931440497,
    265.18131222697));
#3289 = CARTESIAN_POINT('',(149.67953847988,49.02783533754,
    264.33610760087));
#3290 = CARTESIAN_POINT('',(149.41810068477,49.817044414868,
    263.50815623722));
#3291 = CARTESIAN_POINT('',(149.14194605468,50.633241631545,
    262.69862731852));
#3292 = CARTESIAN_POINT('',(148.3912158351,52.804088354725,
    260.66403258072));
#3293 = CARTESIAN_POINT('',(147.89395010011,54.198164351347,
    259.4681035296));
#3294 = CARTESIAN_POINT('',(147.35642259166,55.656651684898,
    258.32575466621));
#3295 = CARTESIAN_POINT('',(146.77643520877,57.177245973349,
    257.24224562122));
#3296 = CARTESIAN_POINT('',(146.15196745186,58.75682442312,
    256.22315643569));
#3297 = CARTESIAN_POINT('',(145.48132226966,60.391352615619,
    255.27423771168));
#3298 = CARTESIAN_POINT('',(144.76331356422,62.075814259167,
    254.40124830133));
#3299 = CARTESIAN_POINT('',(142.97449734222,66.112934093472,
    252.55251924067));
#3300 = CARTESIAN_POINT('',(141.86567513523,68.501174566276,
    251.6401967053));
#3301 = CARTESIAN_POINT('',(140.67068636187,70.95265083496,
    250.88729216505));
#3302 = CARTESIAN_POINT('',(139.39135336224,73.448768436616,
    250.30646422012));
#3303 = CARTESIAN_POINT('',(138.0322468036,75.969003054798,
    249.90828268033));
#3304 = CARTESIAN_POINT('',(136.60128637199,78.491397208608,
    249.700937465));
#3305 = CARTESIAN_POINT('',(135.11021263401,80.993053847988,
    249.69025743477));
#3306 = CARTESIAN_POINT('',(132.6562407745,84.921017871694,
    249.99150750394));
#3307 = CARTESIAN_POINT('',(131.72139455364,86.376196982605,
    250.17567636524));
#3308 = CARTESIAN_POINT('',(130.77381945269,87.810958341108,
    250.43182052417));
#3309 = CARTESIAN_POINT('',(129.81717088635,89.220586462498,
    250.76021051656));
#3310 = CARTESIAN_POINT('',(128.85550794017,90.60047627387,
    251.16079771102));
#3311 = CARTESIAN_POINT('',(127.89329336655,91.946136124549,
    251.63321662424));
#3312 = CARTESIAN_POINT('',(126.93537809429,93.25319012967,
    252.17673858907));
#3313 = CARTESIAN_POINT('',(125.59470526085,95.040240180231,
    253.04383888371));
#3314 = CARTESIAN_POINT('',(125.20407634275,95.555763099019,
    253.30948849751));
#3315 = CARTESIAN_POINT('',(124.81544276205,96.063649469823,
    253.58700282969));
#3316 = CARTESIAN_POINT('',(124.42918342972,96.563600817399,
    253.87628008684));
#3317 = CARTESIAN_POINT('',(124.04568587303,97.055323638603,
    254.17720273205));
#3318 = CARTESIAN_POINT('',(123.66534504968,97.538529938443,
    254.4896355479));
#3319 = CARTESIAN_POINT('',(123.28856216189,98.012937766127,
    254.81342369951));
#3320 = CARTESIAN_POINT('',(122.29858443582,99.248579355445,
    255.702890815));
#3321 = CARTESIAN_POINT('',(121.6922480921,99.994072167045,
    256.28806036308));
#3322 = CARTESIAN_POINT('',(121.09862371802,100.71343979827,
    256.90306447492));
#3323 = CARTESIAN_POINT('',(120.51958866413,101.40548641861,
    257.54692729897));
#3324 = CARTESIAN_POINT('',(119.95698979515,102.06912930911,
    258.21852031734));
#3325 = CARTESIAN_POINT('',(119.41261778024,102.70340324223,
    258.91654225355));
#3326 = CARTESIAN_POINT('',(118.88817423128,103.30747068696,
    259.63949066971));
#3327 = CARTESIAN_POINT('',(117.94394089603,104.38354496304,
    261.0402970981));
#3328 = CARTESIAN_POINT('',(117.51916233838,104.86270936722,
    261.71287934689));
#3329 = CARTESIAN_POINT('',(117.11196980864,105.31764770068,
    262.40219244478));
#3330 = CARTESIAN_POINT('',(116.72329960712,105.74803233403,
    263.10700401608));
#3331 = CARTESIAN_POINT('',(116.35394657749,106.15367471752,
    263.82603279826));
#3332 = CARTESIAN_POINT('',(116.00456067407,106.53451232005,
    264.55795155411));
#3333 = CARTESIAN_POINT('',(115.67564406105,106.89059914932,
    265.30138896177));
#3334 = CARTESIAN_POINT('',(115.23842812572,107.36102950649,
    266.37073452474));
#3335 = CARTESIAN_POINT('',(115.11296121491,107.49564444656,
    266.68832139569));
#3336 = CARTESIAN_POINT('',(114.99117262648,107.62595817254,
    267.0075911475));
#3337 = CARTESIAN_POINT('',(114.87308169546,107.75198823317,
    267.3284448789));
#3338 = CARTESIAN_POINT('',(114.758702691,107.87375591954,
    267.65078483397));
#3339 = CARTESIAN_POINT('',(114.64804503084,107.9912859579,
    267.97451450081));
#3340 = CARTESIAN_POINT('',(114.54111349595,108.10460620239,
    268.29953871009));
#3341 = CARTESIAN_POINT('',(113.99248659666,108.68478863227,
    270.03371568605));
#3342 = CARTESIAN_POINT('',(113.61653774235,109.07792226269,
    271.46384536654));
#3343 = CARTESIAN_POINT('',(113.3100155583,109.39569857446,
    272.90874087684));
#3344 = CARTESIAN_POINT('',(113.0712740208,109.64171929226,
    274.36183976947));
#3345 = CARTESIAN_POINT('',(112.89756252794,109.82006762107,
    275.81751706351));
#3346 = CARTESIAN_POINT('',(112.78546180237,109.93496059702,
    277.27113956404));
#3347 = CARTESIAN_POINT('',(112.73125879291,109.99051454995,
    278.71910374007));
#3348 = CARTESIAN_POINT('',(112.73125879291,109.99051454995,
    281.96317005475));
#3349 = CARTESIAN_POINT('',(112.81638257059,109.90326971837,
    283.75335377325));
#3350 = CARTESIAN_POINT('',(112.97915482099,109.73644128208,
    285.52546365869));
#3351 = CARTESIAN_POINT('',(113.21244653357,109.49658032884,
    287.27640610952));
#3352 = CARTESIAN_POINT('',(113.50965114929,109.18927586028,
    289.00390842184));
#3353 = CARTESIAN_POINT('',(113.86482896708,108.81920559361,
    290.70647827319));
#3354 = CARTESIAN_POINT('',(114.27282180372,108.39011122141,
    292.38336620088));
#3355 = CARTESIAN_POINT('',(115.26837175465,107.33159599715,
    295.98412857825));
#3356 = CARTESIAN_POINT('',(115.87480993191,106.68024650047,
    297.89697544635));
#3357 = CARTESIAN_POINT('',(116.54145951384,105.95531103195,
    299.77294018719));
#3358 = CARTESIAN_POINT('',(117.26232585431,105.15999299052,
    301.61152341668));
#3359 = CARTESIAN_POINT('',(118.03233989771,104.29641862553,
    303.41204555483));
#3360 = CARTESIAN_POINT('',(118.84724792704,103.3657548677,
    305.17371883248));
#3361 = CARTESIAN_POINT('',(119.70360339202,102.36813203549,
    306.8956309361));
#3362 = CARTESIAN_POINT('',(121.19238603538,100.59576171883,
    309.69133897987));
#3363 = CARTESIAN_POINT('',(121.80294435282,99.859293568775,
    310.78783612263));
#3364 = CARTESIAN_POINT('',(122.42966151412,99.092751107917,
    311.86577294343));
#3365 = CARTESIAN_POINT('',(123.07181035192,98.295722451408,
    312.92458680542));
#3366 = CARTESIAN_POINT('',(123.72873636938,97.467651466516,
    313.96355191336));
#3367 = CARTESIAN_POINT('',(124.39985533844,96.607822359178,
    314.98177517755));
#3368 = CARTESIAN_POINT('',(125.08466055367,95.715323247522,
    315.97817846815));
#3369 = CARTESIAN_POINT('',(126.35708938716,94.026840366128,
    317.75224757506));
#3370 = CARTESIAN_POINT('',(126.94037891598,93.241848067878,
    318.53731682181));
#3371 = CARTESIAN_POINT('',(127.53238794474,92.433353683481,
    319.30597532478));
#3372 = CARTESIAN_POINT('',(128.13289218094,91.600641300235,
    320.05734984283));
#3373 = CARTESIAN_POINT('',(128.74166157101,90.742935383371,
    320.79039422607));
#3374 = CARTESIAN_POINT('',(129.35846427973,89.859384362471,
    321.5038780777));
#3375 = CARTESIAN_POINT('',(129.98307650134,88.949029657849,
    322.1963634206));
#3376 = CARTESIAN_POINT('',(131.0515955689,87.363258369155,
    323.32840387276));
#3377 = CARTESIAN_POINT('',(131.4914910542,86.702500709829,
    323.77980987525));
#3378 = CARTESIAN_POINT('',(131.93491921447,86.028122812142,
    324.21983814125));
#3379 = CARTESIAN_POINT('',(132.38179530131,85.339761734423,
    324.64785634404));
#3380 = CARTESIAN_POINT('',(132.8320155814,84.637055498823,
    325.06314836525));
#3381 = CARTESIAN_POINT('',(133.28545886669,83.919640081088,
    325.46491073556));
#3382 = CARTESIAN_POINT('',(133.7419891553,83.187143841362,
    325.85224621605));
#3383 = CARTESIAN_POINT('',(134.72735981459,81.583074253595,
    326.64983332551));
#3384 = CARTESIAN_POINT('',(135.25703975506,80.706821977343,
    327.05524319976));
#3385 = CARTESIAN_POINT('',(135.79032404392,79.809774258202,
    327.43893164353));
#3386 = CARTESIAN_POINT('',(136.32691677933,78.891415191245,
    327.79917539752));
#3387 = CARTESIAN_POINT('',(136.86640307569,77.95137499097,
    328.13399217444));
#3388 = CARTESIAN_POINT('',(137.40825307906,76.989445508447,
    328.44115148017));
#3389 = CARTESIAN_POINT('',(137.95182824009,76.005597550374,
    328.71818452413));
#3390 = CARTESIAN_POINT('',(138.49638984464,75.,328.96239321882));
#3391 = PCURVE('',#1546,#3392);
#3392 = DEFINITIONAL_REPRESENTATION('',(#3393),#3578);
#3393 = B_SPLINE_CURVE_WITH_KNOTS('',8,(#3394,#3395,#3396,#3397,#3398,
    #3399,#3400,#3401,#3402,#3403,#3404,#3405,#3406,#3407,#3408,#3409,
    #3410,#3411,#3412,#3413,#3414,#3415,#3416,#3417,#3418,#3419,#3420,
    #3421,#3422,#3423,#3424,#3425,#3426,#3427,#3428,#3429,#3430,#3431,
    #3432,#3433,#3434,#3435,#3436,#3437,#3438,#3439,#3440,#3441,#3442,
    #3443,#3444,#3445,#3446,#3447,#3448,#3449,#3450,#3451,#3452,#3453,
    #3454,#3455,#3456,#3457,#3458,#3459,#3460,#3461,#3462,#3463,#3464,
    #3465,#3466,#3467,#3468,#3469,#3470,#3471,#3472,#3473,#3474,#3475,
    #3476,#3477,#3478,#3479,#3480,#3481,#3482,#3483,#3484,#3485,#3486,
    #3487,#3488,#3489,#3490,#3491,#3492,#3493,#3494,#3495,#3496,#3497,
    #3498,#3499,#3500,#3501,#3502,#3503,#3504,#3505,#3506,#3507,#3508,
    #3509,#3510,#3511,#3512,#3513,#3514,#3515,#3516,#3517,#3518,#3519,
    #3520,#3521,#3522,#3523,#3524,#3525,#3526,#3527,#3528,#3529,#3530,
    #3531,#3532,#3533,#3534,#3535,#3536,#3537,#3538,#3539,#3540,#3541,
    #3542,#3543,#3544,#3545,#3546,#3547,#3548,#3549,#3550,#3551,#3552,
    #3553,#3554,#3555,#3556,#3557,#3558,#3559,#3560,#3561,#3562,#3563,
    #3564,#3565,#3566,#3567,#3568,#3569,#3570,#3571,#3572,#3573,#3574,
    #3575,#3576,#3577),.UNSPECIFIED.,.F.,.F.,(9,7,7,7,7,7,7,7,7,7,7,7,7,
    7,7,7,7,7,7,7,7,7,7,7,7,7,9),(0.,2.264783801659E-02,
    3.404670506151E-02,5.649565930341E-02,7.827606374032E-02,
    8.941864729632E-02,0.111349880007,0.142327407597,0.169395740628,
    0.192361601074,0.268289599465,0.350454730257,0.387375182839,
    0.445554569917,0.523271966171,0.569790661922,0.589030283958,
    0.620879294856,0.64882418736,0.660535698621,0.711081315758,
    0.774424206496,0.8492160596,0.898809178112,0.939612271089,
    0.967770572016,1.),.UNSPECIFIED.);
#3394 = CARTESIAN_POINT('',(0.,47.825508898393));
#3395 = CARTESIAN_POINT('',(1.857892075421E-02,48.243118940844));
#3396 = CARTESIAN_POINT('',(3.740380031274E-02,48.655613609842));
#3397 = CARTESIAN_POINT('',(5.648175927466E-02,49.062414755907));
#3398 = CARTESIAN_POINT('',(7.581775253095E-02,49.462858788669));
#3399 = CARTESIAN_POINT('',(9.541452454099E-02,49.85620472497));
#3400 = CARTESIAN_POINT('',(0.115272377944,50.241644870621));
#3401 = CARTESIAN_POINT('',(0.135388755507,50.618318135813));
#3402 = CARTESIAN_POINT('',(0.166009481679,51.170044440069));
#3403 = CARTESIAN_POINT('',(0.176325087758,51.352310755891));
#3404 = CARTESIAN_POINT('',(0.186703523435,51.532007871644));
#3405 = CARTESIAN_POINT('',(0.197143603105,51.709015906124));
#3406 = CARTESIAN_POINT('',(0.207643861976,51.883213043981));
#3407 = CARTESIAN_POINT('',(0.218202532283,52.054476422784));
#3408 = CARTESIAN_POINT('',(0.228817519504,52.222683020082));
#3409 = CARTESIAN_POINT('',(0.260497653462,52.712716108066));
#3410 = CARTESIAN_POINT('',(0.28172102729,53.025440441544));
#3411 = CARTESIAN_POINT('',(0.303134167942,53.324885500699));
#3412 = CARTESIAN_POINT('',(0.324712574959,53.610130446575));
#3413 = CARTESIAN_POINT('',(0.346429180293,53.880350248756));
#3414 = CARTESIAN_POINT('',(0.368253765118,54.134835115277));
#3415 = CARTESIAN_POINT('',(0.390152192665,54.37301074518));
#3416 = CARTESIAN_POINT('',(0.433365529427,54.809313124386));
#3417 = CARTESIAN_POINT('',(0.454682893091,55.00846676319));
#3418 = CARTESIAN_POINT('',(0.476002240125,55.191530092088));
#3419 = CARTESIAN_POINT('',(0.497291900672,55.358330848376));
#3420 = CARTESIAN_POINT('',(0.518523139819,55.508881395306));
#3421 = CARTESIAN_POINT('',(0.539669581194,55.64334908337));
#3422 = CARTESIAN_POINT('',(0.560706757319,55.762030312206));
#3423 = CARTESIAN_POINT('',(0.592306539298,55.918174253232));
#3424 = CARTESIAN_POINT('',(0.60296743709,55.966997661901));
#3425 = CARTESIAN_POINT('',(0.613591849257,56.011853824135));
#3426 = CARTESIAN_POINT('',(0.624177448448,56.052805292743));
#3427 = CARTESIAN_POINT('',(0.634722192652,56.089920678603));
#3428 = CARTESIAN_POINT('',(0.645224307058,56.12327346092));
#3429 = CARTESIAN_POINT('',(0.655682265914,56.152940797475));
#3430 = CARTESIAN_POINT('',(0.686589047151,56.2302975878));
#3431 = CARTESIAN_POINT('',(0.70690659662,56.267622567651));
#3432 = CARTESIAN_POINT('',(0.727038603415,56.291589868166));
#3433 = CARTESIAN_POINT('',(0.74697938671,56.302846442727));
#3434 = CARTESIAN_POINT('',(0.766725923152,56.302049212515));
#3435 = CARTESIAN_POINT('',(0.786277521155,56.289845930885));
#3436 = CARTESIAN_POINT('',(0.805635650616,56.266861303945));
#3437 = CARTESIAN_POINT('',(0.851878823875,56.186832106618));
#3438 = CARTESIAN_POINT('',(0.878571420649,56.119654902177));
#3439 = CARTESIAN_POINT('',(0.904894567366,56.033832115354));
#3440 = CARTESIAN_POINT('',(0.930862234158,55.930908644557));
#3441 = CARTESIAN_POINT('',(0.956489761096,55.812292926997));
#3442 = CARTESIAN_POINT('',(0.98179417086,55.679252274756));
#3443 = CARTESIAN_POINT('',(1.006794545253,55.532909545209));
#3444 = CARTESIAN_POINT('',(1.053111119502,55.235595830597));
#3445 = CARTESIAN_POINT('',(1.074491864108,55.08755383458));
#3446 = CARTESIAN_POINT('',(1.095667921223,54.930777748609));
#3447 = CARTESIAN_POINT('',(1.116651524682,54.765863483093));
#3448 = CARTESIAN_POINT('',(1.137454283066,54.593346935743));
#3449 = CARTESIAN_POINT('',(1.158087478254,54.413708962379));
#3450 = CARTESIAN_POINT('',(1.178562299749,54.227378650794));
#3451 = CARTESIAN_POINT('',(1.216136864332,53.871288203539));
#3452 = CARTESIAN_POINT('',(1.233277337015,53.70330149796));
#3453 = CARTESIAN_POINT('',(1.250318045911,53.531008967102));
#3454 = CARTESIAN_POINT('',(1.267265205069,53.354624386076));
#3455 = CARTESIAN_POINT('',(1.28412471034,53.174342351616));
#3456 = CARTESIAN_POINT('',(1.300902220177,52.990339514755));
#3457 = CARTESIAN_POINT('',(1.317603236454,52.802775813497));
#3458 = CARTESIAN_POINT('',(1.389213869751,51.980391653908));
#3459 = CARTESIAN_POINT('',(1.443398677097,51.311862440299));
#3460 = CARTESIAN_POINT('',(1.497005697594,50.611216665039));
#3461 = CARTESIAN_POINT('',(1.550198077557,49.881942198688));
#3462 = CARTESIAN_POINT('',(1.603118268697,49.126539424479));
#3463 = CARTESIAN_POINT('',(1.655897907188,48.346574250832));
#3464 = CARTESIAN_POINT('',(1.708668534031,47.542792812912));
#3465 = CARTESIAN_POINT('',(1.818823275287,45.819225795433));
#3466 = CARTESIAN_POINT('',(1.876159065247,44.896449346394));
#3467 = CARTESIAN_POINT('',(1.933741282237,43.946871019941));
#3468 = CARTESIAN_POINT('',(1.991702271976,42.970131740319));
#3469 = CARTESIAN_POINT('',(2.05016090609,41.965400534858));
#3470 = CARTESIAN_POINT('',(2.109230068275,40.931360210465));
#3471 = CARTESIAN_POINT('',(2.1690236426,39.866215610566));
#3472 = CARTESIAN_POINT('',(2.256918792664,38.273992225113));
#3473 = CARTESIAN_POINT('',(2.284337680134,37.773660246267));
#3474 = CARTESIAN_POINT('',(2.311934932907,37.266457444557));
#3475 = CARTESIAN_POINT('',(2.339719583212,36.752207423738));
#3476 = CARTESIAN_POINT('',(2.3676999614,36.230739678423));
#3477 = CARTESIAN_POINT('',(2.395883815269,35.701892467501));
#3478 = CARTESIAN_POINT('',(2.424278413927,35.165516802612));
#3479 = CARTESIAN_POINT('',(2.497977882859,33.764188771235));
#3480 = CARTESIAN_POINT('',(2.543605308149,32.887880004022));
#3481 = CARTESIAN_POINT('',(2.589798777038,31.992063048879));
#3482 = CARTESIAN_POINT('',(2.636575717101,31.076471266168));
#3483 = CARTESIAN_POINT('',(2.68394664163,30.141114493785));
#3484 = CARTESIAN_POINT('',(2.731915684585,29.186364846919));
#3485 = CARTESIAN_POINT('',(2.780480147354,28.213077401506));
#3486 = CARTESIAN_POINT('',(2.895283329437,25.89983741945));
#3487 = CARTESIAN_POINT('',(2.962013338243,24.545852689482));
#3488 = CARTESIAN_POINT('',(3.029738933108,23.16542203843));
#3489 = CARTESIAN_POINT('',(3.098386264819,21.764587402243));
#3490 = CARTESIAN_POINT('',(3.167886963868,20.351258890849));
#3491 = CARTESIAN_POINT('',(3.238171088899,18.935679692407));
#3492 = CARTESIAN_POINT('',(3.309163142321,17.530875918293));
#3493 = CARTESIAN_POINT('',(3.423592243211,15.327930262136));
#3494 = CARTESIAN_POINT('',(3.466660096839,14.512451627155));
#3495 = CARTESIAN_POINT('',(3.509932432666,13.709628759102));
#3496 = CARTESIAN_POINT('',(3.553394173894,12.922989152897));
#3497 = CARTESIAN_POINT('',(3.5970303055,12.156330468345));
#3498 = CARTESIAN_POINT('',(3.640824409211,11.413721318318));
#3499 = CARTESIAN_POINT('',(3.684756423222,10.699470865947));
#3500 = CARTESIAN_POINT('',(3.747014060772,9.736216264527));
#3501 = CARTESIAN_POINT('',(3.765248236373,9.460002671712));
#3502 = CARTESIAN_POINT('',(3.783499158593,9.189722055399));
#3503 = CARTESIAN_POINT('',(3.801764603553,8.925695660048));
#3504 = CARTESIAN_POINT('',(3.820042113827,8.668247442187));
#3505 = CARTESIAN_POINT('',(3.838328949965,8.417702293561));
#3506 = CARTESIAN_POINT('',(3.856622042019,8.174384264284));
#3507 = CARTESIAN_POINT('',(3.905204725644,7.548325170671));
#3508 = CARTESIAN_POINT('',(3.935501167782,7.178695155469));
#3509 = CARTESIAN_POINT('',(3.965789403867,6.831214506105));
#3510 = CARTESIAN_POINT('',(3.996050717693,6.507313594152));
#3511 = CARTESIAN_POINT('',(4.026264930981,6.20834192891));
#3512 = CARTESIAN_POINT('',(4.056409708153,5.935537126208));
#3513 = CARTESIAN_POINT('',(4.086459775369,5.689984314137));
#3514 = CARTESIAN_POINT('',(4.142643906449,5.281799232112));
#3515 = CARTESIAN_POINT('',(4.168808871607,5.112674633156));
#3516 = CARTESIAN_POINT('',(4.194860892979,4.965797782257));
#3517 = CARTESIAN_POINT('',(4.220781237857,4.841627016603));
#3518 = CARTESIAN_POINT('',(4.246552039284,4.740471027326));
#3519 = CARTESIAN_POINT('',(4.272155924534,4.662486629857));
#3520 = CARTESIAN_POINT('',(4.297575729947,4.607676684467));
#3521 = CARTESIAN_POINT('',(4.33336323134,4.562565819064));
#3522 = CARTESIAN_POINT('',(4.343897088397,4.553286595939));
#3523 = CARTESIAN_POINT('',(4.35439474169,4.548039444366));
#3524 = CARTESIAN_POINT('',(4.364855131308,4.54680870711));
#3525 = CARTESIAN_POINT('',(4.375277264876,4.549574358277));
#3526 = CARTESIAN_POINT('',(4.385660213421,4.556312238646));
#3527 = CARTESIAN_POINT('',(4.39600310725,4.566994291017));
#3528 = CARTESIAN_POINT('',(4.450767556679,4.644577100063));
#3529 = CARTESIAN_POINT('',(4.494462717669,4.780433894168));
#3530 = CARTESIAN_POINT('',(4.537329807738,4.986580629238));
#3531 = CARTESIAN_POINT('',(4.579337386156,5.259226059697));
#3532 = CARTESIAN_POINT('',(4.62047507808,5.59386160845));
#3533 = CARTESIAN_POINT('',(4.660750136243,5.985689559822));
#3534 = CARTESIAN_POINT('',(4.700186708144,6.429988306829));
#3535 = CARTESIAN_POINT('',(4.787247306585,7.539524332734));
#3536 = CARTESIAN_POINT('',(4.834382945622,8.231793410454));
#3537 = CARTESIAN_POINT('',(4.880342826457,8.99084657003));
#3538 = CARTESIAN_POINT('',(4.925227635528,9.808926658818));
#3539 = CARTESIAN_POINT('',(4.969135129538,10.679048231522));
#3540 = CARTESIAN_POINT('',(5.0121639677,11.595119390556));
#3541 = CARTESIAN_POINT('',(5.054416785776,12.552036697844));
#3542 = CARTESIAN_POINT('',(5.145109155844,14.71908090475));
#3543 = CARTESIAN_POINT('',(5.193264231968,15.943178544872));
#3544 = CARTESIAN_POINT('',(5.240651119503,17.211241967197));
#3545 = CARTESIAN_POINT('',(5.287422792773,18.517467247576));
#3546 = CARTESIAN_POINT('',(5.333720251285,19.856858601808));
#3547 = CARTESIAN_POINT('',(5.379681135069,21.225149410506));
#3548 = CARTESIAN_POINT('',(5.425446714306,22.618788946191));
#3549 = CARTESIAN_POINT('',(5.501493920352,24.973975475935));
#3550 = CARTESIAN_POINT('',(5.531791922379,25.922736731317));
#3551 = CARTESIAN_POINT('',(5.562110823703,26.880334329055));
#3552 = CARTESIAN_POINT('',(5.592493275131,27.845892522212));
#3553 = CARTESIAN_POINT('',(5.6229822103,28.818548048354));
#3554 = CARTESIAN_POINT('',(5.653622255644,29.797446458));
#3555 = CARTESIAN_POINT('',(5.684461492303,30.781742861692));
#3556 = CARTESIAN_POINT('',(5.741134799318,32.58420221721));
#3557 = CARTESIAN_POINT('',(5.766885164905,33.400824579526));
#3558 = CARTESIAN_POINT('',(5.792835020773,34.220027786641));
#3559 = CARTESIAN_POINT('',(5.819015263007,35.041302406499));
#3560 = CARTESIAN_POINT('',(5.845457914347,35.864074455131));
#3561 = CARTESIAN_POINT('',(5.872197116419,36.687705258197));
#3562 = CARTESIAN_POINT('',(5.899270529628,37.511492689925));
#3563 = CARTESIAN_POINT('',(5.945664865585,38.902752810575));
#3564 = CARTESIAN_POINT('',(5.964787108741,39.470509297696));
#3565 = CARTESIAN_POINT('',(5.984102018581,40.037693998353));
#3566 = CARTESIAN_POINT('',(6.003623905414,40.604011006635));
#3567 = CARTESIAN_POINT('',(6.023367432984,41.169117918175));
#3568 = CARTESIAN_POINT('',(6.043347900458,41.732626050783));
#3569 = CARTESIAN_POINT('',(6.063581614902,42.294100730709));
#3570 = CARTESIAN_POINT('',(6.107555668651,43.492837125475));
#3571 = CARTESIAN_POINT('',(6.131376832307,44.129231800208));
#3572 = CARTESIAN_POINT('',(6.155578445321,44.761584287765));
#3573 = CARTESIAN_POINT('',(6.180187180835,45.389027141963));
#3574 = CARTESIAN_POINT('',(6.205228244311,46.0104925157));
#3575 = CARTESIAN_POINT('',(6.23072584069,46.624719635209));
#3576 = CARTESIAN_POINT('',(6.256703649397,47.230264084274));
#3577 = CARTESIAN_POINT('',(6.28318530718,47.825508898393));
#3578 = ( GEOMETRIC_REPRESENTATION_CONTEXT(2) 
PARAMETRIC_REPRESENTATION_CONTEXT() REPRESENTATION_CONTEXT('2D SPACE',''
  ) );
#3579 = PCURVE('',#2322,#3580);
#3580 = DEFINITIONAL_REPRESENTATION('',(#3581),#3766);
#3581 = B_SPLINE_CURVE_WITH_KNOTS('',8,(#3582,#3583,#3584,#3585,#3586,
    #3587,#3588,#3589,#3590,#3591,#3592,#3593,#3594,#3595,#3596,#3597,
    #3598,#3599,#3600,#3601,#3602,#3603,#3604,#3605,#3606,#3607,#3608,
    #3609,#3610,#3611,#3612,#3613,#3614,#3615,#3616,#3617,#3618,#3619,
    #3620,#3621,#3622,#3623,#3624,#3625,#3626,#3627,#3628,#3629,#3630,
    #3631,#3632,#3633,#3634,#3635,#3636,#3637,#3638,#3639,#3640,#3641,
    #3642,#3643,#3644,#3645,#3646,#3647,#3648,#3649,#3650,#3651,#3652,
    #3653,#3654,#3655,#3656,#3657,#3658,#3659,#3660,#3661,#3662,#3663,
    #3664,#3665,#3666,#3667,#3668,#3669,#3670,#3671,#3672,#3673,#3674,
    #3675,#3676,#3677,#3678,#3679,#3680,#3681,#3682,#3683,#3684,#3685,
    #3686,#3687,#3688,#3689,#3690,#3691,#3692,#3693,#3694,#3695,#3696,
    #3697,#3698,#3699,#3700,#3701,#3702,#3703,#3704,#3705,#3706,#3707,
    #3708,#3709,#3710,#3711,#3712,#3713,#3714,#3715,#3716,#3717,#3718,
    #3719,#3720,#3721,#3722,#3723,#3724,#3725,#3726,#3727,#3728,#3729,
    #3730,#3731,#3732,#3733,#3734,#3735,#3736,#3737,#3738,#3739,#3740,
    #3741,#3742,#3743,#3744,#3745,#3746,#3747,#3748,#3749,#3750,#3751,
    #3752,#3753,#3754,#3755,#3756,#3757,#3758,#3759,#3760,#3761,#3762,
    #3763,#3764,#3765),.UNSPECIFIED.,.T.,.F.,(9,7,7,7,7,7,7,7,7,7,7,7,7,
    7,7,7,7,7,7,7,7,7,7,7,7,7,9),(0.,2.264783801659E-02,
    3.404670506151E-02,5.649565930341E-02,7.827606374032E-02,
    8.941864729632E-02,0.111349880007,0.142327407597,0.169395740628,
    0.192361601074,0.268289599465,0.350454730257,0.387375182839,
    0.445554569917,0.523271966171,0.569790661922,0.589030283958,
    0.620879294856,0.64882418736,0.660535698621,0.711081315758,
    0.774424206496,0.8492160596,0.898809178112,0.939612271089,
    0.967770572016,1.),.UNSPECIFIED.);
#3582 = CARTESIAN_POINT('',(0.496317362125,123.41040670266));
#3583 = CARTESIAN_POINT('',(0.491223337182,123.58173789436));
#3584 = CARTESIAN_POINT('',(0.486068634072,123.73689392665));
#3585 = CARTESIAN_POINT('',(0.480854434043,123.87493991613));
#3586 = CARTESIAN_POINT('',(0.475582820784,123.99487347716));
#3587 = CARTESIAN_POINT('',(0.470256830242,124.09564088634));
#3588 = CARTESIAN_POINT('',(0.464880521877,124.17616080047));
#3589 = CARTESIAN_POINT('',(0.459459071366,124.23535552787));
#3590 = CARTESIAN_POINT('',(0.451250722159,124.29072891073));
#3591 = CARTESIAN_POINT('',(0.448492801783,124.3036032387));
#3592 = CARTESIAN_POINT('',(0.445725982235,124.31068120509));
#3593 = CARTESIAN_POINT('',(0.442951210241,124.31183417221));
#3594 = CARTESIAN_POINT('',(0.440169522949,124.30693837934));
#3595 = CARTESIAN_POINT('',(0.437382050229,124.2958768255));
#3596 = CARTESIAN_POINT('',(0.434590016971,124.27854115222));
#3597 = CARTESIAN_POINT('',(0.426289731287,124.20814367493));
#3598 = CARTESIAN_POINT('',(0.420771329147,124.13673313014));
#3599 = CARTESIAN_POINT('',(0.415250613778,124.03985106553));
#3600 = CARTESIAN_POINT('',(0.409739244448,123.91692605139));
#3601 = CARTESIAN_POINT('',(0.404249445846,123.76759933008));
#3602 = CARTESIAN_POINT('',(0.398793979285,123.59176380114));
#3603 = CARTESIAN_POINT('',(0.393386104151,123.38960871616));
#3604 = CARTESIAN_POINT('',(0.382852180765,122.94051966555));
#3605 = CARTESIAN_POINT('',(0.377721438613,122.69505179184));
#3606 = CARTESIAN_POINT('',(0.372659793835,122.4257351277));
#3607 = CARTESIAN_POINT('',(0.367678202862,122.13326124666));
#3608 = CARTESIAN_POINT('',(0.362786227731,121.81850917031));
#3609 = CARTESIAN_POINT('',(0.357992158189,121.48251371082));
#3610 = CARTESIAN_POINT('',(0.35330311603,121.12643761573));
#3611 = CARTESIAN_POINT('',(0.346383107003,120.55975841058));
#3612 = CARTESIAN_POINT('',(0.344069981132,120.3630321065));
#3613 = CARTESIAN_POINT('',(0.341786483151,120.16152924977));
#3614 = CARTESIAN_POINT('',(0.339533220359,119.95541258564));
#3615 = CARTESIAN_POINT('',(0.337310696527,119.74484571747));
#3616 = CARTESIAN_POINT('',(0.335119320185,119.52999186622));
#3617 = CARTESIAN_POINT('',(0.332959412905,119.3110126299));
#3618 = CARTESIAN_POINT('',(0.326642427195,118.64925665024));
#3619 = CARTESIAN_POINT('',(0.322576620569,118.19509395612));
#3620 = CARTESIAN_POINT('',(0.318635423723,117.72677033965));
#3621 = CARTESIAN_POINT('',(0.314819374358,117.24543867572));
#3622 = CARTESIAN_POINT('',(0.311128137311,116.75219133198));
#3623 = CARTESIAN_POINT('',(0.307560682258,116.24804228748));
#3624 = CARTESIAN_POINT('',(0.304115423693,115.73391307309));
#3625 = CARTESIAN_POINT('',(0.296093669974,114.4714827267));
#3626 = CARTESIAN_POINT('',(0.291637357499,113.71416094064));
#3627 = CARTESIAN_POINT('',(0.287415102666,112.94090384922));
#3628 = CARTESIAN_POINT('',(0.28342021751,112.15372826516));
#3629 = CARTESIAN_POINT('',(0.279645741865,111.35441205968));
#3630 = CARTESIAN_POINT('',(0.276084577542,110.54448524657));
#3631 = CARTESIAN_POINT('',(0.272729623995,109.72522123111));
#3632 = CARTESIAN_POINT('',(0.26681644008,108.1744729278));
#3633 = CARTESIAN_POINT('',(0.26421138221,107.44503336217));
#3634 = CARTESIAN_POINT('',(0.261754201228,106.71002614724));
#3635 = CARTESIAN_POINT('',(0.259440709456,105.97009914106));
#3636 = CARTESIAN_POINT('',(0.257267009709,105.22583301196));
#3637 = CARTESIAN_POINT('',(0.255229455771,104.47774213035));
#3638 = CARTESIAN_POINT('',(0.253324635822,103.72627477966));
#3639 = CARTESIAN_POINT('',(0.250043179471,102.33169675733));
#3640 = CARTESIAN_POINT('',(0.248630287088,101.68944316246));
#3641 = CARTESIAN_POINT('',(0.247308782711,101.04529522662));
#3642 = CARTESIAN_POINT('',(0.24607689624,100.3994798939));
#3643 = CARTESIAN_POINT('',(0.244932994329,99.752207853913));
#3644 = CARTESIAN_POINT('',(0.243875568307,99.103673668014));
#3645 = CARTESIAN_POINT('',(0.242903222097,98.454055895639));
#3646 = CARTESIAN_POINT('',(0.239076963474,95.652755240897));
#3647 = CARTESIAN_POINT('',(0.237056097996,93.492671991688));
#3648 = CARTESIAN_POINT('',(0.235903135462,91.328315886052));
#3649 = CARTESIAN_POINT('',(0.235586281319,89.164415638307));
#3650 = CARTESIAN_POINT('',(0.236082415812,87.005358685819));
#3651 = CARTESIAN_POINT('',(0.237376293811,84.855134467183));
#3652 = CARTESIAN_POINT('',(0.239459383257,82.717382514916));
#3653 = CARTESIAN_POINT('',(0.245439814552,78.299019285728));
#3654 = CARTESIAN_POINT('',(0.249468263856,76.023954851797));
#3655 = CARTESIAN_POINT('',(0.25441180931,73.774990377901));
#3656 = CARTESIAN_POINT('',(0.260272748856,71.558053876006));
#3657 = CARTESIAN_POINT('',(0.267056905545,69.380021630219));
#3658 = CARTESIAN_POINT('',(0.274772260328,67.248669027517));
#3659 = CARTESIAN_POINT('',(0.283427823313,65.172620438625));
#3660 = CARTESIAN_POINT('',(0.297351137374,62.257645090793));
#3661 = CARTESIAN_POINT('',(0.301859319818,61.367104558451));
#3662 = CARTESIAN_POINT('',(0.306559654079,60.490670510894));
#3663 = CARTESIAN_POINT('',(0.311452601157,59.629325710813));
#3664 = CARTESIAN_POINT('',(0.316538363243,58.78412108471));
#3665 = CARTESIAN_POINT('',(0.321816823323,57.956169721054));
#3666 = CARTESIAN_POINT('',(0.32728748894,57.146640802364));
#3667 = CARTESIAN_POINT('',(0.3418715639,55.112046064562));
#3668 = CARTESIAN_POINT('',(0.35126863555,53.916117013436));
#3669 = CARTESIAN_POINT('',(0.361136846747,52.773768150051));
#3670 = CARTESIAN_POINT('',(0.371468482089,51.690259105055));
#3671 = CARTESIAN_POINT('',(0.382251155672,50.671169919526));
#3672 = CARTESIAN_POINT('',(0.393467015308,49.722251195519));
#3673 = CARTESIAN_POINT('',(0.405091914366,48.849261785166));
#3674 = CARTESIAN_POINT('',(0.433127956412,47.000532724511));
#3675 = CARTESIAN_POINT('',(0.44984342611,46.088210189136));
#3676 = CARTESIAN_POINT('',(0.467153882257,45.335305648891));
#3677 = CARTESIAN_POINT('',(0.484955223916,44.754477703962));
#3678 = CARTESIAN_POINT('',(0.503127018663,44.356296164165));
#3679 = CARTESIAN_POINT('',(0.521532797359,44.148950948842));
#3680 = CARTESIAN_POINT('',(0.540019650394,44.138270918604));
#3681 = CARTESIAN_POINT('',(0.569426059239,44.439520987775));
#3682 = CARTESIAN_POINT('',(0.580406712778,44.623689849077));
#3683 = CARTESIAN_POINT('',(0.591322277407,44.879834008008));
#3684 = CARTESIAN_POINT('',(0.602137051384,45.208224000403));
#3685 = CARTESIAN_POINT('',(0.612814387897,45.608811194855));
#3686 = CARTESIAN_POINT('',(0.623316571319,46.081230108084));
#3687 = CARTESIAN_POINT('',(0.633604761061,46.624752072913));
#3688 = CARTESIAN_POINT('',(0.647789165898,47.491852367547));
#3689 = CARTESIAN_POINT('',(0.651895807873,47.757501981352));
#3690 = CARTESIAN_POINT('',(0.655956171402,48.035016313527));
#3691 = CARTESIAN_POINT('',(0.659967396052,48.324293570678));
#3692 = CARTESIAN_POINT('',(0.663926603141,48.625216215888));
#3693 = CARTESIAN_POINT('',(0.667830902176,48.937649031741));
#3694 = CARTESIAN_POINT('',(0.671677397304,49.261437183349));
#3695 = CARTESIAN_POINT('',(0.681730150145,50.150904298838));
#3696 = CARTESIAN_POINT('',(0.687831183473,50.73607384692));
#3697 = CARTESIAN_POINT('',(0.693752675614,51.351077958761));
#3698 = CARTESIAN_POINT('',(0.699481539848,51.994940782812));
#3699 = CARTESIAN_POINT('',(0.70500528014,52.666533801181));
#3700 = CARTESIAN_POINT('',(0.710312114914,53.36455573739));
#3701 = CARTESIAN_POINT('',(0.715391165323,54.08750415355));
#3702 = CARTESIAN_POINT('',(0.72448076426,55.488310581941));
#3703 = CARTESIAN_POINT('',(0.728546362855,56.160892830728));
#3704 = CARTESIAN_POINT('',(0.732422817425,56.850205928622));
#3705 = CARTESIAN_POINT('',(0.736104717682,57.555017499918));
#3706 = CARTESIAN_POINT('',(0.739587872092,58.274046282095));
#3707 = CARTESIAN_POINT('',(0.742869266549,59.005965037945));
#3708 = CARTESIAN_POINT('',(0.745947039011,59.749402445608));
#3709 = CARTESIAN_POINT('',(0.750024705238,60.818748008579));
#3710 = CARTESIAN_POINT('',(0.751193081003,61.136334879528));
#3711 = CARTESIAN_POINT('',(0.75232555646,61.455604631339));
#3712 = CARTESIAN_POINT('',(0.753422131648,61.776458362735));
#3713 = CARTESIAN_POINT('',(0.754482845326,62.09879831781));
#3714 = CARTESIAN_POINT('',(0.7555077727,62.422527984646));
#3715 = CARTESIAN_POINT('',(0.756497023145,62.747552193926));
#3716 = CARTESIAN_POINT('',(0.761566867899,64.481729169892));
#3717 = CARTESIAN_POINT('',(0.765020522626,65.911858850375));
#3718 = CARTESIAN_POINT('',(0.767823776555,67.356754360677));
#3719 = CARTESIAN_POINT('',(0.770000386484,68.809853253313));
#3720 = CARTESIAN_POINT('',(0.771581119588,70.26553054735));
#3721 = CARTESIAN_POINT('',(0.772600299649,71.719153047879));
#3722 = CARTESIAN_POINT('',(0.773093098334,73.167117223909));
#3723 = CARTESIAN_POINT('',(0.773093098334,76.411183538591));
#3724 = CARTESIAN_POINT('',(0.7723191796,78.201367257092));
#3725 = CARTESIAN_POINT('',(0.770839302293,79.973477142532));
#3726 = CARTESIAN_POINT('',(0.768714851287,81.724419593359));
#3727 = CARTESIAN_POINT('',(0.766000513061,83.451921905677));
#3728 = CARTESIAN_POINT('',(0.762743828563,85.154491757033));
#3729 = CARTESIAN_POINT('',(0.75898453122,86.831379684719));
#3730 = CARTESIAN_POINT('',(0.749758336551,90.432142062087));
#3731 = CARTESIAN_POINT('',(0.744107888125,92.344988930192));
#3732 = CARTESIAN_POINT('',(0.737854999087,94.220953671029));
#3733 = CARTESIAN_POINT('',(0.731040164106,96.059536900523));
#3734 = CARTESIAN_POINT('',(0.723694577831,97.860059038669));
#3735 = CARTESIAN_POINT('',(0.71584110707,99.621732316323));
#3736 = CARTESIAN_POINT('',(0.707493896346,101.34364441993));
#3737 = CARTESIAN_POINT('',(0.692797478643,104.1393524637));
#3738 = CARTESIAN_POINT('',(0.686723678227,105.23584960647));
#3739 = CARTESIAN_POINT('',(0.680437373017,106.31378642727));
#3740 = CARTESIAN_POINT('',(0.673939128339,107.37260028925));
#3741 = CARTESIAN_POINT('',(0.667228405637,108.41156539719));
#3742 = CARTESIAN_POINT('',(0.660303479919,109.42978866138));
#3743 = CARTESIAN_POINT('',(0.653161208091,110.42619195198));
#3744 = CARTESIAN_POINT('',(0.639737403801,112.2002610589));
#3745 = CARTESIAN_POINT('',(0.633528165851,112.98533030564));
#3746 = CARTESIAN_POINT('',(0.627166100678,113.75398880862));
#3747 = CARTESIAN_POINT('',(0.620648025099,114.50536332666));
#3748 = CARTESIAN_POINT('',(0.613970395063,115.2384077099));
#3749 = CARTESIAN_POINT('',(0.607129193283,115.95189156154));
#3750 = CARTESIAN_POINT('',(0.600119715856,116.64437690444));
#3751 = CARTESIAN_POINT('',(0.587978938231,117.7764173566));
#3752 = CARTESIAN_POINT('',(0.582939055342,118.22782335909));
#3753 = CARTESIAN_POINT('',(0.577814736909,118.66785162508));
#3754 = CARTESIAN_POINT('',(0.572604160905,119.09586982787));
#3755 = CARTESIAN_POINT('',(0.567305548487,119.51116184908));
#3756 = CARTESIAN_POINT('',(0.561917139024,119.9129242194));
#3757 = CARTESIAN_POINT('',(0.556437147212,120.30025969988));
#3758 = CARTESIAN_POINT('',(0.544484448671,121.09784680934));
#3759 = CARTESIAN_POINT('',(0.537983638914,121.5032566836));
#3760 = CARTESIAN_POINT('',(0.531357951843,121.88694512737));
#3761 = CARTESIAN_POINT('',(0.524605121452,122.24718888135));
#3762 = CARTESIAN_POINT('',(0.517723993977,122.58200565827));
#3763 = CARTESIAN_POINT('',(0.510714591708,122.889164964));
#3764 = CARTESIAN_POINT('',(0.503578183519,123.16619800796));
#3765 = CARTESIAN_POINT('',(0.496317362125,123.41040670266));
#3766 = ( GEOMETRIC_REPRESENTATION_CONTEXT(2) 
PARAMETRIC_REPRESENTATION_CONTEXT() REPRESENTATION_CONTEXT('2D SPACE',''
  ) );
#3767 = ORIENTED_EDGE('',*,*,#3181,.T.);
#3768 = ADVANCED_FACE('',(#3769),#1882,.F.);
#3769 = FACE_BOUND('',#3770,.F.);
#3770 = EDGE_LOOP('',(#3771,#3772,#3795,#3993));
#3771 = ORIENTED_EDGE('',*,*,#1748,.F.);
#3772 = ORIENTED_EDGE('',*,*,#3773,.F.);
#3773 = EDGE_CURVE('',#3774,#1749,#3776,.T.);
#3774 = VERTEX_POINT('',#3775);
#3775 = CARTESIAN_POINT('',(111.95499648651,110.7805432452,
    336.55198651616));
#3776 = SEAM_CURVE('',#3777,(#3781,#3788),.PCURVE_S1.);
#3777 = LINE('',#3778,#3779);
#3778 = CARTESIAN_POINT('',(101.05292475864,99.531082570841,
    336.55198651616));
#3779 = VECTOR('',#3780,1.);
#3780 = DIRECTION('',(0.695932085054,0.718107605441,0.));
#3781 = PCURVE('',#1882,#3782);
#3782 = DEFINITIONAL_REPRESENTATION('',(#3783),#3787);
#3783 = LINE('',#3784,#3785);
#3784 = CARTESIAN_POINT('',(6.28318530718,-0.));
#3785 = VECTOR('',#3786,1.);
#3786 = DIRECTION('',(0.,1.));
#3787 = ( GEOMETRIC_REPRESENTATION_CONTEXT(2) 
PARAMETRIC_REPRESENTATION_CONTEXT() REPRESENTATION_CONTEXT('2D SPACE',''
  ) );
#3788 = PCURVE('',#1882,#3789);
#3789 = DEFINITIONAL_REPRESENTATION('',(#3790),#3794);
#3790 = LINE('',#3791,#3792);
#3791 = CARTESIAN_POINT('',(0.,-0.));
#3792 = VECTOR('',#3793,1.);
#3793 = DIRECTION('',(0.,1.));
#3794 = ( GEOMETRIC_REPRESENTATION_CONTEXT(2) 
PARAMETRIC_REPRESENTATION_CONTEXT() REPRESENTATION_CONTEXT('2D SPACE',''
  ) );
#3795 = ORIENTED_EDGE('',*,*,#3796,.T.);
#3796 = EDGE_CURVE('',#3774,#3774,#3797,.T.);
#3797 = SURFACE_CURVE('',#3798,(#3861,#3927),.PCURVE_S1.);
#3798 = B_SPLINE_CURVE_WITH_KNOTS('',7,(#3799,#3800,#3801,#3802,#3803,
    #3804,#3805,#3806,#3807,#3808,#3809,#3810,#3811,#3812,#3813,#3814,
    #3815,#3816,#3817,#3818,#3819,#3820,#3821,#3822,#3823,#3824,#3825,
    #3826,#3827,#3828,#3829,#3830,#3831,#3832,#3833,#3834,#3835,#3836,
    #3837,#3838,#3839,#3840,#3841,#3842,#3843,#3844,#3845,#3846,#3847,
    #3848,#3849,#3850,#3851,#3852,#3853,#3854,#3855,#3856,#3857,#3858,
    #3859,#3860),.UNSPECIFIED.,.T.,.F.,(8,6,6,6,6,6,6,6,6,6,8),(0.,
    0.121838688173,0.224255523794,0.309296587322,0.41650187189,
    0.531426517382,0.643352460634,0.737762070165,0.822920867773,
    0.90535646946,1.),.UNSPECIFIED.);
#3799 = CARTESIAN_POINT('',(111.95499648651,110.7805432452,
    336.55198651616));
#3800 = CARTESIAN_POINT('',(111.95499648651,110.7805432452,
    336.24817385766));
#3801 = CARTESIAN_POINT('',(111.93203945847,110.80374365082,
    335.94462086893));
#3802 = CARTESIAN_POINT('',(111.88619328624,110.85007588795,
    335.64322983404));
#3803 = CARTESIAN_POINT('',(111.81694090585,110.92000182131,
    335.34608175477));
#3804 = CARTESIAN_POINT('',(111.72328962994,111.01440470179,
    335.05580753929));
#3805 = CARTESIAN_POINT('',(111.60388631106,111.13444861057,
    334.776041397));
#3806 = CARTESIAN_POINT('',(111.33387787,111.40488363729,334.2901623231)
  );
#3807 = CARTESIAN_POINT('',(111.19019504679,111.54847424763,
    334.0774639428));
#3808 = CARTESIAN_POINT('',(111.02555287803,111.71254901033,
    333.87915401482));
#3809 = CARTESIAN_POINT('',(110.83993593478,111.89688249293,
    333.70073333839));
#3810 = CARTESIAN_POINT('',(110.63390249686,112.10062639847,
    333.54800887522));
#3811 = CARTESIAN_POINT('',(110.4087230972,112.32220880801,
    333.42717857093));
#3812 = CARTESIAN_POINT('',(109.9656592996,112.75585517311,
    333.27677889651));
#3813 = CARTESIAN_POINT('',(109.755047112,112.96117098134,
    333.23589279489));
#3814 = CARTESIAN_POINT('',(109.53931800163,113.17053950118,
    333.22620430648));
#3815 = CARTESIAN_POINT('',(109.32353214868,113.37897610305,
    333.24902705096));
#3816 = CARTESIAN_POINT('',(109.11285011478,113.58154694131,
    333.3031728448));
#3817 = CARTESIAN_POINT('',(108.91207955864,113.77379145344,
    333.38498589479));
#3818 = CARTESIAN_POINT('',(108.48968406785,114.17681219253,333.61870435
    ));
#3819 = CARTESIAN_POINT('',(108.27545566356,114.38012902559,
    333.78376683469));
#3820 = CARTESIAN_POINT('',(108.08370496325,114.56127668402,
    333.97574225967));
#3821 = CARTESIAN_POINT('',(107.91464954799,114.72038619704,
    334.18832911471));
#3822 = CARTESIAN_POINT('',(107.76796820028,114.85802551686,
    334.41632204926));
#3823 = CARTESIAN_POINT('',(107.64302497615,114.97499489066,
    334.6553930273));
#3824 = CARTESIAN_POINT('',(107.42746243002,115.17644558276,
    335.16633607134));
#3825 = CARTESIAN_POINT('',(107.33945868216,115.25845187342,
    335.44052462024));
#3826 = CARTESIAN_POINT('',(107.27398840094,115.31934402796,
    335.72117176298));
#3827 = CARTESIAN_POINT('',(107.23026715689,115.35996396574,
    336.00583053267));
#3828 = CARTESIAN_POINT('',(107.20779764905,115.38083479475,
    336.29259915299));
#3829 = CARTESIAN_POINT('',(107.20643482161,115.38210900461,
    336.57979224157));
#3830 = CARTESIAN_POINT('',(107.24591166962,115.34541662878,
    337.14409129615));
#3831 = CARTESIAN_POINT('',(107.28562787182,115.30849462599,
    337.42093263742));
#3832 = CARTESIAN_POINT('',(107.34574220423,115.25257938314,
    337.69469422771));
#3833 = CARTESIAN_POINT('',(107.42679806153,115.17709687787,
    337.96358481669));
#3834 = CARTESIAN_POINT('',(107.52962946537,115.08115778782,
    338.22527658121));
#3835 = CARTESIAN_POINT('',(107.65523820728,114.96365369698,
    338.47658707785));
#3836 = CARTESIAN_POINT('',(107.93062261606,114.70510264865,
    338.91246412175));
#3837 = CARTESIAN_POINT('',(108.07451508532,114.56970239262,
    339.10286463361));
#3838 = CARTESIAN_POINT('',(108.23646053826,114.41689251169,
    339.27980199092));
#3839 = CARTESIAN_POINT('',(108.41609205416,114.24682455004,
    339.43869988825));
#3840 = CARTESIAN_POINT('',(108.61252383509,114.06010859011,
    339.57484102005));
#3841 = CARTESIAN_POINT('',(108.82429924757,113.85788999113,
    339.68332347352));
#3842 = CARTESIAN_POINT('',(109.252206629,113.44727607003,
    339.82719413581));
#3843 = CARTESIAN_POINT('',(109.46402565267,113.24320555312,
    339.86808023743));
#3844 = CARTESIAN_POINT('',(109.68005584671,113.03414771083,
    339.87776872585));
#3845 = CARTESIAN_POINT('',(109.89515636035,112.82500393164,
    339.85494598137));
#3846 = CARTESIAN_POINT('',(110.10423395409,112.62077752854,
    339.80080018751));
#3847 = CARTESIAN_POINT('',(110.30267950482,112.42613392594,
    339.71898713753));
#3848 = CARTESIAN_POINT('',(110.66489289346,112.06959435548,
    339.51552032965));
#3849 = CARTESIAN_POINT('',(110.83595214032,111.90056505494,
    339.39163602516));
#3850 = CARTESIAN_POINT('',(110.99799216652,111.73985298072,
    339.24504875013));
#3851 = CARTESIAN_POINT('',(111.14926511055,111.58930565785,
    339.07722897809));
#3852 = CARTESIAN_POINT('',(111.28818896805,111.45063100442,
    338.89000352423));
#3853 = CARTESIAN_POINT('',(111.41337502626,111.325353217,
    338.68551791886));
#3854 = CARTESIAN_POINT('',(111.6503276984,111.0877423101,
    338.21434801472));
#3855 = CARTESIAN_POINT('',(111.75367170516,110.98377373167,
    337.95027315508));
#3856 = CARTESIAN_POINT('',(111.83493021934,110.90183669106,
    337.6778673937));
#3857 = CARTESIAN_POINT('',(111.89513291733,110.84104133632,
    337.3999204773));
#3858 = CARTESIAN_POINT('',(111.93502708616,110.8007244059,
    337.11851118548));
#3859 = CARTESIAN_POINT('',(111.95499648651,110.7805432452,
    336.8353412877));
#3860 = CARTESIAN_POINT('',(111.95499648651,110.7805432452,
    336.55198651616));
#3861 = PCURVE('',#1882,#3862);
#3862 = DEFINITIONAL_REPRESENTATION('',(#3863),#3926);
#3863 = B_SPLINE_CURVE_WITH_KNOTS('',7,(#3864,#3865,#3866,#3867,#3868,
    #3869,#3870,#3871,#3872,#3873,#3874,#3875,#3876,#3877,#3878,#3879,
    #3880,#3881,#3882,#3883,#3884,#3885,#3886,#3887,#3888,#3889,#3890,
    #3891,#3892,#3893,#3894,#3895,#3896,#3897,#3898,#3899,#3900,#3901,
    #3902,#3903,#3904,#3905,#3906,#3907,#3908,#3909,#3910,#3911,#3912,
    #3913,#3914,#3915,#3916,#3917,#3918,#3919,#3920,#3921,#3922,#3923,
    #3924,#3925),.UNSPECIFIED.,.F.,.F.,(8,6,6,6,6,6,6,6,6,6,8),(0.,
    0.121838688173,0.224255523794,0.309296587322,0.41650187189,
    0.531426517382,0.643352460634,0.737762070165,0.822920867773,
    0.90535646946,1.),.UNSPECIFIED.);
#3864 = CARTESIAN_POINT('',(0.,15.665424776362));
#3865 = CARTESIAN_POINT('',(9.206444196992E-02,15.665424776362));
#3866 = CARTESIAN_POINT('',(0.184050086052,15.66610863169));
#3867 = CARTESIAN_POINT('',(0.276655744702,15.667474341317));
#3868 = CARTESIAN_POINT('',(0.370513396566,15.669493732404));
#3869 = CARTESIAN_POINT('',(0.466281287932,15.672110231138));
#3870 = CARTESIAN_POINT('',(0.564632035392,15.67521807435));
#3871 = CARTESIAN_POINT('',(0.751942643269,15.681511986447));
#3872 = CARTESIAN_POINT('',(0.840654253865,15.684632009058));
#3873 = CARTESIAN_POINT('',(0.93244765181,15.687875576218));
#3874 = CARTESIAN_POINT('',(1.027356726388,15.691070065674));
#3875 = CARTESIAN_POINT('',(1.125515314606,15.693994833764));
#3876 = CARTESIAN_POINT('',(1.227180229984,15.696405278176));
#3877 = CARTESIAN_POINT('',(1.420494891909,15.699467718545));
#3878 = CARTESIAN_POINT('',(1.510032926301,15.700334783098));
#3879 = CARTESIAN_POINT('',(1.600357599122,15.700551099946));
#3880 = CARTESIAN_POINT('',(1.69058990972,15.700058710434));
#3881 = CARTESIAN_POINT('',(1.779888749702,15.698905982887));
#3882 = CARTESIAN_POINT('',(1.867300602402,15.697235557402));
#3883 = CARTESIAN_POINT('',(2.057860001731,15.692689240676));
#3884 = CARTESIAN_POINT('',(2.159534672408,15.689604184732));
#3885 = CARTESIAN_POINT('',(2.257317978444,15.68624223128));
#3886 = CARTESIAN_POINT('',(2.351685179759,15.682848895052));
#3887 = CARTESIAN_POINT('',(2.443040753276,15.679608481272));
#3888 = CARTESIAN_POINT('',(2.531708534248,15.676653079716));
#3889 = CARTESIAN_POINT('',(2.710492233654,15.671299461648));
#3890 = CARTESIAN_POINT('',(2.800671106692,15.668944170915));
#3891 = CARTESIAN_POINT('',(2.889155871014,15.667108420892));
#3892 = CARTESIAN_POINT('',(2.97649026901,15.665850890612));
#3893 = CARTESIAN_POINT('',(3.063187198747,15.665201140213));
#3894 = CARTESIAN_POINT('',(3.149768313119,15.665167724661));
#3895 = CARTESIAN_POINT('',(3.321545848609,15.666291855662));
#3896 = CARTESIAN_POINT('',(3.406618901227,15.66741766406));
#3897 = CARTESIAN_POINT('',(3.492560385017,15.669099995605));
#3898 = CARTESIAN_POINT('',(3.579879318929,15.671304806266));
#3899 = CARTESIAN_POINT('',(3.669105310213,15.673973889327));
#3900 = CARTESIAN_POINT('',(3.760786507766,15.677008461686));
#3901 = CARTESIAN_POINT('',(3.935558624324,15.682989833272));
#3902 = CARTESIAN_POINT('',(4.01836786795,15.6858972658));
#3903 = CARTESIAN_POINT('',(4.103904285263,15.688866364846));
#3904 = CARTESIAN_POINT('',(4.192153656563,15.691750603548));
#3905 = CARTESIAN_POINT('',(4.283185641447,15.694371631531));
#3906 = CARTESIAN_POINT('',(4.377164881598,15.696538222016));
#3907 = CARTESIAN_POINT('',(4.562087545503,15.699467718545));
#3908 = CARTESIAN_POINT('',(4.651625579887,15.700334783098));
#3909 = CARTESIAN_POINT('',(4.741950252708,15.700551099946));
#3910 = CARTESIAN_POINT('',(4.832182563313,15.700058710434));
#3911 = CARTESIAN_POINT('',(4.921481403296,15.698905982887));
#3912 = CARTESIAN_POINT('',(5.008893255988,15.697235557402));
#3913 = CARTESIAN_POINT('',(5.174787355621,15.693277698999));
#3914 = CARTESIAN_POINT('',(5.256390218134,15.690942091075));
#3915 = CARTESIAN_POINT('',(5.33798713762,15.688302381587));
#3916 = CARTESIAN_POINT('',(5.419584804955,15.685468899408));
#3917 = CARTESIAN_POINT('',(5.501186864503,15.682567145917));
#3918 = CARTESIAN_POINT('',(5.58278876724,15.679725208484));
#3919 = CARTESIAN_POINT('',(5.758068627234,15.673997976285));
#3920 = CARTESIAN_POINT('',(5.849016839925,15.671257759494));
#3921 = CARTESIAN_POINT('',(5.937877630413,15.668968554665));
#3922 = CARTESIAN_POINT('',(6.02520341679,15.667207937187));
#3923 = CARTESIAN_POINT('',(6.111510418679,15.666019674924));
#3924 = CARTESIAN_POINT('',(6.197320224894,15.665424776362));
#3925 = CARTESIAN_POINT('',(6.28318530718,15.665424776362));
#3926 = ( GEOMETRIC_REPRESENTATION_CONTEXT(2) 
PARAMETRIC_REPRESENTATION_CONTEXT() REPRESENTATION_CONTEXT('2D SPACE',''
  ) );
#3927 = PCURVE('',#2322,#3928);
#3928 = DEFINITIONAL_REPRESENTATION('',(#3929),#3992);
#3929 = B_SPLINE_CURVE_WITH_KNOTS('',7,(#3930,#3931,#3932,#3933,#3934,
    #3935,#3936,#3937,#3938,#3939,#3940,#3941,#3942,#3943,#3944,#3945,
    #3946,#3947,#3948,#3949,#3950,#3951,#3952,#3953,#3954,#3955,#3956,
    #3957,#3958,#3959,#3960,#3961,#3962,#3963,#3964,#3965,#3966,#3967,
    #3968,#3969,#3970,#3971,#3972,#3973,#3974,#3975,#3976,#3977,#3978,
    #3979,#3980,#3981,#3982,#3983,#3984,#3985,#3986,#3987,#3988,#3989,
    #3990,#3991),.UNSPECIFIED.,.T.,.F.,(8,6,6,6,6,6,6,6,6,6,8),(0.,
    0.121838688173,0.224255523794,0.309296587322,0.41650187189,
    0.531426517382,0.643352460634,0.737762070165,0.822920867773,
    0.90535646946,1.),.UNSPECIFIED.);
#3930 = CARTESIAN_POINT('',(0.780125352608,131.));
#3931 = CARTESIAN_POINT('',(0.780125352608,130.69618734149));
#3932 = CARTESIAN_POINT('',(0.780332582372,130.39263435276));
#3933 = CARTESIAN_POINT('',(0.780746429268,130.09124331787));
#3934 = CARTESIAN_POINT('',(0.781371286841,129.79409523861));
#3935 = CARTESIAN_POINT('',(0.782215574684,129.50382102312));
#3936 = CARTESIAN_POINT('',(0.78329059096,129.22405488084));
#3937 = CARTESIAN_POINT('',(0.785716948801,128.73817580693));
#3938 = CARTESIAN_POINT('',(0.787006681305,128.52547742664));
#3939 = CARTESIAN_POINT('',(0.788482477887,128.32716749866));
#3940 = CARTESIAN_POINT('',(0.790143399708,128.14874682223));
#3941 = CARTESIAN_POINT('',(0.79198314322,127.99602235905));
#3942 = CARTESIAN_POINT('',(0.793988967929,127.87519205476));
#3943 = CARTESIAN_POINT('',(0.797925243901,127.72479238035));
#3944 = CARTESIAN_POINT('',(0.799792728227,127.68390627872));
#3945 = CARTESIAN_POINT('',(0.801701438063,127.67421779031));
#3946 = CARTESIAN_POINT('',(0.803606289891,127.69704053479));
#3947 = CARTESIAN_POINT('',(0.805461966817,127.75118632864));
#3948 = CARTESIAN_POINT('',(0.807226846703,127.83299937863));
#3949 = CARTESIAN_POINT('',(0.810933628795,128.06671783383));
#3950 = CARTESIAN_POINT('',(0.812808859412,128.23178031852));
#3951 = CARTESIAN_POINT('',(0.814483682045,128.4237557435));
#3952 = CARTESIAN_POINT('',(0.815957673668,128.63634259855));
#3953 = CARTESIAN_POINT('',(0.81723479418,128.86433553309));
#3954 = CARTESIAN_POINT('',(0.818321466392,129.10340651113));
#3955 = CARTESIAN_POINT('',(0.820194746897,129.61434955518));
#3956 = CARTESIAN_POINT('',(0.820958492346,129.88853810408));
#3957 = CARTESIAN_POINT('',(0.821526176987,130.16918524682));
#3958 = CARTESIAN_POINT('',(0.821905088342,130.4538440165));
#3959 = CARTESIAN_POINT('',(0.822099799965,130.74061263682));
#3960 = CARTESIAN_POINT('',(0.82211164576,131.0278057254));
#3961 = CARTESIAN_POINT('',(0.821769450516,131.59210477998));
#3962 = CARTESIAN_POINT('',(0.82142514956,131.86894612125));
#3963 = CARTESIAN_POINT('',(0.820903886032,132.14270771155));
#3964 = CARTESIAN_POINT('',(0.820200651523,132.41159830053));
#3965 = CARTESIAN_POINT('',(0.819307722602,132.67329006505));
#3966 = CARTESIAN_POINT('',(0.818215646731,132.92460056169));
#3967 = CARTESIAN_POINT('',(0.815817316774,133.36047760559));
#3968 = CARTESIAN_POINT('',(0.814562834725,133.55087811744));
#3969 = CARTESIAN_POINT('',(0.813149126665,133.72781547475));
#3970 = CARTESIAN_POINT('',(0.811578545062,133.88671337208));
#3971 = CARTESIAN_POINT('',(0.809857831162,134.02285450389));
#3972 = CARTESIAN_POINT('',(0.807998687859,134.13133695735));
#3973 = CARTESIAN_POINT('',(0.804233289873,134.27520761965));
#3974 = CARTESIAN_POINT('',(0.802365805548,134.31609372126));
#3975 = CARTESIAN_POINT('',(0.800457095712,134.32578220968));
#3976 = CARTESIAN_POINT('',(0.798552243884,134.3029594652));
#3977 = CARTESIAN_POINT('',(0.796696566958,134.24881367135));
#3978 = CARTESIAN_POINT('',(0.794931687072,134.16700062137));
#3979 = CARTESIAN_POINT('',(0.791704697063,133.96353381348));
#3980 = CARTESIAN_POINT('',(0.790177822423,133.83964950899));
#3981 = CARTESIAN_POINT('',(0.78872879683,133.69306223397));
#3982 = CARTESIAN_POINT('',(0.78737375371,133.52524246193));
#3983 = CARTESIAN_POINT('',(0.786127457777,133.33801700806));
#3984 = CARTESIAN_POINT('',(0.785002984109,133.13353140269));
#3985 = CARTESIAN_POINT('',(0.782872397139,132.66236149855));
#3986 = CARTESIAN_POINT('',(0.781941650417,132.39828663892));
#3987 = CARTESIAN_POINT('',(0.781208967185,132.12588087753));
#3988 = CARTESIAN_POINT('',(0.780665731811,131.84793396113));
#3989 = CARTESIAN_POINT('',(0.780305613756,131.56652466932));
#3990 = CARTESIAN_POINT('',(0.780125352608,131.28335477154));
#3991 = CARTESIAN_POINT('',(0.780125352608,131.));
#3992 = ( GEOMETRIC_REPRESENTATION_CONTEXT(2) 
PARAMETRIC_REPRESENTATION_CONTEXT() REPRESENTATION_CONTEXT('2D SPACE',''
  ) );
#3993 = ORIENTED_EDGE('',*,*,#3773,.T.);
#3994 = ADVANCED_FACE('',(#3995,#3998,#4001,#4004,#4007,#4010),#2322,.F.
  );
#3995 = FACE_BOUND('',#3996,.F.);
#3996 = EDGE_LOOP('',(#3997));
#3997 = ORIENTED_EDGE('',*,*,#1980,.T.);
#3998 = FACE_BOUND('',#3999,.F.);
#3999 = EDGE_LOOP('',(#4000));
#4000 = ORIENTED_EDGE('',*,*,#2526,.F.);
#4001 = FACE_BOUND('',#4002,.F.);
#4002 = EDGE_LOOP('',(#4003));
#4003 = ORIENTED_EDGE('',*,*,#2752,.F.);
#4004 = FACE_BOUND('',#4005,.F.);
#4005 = EDGE_LOOP('',(#4006));
#4006 = ORIENTED_EDGE('',*,*,#2978,.F.);
#4007 = FACE_BOUND('',#4008,.F.);
#4008 = EDGE_LOOP('',(#4009));
#4009 = ORIENTED_EDGE('',*,*,#3204,.F.);
#4010 = FACE_BOUND('',#4011,.F.);
#4011 = EDGE_LOOP('',(#4012));
#4012 = ORIENTED_EDGE('',*,*,#3796,.F.);
#4013 = MANIFOLD_SOLID_BREP('',#4014);
#4014 = CLOSED_SHELL('',(#4015,#5950,#6496,#6722,#6948,#7174,#7766,#7992
    ));
#4015 = ADVANCED_FACE('',(#4016,#4528,#4735,#4942,#5149,#5743),#4187,.T.
  );
#4016 = FACE_BOUND('',#4017,.T.);
#4017 = EDGE_LOOP('',(#4018));
#4018 = ORIENTED_EDGE('',*,*,#4019,.T.);
#4019 = EDGE_CURVE('',#4020,#4020,#4022,.T.);
#4020 = VERTEX_POINT('',#4021);
#4021 = CARTESIAN_POINT('',(-90.86617755674,-131.086184536,
    288.55198651616));
#4022 = SURFACE_CURVE('',#4023,(#4186,#4357),.PCURVE_S1.);
#4023 = B_SPLINE_CURVE_WITH_KNOTS('',6,(#4024,#4025,#4026,#4027,#4028,
    #4029,#4030,#4031,#4032,#4033,#4034,#4035,#4036,#4037,#4038,#4039,
    #4040,#4041,#4042,#4043,#4044,#4045,#4046,#4047,#4048,#4049,#4050,
    #4051,#4052,#4053,#4054,#4055,#4056,#4057,#4058,#4059,#4060,#4061,
    #4062,#4063,#4064,#4065,#4066,#4067,#4068,#4069,#4070,#4071,#4072,
    #4073,#4074,#4075,#4076,#4077,#4078,#4079,#4080,#4081,#4082,#4083,
    #4084,#4085,#4086,#4087,#4088,#4089,#4090,#4091,#4092,#4093,#4094,
    #4095,#4096,#4097,#4098,#4099,#4100,#4101,#4102,#4103,#4104,#4105,
    #4106,#4107,#4108,#4109,#4110,#4111,#4112,#4113,#4114,#4115,#4116,
    #4117,#4118,#4119,#4120,#4121,#4122,#4123,#4124,#4125,#4126,#4127,
    #4128,#4129,#4130,#4131,#4132,#4133,#4134,#4135,#4136,#4137,#4138,
    #4139,#4140,#4141,#4142,#4143,#4144,#4145,#4146,#4147,#4148,#4149,
    #4150,#4151,#4152,#4153,#4154,#4155,#4156,#4157,#4158,#4159,#4160,
    #4161,#4162,#4163,#4164,#4165,#4166,#4167,#4168,#4169,#4170,#4171,
    #4172,#4173,#4174,#4175,#4176,#4177,#4178,#4179,#4180,#4181,#4182,
    #4183,#4184,#4185),.UNSPECIFIED.,.T.,.F.,(7,5,5,5,5,5,5,5,5,5,5,5,5,
    5,5,5,5,5,5,5,5,5,5,5,5,5,5,5,5,5,5,5,7),(0.,6.417413091538E-02,
    0.121771296678,0.139691818154,0.162058836885,0.19085217991,
    0.213470661211,0.225603855865,0.250000553485,0.274397251105,
    0.286530445759,0.309135357864,0.337781292553,0.36030925297,
    0.378272842138,0.435937676036,0.500000497772,0.564174500932,
    0.621771552028,0.639692037823,0.662059012019,0.690852297713,
    0.713470733974,0.725603904467,0.750000553507,0.774397202547,
    0.786530373039,0.809135240132,0.837781117777,0.860309033334,
    0.878272586732,0.935937305812,1.),.UNSPECIFIED.);
#4024 = CARTESIAN_POINT('',(-90.86617755674,-131.086184536,
    288.55198651616));
#4025 = CARTESIAN_POINT('',(-90.86617755674,-131.086184536,
    292.79386760431));
#4026 = CARTESIAN_POINT('',(-91.14238938562,-130.8947202538,
    297.03377007581));
#4027 = CARTESIAN_POINT('',(-91.69433355358,-130.5121244628,
    301.25363228924));
#4028 = CARTESIAN_POINT('',(-92.51706913356,-129.9353588496,
    305.43517652548));
#4029 = CARTESIAN_POINT('',(-93.6010584326,-129.1581833784,
    309.55894531141));
#4030 = CARTESIAN_POINT('',(-96.12714069934,-127.2872090163,
    317.2332609279));
#4031 = CARTESIAN_POINT('',(-97.52107898482,-126.23407359,
    320.79903501688));
#4032 = CARTESIAN_POINT('',(-99.10584432066,-125.0053215326,
    324.29075517503));
#4033 = CARTESIAN_POINT('',(-100.8722493029,-123.5904212664,
    327.69621284385));
#4034 = CARTESIAN_POINT('',(-102.8096636608,-121.9760671238,
    330.99991961978));
#4035 = CARTESIAN_POINT('',(-105.5569845337,-119.5772640808,
    335.17143922033));
#4036 = CARTESIAN_POINT('',(-106.2243277462,-118.9870967182,
    336.1496919653));
#4037 = CARTESIAN_POINT('',(-106.9067415304,-118.3754668446,
    337.11575147246));
#4038 = CARTESIAN_POINT('',(-107.6038735352,-117.7418118584,
    338.06901464025));
#4039 = CARTESIAN_POINT('',(-108.3153446293,-117.0855416087,
    339.00881034701));
#4040 = CARTESIAN_POINT('',(-109.946139464,-115.557931078,
    341.08964942818));
#4041 = CARTESIAN_POINT('',(-110.8732404104,-114.6736247451,
    342.22277633829));
#4042 = CARTESIAN_POINT('',(-111.821289951,-113.7518830614,
    343.33237987454));
#4043 = CARTESIAN_POINT('',(-112.7894247101,-112.7914290572,
    344.41684366434));
#4044 = CARTESIAN_POINT('',(-113.7766747379,-111.7909407074,
    345.47433647147));
#4045 = CARTESIAN_POINT('',(-116.0760763164,-109.4078067252,
    347.82678386269));
#4046 = CARTESIAN_POINT('',(-117.400392577,-107.9976274406,
    349.10298863706));
#4047 = CARTESIAN_POINT('',(-118.7521535707,-106.5160207545,
    350.32652735021));
#4048 = CARTESIAN_POINT('',(-120.1282286422,-104.9605193798,
    351.49200719483));
#4049 = CARTESIAN_POINT('',(-121.5250722306,-103.3287477251,
    352.59349131747));
#4050 = CARTESIAN_POINT('',(-124.0491960561,-100.2750468882,
    354.43428871322));
#4051 = CARTESIAN_POINT('',(-125.1702246518,-98.88294326778,
    355.20074508571));
#4052 = CARTESIAN_POINT('',(-126.2988896257,-97.44231269726,
    355.91988093522));
#4053 = CARTESIAN_POINT('',(-127.4321949072,-95.95345087532,
    356.58789726869));
#4054 = CARTESIAN_POINT('',(-128.5670982806,-94.41686126535,
    357.20110275267));
#4055 = CARTESIAN_POINT('',(-130.3085655867,-91.98379766593,
    358.05350418715));
#4056 = CARTESIAN_POINT('',(-130.9160632809,-91.12093528601,
    358.33425426139));
#4057 = CARTESIAN_POINT('',(-131.5223834923,-90.24507561167,
    358.59750933032));
#4058 = CARTESIAN_POINT('',(-132.1268817528,-89.35663159878,
    358.84268153109));
#4059 = CARTESIAN_POINT('',(-132.7289310623,-88.45604482779,
    359.06923176858));
#4060 = CARTESIAN_POINT('',(-134.5323437586,-85.70947331047,
    359.69377000238));
#4061 = CARTESIAN_POINT('',(-135.7249305966,-83.82717495809,
    360.0337757601));
#4062 = CARTESIAN_POINT('',(-136.8990820535,-81.90315568583,
    360.291994751));
#4063 = CARTESIAN_POINT('',(-138.0488192598,-79.94429702713,
    360.46527935467));
#4064 = CARTESIAN_POINT('',(-139.1689393171,-77.9580576809,
    360.55198651616));
#4065 = CARTESIAN_POINT('',(-141.3412090031,-73.94670422388,
    360.55198651616));
#4066 = CARTESIAN_POINT('',(-142.3924932277,-71.92318818425,
    360.46527935467));
#4067 = CARTESIAN_POINT('',(-143.4046616475,-69.889831851,360.291994751)
  );
#4068 = CARTESIAN_POINT('',(-144.3743111428,-67.85506855762,
    360.0337757601));
#4069 = CARTESIAN_POINT('',(-145.2989460085,-65.82766607697,
    359.69377000239));
#4070 = CARTESIAN_POINT('',(-146.6135752885,-62.81640349973,
    359.06923176858));
#4071 = CARTESIAN_POINT('',(-147.0387774664,-61.82004863771,
    358.84268153109));
#4072 = CARTESIAN_POINT('',(-147.4524721487,-60.82827869418,
    358.59750933032));
#4073 = CARTESIAN_POINT('',(-147.8546321717,-59.84186007928,
    358.33425426139));
#4074 = CARTESIAN_POINT('',(-148.2452638901,-58.86155818919,
    358.05350418716));
#4075 = CARTESIAN_POINT('',(-149.3307683242,-56.07458902449,
    357.2014355827));
#4076 = CARTESIAN_POINT('',(-149.9970297639,-54.28547987782,
    356.58863336467));
#4077 = CARTESIAN_POINT('',(-150.6242400427,-52.52375774656,
    355.92108429302));
#4078 = CARTESIAN_POINT('',(-151.213637908,-50.79224006013,
    355.20247292118));
#4079 = CARTESIAN_POINT('',(-151.7666105058,-49.0935924343,
    354.43659108273));
#4080 = CARTESIAN_POINT('',(-152.9411413553,-45.32252221119,
    352.60185486731));
#4081 = CARTESIAN_POINT('',(-153.5416734203,-43.27108488061,
    351.50651687781));
#4082 = CARTESIAN_POINT('',(-154.0901908562,-41.27809806189,
    350.34778733332));
#4083 = CARTESIAN_POINT('',(-154.5905591458,-39.34521753615,
    349.13151973209));
#4084 = CARTESIAN_POINT('',(-155.0464981364,-37.47370888897,
    347.86303627936));
#4085 = CARTESIAN_POINT('',(-155.7879511223,-34.24171700513,
    345.51235015054));
#4086 = CARTESIAN_POINT('',(-156.0891282905,-32.85718847691,
    344.44802682063));
#4087 = CARTESIAN_POINT('',(-156.3668548244,-31.5110919217,
    343.3563026235));
#4088 = CARTESIAN_POINT('',(-156.6228049246,-30.20352027987,
    342.23905193172));
#4089 = CARTESIAN_POINT('',(-156.8585540413,-28.93449976605,
    341.09792785378));
#4090 = CARTESIAN_POINT('',(-157.2486404107,-26.72279520538,
    339.00654410627));
#4091 = CARTESIAN_POINT('',(-157.4097957403,-25.7660811196,
    338.06445209522));
#4092 = CARTESIAN_POINT('',(-157.5597959073,-24.83385187509,
    337.1088294977));
#4093 = CARTESIAN_POINT('',(-157.6993473073,-23.92610245398,
    336.14035216069));
#4094 = CARTESIAN_POINT('',(-157.829118269,-23.04282040949,
    335.1596272785));
#4095 = CARTESIAN_POINT('',(-158.336952431,-19.42704668913,
    330.98138460493));
#4096 = CARTESIAN_POINT('',(-158.6300990125,-16.92058765665,
    327.67324067267));
#4097 = CARTESIAN_POINT('',(-158.8495672095,-14.66694183789,
    324.26317291881));
#4098 = CARTESIAN_POINT('',(-159.0123577028,-12.66775163968,
    320.76671701065));
#4099 = CARTESIAN_POINT('',(-159.1323460471,-10.92496772557,
    317.19611917284));
#4100 = CARTESIAN_POINT('',(-159.3180427125,-7.793394531549,
    309.52325616402));
#4101 = CARTESIAN_POINT('',(-159.3762445697,-6.465448027881,
    305.40623036618));
#4102 = CARTESIAN_POINT('',(-159.4095212762,-5.464700603321,
    301.23172182106));
#4103 = CARTESIAN_POINT('',(-159.4282390158,-4.795701939366,
    297.01908839354));
#4104 = CARTESIAN_POINT('',(-159.4376061281,-4.460913820973,
    292.78651854777));
#4105 = CARTESIAN_POINT('',(-159.4376061281,-4.460913820973,
    284.31010542803));
#4106 = CARTESIAN_POINT('',(-159.4282064737,-4.796864996438,
    280.07020295647));
#4107 = CARTESIAN_POINT('',(-159.4094238183,-5.468183933787,
    275.85034074313));
#4108 = CARTESIAN_POINT('',(-159.3760135255,-6.472393154793,
    271.6687965068));
#4109 = CARTESIAN_POINT('',(-159.3175375519,-7.804915227382,
    267.54502772092));
#4110 = CARTESIAN_POINT('',(-159.1311217709,-10.94289002613,
    259.87071210472));
#4111 = CARTESIAN_POINT('',(-159.0109205192,-12.68579272823,
    256.30493801562));
#4112 = CARTESIAN_POINT('',(-158.8479300022,-14.68447901697,
    252.81321785676));
#4113 = CARTESIAN_POINT('',(-158.6283095723,-16.9370100807,
    249.40776018806));
#4114 = CARTESIAN_POINT('',(-158.3351068629,-19.44175474984,
    246.10405341323));
#4115 = CARTESIAN_POINT('',(-157.8275547086,-23.05346055636,
    241.93253381199));
#4116 = CARTESIAN_POINT('',(-157.6980012314,-23.93485738848,
    240.95428106702));
#4117 = CARTESIAN_POINT('',(-157.5587094178,-24.8406042989,
    239.98822155986));
#4118 = CARTESIAN_POINT('',(-157.409015552,-25.77071365818,
    239.03495839207));
#4119 = CARTESIAN_POINT('',(-157.2482182112,-26.72519046445,
    238.09516268531));
#4120 = CARTESIAN_POINT('',(-156.8600975134,-28.92574676914,
    236.01432360414));
#4121 = CARTESIAN_POINT('',(-156.6261656217,-30.18542519052,
    234.88119669403));
#4122 = CARTESIAN_POINT('',(-156.3723308926,-31.48310527176,
    233.77159315779));
#4123 = CARTESIAN_POINT('',(-156.0970520818,-32.81876180778,
    232.68712936798));
#4124 = CARTESIAN_POINT('',(-155.7986919713,-34.19230496326,
    231.62963656085));
#4125 = CARTESIAN_POINT('',(-155.059480873,-37.42032945931,
    229.27718916977));
#4126 = CARTESIAN_POINT('',(-154.6022191471,-39.30004509951,
    228.0009843952));
#4127 = CARTESIAN_POINT('',(-154.1001373488,-41.24177886718,
    226.77744568199));
#4128 = CARTESIAN_POINT('',(-153.5494583453,-43.24425727251,
    225.61196583748));
#4129 = CARTESIAN_POINT('',(-152.9462550564,-45.30580924483,
    224.51048171496));
#4130 = CARTESIAN_POINT('',(-151.7682725871,-49.08848649659,
    222.6696843191));
#4131 = CARTESIAN_POINT('',(-151.2150549521,-50.78807699165,
    221.90322794661));
#4132 = CARTESIAN_POINT('',(-150.6253706824,-52.52058197757,
    221.1840920971));
#4133 = CARTESIAN_POINT('',(-149.9978301079,-54.28333074391,
    220.51607576363));
#4134 = CARTESIAN_POINT('',(-149.3311923375,-56.07350039497,
    219.90287027965));
#4135 = CARTESIAN_POINT('',(-148.2452638901,-58.86155818918,
    219.05046884517));
#4136 = CARTESIAN_POINT('',(-147.8546321717,-59.84186007927,
    218.76971877094));
#4137 = CARTESIAN_POINT('',(-147.4524721487,-60.82827869417,
    218.50646370201));
#4138 = CARTESIAN_POINT('',(-147.0387774664,-61.8200486377,
    218.26129150123));
#4139 = CARTESIAN_POINT('',(-146.6135752885,-62.81640349972,
    218.03474126374));
#4140 = CARTESIAN_POINT('',(-145.2989460085,-65.82766607696,
    217.41020302993));
#4141 = CARTESIAN_POINT('',(-144.3743111428,-67.85506855762,
    217.07019727222));
#4142 = CARTESIAN_POINT('',(-143.4046616475,-69.88983185099,
    216.81197828132));
#4143 = CARTESIAN_POINT('',(-142.3924932277,-71.92318818424,
    216.63869367765));
#4144 = CARTESIAN_POINT('',(-141.3412090031,-73.94670422387,
    216.55198651616));
#4145 = CARTESIAN_POINT('',(-139.1689393171,-77.95805768085,
    216.55198651616));
#4146 = CARTESIAN_POINT('',(-138.0488192597,-79.94429702715,
    216.63869367765));
#4147 = CARTESIAN_POINT('',(-136.8990820535,-81.90315568585,
    216.81197828132));
#4148 = CARTESIAN_POINT('',(-135.7249305966,-83.82717495811,
    217.07019727223));
#4149 = CARTESIAN_POINT('',(-134.5323437586,-85.70947331042,
    217.41020302993));
#4150 = CARTESIAN_POINT('',(-132.7289310623,-88.45604482778,
    218.03474126374));
#4151 = CARTESIAN_POINT('',(-132.1268817528,-89.35663159876,
    218.26129150123));
#4152 = CARTESIAN_POINT('',(-131.5223834923,-90.24507561167,
    218.506463702));
#4153 = CARTESIAN_POINT('',(-130.9160632809,-91.120935286,
    218.76971877094));
#4154 = CARTESIAN_POINT('',(-130.3085655867,-91.98379766592,
    219.05046884517));
#4155 = CARTESIAN_POINT('',(-128.5677782567,-94.41591124743,
    219.90253744962));
#4156 = CARTESIAN_POINT('',(-127.4335573634,-95.9516061422,
    220.51533966765));
#4157 = CARTESIAN_POINT('',(-126.300931355,-97.43963031089,
    221.1828887393));
#4158 = CARTESIAN_POINT('',(-125.1729366977,-98.87948148214,
    221.90150011114));
#4159 = CARTESIAN_POINT('',(-124.0525638163,-100.2708646274,
    222.66738194959));
#4160 = CARTESIAN_POINT('',(-121.5362742548,-103.3153317707,
    224.50211816501));
#4161 = CARTESIAN_POINT('',(-120.1464415781,-104.9393388561,
    225.59745615451));
#4162 = CARTESIAN_POINT('',(-118.7771341487,-106.4878429733,
    226.756185699));
#4163 = CARTESIAN_POINT('',(-117.4318510609,-107.9631764833,
    227.97245330024));
#4164 = CARTESIAN_POINT('',(-116.1136850448,-109.3677630181,
    229.24093675297));
#4165 = CARTESIAN_POINT('',(-113.8121860618,-111.7549426297,
    231.59162288179));
#4166 = CARTESIAN_POINT('',(-112.8172756084,-112.7637935216,
    232.6559462117));
#4167 = CARTESIAN_POINT('',(-111.8417353044,-113.7320027339,
    233.74767040882));
#4168 = CARTESIAN_POINT('',(-110.8865579103,-114.6609215667,
    234.8649211006));
#4169 = CARTESIAN_POINT('',(-109.9526263404,-115.5518550846,
    236.00604517854));
#4170 = CARTESIAN_POINT('',(-108.3135694006,-117.0872041613,
    238.09742892606));
#4171 = CARTESIAN_POINT('',(-107.6004202905,-117.7449968558,
    239.0395209371));
#4172 = CARTESIAN_POINT('',(-106.9016803372,-118.3800668457,
    239.99514353462));
#4173 = CARTESIAN_POINT('',(-106.2177313731,-118.9930084574,
    240.96362087163));
#4174 = CARTESIAN_POINT('',(-105.5489282063,-119.5843881972,
    241.94434575383));
#4175 = CARTESIAN_POINT('',(-102.798354695,-121.9856504684,
    246.12258842794));
#4176 = CARTESIAN_POINT('',(-100.8594739397,-123.6008944788,
    249.43073235951));
#4177 = CARTESIAN_POINT('',(-99.09205219176,-125.0162764521,
    252.84080011298));
#4178 = CARTESIAN_POINT('',(-97.506755537,-126.2451363754,
    256.33725602157));
#4179 = CARTESIAN_POINT('',(-96.11280038181,-127.2980285826,
    259.90785385997));
#4180 = CARTESIAN_POINT('',(-93.59168627303,-129.1649023251,
    267.58071686829));
#4181 = CARTESIAN_POINT('',(-92.51137906927,-129.9393477514,
    271.69774266615));
#4182 = CARTESIAN_POINT('',(-91.69146963256,-130.5141096695,
    275.87225121126));
#4183 = CARTESIAN_POINT('',(-91.14143314548,-130.8953831003,
    280.0848846388));
#4184 = CARTESIAN_POINT('',(-90.86617755674,-131.086184536,
    284.31745448454));
#4185 = CARTESIAN_POINT('',(-90.86617755674,-131.086184536,
    288.55198651616));
#4186 = PCURVE('',#4187,#4192);
#4187 = CYLINDRICAL_SURFACE('',#4188,159.5);
#4188 = AXIS2_PLACEMENT_3D('',#4189,#4190,#4191);
#4189 = CARTESIAN_POINT('',(0.,0.,206.55198651616));
#4190 = DIRECTION('',(0.,0.,1.));
#4191 = DIRECTION('',(-1.,1.224646799147E-16,0.));
#4192 = DEFINITIONAL_REPRESENTATION('',(#4193),#4356);
#4193 = B_SPLINE_CURVE_WITH_KNOTS('',6,(#4194,#4195,#4196,#4197,#4198,
    #4199,#4200,#4201,#4202,#4203,#4204,#4205,#4206,#4207,#4208,#4209,
    #4210,#4211,#4212,#4213,#4214,#4215,#4216,#4217,#4218,#4219,#4220,
    #4221,#4222,#4223,#4224,#4225,#4226,#4227,#4228,#4229,#4230,#4231,
    #4232,#4233,#4234,#4235,#4236,#4237,#4238,#4239,#4240,#4241,#4242,
    #4243,#4244,#4245,#4246,#4247,#4248,#4249,#4250,#4251,#4252,#4253,
    #4254,#4255,#4256,#4257,#4258,#4259,#4260,#4261,#4262,#4263,#4264,
    #4265,#4266,#4267,#4268,#4269,#4270,#4271,#4272,#4273,#4274,#4275,
    #4276,#4277,#4278,#4279,#4280,#4281,#4282,#4283,#4284,#4285,#4286,
    #4287,#4288,#4289,#4290,#4291,#4292,#4293,#4294,#4295,#4296,#4297,
    #4298,#4299,#4300,#4301,#4302,#4303,#4304,#4305,#4306,#4307,#4308,
    #4309,#4310,#4311,#4312,#4313,#4314,#4315,#4316,#4317,#4318,#4319,
    #4320,#4321,#4322,#4323,#4324,#4325,#4326,#4327,#4328,#4329,#4330,
    #4331,#4332,#4333,#4334,#4335,#4336,#4337,#4338,#4339,#4340,#4341,
    #4342,#4343,#4344,#4345,#4346,#4347,#4348,#4349,#4350,#4351,#4352,
    #4353,#4354,#4355),.UNSPECIFIED.,.T.,.F.,(7,5,5,5,5,5,5,5,5,5,5,5,5,
    5,5,5,5,5,5,5,5,5,5,5,5,5,5,5,5,5,5,5,7),(0.,6.417413091538E-02,
    0.121771296678,0.139691818154,0.162058836885,0.19085217991,
    0.213470661211,0.225603855865,0.250000553485,0.274397251105,
    0.286530445759,0.309135357864,0.337781292553,0.36030925297,
    0.378272842138,0.435937676036,0.500000497772,0.564174500932,
    0.621771552028,0.639692037823,0.662059012019,0.690852297713,
    0.713470733974,0.725603904467,0.750000553507,0.774397202547,
    0.786530373039,0.809135240132,0.837781117777,0.860309033334,
    0.878272586732,0.935937305812,1.),.UNSPECIFIED.);
#4194 = CARTESIAN_POINT('',(0.964662965056,82.));
#4195 = CARTESIAN_POINT('',(0.964662965056,86.241881088144));
#4196 = CARTESIAN_POINT('',(0.962555865938,90.481783559645));
#4197 = CARTESIAN_POINT('',(0.958345312801,94.701645773079));
#4198 = CARTESIAN_POINT('',(0.952045958869,98.883190009323));
#4199 = CARTESIAN_POINT('',(0.943684552666,103.00695879525));
#4200 = CARTESIAN_POINT('',(0.923976044407,110.68127441173));
#4201 = CARTESIAN_POINT('',(0.913023293889,114.24704850072));
#4202 = CARTESIAN_POINT('',(0.900452346576,117.73876865887));
#4203 = CARTESIAN_POINT('',(0.886266154303,121.14422632769));
#4204 = CARTESIAN_POINT('',(0.870459411574,124.44793310362));
#4205 = CARTESIAN_POINT('',(0.847592988121,128.61945270417));
#4206 = CARTESIAN_POINT('',(0.842007725268,129.59770544913));
#4207 = CARTESIAN_POINT('',(0.836262498364,130.56376495629));
#4208 = CARTESIAN_POINT('',(0.830356280326,131.51702812409));
#4209 = CARTESIAN_POINT('',(0.824287954316,132.45682383085));
#4210 = CARTESIAN_POINT('',(0.810278415984,134.53766291201));
#4211 = CARTESIAN_POINT('',(0.802246043583,135.67078982213));
#4212 = CARTESIAN_POINT('',(0.793956515738,136.78039335837));
#4213 = CARTESIAN_POINT('',(0.785407188484,137.86485714817));
#4214 = CARTESIAN_POINT('',(0.776595363844,138.92234995531));
#4215 = CARTESIAN_POINT('',(0.75583309439,141.27479734652));
#4216 = CARTESIAN_POINT('',(0.7437054657,142.55100212089));
#4217 = CARTESIAN_POINT('',(0.731133221579,143.77454083405));
#4218 = CARTESIAN_POINT('',(0.718114900861,144.94002067867));
#4219 = CARTESIAN_POINT('',(0.704649896468,146.0415048013));
#4220 = CARTESIAN_POINT('',(0.679810684245,147.88230219705));
#4221 = CARTESIAN_POINT('',(0.668605577452,148.64875856954));
#4222 = CARTESIAN_POINT('',(0.657133119012,149.36789441905));
#4223 = CARTESIAN_POINT('',(0.645403750477,150.03591075252));
#4224 = CARTESIAN_POINT('',(0.633428503042,150.64911623651));
#4225 = CARTESIAN_POINT('',(0.614669418365,151.50151767099));
#4226 = CARTESIAN_POINT('',(0.608053534942,151.78226774522));
#4227 = CARTESIAN_POINT('',(0.601375179357,152.04552281415));
#4228 = CARTESIAN_POINT('',(0.594638251268,152.29069501492));
#4229 = CARTESIAN_POINT('',(0.58784668908,152.51724525241));
#4230 = CARTESIAN_POINT('',(0.567246566994,153.14178348622));
#4231 = CARTESIAN_POINT('',(0.553277895001,153.48178924394));
#4232 = CARTESIAN_POINT('',(0.539149324263,153.74000823484));
#4233 = CARTESIAN_POINT('',(0.524912081339,153.9132928385));
#4234 = CARTESIAN_POINT('',(0.51061757009,154.));
#4235 = CARTESIAN_POINT('',(0.482017154161,154.));
#4236 = CARTESIAN_POINT('',(0.467722642912,153.9132928385));
#4237 = CARTESIAN_POINT('',(0.453485399988,153.74000823484));
#4238 = CARTESIAN_POINT('',(0.43935682925,153.48178924394));
#4239 = CARTESIAN_POINT('',(0.425388157257,153.14178348622));
#4240 = CARTESIAN_POINT('',(0.404788035171,152.51724525241));
#4241 = CARTESIAN_POINT('',(0.397996472983,152.29069501493));
#4242 = CARTESIAN_POINT('',(0.391259544894,152.04552281415));
#4243 = CARTESIAN_POINT('',(0.384581189309,151.78226774522));
#4244 = CARTESIAN_POINT('',(0.377965305886,151.50151767099));
#4245 = CARTESIAN_POINT('',(0.359213545911,150.64944906654));
#4246 = CARTESIAN_POINT('',(0.347245350368,150.03664684851));
#4247 = CARTESIAN_POINT('',(0.33552273701,149.36909777686));
#4248 = CARTESIAN_POINT('',(0.324056714347,148.65048640502));
#4249 = CARTESIAN_POINT('',(0.312857702756,147.88460456657));
#4250 = CARTESIAN_POINT('',(0.288094405046,146.04986835114));
#4251 = CARTESIAN_POINT('',(0.274694935963,144.95453036164));
#4252 = CARTESIAN_POINT('',(0.261737551807,143.79580081715));
#4253 = CARTESIAN_POINT('',(0.249221709008,142.57953321592));
#4254 = CARTESIAN_POINT('',(0.237146023059,141.31104976319));
#4255 = CARTESIAN_POINT('',(0.216356368204,138.96036363437));
#4256 = CARTESIAN_POINT('',(0.207473503803,137.89604030446));
#4257 = CARTESIAN_POINT('',(0.198856988045,136.80431610734));
#4258 = CARTESIAN_POINT('',(0.190504064778,135.68706541555));
#4259 = CARTESIAN_POINT('',(0.182412032658,134.54594133762));
#4260 = CARTESIAN_POINT('',(0.168331521133,132.4545575901));
#4261 = CARTESIAN_POINT('',(0.162248991645,131.51246557906));
#4262 = CARTESIAN_POINT('',(0.156329348084,130.55684298154));
#4263 = CARTESIAN_POINT('',(0.15057146602,129.58836564453));
#4264 = CARTESIAN_POINT('',(0.144974311679,128.60764076233));
#4265 = CARTESIAN_POINT('',(0.122082386107,124.42939808876));
#4266 = CARTESIAN_POINT('',(0.106265019806,121.12125415651));
#4267 = CARTESIAN_POINT('',(9.207196833482E-02,117.71118640264));
#4268 = CARTESIAN_POINT('',(7.94979736998E-02,114.21473049449));
#4269 = CARTESIAN_POINT('',(6.85460569446E-02,110.64413265668));
#4270 = CARTESIAN_POINT('',(4.887788075687E-02,102.97126964786));
#4271 = CARTESIAN_POINT('',(4.05451989939E-02,98.854243850024));
#4272 = CARTESIAN_POINT('',(3.426756374314E-02,94.679735304898));
#4273 = CARTESIAN_POINT('',(3.007156359157E-02,90.467101877382));
#4274 = CARTESIAN_POINT('',(2.797175919498E-02,86.234532031605));
#4275 = CARTESIAN_POINT('',(2.797175919498E-02,77.758118911873));
#4276 = CARTESIAN_POINT('',(3.007885831255E-02,73.51821644031));
#4277 = CARTESIAN_POINT('',(3.428941144974E-02,69.298354226974));
#4278 = CARTESIAN_POINT('',(4.058876538158E-02,65.116809990642));
#4279 = CARTESIAN_POINT('',(4.895017158516E-02,60.993041204763));
#4280 = CARTESIAN_POINT('',(6.865867984292E-02,53.318725588559));
#4281 = CARTESIAN_POINT('',(7.961143036085E-02,49.752951499462));
#4282 = CARTESIAN_POINT('',(9.218237767582E-02,46.261231340596));
#4283 = CARTESIAN_POINT('',(0.106368569951,42.855773671902));
#4284 = CARTESIAN_POINT('',(0.122175312673,39.552066897065));
#4285 = CARTESIAN_POINT('',(0.14504173613,35.380547295826));
#4286 = CARTESIAN_POINT('',(0.150626998983,34.402294550862));
#4287 = CARTESIAN_POINT('',(0.156372225887,33.436235043702));
#4288 = CARTESIAN_POINT('',(0.162278443925,32.482971875905));
#4289 = CARTESIAN_POINT('',(0.168346769935,31.543176169146));
#4290 = CARTESIAN_POINT('',(0.182356308267,29.46233708798));
#4291 = CARTESIAN_POINT('',(0.190388680667,28.329210177871));
#4292 = CARTESIAN_POINT('',(0.198678208513,27.219606641625));
#4293 = CARTESIAN_POINT('',(0.207227535767,26.135142851816));
#4294 = CARTESIAN_POINT('',(0.216039360407,25.077650044686));
#4295 = CARTESIAN_POINT('',(0.236801629859,22.725202653608));
#4296 = CARTESIAN_POINT('',(0.248929258552,21.448997879035));
#4297 = CARTESIAN_POINT('',(0.261501502673,20.225459165833));
#4298 = CARTESIAN_POINT('',(0.274519823391,19.059979321322));
#4299 = CARTESIAN_POINT('',(0.287984827782,17.958495198801));
#4300 = CARTESIAN_POINT('',(0.312824040006,16.117697802943));
#4301 = CARTESIAN_POINT('',(0.324029146799,15.351241430452));
#4302 = CARTESIAN_POINT('',(0.335501605239,14.632105580943));
#4303 = CARTESIAN_POINT('',(0.347230973774,13.964089247472));
#4304 = CARTESIAN_POINT('',(0.359206221209,13.350883763489));
#4305 = CARTESIAN_POINT('',(0.377965305886,12.498482329007));
#4306 = CARTESIAN_POINT('',(0.384581189308,12.217732254776));
#4307 = CARTESIAN_POINT('',(0.391259544894,11.954477185845));
#4308 = CARTESIAN_POINT('',(0.397996472983,11.70930498507));
#4309 = CARTESIAN_POINT('',(0.404788035171,11.482754747582));
#4310 = CARTESIAN_POINT('',(0.425388157257,10.858216513774));
#4311 = CARTESIAN_POINT('',(0.43935682925,10.518210756061));
#4312 = CARTESIAN_POINT('',(0.453485399988,10.259991765159));
#4313 = CARTESIAN_POINT('',(0.467722642912,10.086707161492));
#4314 = CARTESIAN_POINT('',(0.482017154161,10.));
#4315 = CARTESIAN_POINT('',(0.510617570089,10.));
#4316 = CARTESIAN_POINT('',(0.524912081339,10.086707161489));
#4317 = CARTESIAN_POINT('',(0.539149324263,10.259991765162));
#4318 = CARTESIAN_POINT('',(0.553277895001,10.518210756066));
#4319 = CARTESIAN_POINT('',(0.567246566994,10.858216513766));
#4320 = CARTESIAN_POINT('',(0.58784668908,11.482754747581));
#4321 = CARTESIAN_POINT('',(0.594638251268,11.709304985069));
#4322 = CARTESIAN_POINT('',(0.601375179357,11.954477185844));
#4323 = CARTESIAN_POINT('',(0.608053534942,12.217732254775));
#4324 = CARTESIAN_POINT('',(0.614669418365,12.498482329004));
#4325 = CARTESIAN_POINT('',(0.63342117834,13.350550933458));
#4326 = CARTESIAN_POINT('',(0.645389373883,13.963353151488));
#4327 = CARTESIAN_POINT('',(0.657111987241,14.630902223141));
#4328 = CARTESIAN_POINT('',(0.668578009904,15.349513594977));
#4329 = CARTESIAN_POINT('',(0.679777021495,16.115395433431));
#4330 = CARTESIAN_POINT('',(0.704540319205,17.950131648852));
#4331 = CARTESIAN_POINT('',(0.717939788288,19.045469638351));
#4332 = CARTESIAN_POINT('',(0.730897172444,20.204199182843));
#4333 = CARTESIAN_POINT('',(0.743413015243,21.420466784083));
#4334 = CARTESIAN_POINT('',(0.755488701192,22.688950236813));
#4335 = CARTESIAN_POINT('',(0.776278356047,25.039636365625));
#4336 = CARTESIAN_POINT('',(0.785161220448,26.103959695539));
#4337 = CARTESIAN_POINT('',(0.793777736206,27.195683892661));
#4338 = CARTESIAN_POINT('',(0.802130659473,28.312934584443));
#4339 = CARTESIAN_POINT('',(0.810222691593,29.454058662378));
#4340 = CARTESIAN_POINT('',(0.824303203118,31.545442409897));
#4341 = CARTESIAN_POINT('',(0.830385732606,32.48753442094));
#4342 = CARTESIAN_POINT('',(0.836305376167,33.443157018461));
#4343 = CARTESIAN_POINT('',(0.842063258231,34.41163435547));
#4344 = CARTESIAN_POINT('',(0.847660412572,35.392359237667));
#4345 = CARTESIAN_POINT('',(0.870552338147,39.570601911776));
#4346 = CARTESIAN_POINT('',(0.886369704443,42.878745843346));
#4347 = CARTESIAN_POINT('',(0.900562755914,46.288813596815));
#4348 = CARTESIAN_POINT('',(0.913136750551,49.785269505413));
#4349 = CARTESIAN_POINT('',(0.924088667308,53.355867343806));
#4350 = CARTESIAN_POINT('',(0.943756843494,61.028730352127));
#4351 = CARTESIAN_POINT('',(0.952089525257,65.145756149986));
#4352 = CARTESIAN_POINT('',(0.958367160508,69.320264695101));
#4353 = CARTESIAN_POINT('',(0.962563160659,73.532898122635));
#4354 = CARTESIAN_POINT('',(0.964662965056,77.765467968381));
#4355 = CARTESIAN_POINT('',(0.964662965056,82.));
#4356 = ( GEOMETRIC_REPRESENTATION_CONTEXT(2) 
PARAMETRIC_REPRESENTATION_CONTEXT() REPRESENTATION_CONTEXT('2D SPACE',''
  ) );
#4357 = PCURVE('',#4358,#4363);
#4358 = CYLINDRICAL_SURFACE('',#4359,72.);
#4359 = AXIS2_PLACEMENT_3D('',#4360,#4361,#4362);
#4360 = CARTESIAN_POINT('',(0.,0.,288.55198651616));
#4361 = DIRECTION('',(-0.879342157744,-0.47619047619,0.));
#4362 = DIRECTION('',(0.47619047619,-0.879342157744,0.));
#4363 = DEFINITIONAL_REPRESENTATION('',(#4364),#4527);
#4364 = B_SPLINE_CURVE_WITH_KNOTS('',6,(#4365,#4366,#4367,#4368,#4369,
    #4370,#4371,#4372,#4373,#4374,#4375,#4376,#4377,#4378,#4379,#4380,
    #4381,#4382,#4383,#4384,#4385,#4386,#4387,#4388,#4389,#4390,#4391,
    #4392,#4393,#4394,#4395,#4396,#4397,#4398,#4399,#4400,#4401,#4402,
    #4403,#4404,#4405,#4406,#4407,#4408,#4409,#4410,#4411,#4412,#4413,
    #4414,#4415,#4416,#4417,#4418,#4419,#4420,#4421,#4422,#4423,#4424,
    #4425,#4426,#4427,#4428,#4429,#4430,#4431,#4432,#4433,#4434,#4435,
    #4436,#4437,#4438,#4439,#4440,#4441,#4442,#4443,#4444,#4445,#4446,
    #4447,#4448,#4449,#4450,#4451,#4452,#4453,#4454,#4455,#4456,#4457,
    #4458,#4459,#4460,#4461,#4462,#4463,#4464,#4465,#4466,#4467,#4468,
    #4469,#4470,#4471,#4472,#4473,#4474,#4475,#4476,#4477,#4478,#4479,
    #4480,#4481,#4482,#4483,#4484,#4485,#4486,#4487,#4488,#4489,#4490,
    #4491,#4492,#4493,#4494,#4495,#4496,#4497,#4498,#4499,#4500,#4501,
    #4502,#4503,#4504,#4505,#4506,#4507,#4508,#4509,#4510,#4511,#4512,
    #4513,#4514,#4515,#4516,#4517,#4518,#4519,#4520,#4521,#4522,#4523,
    #4524,#4525,#4526),.UNSPECIFIED.,.F.,.F.,(7,5,5,5,5,5,5,5,5,5,5,5,5,
    5,5,5,5,5,5,5,5,5,5,5,5,5,5,5,5,5,5,5,7),(0.,6.417413091538E-02,
    0.121771296678,0.139691818154,0.162058836885,0.19085217991,
    0.213470661211,0.225603855865,0.250000553485,0.274397251105,
    0.286530445759,0.309135357864,0.337781292553,0.36030925297,
    0.378272842138,0.435937676036,0.500000497772,0.564174500932,
    0.621771552028,0.639692037823,0.662059012019,0.690852297713,
    0.713470733974,0.725603904467,0.750000553507,0.774397202547,
    0.786530373039,0.809135240132,0.837781117777,0.860309033334,
    0.878272586732,0.935937305812,1.),.UNSPECIFIED.);
#4365 = CARTESIAN_POINT('',(0.,142.3244532749));
#4366 = CARTESIAN_POINT('',(5.891501511312E-02,142.3244532749));
#4367 = CARTESIAN_POINT('',(0.117802549447,142.47616451276));
#4368 = CARTESIAN_POINT('',(0.176779832386,142.77932381648));
#4369 = CARTESIAN_POINT('',(0.235959391803,143.22813960462));
#4370 = CARTESIAN_POINT('',(0.295452293545,143.81125353609));
#4371 = CARTESIAN_POINT('',(0.409143623313,145.14160399477));
#4372 = CARTESIAN_POINT('',(0.463256741552,145.86585963434));
#4373 = CARTESIAN_POINT('',(0.517870782924,146.67429057694));
#4374 = CARTESIAN_POINT('',(0.573148327011,147.55380291401));
#4375 = CARTESIAN_POINT('',(0.629257807878,148.48871296796));
#4376 = CARTESIAN_POINT('',(0.704157019398,149.76226086908));
#4377 = CARTESIAN_POINT('',(0.722032023501,150.0680518121));
#4378 = CARTESIAN_POINT('',(0.740015422142,150.37687470073));
#4379 = CARTESIAN_POINT('',(0.758114292594,150.6881517925));
#4380 = CARTESIAN_POINT('',(0.776335799928,151.00126867682));
#4381 = CARTESIAN_POINT('',(0.817592353962,151.70786173953));
#4382 = CARTESIAN_POINT('',(0.840700094128,152.10200243244));
#4383 = CARTESIAN_POINT('',(0.864025761391,152.49673774983));
#4384 = CARTESIAN_POINT('',(0.887584211403,152.89070040828));
#4385 = CARTESIAN_POINT('',(0.911390554868,153.28240795421));
#4386 = CARTESIAN_POINT('',(0.966446599801,154.16954299399));
#4387 = CARTESIAN_POINT('',(0.997877172333,154.66255616708));
#4388 = CARTESIAN_POINT('',(1.029775425153,155.14568960262));
#4389 = CARTESIAN_POINT('',(1.062165747517,155.61501548492));
#4390 = CARTESIAN_POINT('',(1.095074273714,156.06628481868));
#4391 = CARTESIAN_POINT('',(1.154810946947,156.8317100541));
#4392 = CARTESIAN_POINT('',(1.181433854939,157.1545712724));
#4393 = CARTESIAN_POINT('',(1.208389447637,157.46103940857));
#4394 = CARTESIAN_POINT('',(1.23567086502,157.7486207002));
#4395 = CARTESIAN_POINT('',(1.263273453065,158.01487974333));
#4396 = CARTESIAN_POINT('',(1.306172265074,158.38762364786));
#4397 = CARTESIAN_POINT('',(1.321239143637,158.51093513355));
#4398 = CARTESIAN_POINT('',(1.336390100097,158.62702202114));
#4399 = CARTESIAN_POINT('',(1.351620344461,158.7355142483));
#4400 = CARTESIAN_POINT('',(1.366925346216,158.83607074389));
#4401 = CARTESIAN_POINT('',(1.413216739546,159.11399635679));
#4402 = CARTESIAN_POINT('',(1.444430858827,159.26635569151));
#4403 = CARTESIAN_POINT('',(1.475866065242,159.38263691365));
#4404 = CARTESIAN_POINT('',(1.507451081674,159.46085947196));
#4405 = CARTESIAN_POINT('',(1.539117393874,159.5));
#4406 = CARTESIAN_POINT('',(1.602475259715,159.5));
#4407 = CARTESIAN_POINT('',(1.634141571916,159.46085947196));
#4408 = CARTESIAN_POINT('',(1.665726588348,159.38263691366));
#4409 = CARTESIAN_POINT('',(1.697161794763,159.26635569151));
#4410 = CARTESIAN_POINT('',(1.728375914043,159.11399635679));
#4411 = CARTESIAN_POINT('',(1.774667307373,158.83607074389));
#4412 = CARTESIAN_POINT('',(1.789972309128,158.7355142483));
#4413 = CARTESIAN_POINT('',(1.805202553492,158.62702202114));
#4414 = CARTESIAN_POINT('',(1.820353509952,158.51093513355));
#4415 = CARTESIAN_POINT('',(1.835420388515,158.38762364787));
#4416 = CARTESIAN_POINT('',(1.878302450185,158.01502528552));
#4417 = CARTESIAN_POINT('',(1.905888651182,157.74894032102));
#4418 = CARTESIAN_POINT('',(1.933154056003,157.46155746033));
#4419 = CARTESIAN_POINT('',(1.960094027037,157.15530761939));
#4420 = CARTESIAN_POINT('',(1.98670172634,156.83267991486));
#4421 = CARTESIAN_POINT('',(2.04625362041,156.06974668107));
#4422 = CARTESIAN_POINT('',(2.078997874022,155.62094492357));
#4423 = CARTESIAN_POINT('',(2.111229115715,155.154238087));
#4424 = CARTESIAN_POINT('',(2.142972986117,154.67381372045));
#4425 = CARTESIAN_POINT('',(2.174253403912,154.18354550241));
#4426 = CARTESIAN_POINT('',(2.229345895099,153.29649261663));
#4427 = CARTESIAN_POINT('',(2.253330799444,152.90203109845));
#4428 = CARTESIAN_POINT('',(2.277063899535,152.50524938839));
#4429 = CARTESIAN_POINT('',(2.300560635008,152.107663939));
#4430 = CARTESIAN_POINT('',(2.323836182149,151.71067259326));
#4431 = CARTESIAN_POINT('',(2.365301771878,151.00049933509));
#4432 = CARTESIAN_POINT('',(2.383566810255,150.68663187422));
#4433 = CARTESIAN_POINT('',(2.401708639548,150.37461465691));
#4434 = CARTESIAN_POINT('',(2.419734475434,150.06506645696));
#4435 = CARTESIAN_POINT('',(2.437651444946,149.7585690371));
#4436 = CARTESIAN_POINT('',(2.512655556857,148.48333201519));
#4437 = CARTESIAN_POINT('',(2.568826754889,147.54755624241));
#4438 = CARTESIAN_POINT('',(2.624164889695,146.66737920475));
#4439 = CARTESIAN_POINT('',(2.67883884189,145.85853241587));
#4440 = CARTESIAN_POINT('',(2.733011621696,145.13414612351));
#4441 = CARTESIAN_POINT('',(2.846655201373,143.8062116995));
#4442 = CARTESIAN_POINT('',(2.906042911302,143.22503556825));
#4443 = CARTESIAN_POINT('',(2.965119042952,142.77775078652));
#4444 = CARTESIAN_POINT('',(3.023994016425,142.47563929169));
#4445 = CARTESIAN_POINT('',(3.082779708706,142.3244532749));
#4446 = CARTESIAN_POINT('',(3.200507668703,142.3244532749));
#4447 = CARTESIAN_POINT('',(3.259395203037,142.47616451276));
#4448 = CARTESIAN_POINT('',(3.318372485975,142.77932381648));
#4449 = CARTESIAN_POINT('',(3.377552045393,143.22813960462));
#4450 = CARTESIAN_POINT('',(3.437044947134,143.81125353609));
#4451 = CARTESIAN_POINT('',(3.550736276899,145.14160399472));
#4452 = CARTESIAN_POINT('',(3.604849395139,145.86585963429));
#4453 = CARTESIAN_POINT('',(3.659463436521,146.67429057704));
#4454 = CARTESIAN_POINT('',(3.714740980609,147.55380291416));
#4455 = CARTESIAN_POINT('',(3.770850461455,148.48871296775));
#4456 = CARTESIAN_POINT('',(3.845749672988,149.76226086908));
#4457 = CARTESIAN_POINT('',(3.86362467709,150.0680518121));
#4458 = CARTESIAN_POINT('',(3.881608075732,150.37687470073));
#4459 = CARTESIAN_POINT('',(3.899706946183,150.6881517925));
#4460 = CARTESIAN_POINT('',(3.917928453518,151.00126867682));
#4461 = CARTESIAN_POINT('',(3.959185007552,151.70786173953));
#4462 = CARTESIAN_POINT('',(3.982292747717,152.10200243244));
#4463 = CARTESIAN_POINT('',(4.005618414981,152.49673774983));
#4464 = CARTESIAN_POINT('',(4.029176864993,152.89070040828));
#4465 = CARTESIAN_POINT('',(4.052983208458,153.28240795421));
#4466 = CARTESIAN_POINT('',(4.108039253388,154.16954299394));
#4467 = CARTESIAN_POINT('',(4.139469825924,154.6625561671));
#4468 = CARTESIAN_POINT('',(4.171368078746,155.14568960267));
#4469 = CARTESIAN_POINT('',(4.203758401108,155.61501548493));
#4470 = CARTESIAN_POINT('',(4.2366669273,156.06628481864));
#4471 = CARTESIAN_POINT('',(4.296403600537,156.8317100541));
#4472 = CARTESIAN_POINT('',(4.323026508529,157.1545712724));
#4473 = CARTESIAN_POINT('',(4.349982101227,157.46103940857));
#4474 = CARTESIAN_POINT('',(4.37726351861,157.7486207002));
#4475 = CARTESIAN_POINT('',(4.404866106655,158.01487974333));
#4476 = CARTESIAN_POINT('',(4.447764918664,158.38762364786));
#4477 = CARTESIAN_POINT('',(4.462831797227,158.51093513355));
#4478 = CARTESIAN_POINT('',(4.477982753687,158.62702202114));
#4479 = CARTESIAN_POINT('',(4.493212998051,158.7355142483));
#4480 = CARTESIAN_POINT('',(4.508517999806,158.83607074389));
#4481 = CARTESIAN_POINT('',(4.554809393136,159.11399635679));
#4482 = CARTESIAN_POINT('',(4.586023512417,159.26635569151));
#4483 = CARTESIAN_POINT('',(4.617458718831,159.38263691366));
#4484 = CARTESIAN_POINT('',(4.649043735263,159.46085947196));
#4485 = CARTESIAN_POINT('',(4.680710047464,159.5));
#4486 = CARTESIAN_POINT('',(4.744067913305,159.5));
#4487 = CARTESIAN_POINT('',(4.775734225506,159.46085947196));
#4488 = CARTESIAN_POINT('',(4.807319241938,159.38263691365));
#4489 = CARTESIAN_POINT('',(4.838754448353,159.2663556915));
#4490 = CARTESIAN_POINT('',(4.869968567632,159.11399635679));
#4491 = CARTESIAN_POINT('',(4.916259960963,158.83607074389));
#4492 = CARTESIAN_POINT('',(4.931564962718,158.7355142483));
#4493 = CARTESIAN_POINT('',(4.946795207082,158.62702202114));
#4494 = CARTESIAN_POINT('',(4.961946163542,158.51093513355));
#4495 = CARTESIAN_POINT('',(4.977013042105,158.38762364787));
#4496 = CARTESIAN_POINT('',(5.019895103775,158.01502528552));
#4497 = CARTESIAN_POINT('',(5.047481304772,157.74894032102));
#4498 = CARTESIAN_POINT('',(5.074746709593,157.46155746033));
#4499 = CARTESIAN_POINT('',(5.101686680627,157.15530761939));
#4500 = CARTESIAN_POINT('',(5.12829437993,156.83267991486));
#4501 = CARTESIAN_POINT('',(5.187846274,156.06974668107));
#4502 = CARTESIAN_POINT('',(5.220590527612,155.62094492357));
#4503 = CARTESIAN_POINT('',(5.252821769304,155.154238087));
#4504 = CARTESIAN_POINT('',(5.284565639707,154.67381372045));
#4505 = CARTESIAN_POINT('',(5.315846057502,154.18354550241));
#4506 = CARTESIAN_POINT('',(5.370938548688,153.29649261663));
#4507 = CARTESIAN_POINT('',(5.394923453033,152.90203109845));
#4508 = CARTESIAN_POINT('',(5.418656553125,152.50524938839));
#4509 = CARTESIAN_POINT('',(5.442153288598,152.107663939));
#4510 = CARTESIAN_POINT('',(5.465428835739,151.71067259326));
#4511 = CARTESIAN_POINT('',(5.506894425468,151.00049933509));
#4512 = CARTESIAN_POINT('',(5.525159463845,150.68663187422));
#4513 = CARTESIAN_POINT('',(5.543301293137,150.37461465691));
#4514 = CARTESIAN_POINT('',(5.561327129024,150.06506645696));
#4515 = CARTESIAN_POINT('',(5.579244098535,149.7585690371));
#4516 = CARTESIAN_POINT('',(5.654248210457,148.48333201502));
#4517 = CARTESIAN_POINT('',(5.710419408475,147.54755624248));
#4518 = CARTESIAN_POINT('',(5.765757543277,146.66737920488));
#4519 = CARTESIAN_POINT('',(5.820431495478,145.85853241585));
#4520 = CARTESIAN_POINT('',(5.874604275293,145.13414612342));
#4521 = CARTESIAN_POINT('',(5.988247854963,143.8062116995));
#4522 = CARTESIAN_POINT('',(6.047635564892,143.22503556825));
#4523 = CARTESIAN_POINT('',(6.106711696542,142.77775078652));
#4524 = CARTESIAN_POINT('',(6.165586670015,142.47563929169));
#4525 = CARTESIAN_POINT('',(6.224372362296,142.3244532749));
#4526 = CARTESIAN_POINT('',(6.28318530718,142.3244532749));
#4527 = ( GEOMETRIC_REPRESENTATION_CONTEXT(2) 
PARAMETRIC_REPRESENTATION_CONTEXT() REPRESENTATION_CONTEXT('2D SPACE',''
  ) );
#4528 = FACE_BOUND('',#4529,.T.);
#4529 = EDGE_LOOP('',(#4530));
#4530 = ORIENTED_EDGE('',*,*,#4531,.F.);
#4531 = EDGE_CURVE('',#4532,#4532,#4534,.T.);
#4532 = VERTEX_POINT('',#4533);
#4533 = CARTESIAN_POINT('',(-155.9208396636,-33.59972854937,
    240.55198651616));
#4534 = SURFACE_CURVE('',#4535,(#4598,#4664),.PCURVE_S1.);
#4535 = B_SPLINE_CURVE_WITH_KNOTS('',7,(#4536,#4537,#4538,#4539,#4540,
    #4541,#4542,#4543,#4544,#4545,#4546,#4547,#4548,#4549,#4550,#4551,
    #4552,#4553,#4554,#4555,#4556,#4557,#4558,#4559,#4560,#4561,#4562,
    #4563,#4564,#4565,#4566,#4567,#4568,#4569,#4570,#4571,#4572,#4573,
    #4574,#4575,#4576,#4577,#4578,#4579,#4580,#4581,#4582,#4583,#4584,
    #4585,#4586,#4587,#4588,#4589,#4590,#4591,#4592,#4593,#4594,#4595,
    #4596,#4597),.UNSPECIFIED.,.T.,.F.,(8,6,6,6,6,6,6,6,6,6,8),(0.,
    0.121838761833,0.22425553866,0.309296629391,0.416501834299,
    0.531426566257,0.643352540097,0.737762081015,0.822920894727,
    0.905356441832,1.),.UNSPECIFIED.);
#4536 = CARTESIAN_POINT('',(-155.9208396636,-33.59972854937,
    240.55198651616));
#4537 = CARTESIAN_POINT('',(-155.9208396636,-33.59972854937,
    240.85579898306));
#4538 = CARTESIAN_POINT('',(-155.9277151697,-33.56782248372,
    241.15935177892));
#4539 = CARTESIAN_POINT('',(-155.9414458754,-33.50410468293,
    241.46074267482));
#4540 = CARTESIAN_POINT('',(-155.962136364,-33.4078897572,
    241.75789071758));
#4541 = CARTESIAN_POINT('',(-155.9899845509,-33.27786376002,
    242.04816502197));
#4542 = CARTESIAN_POINT('',(-156.0252271587,-33.11225751247,
    242.32793136632));
#4543 = CARTESIAN_POINT('',(-156.1040749417,-32.73832992328,
    242.8138106738));
#4544 = CARTESIAN_POINT('',(-156.1457686392,-32.53952238733,
    243.0265091425));
#4545 = CARTESIAN_POINT('',(-156.1931616845,-32.31196745569,
    243.2248191444));
#4546 = CARTESIAN_POINT('',(-156.2460589835,-32.05577578877,
    243.40323986366));
#4547 = CARTESIAN_POINT('',(-156.3040579072,-31.77187910826,
    243.55596431438));
#4548 = CARTESIAN_POINT('',(-156.3665393305,-31.46220121041,
    243.67679452476));
#4549 = CARTESIAN_POINT('',(-156.4875390193,-30.85416070253,
    243.82719414419));
#4550 = CARTESIAN_POINT('',(-156.5443774452,-30.56557550954,
    243.86808022367));
#4551 = CARTESIAN_POINT('',(-156.6018215704,-30.2704919016,
    243.8777687095));
#4552 = CARTESIAN_POINT('',(-156.6584629596,-29.9758717411,
    243.85494599339));
#4553 = CARTESIAN_POINT('',(-156.7129892559,-29.68873294934,
    243.80080024762));
#4554 = CARTESIAN_POINT('',(-156.7642904462,-29.41553902936,
    243.71898722569));
#4555 = CARTESIAN_POINT('',(-156.8710307949,-28.84156182872,
    243.48526870972));
#4556 = CARTESIAN_POINT('',(-156.9242676047,-28.55104991829,
    243.32020623019));
#4557 = CARTESIAN_POINT('',(-156.9712255767,-28.29147812508,
    243.1282307594));
#4558 = CARTESIAN_POINT('',(-157.0121303163,-28.06295653082,
    242.91564382218));
#4559 = CARTESIAN_POINT('',(-157.0472796491,-27.86490534772,
    242.6876508136));
#4560 = CARTESIAN_POINT('',(-157.0769945935,-27.69635436998,
    242.44857983877));
#4561 = CARTESIAN_POINT('',(-157.1279674214,-27.40575040187,
    241.93763674389));
#4562 = CARTESIAN_POINT('',(-157.14858138,-27.28724039644,241.6634480607
    ));
#4563 = CARTESIAN_POINT('',(-157.1638207102,-27.19913884873,
    241.38280088526));
#4564 = CARTESIAN_POINT('',(-157.1739610989,-27.14032853839,
    241.09814217381));
#4565 = CARTESIAN_POINT('',(-157.179168506,-27.11010701663,
    240.81137366796));
#4566 = CARTESIAN_POINT('',(-157.1794912622,-27.10826944038,
    240.52418070249));
#4567 = CARTESIAN_POINT('',(-157.1703222219,-27.16137919467,
    239.95988195553));
#4568 = CARTESIAN_POINT('',(-157.1610916642,-27.21481485509,
    239.68304077291));
#4569 = CARTESIAN_POINT('',(-157.1470952897,-27.29571148814,
    239.40927931363));
#4570 = CARTESIAN_POINT('',(-157.1281497488,-27.40483795117,
    239.14038872862));
#4571 = CARTESIAN_POINT('',(-157.1039667416,-27.54337895762,
    238.87869685157));
#4572 = CARTESIAN_POINT('',(-157.0741666921,-27.71277940985,
    238.62738618915));
#4573 = CARTESIAN_POINT('',(-157.0080581134,-28.0846854919,
    238.19150891206));
#4574 = CARTESIAN_POINT('',(-156.9732639369,-28.27917831079,
    238.0011083187));
#4575 = CARTESIAN_POINT('',(-156.9337546751,-28.49830389889,
    237.82417090436));
#4576 = CARTESIAN_POINT('',(-156.8894585244,-28.74167252769,
    237.66527298064));
#4577 = CARTESIAN_POINT('',(-156.8404045403,-29.00820933469,
    237.529131868));
#4578 = CARTESIAN_POINT('',(-156.7867582743,-29.29606884173,
    237.42064949949));
#4579 = CARTESIAN_POINT('',(-156.6766910116,-29.87881514762,
    237.27677888752));
#4580 = CARTESIAN_POINT('',(-156.6215336504,-30.16772634661,
    237.23589280902));
#4581 = CARTESIAN_POINT('',(-156.5645089185,-30.46289129792,
    237.22620432351));
#4582 = CARTESIAN_POINT('',(-156.5069128859,-30.75732632172,
    237.24902703859));
#4583 = CARTESIAN_POINT('',(-156.450151686,-31.04403168228,
    237.30317278381));
#4584 = CARTESIAN_POINT('',(-156.3956118771,-31.31659753354,
    237.38498580742));
#4585 = CARTESIAN_POINT('',(-156.2950140975,-31.81479319874,
    237.58845270205));
#4586 = CARTESIAN_POINT('',(-156.2469674556,-32.05042756585,
    237.71233700644));
#4587 = CARTESIAN_POINT('',(-156.200961104,-32.27396410321,
    237.85892428241));
#4588 = CARTESIAN_POINT('',(-156.1575857495,-32.48292912102,
    238.02674405512));
#4589 = CARTESIAN_POINT('',(-156.1174056329,-32.67506408841,
    238.21396950857));
#4590 = CARTESIAN_POINT('',(-156.0809367326,-32.84837274665,
    238.41845511309));
#4591 = CARTESIAN_POINT('',(-156.0115066589,-33.17667790093,
    238.88962525829));
#4592 = CARTESIAN_POINT('',(-155.9809459382,-33.32004914769,
    239.15370027315));
#4593 = CARTESIAN_POINT('',(-155.9567610076,-33.43288342914,
    239.42610611852));
#4594 = CARTESIAN_POINT('',(-155.9387683836,-33.51652920583,
    239.70405299905));
#4595 = CARTESIAN_POINT('',(-155.9268204389,-33.57197470268,
    239.98546215714));
#4596 = CARTESIAN_POINT('',(-155.9208396636,-33.59972854937,
    240.26863190786));
#4597 = CARTESIAN_POINT('',(-155.9208396636,-33.59972854937,
    240.55198651616));
#4598 = PCURVE('',#4187,#4599);
#4599 = DEFINITIONAL_REPRESENTATION('',(#4600),#4663);
#4600 = B_SPLINE_CURVE_WITH_KNOTS('',7,(#4601,#4602,#4603,#4604,#4605,
    #4606,#4607,#4608,#4609,#4610,#4611,#4612,#4613,#4614,#4615,#4616,
    #4617,#4618,#4619,#4620,#4621,#4622,#4623,#4624,#4625,#4626,#4627,
    #4628,#4629,#4630,#4631,#4632,#4633,#4634,#4635,#4636,#4637,#4638,
    #4639,#4640,#4641,#4642,#4643,#4644,#4645,#4646,#4647,#4648,#4649,
    #4650,#4651,#4652,#4653,#4654,#4655,#4656,#4657,#4658,#4659,#4660,
    #4661,#4662),.UNSPECIFIED.,.T.,.F.,(8,6,6,6,6,6,6,6,6,6,8),(0.,
    0.121838761833,0.22425553866,0.309296629391,0.416501834299,
    0.531426566257,0.643352540097,0.737762081015,0.822920894727,
    0.905356441832,1.),.UNSPECIFIED.);
#4601 = CARTESIAN_POINT('',(0.212246588896,34.));
#4602 = CARTESIAN_POINT('',(0.212246588896,34.303812466897));
#4603 = CARTESIAN_POINT('',(0.212041959002,34.607365262755));
#4604 = CARTESIAN_POINT('',(0.211633304165,34.908756158664));
#4605 = CARTESIAN_POINT('',(0.211016285619,35.205904201421));
#4606 = CARTESIAN_POINT('',(0.210182588778,35.496178505806));
#4607 = CARTESIAN_POINT('',(0.209121056392,35.77594485016));
#4608 = CARTESIAN_POINT('',(0.206725130049,36.261824157643));
#4609 = CARTESIAN_POINT('',(0.205451573057,36.474522626334));
#4610 = CARTESIAN_POINT('',(0.203994284724,36.672832628242));
#4611 = CARTESIAN_POINT('',(0.20235419163,36.851253347496));
#4612 = CARTESIAN_POINT('',(0.200537518496,37.003977798224));
#4613 = CARTESIAN_POINT('',(0.198556846974,37.124808008602));
#4614 = CARTESIAN_POINT('',(0.194669931297,37.275207628027));
#4615 = CARTESIAN_POINT('',(0.192825864194,37.316093707509));
#4616 = CARTESIAN_POINT('',(0.190941088482,37.325782193341));
#4617 = CARTESIAN_POINT('',(0.189060122405,37.302959477226));
#4618 = CARTESIAN_POINT('',(0.187227714644,37.248813731463));
#4619 = CARTESIAN_POINT('',(0.185484965282,37.167000709532));
#4620 = CARTESIAN_POINT('',(0.18182466503,36.933282193555));
#4621 = CARTESIAN_POINT('',(0.179972950404,36.768219714032));
#4622 = CARTESIAN_POINT('',(0.178319131363,36.576244243238));
#4623 = CARTESIAN_POINT('',(0.17686362574,36.363657306023));
#4624 = CARTESIAN_POINT('',(0.175602523191,36.135664297442));
#4625 = CARTESIAN_POINT('',(0.174529481232,35.896593322606));
#4626 = CARTESIAN_POINT('',(0.172679697546,35.385650227733));
#4627 = CARTESIAN_POINT('',(0.171925532333,35.111461544542));
#4628 = CARTESIAN_POINT('',(0.171364969227,34.830814369094));
#4629 = CARTESIAN_POINT('',(0.170990811552,34.546155657647));
#4630 = CARTESIAN_POINT('',(0.170798542764,34.259387151798));
#4631 = CARTESIAN_POINT('',(0.17078684559,33.972194186325));
#4632 = CARTESIAN_POINT('',(0.171124747969,33.407895439367));
#4633 = CARTESIAN_POINT('',(0.171464729474,33.131054256745));
#4634 = CARTESIAN_POINT('',(0.171979453591,32.857292797474));
#4635 = CARTESIAN_POINT('',(0.172673866095,32.588402212458));
#4636 = CARTESIAN_POINT('',(0.17355559446,32.326710335411));
#4637 = CARTESIAN_POINT('',(0.174633972784,32.075399672986));
#4638 = CARTESIAN_POINT('',(0.177002223504,31.639522395902));
#4639 = CARTESIAN_POINT('',(0.178240972523,31.449121802536));
#4640 = CARTESIAN_POINT('',(0.179636951294,31.272184388196));
#4641 = CARTESIAN_POINT('',(0.181187837237,31.113286464481));
#4642 = CARTESIAN_POINT('',(0.182886973427,30.977145351842));
#4643 = CARTESIAN_POINT('',(0.184722802913,30.86866298333));
#4644 = CARTESIAN_POINT('',(0.188440983446,30.72479237136));
#4645 = CARTESIAN_POINT('',(0.190285050497,30.683906292854));
#4646 = CARTESIAN_POINT('',(0.192169826264,30.674217807352));
#4647 = CARTESIAN_POINT('',(0.194050792344,30.697040522432));
#4648 = CARTESIAN_POINT('',(0.195883200051,30.751186267644));
#4649 = CARTESIAN_POINT('',(0.197625949457,30.83299929126));
#4650 = CARTESIAN_POINT('',(0.200812474592,31.036466185893));
#4651 = CARTESIAN_POINT('',(0.202320201771,31.160350490276));
#4652 = CARTESIAN_POINT('',(0.203751055481,31.306937766249));
#4653 = CARTESIAN_POINT('',(0.205089104603,31.474757538963));
#4654 = CARTESIAN_POINT('',(0.206319769685,31.661982992413));
#4655 = CARTESIAN_POINT('',(0.207430139818,31.866468596928));
#4656 = CARTESIAN_POINT('',(0.2095340044,32.337638742125));
#4657 = CARTESIAN_POINT('',(0.210453076562,32.601713756989));
#4658 = CARTESIAN_POINT('',(0.211176568785,32.874119602359));
#4659 = CARTESIAN_POINT('',(0.211712989149,33.152066482885));
#4660 = CARTESIAN_POINT('',(0.212068589237,33.433475640981));
#4661 = CARTESIAN_POINT('',(0.212246588896,33.716645391696));
#4662 = CARTESIAN_POINT('',(0.212246588896,34.));
#4663 = ( GEOMETRIC_REPRESENTATION_CONTEXT(2) 
PARAMETRIC_REPRESENTATION_CONTEXT() REPRESENTATION_CONTEXT('2D SPACE',''
  ) );
#4664 = PCURVE('',#4665,#4670);
#4665 = CYLINDRICAL_SURFACE('',#4666,3.3);
#4666 = AXIS2_PLACEMENT_3D('',#4667,#4668,#4669);
#4667 = CARTESIAN_POINT('',(-139.2063766588,-26.99675346259,
    240.55198651616));
#4668 = DIRECTION('',(-0.981709285323,-0.190386131612,0.));
#4669 = DIRECTION('',(0.190386131612,-0.981709285323,0.));
#4670 = DEFINITIONAL_REPRESENTATION('',(#4671),#4734);
#4671 = B_SPLINE_CURVE_WITH_KNOTS('',7,(#4672,#4673,#4674,#4675,#4676,
    #4677,#4678,#4679,#4680,#4681,#4682,#4683,#4684,#4685,#4686,#4687,
    #4688,#4689,#4690,#4691,#4692,#4693,#4694,#4695,#4696,#4697,#4698,
    #4699,#4700,#4701,#4702,#4703,#4704,#4705,#4706,#4707,#4708,#4709,
    #4710,#4711,#4712,#4713,#4714,#4715,#4716,#4717,#4718,#4719,#4720,
    #4721,#4722,#4723,#4724,#4725,#4726,#4727,#4728,#4729,#4730,#4731,
    #4732,#4733),.UNSPECIFIED.,.F.,.F.,(8,6,6,6,6,6,6,6,6,6,8),(0.,
    0.121838761833,0.22425553866,0.309296629391,0.416501834299,
    0.531426566257,0.643352540097,0.737762081015,0.822920894727,
    0.905356441832,1.),.UNSPECIFIED.);
#4672 = CARTESIAN_POINT('',(0.,17.665858414897));
#4673 = CARTESIAN_POINT('',(9.206438390815E-02,17.665858414897));
#4674 = CARTESIAN_POINT('',(0.184049969542,17.666533690689));
#4675 = CARTESIAN_POINT('',(0.276655583671,17.667882266341));
#4676 = CARTESIAN_POINT('',(0.370513217186,17.66987632362));
#4677 = CARTESIAN_POINT('',(0.466281125694,17.672460000701));
#4678 = CARTESIAN_POINT('',(0.56463193169,17.675528863131));
#4679 = CARTESIAN_POINT('',(0.751942629615,17.681743836675));
#4680 = CARTESIAN_POINT('',(0.840654273723,17.684824728884));
#4681 = CARTESIAN_POINT('',(0.93244770357,17.688027618327));
#4682 = CARTESIAN_POINT('',(1.027356815068,17.691182047594));
#4683 = CARTESIAN_POINT('',(1.125515427698,17.694070138743));
#4684 = CARTESIAN_POINT('',(1.227180311433,17.696450355122));
#4685 = CARTESIAN_POINT('',(1.420494902676,17.69947439296));
#4686 = CARTESIAN_POINT('',(1.51003291768,17.700330584889));
#4687 = CARTESIAN_POINT('',(1.600357560261,17.700544189358));
#4688 = CARTESIAN_POINT('',(1.690589841909,17.700057974477));
#4689 = CARTESIAN_POINT('',(1.779888665278,17.698919702022));
#4690 = CARTESIAN_POINT('',(1.867300530518,17.697270223233));
#4691 = CARTESIAN_POINT('',(2.057859979398,17.692780915839));
#4692 = CARTESIAN_POINT('',(2.159534659691,17.689734547503));
#4693 = CARTESIAN_POINT('',(2.25731799284,17.686414755039));
#4694 = CARTESIAN_POINT('',(2.351685225382,17.683063975476));
#4695 = CARTESIAN_POINT('',(2.443040819333,17.679864203251));
#4696 = CARTESIAN_POINT('',(2.531708592424,17.676945871415));
#4697 = CARTESIAN_POINT('',(2.710492309615,17.671659404523));
#4698 = CARTESIAN_POINT('',(2.800671220172,17.669333657608));
#4699 = CARTESIAN_POINT('',(2.889155989256,17.667520936709));
#4700 = CARTESIAN_POINT('',(2.976490367279,17.666279182947));
#4701 = CARTESIAN_POINT('',(3.063187262574,17.665637584261));
#4702 = CARTESIAN_POINT('',(3.149768339989,17.665604587958));
#4703 = CARTESIAN_POINT('',(3.321545781836,17.666714616647));
#4704 = CARTESIAN_POINT('',(3.406618784729,17.667826301153));
#4705 = CARTESIAN_POINT('',(3.49256022523,17.66948752732));
#4706 = CARTESIAN_POINT('',(3.57987914754,17.671664679117));
#4707 = CARTESIAN_POINT('',(3.669105167446,17.674300282698));
#4708 = CARTESIAN_POINT('',(3.760786413668,17.677296794136));
#4709 = CARTESIAN_POINT('',(3.935558623725,17.6832031489));
#4710 = CARTESIAN_POINT('',(4.018367901317,17.686074118111));
#4711 = CARTESIAN_POINT('',(4.103904346915,17.689005982059));
#4712 = CARTESIAN_POINT('',(4.192153748192,17.691854051389));
#4713 = CARTESIAN_POINT('',(4.283185750388,17.694442211337));
#4714 = CARTESIAN_POINT('',(4.377164957839,17.696581631834));
#4715 = CARTESIAN_POINT('',(4.562087557054,17.699474392972));
#4716 = CARTESIAN_POINT('',(4.65162556947,17.700330584881));
#4717 = CARTESIAN_POINT('',(4.741950214847,17.700544189345));
#4718 = CARTESIAN_POINT('',(4.832182496606,17.700057974484));
#4719 = CARTESIAN_POINT('',(4.921481317208,17.698919702039));
#4720 = CARTESIAN_POINT('',(5.008893184753,17.697270223218));
#4721 = CARTESIAN_POINT('',(5.174787355117,17.693361994421));
#4722 = CARTESIAN_POINT('',(5.256390217816,17.691055675553));
#4723 = CARTESIAN_POINT('',(5.337987137822,17.688449069693));
#4724 = CARTESIAN_POINT('',(5.419584805363,17.68565112272));
#4725 = CARTESIAN_POINT('',(5.501186864649,17.682785762362));
#4726 = CARTESIAN_POINT('',(5.582788767101,17.679979469411));
#4727 = CARTESIAN_POINT('',(5.758068716771,17.674324069676));
#4728 = CARTESIAN_POINT('',(5.849016973739,17.671618223472));
#4729 = CARTESIAN_POINT('',(5.937877782927,17.66935773485));
#4730 = CARTESIAN_POINT('',(6.025203553347,17.667619204653));
#4731 = CARTESIAN_POINT('',(6.11151051254,17.66644585008));
#4732 = CARTESIAN_POINT('',(6.19732027436,17.665858414897));
#4733 = CARTESIAN_POINT('',(6.28318530718,17.665858414897));
#4734 = ( GEOMETRIC_REPRESENTATION_CONTEXT(2) 
PARAMETRIC_REPRESENTATION_CONTEXT() REPRESENTATION_CONTEXT('2D SPACE',''
  ) );
#4735 = FACE_BOUND('',#4736,.T.);
#4736 = EDGE_LOOP('',(#4737));
#4737 = ORIENTED_EDGE('',*,*,#4738,.F.);
#4738 = EDGE_CURVE('',#4739,#4739,#4741,.T.);
#4739 = VERTEX_POINT('',#4740);
#4740 = CARTESIAN_POINT('',(-113.3471624395,-112.2170698552,
    240.55198651616));
#4741 = SURFACE_CURVE('',#4742,(#4805,#4871),.PCURVE_S1.);
#4742 = B_SPLINE_CURVE_WITH_KNOTS('',7,(#4743,#4744,#4745,#4746,#4747,
    #4748,#4749,#4750,#4751,#4752,#4753,#4754,#4755,#4756,#4757,#4758,
    #4759,#4760,#4761,#4762,#4763,#4764,#4765,#4766,#4767,#4768,#4769,
    #4770,#4771,#4772,#4773,#4774,#4775,#4776,#4777,#4778,#4779,#4780,
    #4781,#4782,#4783,#4784,#4785,#4786,#4787,#4788,#4789,#4790,#4791,
    #4792,#4793,#4794,#4795,#4796,#4797,#4798,#4799,#4800,#4801,#4802,
    #4803,#4804),.UNSPECIFIED.,.T.,.F.,(8,6,6,6,6,6,6,6,6,6,8),(0.,
    0.121838753041,0.224255524934,0.309296613671,0.416501816066,
    0.531426546572,0.643352522558,0.737762068002,0.822920886375,
    0.905356438046,1.),.UNSPECIFIED.);
#4743 = CARTESIAN_POINT('',(-113.3471624395,-112.2170698552,
    240.55198651616));
#4744 = CARTESIAN_POINT('',(-113.3471624395,-112.2170698552,
    240.24817404926));
#4745 = CARTESIAN_POINT('',(-113.3241994703,-112.2402640711,
    239.94462125341));
#4746 = CARTESIAN_POINT('',(-113.2783414334,-112.2865839466,
    239.6432303575));
#4747 = CARTESIAN_POINT('',(-113.2090714896,-112.3564916225,
    239.34608231474));
#4748 = CARTESIAN_POINT('',(-113.1153974077,-112.4508708989,
    239.05580801036));
#4749 = CARTESIAN_POINT('',(-112.9959669209,-112.570886854,238.776041666
    ));
#4750 = CARTESIAN_POINT('',(-112.7259034091,-112.8412653251,
    238.2901623532));
#4751 = CARTESIAN_POINT('',(-112.5821933196,-112.9848278685,
    238.07746390019));
#4752 = CARTESIAN_POINT('',(-112.4175227656,-113.1488734945,
    237.87915388368));
#4753 = CARTESIAN_POINT('',(-112.2318778543,-113.3331782957,
    237.70073316203));
#4754 = CARTESIAN_POINT('',(-112.0258188386,-113.5368959144,
    237.5480087254));
#4755 = CARTESIAN_POINT('',(-111.8006184442,-113.7584565766,
    237.42717850553));
#4756 = CARTESIAN_POINT('',(-111.3575280898,-114.1920752009,
    237.27677888813));
#4757 = CARTESIAN_POINT('',(-111.1469083791,-114.3973831592,
    237.23589280865));
#4758 = CARTESIAN_POINT('',(-110.931177455,-114.6067496598,
    237.22620432282));
#4759 = CARTESIAN_POINT('',(-110.7153959701,-114.8151906269,
    237.24902703893));
#4760 = CARTESIAN_POINT('',(-110.5047240305,-115.017771812,
    237.3031727847));
#4761 = CARTESIAN_POINT('',(-110.3039680119,-115.2100314048,
    237.38498580663));
#4762 = CARTESIAN_POINT('',(-109.8816120867,-115.6130931884,
    237.61870432261));
#4763 = CARTESIAN_POINT('',(-109.6674105804,-115.8164378285,
    237.78376680213));
#4764 = CARTESIAN_POINT('',(-109.4756891621,-115.9976158204,
    237.97574227292));
#4765 = CARTESIAN_POINT('',(-109.306663312,-116.1567559435,
    238.18832921014));
#4766 = CARTESIAN_POINT('',(-109.1600102332,-116.2944244628,
    238.41632221872));
#4767 = CARTESIAN_POINT('',(-109.0350928404,-116.4114204242,
    238.65539319355));
#4768 = CARTESIAN_POINT('',(-108.8195770047,-116.6129193597,
    239.16633629129));
#4769 = CARTESIAN_POINT('',(-108.7315938095,-116.6949468737,
    239.44052496479));
#4770 = CARTESIAN_POINT('',(-108.6661395863,-116.7558555351,
    239.72117215126));
#4771 = CARTESIAN_POINT('',(-108.6224293628,-116.7964867622,
    240.00583086261));
#4772 = CARTESIAN_POINT('',(-108.5999655566,-116.8173634174,
    240.29259935742));
#4773 = CARTESIAN_POINT('',(-108.5986030251,-116.8186379242,
    240.57979233284));
#4774 = CARTESIAN_POINT('',(-108.638070038,-116.7819354417,
    241.14409108273));
#4775 = CARTESIAN_POINT('',(-108.6777763681,-116.7450033379,
    241.42093224522));
#4776 = CARTESIAN_POINT('',(-108.7378759517,-116.689072998,
    241.69469372866));
#4777 = CARTESIAN_POINT('',(-108.818912505,-116.6135706847,
    241.96358430906));
#4778 = CARTESIAN_POINT('',(-108.9217205905,-116.5176075706,
    242.22527616935));
#4779 = CARTESIAN_POINT('',(-109.0473028943,-116.4000761,242.47658684826
    ));
#4780 = CARTESIAN_POINT('',(-109.3226352393,-116.1414710431,
    242.91246412171));
#4781 = CARTESIAN_POINT('',(-109.4665023834,-116.0060445531,
    243.10286471081));
#4782 = CARTESIAN_POINT('',(-109.6284219852,-115.8532078734,
    243.27980212911));
#4783 = CARTESIAN_POINT('',(-109.8080284056,-115.6831138647,
    243.43870005347));
#4784 = CARTESIAN_POINT('',(-110.0044373604,-115.4963742556,
    243.57484116229));
#4785 = CARTESIAN_POINT('',(-110.2161938052,-115.2941362031,
    243.68332353339));
#4786 = CARTESIAN_POINT('',(-110.6440754705,-114.8834960482,
    243.82719414476));
#4787 = CARTESIAN_POINT('',(-110.8558868783,-114.6794177712,
    243.86808022339));
#4788 = CARTESIAN_POINT('',(-111.0719151173,-114.4703580465,
    243.87776870875));
#4789 = CARTESIAN_POINT('',(-111.2870198571,-114.2612187701,
    243.85494599369));
#4790 = CARTESIAN_POINT('',(-111.4961074698,-114.0570027869,
    243.80080024862));
#4791 = CARTESIAN_POINT('',(-111.6945676433,-113.8623741823,
    243.71898722483));
#4792 = CARTESIAN_POINT('',(-112.0568157263,-113.5058701006,
    243.51552033027));
#4793 = CARTESIAN_POINT('',(-112.2278953569,-113.3368618322,
    243.39163602589));
#4794 = CARTESIAN_POINT('',(-112.389958422,-113.1761735289,
    243.24504874991));
#4795 = CARTESIAN_POINT('',(-112.5412560964,-113.0256517239,
    243.0772289772));
#4796 = CARTESIAN_POINT('',(-112.6802052804,-112.8870032053,
    242.89000352375));
#4797 = CARTESIAN_POINT('',(-112.8054161445,-112.7617510147,
    242.68551791923));
#4798 = CARTESIAN_POINT('',(-113.0424189284,-112.5241915738,
    242.21434777791));
#4799 = CARTESIAN_POINT('',(-113.1457868849,-112.4202476478,
    241.95027274978));
#4800 = CARTESIAN_POINT('',(-113.2270653544,-112.3383312569,
    241.67786691968));
#4801 = CARTESIAN_POINT('',(-113.2872833708,-112.2775518144,
    241.39992003889));
#4802 = CARTESIAN_POINT('',(-113.327187868,-112.2372456342,
    241.11851086548));
#4803 = CARTESIAN_POINT('',(-113.3471624395,-112.2170698552,
    240.83534112871));
#4804 = CARTESIAN_POINT('',(-113.3471624395,-112.2170698552,
    240.55198651616));
#4805 = PCURVE('',#4187,#4806);
#4806 = DEFINITIONAL_REPRESENTATION('',(#4807),#4870);
#4807 = B_SPLINE_CURVE_WITH_KNOTS('',7,(#4808,#4809,#4810,#4811,#4812,
    #4813,#4814,#4815,#4816,#4817,#4818,#4819,#4820,#4821,#4822,#4823,
    #4824,#4825,#4826,#4827,#4828,#4829,#4830,#4831,#4832,#4833,#4834,
    #4835,#4836,#4837,#4838,#4839,#4840,#4841,#4842,#4843,#4844,#4845,
    #4846,#4847,#4848,#4849,#4850,#4851,#4852,#4853,#4854,#4855,#4856,
    #4857,#4858,#4859,#4860,#4861,#4862,#4863,#4864,#4865,#4866,#4867,
    #4868,#4869),.UNSPECIFIED.,.T.,.F.,(8,6,6,6,6,6,6,6,6,6,8),(0.,
    0.121838753041,0.224255524934,0.309296613671,0.416501816066,
    0.531426546572,0.643352522558,0.737762068002,0.822920886375,
    0.905356438046,1.),.UNSPECIFIED.);
#4808 = CARTESIAN_POINT('',(0.780388135355,34.));
#4809 = CARTESIAN_POINT('',(0.780388135355,33.696187533103));
#4810 = CARTESIAN_POINT('',(0.780592765249,33.392634737245));
#4811 = CARTESIAN_POINT('',(0.781001420086,33.091243841336));
#4812 = CARTESIAN_POINT('',(0.781618438632,32.794095798579));
#4813 = CARTESIAN_POINT('',(0.782452135473,32.503821494194));
#4814 = CARTESIAN_POINT('',(0.783513667859,32.22405514984));
#4815 = CARTESIAN_POINT('',(0.785909594228,31.738175837038));
#4816 = CARTESIAN_POINT('',(0.787183151112,31.525477384034));
#4817 = CARTESIAN_POINT('',(0.788640439594,31.327167367517));
#4818 = CARTESIAN_POINT('',(0.790280532668,31.148746645864));
#4819 = CARTESIAN_POINT('',(0.792097205649,30.996022209242));
#4820 = CARTESIAN_POINT('',(0.794077877329,30.875191989365));
#4821 = CARTESIAN_POINT('',(0.797964792953,30.724792371973));
#4822 = CARTESIAN_POINT('',(0.799808860057,30.683906292491));
#4823 = CARTESIAN_POINT('',(0.801693635768,30.674217806659));
#4824 = CARTESIAN_POINT('',(0.803574601846,30.697040522774));
#4825 = CARTESIAN_POINT('',(0.805407009607,30.751186268537));
#4826 = CARTESIAN_POINT('',(0.807149758968,30.832999290468));
#4827 = CARTESIAN_POINT('',(0.81081005922,31.066717806445));
#4828 = CARTESIAN_POINT('',(0.812661773847,31.231780285968));
#4829 = CARTESIAN_POINT('',(0.814315592888,31.423755756763));
#4830 = CARTESIAN_POINT('',(0.815771098511,31.636342693977));
#4831 = CARTESIAN_POINT('',(0.81703220106,31.864335702559));
#4832 = CARTESIAN_POINT('',(0.818105243019,32.103406677393));
#4833 = CARTESIAN_POINT('',(0.819955026716,32.614349775126));
#4834 = CARTESIAN_POINT('',(0.820709191903,32.888538448631));
#4835 = CARTESIAN_POINT('',(0.821269755025,33.169185635095));
#4836 = CARTESIAN_POINT('',(0.821643912709,33.453844346448));
#4837 = CARTESIAN_POINT('',(0.821836181482,33.740612841264));
#4838 = CARTESIAN_POINT('',(0.821847878659,34.027805816674));
#4839 = CARTESIAN_POINT('',(0.821509976279,34.592104566566));
#4840 = CARTESIAN_POINT('',(0.821169994777,34.868945729062));
#4841 = CARTESIAN_POINT('',(0.820655270693,35.142707212503));
#4842 = CARTESIAN_POINT('',(0.819960858081,35.411597792902));
#4843 = CARTESIAN_POINT('',(0.819079129863,35.673289653184));
#4844 = CARTESIAN_POINT('',(0.81800075144,35.924600332098));
#4845 = CARTESIAN_POINT('',(0.815632500739,36.360477605548));
#4846 = CARTESIAN_POINT('',(0.814393751752,36.550878194653));
#4847 = CARTESIAN_POINT('',(0.812997772938,36.727815612951));
#4848 = CARTESIAN_POINT('',(0.811446887,36.886713537313));
#4849 = CARTESIAN_POINT('',(0.809747750854,37.022854646131));
#4850 = CARTESIAN_POINT('',(0.807911921324,37.131337017231));
#4851 = CARTESIAN_POINT('',(0.804193740807,37.275207628597));
#4852 = CARTESIAN_POINT('',(0.802349673753,37.316093707227));
#4853 = CARTESIAN_POINT('',(0.800464897986,37.325782192592));
#4854 = CARTESIAN_POINT('',(0.798583931907,37.302959477533));
#4855 = CARTESIAN_POINT('',(0.796751524201,37.248813732463));
#4856 = CARTESIAN_POINT('',(0.795008774793,37.167000708672));
#4857 = CARTESIAN_POINT('',(0.791822249659,36.963533814107));
#4858 = CARTESIAN_POINT('',(0.79031452248,36.839649509724));
#4859 = CARTESIAN_POINT('',(0.78888366877,36.693062233751));
#4860 = CARTESIAN_POINT('',(0.787545619648,36.525242461037));
#4861 = CARTESIAN_POINT('',(0.786314954566,36.338017007587));
#4862 = CARTESIAN_POINT('',(0.785204584433,36.133531403072));
#4863 = CARTESIAN_POINT('',(0.783100719868,35.66236126175));
#4864 = CARTESIAN_POINT('',(0.782181647661,35.398286233617));
#4865 = CARTESIAN_POINT('',(0.781458155472,35.12588040352));
#4866 = CARTESIAN_POINT('',(0.78092173512,34.847933522734));
#4867 = CARTESIAN_POINT('',(0.780566135001,34.566524349314));
#4868 = CARTESIAN_POINT('',(0.780388135355,34.28335461255));
#4869 = CARTESIAN_POINT('',(0.780388135355,34.));
#4870 = ( GEOMETRIC_REPRESENTATION_CONTEXT(2) 
PARAMETRIC_REPRESENTATION_CONTEXT() REPRESENTATION_CONTEXT('2D SPACE',''
  ) );
#4871 = PCURVE('',#4872,#4877);
#4872 = CYLINDRICAL_SURFACE('',#4873,3.3);
#4873 = AXIS2_PLACEMENT_3D('',#4874,#4875,#4876);
#4874 = CARTESIAN_POINT('',(-98.68316966069,-101.8276584515,
    240.55198651616));
#4875 = DIRECTION('',(-0.695932085054,-0.718107605441,0.));
#4876 = DIRECTION('',(-0.718107605441,0.695932085054,0.));
#4877 = DEFINITIONAL_REPRESENTATION('',(#4878),#4941);
#4878 = B_SPLINE_CURVE_WITH_KNOTS('',7,(#4879,#4880,#4881,#4882,#4883,
    #4884,#4885,#4886,#4887,#4888,#4889,#4890,#4891,#4892,#4893,#4894,
    #4895,#4896,#4897,#4898,#4899,#4900,#4901,#4902,#4903,#4904,#4905,
    #4906,#4907,#4908,#4909,#4910,#4911,#4912,#4913,#4914,#4915,#4916,
    #4917,#4918,#4919,#4920,#4921,#4922,#4923,#4924,#4925,#4926,#4927,
    #4928,#4929,#4930,#4931,#4932,#4933,#4934,#4935,#4936,#4937,#4938,
    #4939,#4940),.UNSPECIFIED.,.F.,.F.,(8,6,6,6,6,6,6,6,6,6,8),(0.,
    0.121838753041,0.224255524934,0.309296613671,0.416501816066,
    0.531426546572,0.643352522558,0.737762068002,0.822920886375,
    0.905356438046,1.),.UNSPECIFIED.);
#4879 = CARTESIAN_POINT('',(0.,17.665858414897));
#4880 = CARTESIAN_POINT('',(9.20643839082E-02,17.665858414897));
#4881 = CARTESIAN_POINT('',(0.184049969542,17.666533690689));
#4882 = CARTESIAN_POINT('',(0.276655583671,17.667882266341));
#4883 = CARTESIAN_POINT('',(0.370513217186,17.66987632362));
#4884 = CARTESIAN_POINT('',(0.466281125694,17.672460000701));
#4885 = CARTESIAN_POINT('',(0.56463193169,17.675528863131));
#4886 = CARTESIAN_POINT('',(0.751942631666,17.681743836743));
#4887 = CARTESIAN_POINT('',(0.840654268426,17.684824728735));
#4888 = CARTESIAN_POINT('',(0.932447707139,17.688027618402));
#4889 = CARTESIAN_POINT('',(1.027356818216,17.691182047688));
#4890 = CARTESIAN_POINT('',(1.125515421887,17.694070138619));
#4891 = CARTESIAN_POINT('',(1.227180314046,17.696450355163));
#4892 = CARTESIAN_POINT('',(1.420494902676,17.69947439296));
#4893 = CARTESIAN_POINT('',(1.51003291768,17.700330584889));
#4894 = CARTESIAN_POINT('',(1.600357560261,17.700544189358));
#4895 = CARTESIAN_POINT('',(1.690589841909,17.700057974477));
#4896 = CARTESIAN_POINT('',(1.779888665278,17.698919702021));
#4897 = CARTESIAN_POINT('',(1.867300530518,17.697270223233));
#4898 = CARTESIAN_POINT('',(2.057859979398,17.692780915839));
#4899 = CARTESIAN_POINT('',(2.15953465969,17.689734547503));
#4900 = CARTESIAN_POINT('',(2.25731799284,17.686414755039));
#4901 = CARTESIAN_POINT('',(2.351685225381,17.683063975476));
#4902 = CARTESIAN_POINT('',(2.443040819333,17.679864203251));
#4903 = CARTESIAN_POINT('',(2.531708592423,17.676945871415));
#4904 = CARTESIAN_POINT('',(2.710492310615,17.671659404494));
#4905 = CARTESIAN_POINT('',(2.800671217902,17.669333657653));
#4906 = CARTESIAN_POINT('',(2.88915599056,17.667520936705));
#4907 = CARTESIAN_POINT('',(2.976490368649,17.666279182917));
#4908 = CARTESIAN_POINT('',(3.063187260385,17.665637584274));
#4909 = CARTESIAN_POINT('',(3.149768340902,17.665604587964));
#4910 = CARTESIAN_POINT('',(3.321545783642,17.666714616659));
#4911 = CARTESIAN_POINT('',(3.406618780611,17.667826301143));
#4912 = CARTESIAN_POINT('',(3.49256022745,17.669487527249));
#4913 = CARTESIAN_POINT('',(3.579879150601,17.671664679302));
#4914 = CARTESIAN_POINT('',(3.669105162712,17.674300282519));
#4915 = CARTESIAN_POINT('',(3.760786415707,17.677296794205));
#4916 = CARTESIAN_POINT('',(3.935558624306,17.683203148919));
#4917 = CARTESIAN_POINT('',(4.018367899837,17.686074118069));
#4918 = CARTESIAN_POINT('',(4.1039043479,17.68900598208));
#4919 = CARTESIAN_POINT('',(4.192153749071,17.691854051415));
#4920 = CARTESIAN_POINT('',(4.28318574878,17.694442211302));
#4921 = CARTESIAN_POINT('',(4.377164958561,17.696581631845));
#4922 = CARTESIAN_POINT('',(4.562087556998,17.699474392971));
#4923 = CARTESIAN_POINT('',(4.651625569525,17.700330584883));
#4924 = CARTESIAN_POINT('',(4.741950214892,17.700544189344));
#4925 = CARTESIAN_POINT('',(4.832182496563,17.700057974484));
#4926 = CARTESIAN_POINT('',(4.921481317152,17.698919702041));
#4927 = CARTESIAN_POINT('',(5.008893184809,17.697270223217));
#4928 = CARTESIAN_POINT('',(5.174787355117,17.693361994421));
#4929 = CARTESIAN_POINT('',(5.256390217816,17.691055675553));
#4930 = CARTESIAN_POINT('',(5.337987137822,17.688449069693));
#4931 = CARTESIAN_POINT('',(5.419584805363,17.68565112272));
#4932 = CARTESIAN_POINT('',(5.501186864649,17.682785762362));
#4933 = CARTESIAN_POINT('',(5.582788767101,17.679979469411));
#4934 = CARTESIAN_POINT('',(5.75806871533,17.674324069722));
#4935 = CARTESIAN_POINT('',(5.849016976992,17.671618223395));
#4936 = CARTESIAN_POINT('',(5.937877781078,17.669357734866));
#4937 = CARTESIAN_POINT('',(6.025203551381,17.667619204704));
#4938 = CARTESIAN_POINT('',(6.11151051565,17.666445850045));
#4939 = CARTESIAN_POINT('',(6.197320273073,17.665858414897));
#4940 = CARTESIAN_POINT('',(6.28318530718,17.665858414897));
#4941 = ( GEOMETRIC_REPRESENTATION_CONTEXT(2) 
PARAMETRIC_REPRESENTATION_CONTEXT() REPRESENTATION_CONTEXT('2D SPACE',''
  ) );
#4942 = FACE_BOUND('',#4943,.T.);
#4943 = EDGE_LOOP('',(#4944));
#4944 = ORIENTED_EDGE('',*,*,#4945,.F.);
#4945 = EDGE_CURVE('',#4946,#4946,#4948,.T.);
#4946 = VERTEX_POINT('',#4947);
#4947 = CARTESIAN_POINT('',(-155.9208396636,-33.59972854937,
    336.55198651616));
#4948 = SURFACE_CURVE('',#4949,(#5012,#5078),.PCURVE_S1.);
#4949 = B_SPLINE_CURVE_WITH_KNOTS('',7,(#4950,#4951,#4952,#4953,#4954,
    #4955,#4956,#4957,#4958,#4959,#4960,#4961,#4962,#4963,#4964,#4965,
    #4966,#4967,#4968,#4969,#4970,#4971,#4972,#4973,#4974,#4975,#4976,
    #4977,#4978,#4979,#4980,#4981,#4982,#4983,#4984,#4985,#4986,#4987,
    #4988,#4989,#4990,#4991,#4992,#4993,#4994,#4995,#4996,#4997,#4998,
    #4999,#5000,#5001,#5002,#5003,#5004,#5005,#5006,#5007,#5008,#5009,
    #5010,#5011),.UNSPECIFIED.,.T.,.F.,(8,6,6,6,6,6,6,6,6,6,8),(0.,
    0.121838756216,0.224255528165,0.309296617004,0.416501819456,
    0.53142654878,0.643352522441,0.737762067395,0.822920885971,
    0.905356437152,1.),.UNSPECIFIED.);
#4950 = CARTESIAN_POINT('',(-155.9208396636,-33.59972854937,
    336.55198651616));
#4951 = CARTESIAN_POINT('',(-155.9208396636,-33.59972854937,
    336.85579897544));
#4952 = CARTESIAN_POINT('',(-155.9277151693,-33.56782248546,
    337.15935179716));
#4953 = CARTESIAN_POINT('',(-155.9414458771,-33.50410467474,
    337.46074266217));
#4954 = CARTESIAN_POINT('',(-155.9621363608,-33.40788977246,
    337.75789071019));
#4955 = CARTESIAN_POINT('',(-155.9899845538,-33.27786374639,
    338.04816503714));
#4956 = CARTESIAN_POINT('',(-156.0252271576,-33.11225751765,
    338.32793135959));
#4957 = CARTESIAN_POINT('',(-156.1040749426,-32.73832991918,
    338.81381067912));
#4958 = CARTESIAN_POINT('',(-156.1457686365,-32.53952240023,
    339.02650913213));
#4959 = CARTESIAN_POINT('',(-156.1931616866,-32.3119674452,
    339.22481914864));
#4960 = CARTESIAN_POINT('',(-156.2460589851,-32.05577578135,
    339.4032398703));
#4961 = CARTESIAN_POINT('',(-156.3040579039,-31.77187912489,
    339.55596430692));
#4962 = CARTESIAN_POINT('',(-156.3665393322,-31.46220120219,
    339.6767945268));
#4963 = CARTESIAN_POINT('',(-156.4875390193,-30.85416070235,
    339.82719414423));
#4964 = CARTESIAN_POINT('',(-156.5443774452,-30.56557550972,
    339.86808022359));
#4965 = CARTESIAN_POINT('',(-156.6018215704,-30.27049190174,
    339.87776870956));
#4966 = CARTESIAN_POINT('',(-156.6584629597,-29.97587174096,
    339.85494599342));
#4967 = CARTESIAN_POINT('',(-156.7129892559,-29.68873294917,
    339.80080024752));
#4968 = CARTESIAN_POINT('',(-156.7642904461,-29.41553902953,
    339.71898722576));
#4969 = CARTESIAN_POINT('',(-156.8710307949,-28.84156182872,
    339.48526870972));
#4970 = CARTESIAN_POINT('',(-156.9242676047,-28.55104991829,
    339.32020623019));
#4971 = CARTESIAN_POINT('',(-156.9712255767,-28.29147812508,
    339.1282307594));
#4972 = CARTESIAN_POINT('',(-157.0121303163,-28.06295653082,
    338.91564382218));
#4973 = CARTESIAN_POINT('',(-157.0472796491,-27.86490534772,
    338.6876508136));
#4974 = CARTESIAN_POINT('',(-157.0769945935,-27.69635436998,
    338.44857983877));
#4975 = CARTESIAN_POINT('',(-157.1279674214,-27.40575040187,
    337.93763674389));
#4976 = CARTESIAN_POINT('',(-157.14858138,-27.28724039644,337.6634480607
    ));
#4977 = CARTESIAN_POINT('',(-157.1638207102,-27.19913884873,
    337.38280088526));
#4978 = CARTESIAN_POINT('',(-157.1739610989,-27.14032853839,
    337.09814217381));
#4979 = CARTESIAN_POINT('',(-157.179168506,-27.11010701663,
    336.81137366796));
#4980 = CARTESIAN_POINT('',(-157.1794912622,-27.10826944038,
    336.52418070249));
#4981 = CARTESIAN_POINT('',(-157.1703222218,-27.16137919523,
    335.95988194959));
#4982 = CARTESIAN_POINT('',(-157.1610916642,-27.21481485507,
    335.6830407871));
#4983 = CARTESIAN_POINT('',(-157.1470952906,-27.29571148297,
    335.40927930366));
#4984 = CARTESIAN_POINT('',(-157.1281497467,-27.40483796304,
    335.14038872326));
#4985 = CARTESIAN_POINT('',(-157.1039667436,-27.5433789464,
    334.87869686298));
#4986 = CARTESIAN_POINT('',(-157.0741666913,-27.71277941418,
    334.62738618406));
#4987 = CARTESIAN_POINT('',(-157.0080581127,-28.08468549578,
    334.19150890751));
#4988 = CARTESIAN_POINT('',(-156.973263939,-28.27917829909,
    334.00110832753));
#4989 = CARTESIAN_POINT('',(-156.9337546734,-28.49830390807,
    333.82417090075));
#4990 = CARTESIAN_POINT('',(-156.8894585232,-28.74167253445,
    333.665272975));
#4991 = CARTESIAN_POINT('',(-156.840404543,-29.00820932006,
    333.52913187438));
#4992 = CARTESIAN_POINT('',(-156.7867582729,-29.29606884888,
    333.42064949773));
#4993 = CARTESIAN_POINT('',(-156.6766910121,-29.87881514513,
    333.27677888813));
#4994 = CARTESIAN_POINT('',(-156.6215336493,-30.16772635225,
    333.23589280865));
#4995 = CARTESIAN_POINT('',(-156.5645089191,-30.46289129485,
    333.22620432282));
#4996 = CARTESIAN_POINT('',(-156.5069128865,-30.75732631822,
    333.24902703894));
#4997 = CARTESIAN_POINT('',(-156.450151685,-31.04403168739,
    333.3031727847));
#4998 = CARTESIAN_POINT('',(-156.3956118774,-31.3165975316,
    333.38498580663));
#4999 = CARTESIAN_POINT('',(-156.2950140975,-31.81479319874,
    333.58845270205));
#5000 = CARTESIAN_POINT('',(-156.2469674556,-32.05042756585,
    333.71233700644));
#5001 = CARTESIAN_POINT('',(-156.200961104,-32.27396410321,
    333.85892428241));
#5002 = CARTESIAN_POINT('',(-156.1575857495,-32.48292912102,
    334.02674405512));
#5003 = CARTESIAN_POINT('',(-156.1174056329,-32.67506408841,
    334.21396950857));
#5004 = CARTESIAN_POINT('',(-156.0809367326,-32.84837274665,
    334.41845511309));
#5005 = CARTESIAN_POINT('',(-156.0115066589,-33.17667790093,
    334.88962525829));
#5006 = CARTESIAN_POINT('',(-155.9809459382,-33.32004914769,
    335.15370027315));
#5007 = CARTESIAN_POINT('',(-155.9567610076,-33.43288342914,
    335.42610611852));
#5008 = CARTESIAN_POINT('',(-155.9387683836,-33.51652920583,
    335.70405299905));
#5009 = CARTESIAN_POINT('',(-155.9268204389,-33.57197470268,
    335.98546215714));
#5010 = CARTESIAN_POINT('',(-155.9208396636,-33.59972854937,
    336.26863190786));
#5011 = CARTESIAN_POINT('',(-155.9208396636,-33.59972854937,
    336.55198651616));
#5012 = PCURVE('',#4187,#5013);
#5013 = DEFINITIONAL_REPRESENTATION('',(#5014),#5077);
#5014 = B_SPLINE_CURVE_WITH_KNOTS('',7,(#5015,#5016,#5017,#5018,#5019,
    #5020,#5021,#5022,#5023,#5024,#5025,#5026,#5027,#5028,#5029,#5030,
    #5031,#5032,#5033,#5034,#5035,#5036,#5037,#5038,#5039,#5040,#5041,
    #5042,#5043,#5044,#5045,#5046,#5047,#5048,#5049,#5050,#5051,#5052,
    #5053,#5054,#5055,#5056,#5057,#5058,#5059,#5060,#5061,#5062,#5063,
    #5064,#5065,#5066,#5067,#5068,#5069,#5070,#5071,#5072,#5073,#5074,
    #5075,#5076),.UNSPECIFIED.,.T.,.F.,(8,6,6,6,6,6,6,6,6,6,8),(0.,
    0.121838756216,0.224255528165,0.309296617004,0.416501819456,
    0.53142654878,0.643352522441,0.737762067395,0.822920885971,
    0.905356437152,1.),.UNSPECIFIED.);
#5015 = CARTESIAN_POINT('',(0.212246588896,130.));
#5016 = CARTESIAN_POINT('',(0.212246588896,130.30381245928));
#5017 = CARTESIAN_POINT('',(0.212041959014,130.607365281));
#5018 = CARTESIAN_POINT('',(0.211633304112,130.90875614601));
#5019 = CARTESIAN_POINT('',(0.211016285717,131.20590419403));
#5020 = CARTESIAN_POINT('',(0.21018258869,131.49617852097));
#5021 = CARTESIAN_POINT('',(0.209121056425,131.77594484342));
#5022 = CARTESIAN_POINT('',(0.206725130023,132.26182416296));
#5023 = CARTESIAN_POINT('',(0.205451573139,132.47452261596));
#5024 = CARTESIAN_POINT('',(0.203994284657,132.67283263248));
#5025 = CARTESIAN_POINT('',(0.202354191583,132.85125335413));
#5026 = CARTESIAN_POINT('',(0.200537518602,133.00397779075));
#5027 = CARTESIAN_POINT('',(0.198556846922,133.12480801063));
#5028 = CARTESIAN_POINT('',(0.194669931296,133.27520762807));
#5029 = CARTESIAN_POINT('',(0.192825864196,133.31609370742));
#5030 = CARTESIAN_POINT('',(0.190941088483,133.32578219339));
#5031 = CARTESIAN_POINT('',(0.189060122404,133.30295947726));
#5032 = CARTESIAN_POINT('',(0.187227714643,133.24881373135));
#5033 = CARTESIAN_POINT('',(0.185484965284,133.1670007096));
#5034 = CARTESIAN_POINT('',(0.18182466503,132.93328219355));
#5035 = CARTESIAN_POINT('',(0.179972950404,132.76821971403));
#5036 = CARTESIAN_POINT('',(0.178319131363,132.57624424323));
#5037 = CARTESIAN_POINT('',(0.17686362574,132.36365730602));
#5038 = CARTESIAN_POINT('',(0.175602523191,132.13566429744));
#5039 = CARTESIAN_POINT('',(0.174529481232,131.8965933226));
#5040 = CARTESIAN_POINT('',(0.172679697546,131.38565022773));
#5041 = CARTESIAN_POINT('',(0.171925532333,131.11146154454));
#5042 = CARTESIAN_POINT('',(0.171364969227,130.83081436909));
#5043 = CARTESIAN_POINT('',(0.170990811552,130.54615565764));
#5044 = CARTESIAN_POINT('',(0.170798542764,130.25938715179));
#5045 = CARTESIAN_POINT('',(0.17078684559,129.97219418632));
#5046 = CARTESIAN_POINT('',(0.171124747972,129.40789543343));
#5047 = CARTESIAN_POINT('',(0.171464729474,129.13105427093));
#5048 = CARTESIAN_POINT('',(0.171979453558,128.85729278749));
#5049 = CARTESIAN_POINT('',(0.17267386617,128.58840220709));
#5050 = CARTESIAN_POINT('',(0.173555594388,128.32671034681));
#5051 = CARTESIAN_POINT('',(0.174633972811,128.0753996679));
#5052 = CARTESIAN_POINT('',(0.177002223529,127.63952239134));
#5053 = CARTESIAN_POINT('',(0.178240972448,127.44912181137));
#5054 = CARTESIAN_POINT('',(0.179636951352,127.27218438459));
#5055 = CARTESIAN_POINT('',(0.18118783728,127.11328645884));
#5056 = CARTESIAN_POINT('',(0.182886973333,126.97714535821));
#5057 = CARTESIAN_POINT('',(0.184722802958,126.86866298156));
#5058 = CARTESIAN_POINT('',(0.18844098343,126.72479237197));
#5059 = CARTESIAN_POINT('',(0.190285050533,126.68390629249));
#5060 = CARTESIAN_POINT('',(0.192169826245,126.67421780665));
#5061 = CARTESIAN_POINT('',(0.194050792322,126.69704052277));
#5062 = CARTESIAN_POINT('',(0.195883200083,126.75118626853));
#5063 = CARTESIAN_POINT('',(0.197625949445,126.83299929046));
#5064 = CARTESIAN_POINT('',(0.200812474592,127.03646618589));
#5065 = CARTESIAN_POINT('',(0.202320201771,127.16035049027));
#5066 = CARTESIAN_POINT('',(0.203751055481,127.30693776624));
#5067 = CARTESIAN_POINT('',(0.205089104603,127.47475753896));
#5068 = CARTESIAN_POINT('',(0.206319769685,127.66198299241));
#5069 = CARTESIAN_POINT('',(0.207430139818,127.86646859692));
#5070 = CARTESIAN_POINT('',(0.2095340044,128.33763874212));
#5071 = CARTESIAN_POINT('',(0.210453076562,128.60171375698));
#5072 = CARTESIAN_POINT('',(0.211176568785,128.87411960235));
#5073 = CARTESIAN_POINT('',(0.211712989149,129.15206648288));
#5074 = CARTESIAN_POINT('',(0.212068589237,129.43347564098));
#5075 = CARTESIAN_POINT('',(0.212246588896,129.71664539169));
#5076 = CARTESIAN_POINT('',(0.212246588896,130.));
#5077 = ( GEOMETRIC_REPRESENTATION_CONTEXT(2) 
PARAMETRIC_REPRESENTATION_CONTEXT() REPRESENTATION_CONTEXT('2D SPACE',''
  ) );
#5078 = PCURVE('',#5079,#5084);
#5079 = CYLINDRICAL_SURFACE('',#5080,3.3);
#5080 = AXIS2_PLACEMENT_3D('',#5081,#5082,#5083);
#5081 = CARTESIAN_POINT('',(-139.2063766588,-26.99675346259,
    336.55198651616));
#5082 = DIRECTION('',(-0.981709285323,-0.190386131612,0.));
#5083 = DIRECTION('',(0.190386131612,-0.981709285323,0.));
#5084 = DEFINITIONAL_REPRESENTATION('',(#5085),#5148);
#5085 = B_SPLINE_CURVE_WITH_KNOTS('',7,(#5086,#5087,#5088,#5089,#5090,
    #5091,#5092,#5093,#5094,#5095,#5096,#5097,#5098,#5099,#5100,#5101,
    #5102,#5103,#5104,#5105,#5106,#5107,#5108,#5109,#5110,#5111,#5112,
    #5113,#5114,#5115,#5116,#5117,#5118,#5119,#5120,#5121,#5122,#5123,
    #5124,#5125,#5126,#5127,#5128,#5129,#5130,#5131,#5132,#5133,#5134,
    #5135,#5136,#5137,#5138,#5139,#5140,#5141,#5142,#5143,#5144,#5145,
    #5146,#5147),.UNSPECIFIED.,.F.,.F.,(8,6,6,6,6,6,6,6,6,6,8),(0.,
    0.121838756216,0.224255528165,0.309296617004,0.416501819456,
    0.53142654878,0.643352522441,0.737762067395,0.822920885971,
    0.905356437152,1.),.UNSPECIFIED.);
#5086 = CARTESIAN_POINT('',(0.,17.665858414897));
#5087 = CARTESIAN_POINT('',(9.206438160028E-02,17.665858414897));
#5088 = CARTESIAN_POINT('',(0.184049974831,17.666533690664));
#5089 = CARTESIAN_POINT('',(0.276655580774,17.667882266472));
#5090 = CARTESIAN_POINT('',(0.370513213334,17.669876323366));
#5091 = CARTESIAN_POINT('',(0.466281131711,17.67246000093));
#5092 = CARTESIAN_POINT('',(0.564631929095,17.675528863045));
#5093 = CARTESIAN_POINT('',(0.751942631666,17.681743836743));
#5094 = CARTESIAN_POINT('',(0.840654268426,17.684824728735));
#5095 = CARTESIAN_POINT('',(0.932447707139,17.688027618402));
#5096 = CARTESIAN_POINT('',(1.027356818216,17.691182047688));
#5097 = CARTESIAN_POINT('',(1.125515421887,17.694070138619));
#5098 = CARTESIAN_POINT('',(1.227180314046,17.696450355163));
#5099 = CARTESIAN_POINT('',(1.420494902732,17.699474392961));
#5100 = CARTESIAN_POINT('',(1.510032917625,17.700330584887));
#5101 = CARTESIAN_POINT('',(1.600357560216,17.700544189359));
#5102 = CARTESIAN_POINT('',(1.690589841952,17.700057974478));
#5103 = CARTESIAN_POINT('',(1.779888665335,17.69891970202));
#5104 = CARTESIAN_POINT('',(1.867300530461,17.697270223235));
#5105 = CARTESIAN_POINT('',(2.057859979398,17.692780915839));
#5106 = CARTESIAN_POINT('',(2.15953465969,17.689734547503));
#5107 = CARTESIAN_POINT('',(2.25731799284,17.686414755039));
#5108 = CARTESIAN_POINT('',(2.351685225382,17.683063975476));
#5109 = CARTESIAN_POINT('',(2.443040819333,17.679864203251));
#5110 = CARTESIAN_POINT('',(2.531708592423,17.676945871415));
#5111 = CARTESIAN_POINT('',(2.710492309615,17.671659404523));
#5112 = CARTESIAN_POINT('',(2.800671220172,17.669333657608));
#5113 = CARTESIAN_POINT('',(2.889155989256,17.667520936709));
#5114 = CARTESIAN_POINT('',(2.976490367279,17.666279182947));
#5115 = CARTESIAN_POINT('',(3.063187262574,17.665637584261));
#5116 = CARTESIAN_POINT('',(3.149768339989,17.665604587958));
#5117 = CARTESIAN_POINT('',(3.321545783642,17.666714616659));
#5118 = CARTESIAN_POINT('',(3.406618780611,17.667826301143));
#5119 = CARTESIAN_POINT('',(3.49256022745,17.669487527249));
#5120 = CARTESIAN_POINT('',(3.579879150602,17.671664679302));
#5121 = CARTESIAN_POINT('',(3.669105162711,17.674300282519));
#5122 = CARTESIAN_POINT('',(3.760786415707,17.677296794205));
#5123 = CARTESIAN_POINT('',(3.935558625552,17.683203148961));
#5124 = CARTESIAN_POINT('',(4.018367896664,17.686074117979));
#5125 = CARTESIAN_POINT('',(4.103904350011,17.689005982124));
#5126 = CARTESIAN_POINT('',(4.192153750957,17.691854051472));
#5127 = CARTESIAN_POINT('',(4.283185745332,17.694442211228));
#5128 = CARTESIAN_POINT('',(4.377164960109,17.696581631869));
#5129 = CARTESIAN_POINT('',(4.562087556266,17.69947439296));
#5130 = CARTESIAN_POINT('',(4.65162557127,17.700330584889));
#5131 = CARTESIAN_POINT('',(4.741950213851,17.700544189358));
#5132 = CARTESIAN_POINT('',(4.832182495498,17.700057974477));
#5133 = CARTESIAN_POINT('',(4.921481318868,17.698919702022));
#5134 = CARTESIAN_POINT('',(5.008893184107,17.697270223233));
#5135 = CARTESIAN_POINT('',(5.174787355117,17.693361994421));
#5136 = CARTESIAN_POINT('',(5.256390217816,17.691055675553));
#5137 = CARTESIAN_POINT('',(5.337987137822,17.688449069693));
#5138 = CARTESIAN_POINT('',(5.419584805363,17.68565112272));
#5139 = CARTESIAN_POINT('',(5.50118686465,17.682785762362));
#5140 = CARTESIAN_POINT('',(5.582788767101,17.679979469411));
#5141 = CARTESIAN_POINT('',(5.758068716771,17.674324069676));
#5142 = CARTESIAN_POINT('',(5.849016973739,17.671618223472));
#5143 = CARTESIAN_POINT('',(5.937877782927,17.66935773485));
#5144 = CARTESIAN_POINT('',(6.025203553347,17.667619204653));
#5145 = CARTESIAN_POINT('',(6.11151051254,17.66644585008));
#5146 = CARTESIAN_POINT('',(6.19732027436,17.665858414897));
#5147 = CARTESIAN_POINT('',(6.28318530718,17.665858414897));
#5148 = ( GEOMETRIC_REPRESENTATION_CONTEXT(2) 
PARAMETRIC_REPRESENTATION_CONTEXT() REPRESENTATION_CONTEXT('2D SPACE',''
  ) );
#5149 = FACE_BOUND('',#5150,.T.);
#5150 = EDGE_LOOP('',(#5151));
#5151 = ORIENTED_EDGE('',*,*,#5152,.F.);
#5152 = EDGE_CURVE('',#5153,#5153,#5155,.T.);
#5153 = VERTEX_POINT('',#5154);
#5154 = CARTESIAN_POINT('',(-140.7666508801,-75.,329.98049196));
#5155 = SURFACE_CURVE('',#5156,(#5348,#5543),.PCURVE_S1.);
#5156 = B_SPLINE_CURVE_WITH_KNOTS('',8,(#5157,#5158,#5159,#5160,#5161,
    #5162,#5163,#5164,#5165,#5166,#5167,#5168,#5169,#5170,#5171,#5172,
    #5173,#5174,#5175,#5176,#5177,#5178,#5179,#5180,#5181,#5182,#5183,
    #5184,#5185,#5186,#5187,#5188,#5189,#5190,#5191,#5192,#5193,#5194,
    #5195,#5196,#5197,#5198,#5199,#5200,#5201,#5202,#5203,#5204,#5205,
    #5206,#5207,#5208,#5209,#5210,#5211,#5212,#5213,#5214,#5215,#5216,
    #5217,#5218,#5219,#5220,#5221,#5222,#5223,#5224,#5225,#5226,#5227,
    #5228,#5229,#5230,#5231,#5232,#5233,#5234,#5235,#5236,#5237,#5238,
    #5239,#5240,#5241,#5242,#5243,#5244,#5245,#5246,#5247,#5248,#5249,
    #5250,#5251,#5252,#5253,#5254,#5255,#5256,#5257,#5258,#5259,#5260,
    #5261,#5262,#5263,#5264,#5265,#5266,#5267,#5268,#5269,#5270,#5271,
    #5272,#5273,#5274,#5275,#5276,#5277,#5278,#5279,#5280,#5281,#5282,
    #5283,#5284,#5285,#5286,#5287,#5288,#5289,#5290,#5291,#5292,#5293,
    #5294,#5295,#5296,#5297,#5298,#5299,#5300,#5301,#5302,#5303,#5304,
    #5305,#5306,#5307,#5308,#5309,#5310,#5311,#5312,#5313,#5314,#5315,
    #5316,#5317,#5318,#5319,#5320,#5321,#5322,#5323,#5324,#5325,#5326,
    #5327,#5328,#5329,#5330,#5331,#5332,#5333,#5334,#5335,#5336,#5337,
    #5338,#5339,#5340,#5341,#5342,#5343,#5344,#5345,#5346,#5347),
  .UNSPECIFIED.,.T.,.F.,(9,7,7,7,7,7,7,7,7,7,7,7,7,7,7,7,7,7,7,7,7,7,7,7
    ,7,7,7,9),(0.,2.218293623456E-02,3.343528802943E-02,
    5.572335184721E-02,7.752659522813E-02,8.87155822259E-02,
    0.110757668729,0.141847451223,0.168896875122,0.191833979368,
    0.268729852291,0.349763889982,0.386499013269,0.442954297185,
    0.512881848094,0.562374808907,0.583594690745,0.617413276591,
    0.644550710318,0.656029060585,0.673339578302,0.743091470073,
    0.772155141427,0.848910430265,0.898604834282,0.939374155566,
    0.967471003914,1.),.UNSPECIFIED.);
#5157 = CARTESIAN_POINT('',(-140.7666508801,-75.,329.98049196));
#5158 = CARTESIAN_POINT('',(-141.1380406524,-74.30294274093,
    330.14704173284));
#5159 = CARTESIAN_POINT('',(-141.5098147165,-73.59565841025,
    330.29785497737));
#5160 = CARTESIAN_POINT('',(-141.8817064384,-72.87825955233,
    330.43204386434));
#5161 = CARTESIAN_POINT('',(-142.2533883088,-72.15098051259,
    330.54866026089));
#5162 = CARTESIAN_POINT('',(-142.6244744139,-71.41418715323,
    330.64671102744));
#5163 = CARTESIAN_POINT('',(-142.9945229549,-70.66838956297,
    330.72518017004));
#5164 = CARTESIAN_POINT('',(-143.3630388179,-69.91425776087,
    330.78305784813));
#5165 = CARTESIAN_POINT('',(-143.9153524986,-68.76630801422,
    330.83779883472));
#5166 = CARTESIAN_POINT('',(-144.1006906786,-68.37805645893,
    330.85067376945));
#5167 = CARTESIAN_POINT('',(-144.285416992,-67.98800191113,
    330.8578750342));
#5168 = CARTESIAN_POINT('',(-144.4694539132,-67.59627348621,
    330.8592796438));
#5169 = CARTESIAN_POINT('',(-144.6527203714,-67.20301367547,
    330.85476939731));
#5170 = CARTESIAN_POINT('',(-144.8351319926,-66.80837878978,
    330.84423263986));
#5171 = CARTESIAN_POINT('',(-145.01660134,-66.41253940317,
    330.82756602448));
#5172 = CARTESIAN_POINT('',(-145.554437863,-65.22960423971,
    330.75933746549));
#5173 = CARTESIAN_POINT('',(-145.9078385245,-64.43941463462,
    330.6895766893));
#5174 = CARTESIAN_POINT('',(-146.2564753278,-63.64668503625,
    330.59466551748));
#5175 = CARTESIAN_POINT('',(-146.5996004436,-62.85309417973,
    330.47405057116));
#5176 = CARTESIAN_POINT('',(-146.9364902641,-62.06042476367,
    330.32738521308));
#5177 = CARTESIAN_POINT('',(-147.2664515009,-61.27055959428,
    330.15456663334));
#5178 = CARTESIAN_POINT('',(-147.5888261428,-60.48547559052,
    329.95577832839));
#5179 = CARTESIAN_POINT('',(-148.2103304507,-58.94592435012,
    329.51217539953));
#5180 = CARTESIAN_POINT('',(-148.5098773206,-58.19100377507,
    329.26841027471));
#5181 = CARTESIAN_POINT('',(-148.8010541863,-57.4444010698,
    329.0007070798));
#5182 = CARTESIAN_POINT('',(-149.083428606,-56.7078408608,
    328.70975366705));
#5183 = CARTESIAN_POINT('',(-149.3566951346,-55.98285830955,
    328.39642581581));
#5184 = CARTESIAN_POINT('',(-149.6206555712,-55.27081082762,
    328.06175560756));
#5185 = CARTESIAN_POINT('',(-149.8752017118,-54.57288845307,
    327.70690362019));
#5186 = CARTESIAN_POINT('',(-150.2460804455,-53.53974130105,
    327.14132435582));
#5187 = CARTESIAN_POINT('',(-150.3693808828,-53.19332740174,
    326.94451884852));
#5188 = CARTESIAN_POINT('',(-150.4902021236,-52.85100713046,
    326.74288042841));
#5189 = CARTESIAN_POINT('',(-150.6085513534,-52.51288963753,
    326.5365732923));
#5190 = CARTESIAN_POINT('',(-150.7244419225,-52.17906840064,
    326.3257625639));
#5191 = CARTESIAN_POINT('',(-150.837892528,-51.84962234195,
    326.11061303259));
#5192 = CARTESIAN_POINT('',(-150.9489263951,-51.52461694509,
    325.8912878921));
#5193 = CARTESIAN_POINT('',(-151.2715971495,-50.57270381506,
    325.22797121535));
#5194 = CARTESIAN_POINT('',(-151.4763425898,-49.95876229841,
    324.77242659442));
#5195 = CARTESIAN_POINT('',(-151.6720252575,-49.36265317491,
    324.30252053056));
#5196 = CARTESIAN_POINT('',(-151.858914774,-48.78457732098,
    323.81942104021));
#5197 = CARTESIAN_POINT('',(-152.037313677,-48.22459493603,
    323.32423506765));
#5198 = CARTESIAN_POINT('',(-152.2075434408,-47.68265143473,
    322.81799022075));
#5199 = CARTESIAN_POINT('',(-152.3699347422,-47.15859843243,
    322.30162041702));
#5200 = CARTESIAN_POINT('',(-152.743286338,-45.93796202756,
    321.03451883432));
#5201 = CARTESIAN_POINT('',(-152.946793153,-45.2589498566,
    320.27468671026));
#5202 = CARTESIAN_POINT('',(-153.1363072987,-44.61445717917,
    319.49872634781));
#5203 = CARTESIAN_POINT('',(-153.3127384638,-44.00367213627,
    318.7086731407));
#5204 = CARTESIAN_POINT('',(-153.476938096,-43.42571125367,
    317.90632146088));
#5205 = CARTESIAN_POINT('',(-153.6296977091,-42.87964361593,
    317.09321566332));
#5206 = CARTESIAN_POINT('',(-153.7717485464,-42.36451510223,
    316.27064123105));
#5207 = CARTESIAN_POINT('',(-154.0186204094,-41.45727828951,
    314.71658906261));
#5208 = CARTESIAN_POINT('',(-154.125868723,-41.05792632528,
    313.98724003133));
#5209 = CARTESIAN_POINT('',(-154.2259459877,-40.68070568231,
    313.25228333641));
#5210 = CARTESIAN_POINT('',(-154.319245561,-40.32504749986,
    312.51236497658));
#5211 = CARTESIAN_POINT('',(-154.4061220938,-39.99041753058,
    311.76806415708));
#5212 = CARTESIAN_POINT('',(-154.4868963918,-39.67631163075,
    311.01989418682));
#5213 = CARTESIAN_POINT('',(-154.5618587591,-39.38225437563,
    310.26830269535));
#5214 = CARTESIAN_POINT('',(-154.6901301831,-38.87507235839,
    308.87376615565));
#5215 = CARTESIAN_POINT('',(-154.7449970409,-38.65644628174,
    308.23169305717));
#5216 = CARTESIAN_POINT('',(-154.7960301784,-38.45165394999,
    307.58769451425));
#5217 = CARTESIAN_POINT('',(-154.8433729146,-38.2604463318,
    306.94199683695));
#5218 = CARTESIAN_POINT('',(-154.8871543461,-38.08259245181,
    306.29481013477));
#5219 = CARTESIAN_POINT('',(-154.9274905866,-37.91787785771,
    305.64632844625));
#5220 = CARTESIAN_POINT('',(-154.9644860068,-37.76610308746,
    304.99672986853));
#5221 = CARTESIAN_POINT('',(-155.1113750763,-37.16101905902,
    302.16521895811));
#5222 = CARTESIAN_POINT('',(-155.1879854209,-36.83844980951,
    299.97424042971));
#5223 = CARTESIAN_POINT('',(-155.2316749574,-36.65205373183,
    297.77856617731));
#5224 = CARTESIAN_POINT('',(-155.2445025868,-36.59699107526,
    295.58314171266));
#5225 = CARTESIAN_POINT('',(-155.2275720992,-36.66964991676,
    293.3925115461));
#5226 = CARTESIAN_POINT('',(-155.1811072564,-36.86755157228,
    291.2107633153));
#5227 = CARTESIAN_POINT('',(-155.1045578578,-37.18919144609,
    289.04157887633));
#5228 = CARTESIAN_POINT('',(-154.8825760983,-38.10342033817,
    284.61893813823));
#5229 = CARTESIAN_POINT('',(-154.7338081561,-38.70904370438,
    282.37020008588));
#5230 = CARTESIAN_POINT('',(-154.5486813354,-39.45010101299,
    280.1466170838));
#5231 = CARTESIAN_POINT('',(-154.3247931624,-40.32637473605,
    277.95384607552));
#5232 = CARTESIAN_POINT('',(-154.0589275388,-41.33800366963,
    275.79845223526));
#5233 = CARTESIAN_POINT('',(-153.7470903868,-42.48517111972,
    273.68783986881));
#5234 = CARTESIAN_POINT('',(-153.3844931767,-43.76796388576,
    271.63023101088));
#5235 = CARTESIAN_POINT('',(-152.7755512756,-45.82936244275,
    268.73005277801));
#5236 = CARTESIAN_POINT('',(-152.5740387786,-46.50015582611,
    267.8382774703));
#5237 = CARTESIAN_POINT('',(-152.3604472039,-47.19869341016,
    266.96025265201));
#5238 = CARTESIAN_POINT('',(-152.1342426076,-47.92488477401,
    266.09694020137));
#5239 = CARTESIAN_POINT('',(-151.894871395,-48.67858626922,
    265.24937007991));
#5240 = CARTESIAN_POINT('',(-151.6417650239,-49.4595914265,
    264.41863478064));
#5241 = CARTESIAN_POINT('',(-151.3743457864,-50.26762240298,
    263.60588376955));
#5242 = CARTESIAN_POINT('',(-150.6581706696,-52.38510649446,
    261.59274979828));
#5243 = CARTESIAN_POINT('',(-150.1891410743,-53.73085590941,
    260.41851404368));
#5244 = CARTESIAN_POINT('',(-149.6828458281,-55.13825809969,
    259.29398223742));
#5245 = CARTESIAN_POINT('',(-149.1372347958,-56.60538883409,
    258.22396295013));
#5246 = CARTESIAN_POINT('',(-148.5503932939,-58.12960617554,
    257.21358462417));
#5247 = CARTESIAN_POINT('',(-147.9206641354,-59.70746302033,
    256.26816786511));
#5248 = CARTESIAN_POINT('',(-147.246805189,-61.3346382665,255.393087143)
  );
#5249 = CARTESIAN_POINT('',(-145.6380704072,-65.07595509094,
    253.6033754218));
#5250 = CARTESIAN_POINT('',(-144.6789964557,-67.21430334333,
    252.72882216619));
#5251 = CARTESIAN_POINT('',(-143.6501991205,-69.40983160106,
    251.98069942211));
#5252 = CARTESIAN_POINT('',(-142.5522965039,-71.64966117844,
    251.36884105721));
#5253 = CARTESIAN_POINT('',(-141.3876705466,-73.91932807747,
    250.90189625139));
#5254 = CARTESIAN_POINT('',(-140.1608842236,-76.20303592055,
    250.58704851439));
#5255 = CARTESIAN_POINT('',(-138.8790501371,-78.48393878959,
    250.42987762901));
#5256 = CARTESIAN_POINT('',(-136.6131807843,-82.34397328491,
    250.43643087268));
#5257 = CARTESIAN_POINT('',(-135.6514030571,-83.93370968964,
    250.51980367993));
#5258 = CARTESIAN_POINT('',(-134.6703534701,-85.50730952681,
    250.6850679796));
#5259 = CARTESIAN_POINT('',(-133.6739745916,-87.05878282858,
    250.93295953514));
#5260 = CARTESIAN_POINT('',(-132.6667323426,-88.58227560158,
    251.2637580989));
#5261 = CARTESIAN_POINT('',(-131.6536224163,-90.07207758106,
    251.67731183209));
#5262 = CARTESIAN_POINT('',(-130.6401597457,-91.52262476926,
    252.17299798819));
#5263 = CARTESIAN_POINT('',(-129.2002436749,-93.53126250291,
    252.99677914023));
#5264 = CARTESIAN_POINT('',(-128.7691797984,-94.12581875458,
    253.25885558484));
#5265 = CARTESIAN_POINT('',(-128.339621121,-94.71174283834,
    253.53570635686));
#5266 = CARTESIAN_POINT('',(-127.9120540609,-95.28861615604,
    253.82721502108));
#5267 = CARTESIAN_POINT('',(-127.4869784814,-95.85602788565,
    254.13324367524));
#5268 = CARTESIAN_POINT('',(-127.0649062032,-96.41357551454,
    254.45363038295));
#5269 = CARTESIAN_POINT('',(-126.6463595168,-96.96086537261,
    254.78818660668));
#5270 = CARTESIAN_POINT('',(-125.571288276,-98.35278039046,
    255.69211945181));
#5271 = CARTESIAN_POINT('',(-124.9209624843,-99.1810800186,
    256.28302126679));
#5272 = CARTESIAN_POINT('',(-124.2830976426,-99.98078104492,
    256.90848083159));
#5273 = CARTESIAN_POINT('',(-123.659898618,-100.7503922159,
    257.5674095014));
#5274 = CARTESIAN_POINT('',(-123.0535490715,-101.4885580599,
    258.25853679562));
#5275 = CARTESIAN_POINT('',(-122.4661810374,-102.1940628508,
    258.98038586282));
#5276 = CARTESIAN_POINT('',(-121.8998348317,-102.8658425067,
    259.7312368558));
#5277 = CARTESIAN_POINT('',(-120.9203421313,-104.0142895272,
    261.13325033537));
#5278 = CARTESIAN_POINT('',(-120.4989976731,-104.5033262859,
    261.77485369832));
#5279 = CARTESIAN_POINT('',(-120.0933636447,-104.9696443211,
    262.43285017464));
#5280 = CARTESIAN_POINT('',(-119.7043191287,-105.4129036234,
    263.10615163978));
#5281 = CARTESIAN_POINT('',(-119.3326301353,-105.832881985,
    263.79362266004));
#5282 = CARTESIAN_POINT('',(-118.9789453456,-106.2294652969,
    264.49408220516));
#5283 = CARTESIAN_POINT('',(-118.6437920231,-106.6026407074,
    265.20630438909));
#5284 = CARTESIAN_POINT('',(-118.1938202007,-107.1004699018,
    266.23470531295));
#5285 = CARTESIAN_POINT('',(-118.0634527256,-107.2442776348,
    266.54227592857));
#5286 = CARTESIAN_POINT('',(-117.9364989415,-107.3839234791,
    266.85163726762));
#5287 = CARTESIAN_POINT('',(-117.8129834802,-107.5194188302,
    267.16269709981));
#5288 = CARTESIAN_POINT('',(-117.6929264799,-107.6507785898,
    267.4753638683));
#5289 = CARTESIAN_POINT('',(-117.5763437341,-107.7780209156,
    267.78954677514));
#5290 = CARTESIAN_POINT('',(-117.4632468393,-107.9011669697,
    268.10515586684));
#5291 = CARTESIAN_POINT('',(-117.188350144,-108.1998158945,
    268.90008925206));
#5292 = CARTESIAN_POINT('',(-117.0310015511,-108.3701297691,
    269.38111958072));
#5293 = CARTESIAN_POINT('',(-116.8816236385,-108.5312643591,
    269.86488750836));
#5294 = CARTESIAN_POINT('',(-116.7402199352,-108.6833175553,
    270.35109706653));
#5295 = CARTESIAN_POINT('',(-116.6067733581,-108.8264009155,
    270.83946245373));
#5296 = CARTESIAN_POINT('',(-116.4812481439,-108.9606375102,
    271.32970857346));
#5297 = CARTESIAN_POINT('',(-116.3635917808,-109.0861597668,
    271.82157157224));
#5298 = CARTESIAN_POINT('',(-115.8110821905,-109.6743417897,
    274.30223690336));
#5299 = CARTESIAN_POINT('',(-115.4953848359,-110.0060472218,
    276.31053998196));
#5300 = CARTESIAN_POINT('',(-115.3015763864,-110.2080872563,
    278.32483647815));
#5301 = CARTESIAN_POINT('',(-115.2213641289,-110.2915237035,
    280.3332270546));
#5302 = CARTESIAN_POINT('',(-115.2450711606,-110.2670158478,
    282.32659169005));
#5303 = CARTESIAN_POINT('',(-115.3628642924,-110.1443227845,
    284.2984342091));
#5304 = CARTESIAN_POINT('',(-115.5656096933,-109.931822757,
    286.24477711324));
#5305 = CARTESIAN_POINT('',(-115.9621181597,-109.5128574054,
    288.96378555061));
#5306 = CARTESIAN_POINT('',(-116.0921264057,-109.37518606,
    289.75876385281));
#5307 = CARTESIAN_POINT('',(-116.2349466091,-109.2235547698,
    290.54884028562));
#5308 = CARTESIAN_POINT('',(-116.3900312362,-109.0584082257,
    291.33387349869));
#5309 = CARTESIAN_POINT('',(-116.556861242,-108.8801514206,
    292.11374489857));
#5310 = CARTESIAN_POINT('',(-116.7349470249,-108.6891504116,
    292.88835838959));
#5311 = CARTESIAN_POINT('',(-116.9238293833,-108.4857330813,
    293.65764011474));
#5312 = CARTESIAN_POINT('',(-117.6492897916,-107.7009542067,
    296.43894395368));
#5313 = CARTESIAN_POINT('',(-118.2476610933,-107.0473129504,
    298.41820625134));
#5314 = CARTESIAN_POINT('',(-118.9104032322,-106.3145164404,
    300.35903192401));
#5315 = CARTESIAN_POINT('',(-119.6310339947,-105.5061800582,
    302.26074313217));
#5316 = CARTESIAN_POINT('',(-120.4040476592,-104.6247544854,
    304.12251531975));
#5317 = CARTESIAN_POINT('',(-121.2248499707,-103.6715779021,
    305.94341198693));
#5318 = CARTESIAN_POINT('',(-122.0897061101,-102.6468662638,
    307.72239883568));
#5319 = CARTESIAN_POINT('',(-123.5824707987,-100.838841488,
    310.58207970237));
#5320 = CARTESIAN_POINT('',(-124.1863053689,-100.097926319,
    311.68762392881));
#5321 = CARTESIAN_POINT('',(-124.8065063966,-99.32638682853,
    312.77445564213));
#5322 = CARTESIAN_POINT('',(-125.4423420476,-98.52381223107,
    313.84199115211));
#5323 = CARTESIAN_POINT('',(-126.0931521462,-97.68964500203,
    314.88948197147));
#5324 = CARTESIAN_POINT('',(-126.7583459877,-96.82316507305,
    315.9160103799));
#5325 = CARTESIAN_POINT('',(-127.4374098992,-95.92345241455,
    316.92047117398));
#5326 = CARTESIAN_POINT('',(-128.6980640178,-94.2229717343,
    318.70640877822));
#5327 = CARTESIAN_POINT('',(-129.2752107785,-93.43351584713,
    319.4954680949));
#5328 = CARTESIAN_POINT('',(-129.8611424757,-92.62030012944,
    320.26800772327));
#5329 = CARTESIAN_POINT('',(-130.4556322088,-91.7826065762,
    321.02314258609));
#5330 = CARTESIAN_POINT('',(-131.0584466149,-90.91965767535,
    321.75981311682));
#5331 = CARTESIAN_POINT('',(-131.6693497882,-90.03059996133,
    322.47677395887));
#5332 = CARTESIAN_POINT('',(-132.2881130382,-89.11447283843,
    323.17257060584));
#5333 = CARTESIAN_POINT('',(-133.3462363719,-87.51937579172,
    324.30926708808));
#5334 = CARTESIAN_POINT('',(-133.7815517784,-86.85524220708,
    324.76214328293));
#5335 = CARTESIAN_POINT('',(-134.2204096505,-86.17739836964,
    325.20357957296));
#5336 = CARTESIAN_POINT('',(-134.6627233594,-85.48548273258,
    325.63293950675));
#5337 = CARTESIAN_POINT('',(-135.1083870858,-84.77913537411,
    326.04950256001));
#5338 = CARTESIAN_POINT('',(-135.5572773004,-84.05799508708,
    326.45246069687));
#5339 = CARTESIAN_POINT('',(-136.0092553402,-83.32169393687,
    326.84091210808));
#5340 = CARTESIAN_POINT('',(-136.990847672,-81.69940462602,
    327.64562170575));
#5341 = CARTESIAN_POINT('',(-137.5213871909,-80.80824929993,
    328.05653892324));
#5342 = CARTESIAN_POINT('',(-138.0556046289,-79.89571703395,
    328.44509537802));
#5343 = CARTESIAN_POINT('',(-138.5931878606,-78.96128457318,
    328.80949827186));
#5344 = CARTESIAN_POINT('',(-139.1336993993,-78.00458666143,
    329.14768353546));
#5345 = CARTESIAN_POINT('',(-139.6765804897,-77.02543344146,
    329.45732868766));
#5346 = CARTESIAN_POINT('',(-140.2211575382,-76.02383027753,
    329.73586542762));
#5347 = CARTESIAN_POINT('',(-140.7666508801,-75.,329.98049196));
#5348 = PCURVE('',#4187,#5349);
#5349 = DEFINITIONAL_REPRESENTATION('',(#5350),#5542);
#5350 = B_SPLINE_CURVE_WITH_KNOTS('',8,(#5351,#5352,#5353,#5354,#5355,
    #5356,#5357,#5358,#5359,#5360,#5361,#5362,#5363,#5364,#5365,#5366,
    #5367,#5368,#5369,#5370,#5371,#5372,#5373,#5374,#5375,#5376,#5377,
    #5378,#5379,#5380,#5381,#5382,#5383,#5384,#5385,#5386,#5387,#5388,
    #5389,#5390,#5391,#5392,#5393,#5394,#5395,#5396,#5397,#5398,#5399,
    #5400,#5401,#5402,#5403,#5404,#5405,#5406,#5407,#5408,#5409,#5410,
    #5411,#5412,#5413,#5414,#5415,#5416,#5417,#5418,#5419,#5420,#5421,
    #5422,#5423,#5424,#5425,#5426,#5427,#5428,#5429,#5430,#5431,#5432,
    #5433,#5434,#5435,#5436,#5437,#5438,#5439,#5440,#5441,#5442,#5443,
    #5444,#5445,#5446,#5447,#5448,#5449,#5450,#5451,#5452,#5453,#5454,
    #5455,#5456,#5457,#5458,#5459,#5460,#5461,#5462,#5463,#5464,#5465,
    #5466,#5467,#5468,#5469,#5470,#5471,#5472,#5473,#5474,#5475,#5476,
    #5477,#5478,#5479,#5480,#5481,#5482,#5483,#5484,#5485,#5486,#5487,
    #5488,#5489,#5490,#5491,#5492,#5493,#5494,#5495,#5496,#5497,#5498,
    #5499,#5500,#5501,#5502,#5503,#5504,#5505,#5506,#5507,#5508,#5509,
    #5510,#5511,#5512,#5513,#5514,#5515,#5516,#5517,#5518,#5519,#5520,
    #5521,#5522,#5523,#5524,#5525,#5526,#5527,#5528,#5529,#5530,#5531,
    #5532,#5533,#5534,#5535,#5536,#5537,#5538,#5539,#5540,#5541),
  .UNSPECIFIED.,.T.,.F.,(9,7,7,7,7,7,7,7,7,7,7,7,7,7,7,7,7,7,7,7,7,7,7,7
    ,7,7,7,9),(0.,2.218293623456E-02,3.343528802943E-02,
    5.572335184721E-02,7.752659522813E-02,8.87155822259E-02,
    0.110757668729,0.141847451223,0.168896875122,0.191833979368,
    0.268729852291,0.349763889982,0.386499013269,0.442954297185,
    0.512881848094,0.562374808907,0.583594690745,0.617413276591,
    0.644550710318,0.656029060585,0.673339578302,0.743091470073,
    0.772155141427,0.848910430265,0.898604834282,0.939374155566,
    0.967471003914,1.),.UNSPECIFIED.);
#5351 = CARTESIAN_POINT('',(0.489539399986,123.42850544383));
#5352 = CARTESIAN_POINT('',(0.484587536355,123.59505521668));
#5353 = CARTESIAN_POINT('',(0.479577951125,123.74586846121));
#5354 = CARTESIAN_POINT('',(0.474511867952,123.88005734818));
#5355 = CARTESIAN_POINT('',(0.469391346086,123.99667374473));
#5356 = CARTESIAN_POINT('',(0.46421932633,124.09472451128));
#5357 = CARTESIAN_POINT('',(0.458999696013,124.17319365388));
#5358 = CARTESIAN_POINT('',(0.45373737299,124.23107133196));
#5359 = CARTESIAN_POINT('',(0.445750495301,124.28581231856));
#5360 = CARTESIAN_POINT('',(0.443053201936,124.29868725328));
#5361 = CARTESIAN_POINT('',(0.440347355862,124.30588851804));
#5362 = CARTESIAN_POINT('',(0.437633866781,124.30729312764));
#5363 = CARTESIAN_POINT('',(0.434913728924,124.30278288114));
#5364 = CARTESIAN_POINT('',(0.432188023167,124.2922461237));
#5365 = CARTESIAN_POINT('',(0.429457919151,124.27557950832));
#5366 = CARTESIAN_POINT('',(0.421310816576,124.20735094933));
#5367 = CARTESIAN_POINT('',(0.415883858248,124.13759017314));
#5368 = CARTESIAN_POINT('',(0.410454523463,124.04267900131));
#5369 = CARTESIAN_POINT('',(0.405034086923,123.92206405499));
#5370 = CARTESIAN_POINT('',(0.399634359414,123.77539869692));
#5371 = CARTESIAN_POINT('',(0.394267661268,123.60258011718));
#5372 = CARTESIAN_POINT('',(0.388946786848,123.40379181222));
#5373 = CARTESIAN_POINT('',(0.378537591026,122.96018888336));
#5374 = CARTESIAN_POINT('',(0.373445654863,122.71642375855));
#5375 = CARTESIAN_POINT('',(0.368421512758,122.44872056363));
#5376 = CARTESIAN_POINT('',(0.363476017383,122.15776715089));
#5377 = CARTESIAN_POINT('',(0.358618649927,121.84443929965));
#5378 = CARTESIAN_POINT('',(0.353857639647,121.50976909139));
#5379 = CARTESIAN_POINT('',(0.349200065975,121.15491710403));
#5380 = CARTESIAN_POINT('',(0.34231793779,120.58933783965));
#5381 = CARTESIAN_POINT('',(0.340012597467,120.39253233235));
#5382 = CARTESIAN_POINT('',(0.337736645509,120.19089391224));
#5383 = CARTESIAN_POINT('',(0.335490693434,119.98458677613));
#5384 = CARTESIAN_POINT('',(0.333275249219,119.77377604774));
#5385 = CARTESIAN_POINT('',(0.331090725563,119.55862651642));
#5386 = CARTESIAN_POINT('',(0.328937448148,119.33930137593));
#5387 = CARTESIAN_POINT('',(0.322635790262,118.67598469919));
#5388 = CARTESIAN_POINT('',(0.318578270377,118.22044007825));
#5389 = CARTESIAN_POINT('',(0.314644764026,117.75053401439));
#5390 = CARTESIAN_POINT('',(0.310835837627,117.26743452405));
#5391 = CARTESIAN_POINT('',(0.307151180391,116.77224855149));
#5392 = CARTESIAN_POINT('',(0.30358978255,116.26600370459));
#5393 = CARTESIAN_POINT('',(0.300150075664,115.74963390086));
#5394 = CARTESIAN_POINT('',(0.292147205121,114.48253231816));
#5395 = CARTESIAN_POINT('',(0.28770305644,113.72270019409));
#5396 = CARTESIAN_POINT('',(0.28349136966,112.94673983164));
#5397 = CARTESIAN_POINT('',(0.279505519594,112.15668662454));
#5398 = CARTESIAN_POINT('',(0.275738606297,111.35433494472));
#5399 = CARTESIAN_POINT('',(0.272183588,110.54122914715));
#5400 = CARTESIAN_POINT('',(0.268833415861,109.71865471489));
#5401 = CARTESIAN_POINT('',(0.262938583939,108.16460254644));
#5402 = CARTESIAN_POINT('',(0.260346106967,107.43525351516));
#5403 = CARTESIAN_POINT('',(0.257899289492,106.70029682025));
#5404 = CARTESIAN_POINT('',(0.255594025505,105.96037846041));
#5405 = CARTESIAN_POINT('',(0.2534264922,105.21607764091));
#5406 = CARTESIAN_POINT('',(0.251393111411,104.46790767066));
#5407 = CARTESIAN_POINT('',(0.249490533383,103.71631617919));
#5408 = CARTESIAN_POINT('',(0.246210588682,102.32177963948));
#5409 = CARTESIAN_POINT('',(0.24479738908,101.679706541));
#5410 = CARTESIAN_POINT('',(0.243474162179,101.03570799809));
#5411 = CARTESIAN_POINT('',(0.242239171357,100.39001032079));
#5412 = CARTESIAN_POINT('',(0.24109081348,99.742823618613));
#5413 = CARTESIAN_POINT('',(0.240027607128,99.09434193009));
#5414 = CARTESIAN_POINT('',(0.23904818082,98.444743352365));
#5415 = CARTESIAN_POINT('',(0.235144368428,95.613232441945));
#5416 = CARTESIAN_POINT('',(0.233065761175,93.422253913546));
#5417 = CARTESIAN_POINT('',(0.231865457551,91.226579661147));
#5418 = CARTESIAN_POINT('',(0.231510990871,89.031155196502));
#5419 = CARTESIAN_POINT('',(0.231978738975,86.840525029936));
#5420 = CARTESIAN_POINT('',(0.233253241217,84.658776799139));
#5421 = CARTESIAN_POINT('',(0.235326095503,82.489592360164));
#5422 = CARTESIAN_POINT('',(0.241224480552,78.066951622064));
#5423 = CARTESIAN_POINT('',(0.245134358302,75.818213569717));
#5424 = CARTESIAN_POINT('',(0.24992320564,73.594630567637));
#5425 = CARTESIAN_POINT('',(0.25559339644,71.401859559355));
#5426 = CARTESIAN_POINT('',(0.262150915193,69.246465719099));
#5427 = CARTESIAN_POINT('',(0.269603622186,67.135853352653));
#5428 = CARTESIAN_POINT('',(0.277960752312,65.078244494718));
#5429 = CARTESIAN_POINT('',(0.291436984661,62.178066261846));
#5430 = CARTESIAN_POINT('',(0.295828209514,61.286290954138));
#5431 = CARTESIAN_POINT('',(0.300407820738,60.408266135853));
#5432 = CARTESIAN_POINT('',(0.305176378501,59.544953685211));
#5433 = CARTESIAN_POINT('',(0.310134209196,58.697383563746));
#5434 = CARTESIAN_POINT('',(0.315281348809,57.866648264478));
#5435 = CARTESIAN_POINT('',(0.32061749083,57.053897253387));
#5436 = CARTESIAN_POINT('',(0.334632022504,55.040763282123));
#5437 = CARTESIAN_POINT('',(0.343566701821,53.866527527519));
#5438 = CARTESIAN_POINT('',(0.352943337318,52.741995721254));
#5439 = CARTESIAN_POINT('',(0.362755949612,51.671976433973));
#5440 = CARTESIAN_POINT('',(0.372994539946,50.661598108008));
#5441 = CARTESIAN_POINT('',(0.383644386859,49.716181348945));
#5442 = CARTESIAN_POINT('',(0.394685318889,48.841100626835));
#5443 = CARTESIAN_POINT('',(0.420218405848,47.051388905642));
#5444 = CARTESIAN_POINT('',(0.434909911932,46.176835650025));
#5445 = CARTESIAN_POINT('',(0.450107732631,45.428712905946));
#5446 = CARTESIAN_POINT('',(0.465741897588,44.816854541045));
#5447 = CARTESIAN_POINT('',(0.481730257286,44.349909735229));
#5448 = CARTESIAN_POINT('',(0.497978409445,44.035061998227));
#5449 = CARTESIAN_POINT('',(0.514379349352,43.877891112851));
#5450 = CARTESIAN_POINT('',(0.54244166304,43.884444356522));
#5451 = CARTESIAN_POINT('',(0.554089732839,43.967817163774));
#5452 = CARTESIAN_POINT('',(0.565714118012,44.133081463442));
#5453 = CARTESIAN_POINT('',(0.577272345953,44.380973018978));
#5454 = CARTESIAN_POINT('',(0.588720869566,44.711771582743));
#5455 = CARTESIAN_POINT('',(0.600014891866,45.125325315931));
#5456 = CARTESIAN_POINT('',(0.611108233884,45.621011472025));
#5457 = CARTESIAN_POINT('',(0.626603115131,46.444792624068));
#5458 = CARTESIAN_POINT('',(0.631207308724,46.706869068675));
#5459 = CARTESIAN_POINT('',(0.635762171751,46.983719840697));
#5460 = CARTESIAN_POINT('',(0.64026393479,47.275228504918));
#5461 = CARTESIAN_POINT('',(0.644708804306,47.581257159075));
#5462 = CARTESIAN_POINT('',(0.649092969283,47.90164386679));
#5463 = CARTESIAN_POINT('',(0.65341260786,48.236200090515));
#5464 = CARTESIAN_POINT('',(0.664439260806,49.140132935654));
#5465 = CARTESIAN_POINT('',(0.671041513451,49.73103475063));
#5466 = CARTESIAN_POINT('',(0.677454581306,50.356494315426));
#5467 = CARTESIAN_POINT('',(0.683662987137,51.015422985243));
#5468 = CARTESIAN_POINT('',(0.689651894707,51.706550279462));
#5469 = CARTESIAN_POINT('',(0.695407242895,52.42839934666));
#5470 = CARTESIAN_POINT('',(0.70091596628,53.17925033964));
#5471 = CARTESIAN_POINT('',(0.710379389162,54.581263819206));
#5472 = CARTESIAN_POINT('',(0.714426446927,55.222867182164));
#5473 = CARTESIAN_POINT('',(0.718301327278,55.880863658476));
#5474 = CARTESIAN_POINT('',(0.721998907652,56.554165123619));
#5475 = CARTESIAN_POINT('',(0.725515053285,57.24163614388));
#5476 = CARTESIAN_POINT('',(0.728846593462,57.942095688996));
#5477 = CARTESIAN_POINT('',(0.731991311869,58.654317872931));
#5478 = CARTESIAN_POINT('',(0.73619852398,59.682718796785));
#5479 = CARTESIAN_POINT('',(0.73741547532,59.990289412407));
#5480 = CARTESIAN_POINT('',(0.7385987205,60.299650751456));
#5481 = CARTESIAN_POINT('',(0.739748211276,60.61071058365));
#5482 = CARTESIAN_POINT('',(0.740863934007,60.923377352136));
#5483 = CARTESIAN_POINT('',(0.741945907938,61.237560258983));
#5484 = CARTESIAN_POINT('',(0.742994183481,61.55316935068));
#5485 = CARTESIAN_POINT('',(0.745539046311,62.348102735902));
#5486 = CARTESIAN_POINT('',(0.746992797235,62.829133064555));
#5487 = CARTESIAN_POINT('',(0.748370366548,63.312900992198));
#5488 = CARTESIAN_POINT('',(0.749672194031,63.799110550369));
#5489 = CARTESIAN_POINT('',(0.750898868252,64.287475937571));
#5490 = CARTESIAN_POINT('',(0.75205110886,64.7777220573));
#5491 = CARTESIAN_POINT('',(0.753129748868,65.269585056078));
#5492 = CARTESIAN_POINT('',(0.758189216533,67.750250387203));
#5493 = CARTESIAN_POINT('',(0.761060144542,69.758553465802));
#5494 = CARTESIAN_POINT('',(0.762815433455,71.772849961988));
#5495 = CARTESIAN_POINT('',(0.763541078715,73.781240538438));
#5496 = CARTESIAN_POINT('',(0.763327294748,75.774605173885));
#5497 = CARTESIAN_POINT('',(0.762260935194,77.746447692934));
#5498 = CARTESIAN_POINT('',(0.760419546672,79.69279059708));
#5499 = CARTESIAN_POINT('',(0.756802959384,82.411799034449));
#5500 = CARTESIAN_POINT('',(0.755615777632,83.206777336646));
#5501 = CARTESIAN_POINT('',(0.754309811835,83.996853769454));
#5502 = CARTESIAN_POINT('',(0.752889442937,84.781886982525));
#5503 = CARTESIAN_POINT('',(0.751358745811,85.561758382408));
#5504 = CARTESIAN_POINT('',(0.749721487915,86.336371873431));
#5505 = CARTESIAN_POINT('',(0.747981127944,87.105653598583));
#5506 = CARTESIAN_POINT('',(0.741280664881,89.886957437519));
#5507 = CARTESIAN_POINT('',(0.735724813335,91.866219735183));
#5508 = CARTESIAN_POINT('',(0.729530414685,93.807045407852));
#5509 = CARTESIAN_POINT('',(0.722741315337,95.70875661601));
#5510 = CARTESIAN_POINT('',(0.715391546234,97.570528803593));
#5511 = CARTESIAN_POINT('',(0.707505764995,99.391425470767));
#5512 = CARTESIAN_POINT('',(0.699099367239,101.17041231951));
#5513 = CARTESIAN_POINT('',(0.684399479035,104.0300931862));
#5514 = CARTESIAN_POINT('',(0.678407065282,105.13563741264));
#5515 = CARTESIAN_POINT('',(0.672200969362,106.22246912597));
#5516 = CARTESIAN_POINT('',(0.665781739615,107.29000463594));
#5517 = CARTESIAN_POINT('',(0.659148825172,108.3374954553));
#5518 = CARTESIAN_POINT('',(0.652300490891,109.36402386374));
#5519 = CARTESIAN_POINT('',(0.645233581448,110.36848465781));
#5520 = CARTESIAN_POINT('',(0.631962047212,112.15442226205));
#5521 = CARTESIAN_POINT('',(0.625830986842,112.94348157873));
#5522 = CARTESIAN_POINT('',(0.619547132888,113.7160212071));
#5523 = CARTESIAN_POINT('',(0.613107320975,114.47115606992));
#5524 = CARTESIAN_POINT('',(0.606508032572,115.20782660065));
#5525 = CARTESIAN_POINT('',(0.599745283876,115.9247874427));
#5526 = CARTESIAN_POINT('',(0.592814413909,116.62058408967));
#5527 = CARTESIAN_POINT('',(0.580813490903,117.75728057192));
#5528 = CARTESIAN_POINT('',(0.575834969309,118.21015676676));
#5529 = CARTESIAN_POINT('',(0.570772361225,118.6515930568));
#5530 = CARTESIAN_POINT('',(0.565623873802,119.08095299059));
#5531 = CARTESIAN_POINT('',(0.560387760765,119.49751604385));
#5532 = CARTESIAN_POINT('',(0.555062298495,119.9004741807));
#5533 = CARTESIAN_POINT('',(0.549645744613,120.28892559191));
#5534 = CARTESIAN_POINT('',(0.537757720833,121.09363518958));
#5535 = CARTESIAN_POINT('',(0.531255530844,121.50455240708));
#5536 = CARTESIAN_POINT('',(0.52462633976,121.89310886185));
#5537 = CARTESIAN_POINT('',(0.517867894612,122.25751175569));
#5538 = CARTESIAN_POINT('',(0.510979121748,122.59569701929));
#5539 = CARTESIAN_POINT('',(0.503960200071,122.90534217149));
#5540 = CARTESIAN_POINT('',(0.496812644545,123.18387891146));
#5541 = CARTESIAN_POINT('',(0.489539399986,123.42850544383));
#5542 = ( GEOMETRIC_REPRESENTATION_CONTEXT(2) 
PARAMETRIC_REPRESENTATION_CONTEXT() REPRESENTATION_CONTEXT('2D SPACE',''
  ) );
#5543 = PCURVE('',#5544,#5549);
#5544 = CONICAL_SURFACE('',#5545,34.5,7.249841301143E-02);
#5545 = AXIS2_PLACEMENT_3D('',#5546,#5547,#5548);
#5546 = CARTESIAN_POINT('',(-106.5427664129,-75.,276.92181871006));
#5547 = DIRECTION('',(-0.939692620786,1.150791560228E-16,0.342020143326)
  );
#5548 = DIRECTION('',(0.342020143326,-4.188538737677E-17,0.939692620786)
  );
#5549 = DEFINITIONAL_REPRESENTATION('',(#5550),#5742);
#5550 = B_SPLINE_CURVE_WITH_KNOTS('',8,(#5551,#5552,#5553,#5554,#5555,
    #5556,#5557,#5558,#5559,#5560,#5561,#5562,#5563,#5564,#5565,#5566,
    #5567,#5568,#5569,#5570,#5571,#5572,#5573,#5574,#5575,#5576,#5577,
    #5578,#5579,#5580,#5581,#5582,#5583,#5584,#5585,#5586,#5587,#5588,
    #5589,#5590,#5591,#5592,#5593,#5594,#5595,#5596,#5597,#5598,#5599,
    #5600,#5601,#5602,#5603,#5604,#5605,#5606,#5607,#5608,#5609,#5610,
    #5611,#5612,#5613,#5614,#5615,#5616,#5617,#5618,#5619,#5620,#5621,
    #5622,#5623,#5624,#5625,#5626,#5627,#5628,#5629,#5630,#5631,#5632,
    #5633,#5634,#5635,#5636,#5637,#5638,#5639,#5640,#5641,#5642,#5643,
    #5644,#5645,#5646,#5647,#5648,#5649,#5650,#5651,#5652,#5653,#5654,
    #5655,#5656,#5657,#5658,#5659,#5660,#5661,#5662,#5663,#5664,#5665,
    #5666,#5667,#5668,#5669,#5670,#5671,#5672,#5673,#5674,#5675,#5676,
    #5677,#5678,#5679,#5680,#5681,#5682,#5683,#5684,#5685,#5686,#5687,
    #5688,#5689,#5690,#5691,#5692,#5693,#5694,#5695,#5696,#5697,#5698,
    #5699,#5700,#5701,#5702,#5703,#5704,#5705,#5706,#5707,#5708,#5709,
    #5710,#5711,#5712,#5713,#5714,#5715,#5716,#5717,#5718,#5719,#5720,
    #5721,#5722,#5723,#5724,#5725,#5726,#5727,#5728,#5729,#5730,#5731,
    #5732,#5733,#5734,#5735,#5736,#5737,#5738,#5739,#5740,#5741),
  .UNSPECIFIED.,.F.,.F.,(9,7,7,7,7,7,7,7,7,7,7,7,7,7,7,7,7,7,7,7,7,7,7,7
    ,7,7,7,9),(0.,2.218293623456E-02,3.343528802943E-02,
    5.572335184721E-02,7.752659522813E-02,8.87155822259E-02,
    0.110757668729,0.141847451223,0.168896875122,0.191833979368,
    0.268729852291,0.349763889982,0.386499013269,0.442954297185,
    0.512881848094,0.562374808907,0.583594690745,0.617413276591,
    0.644550710318,0.656029060585,0.673339578302,0.743091470073,
    0.772155141427,0.848910430265,0.898604834282,0.939374155566,
    0.967471003914,1.),.UNSPECIFIED.);
#5551 = CARTESIAN_POINT('',(0.,50.307066718045));
#5552 = CARTESIAN_POINT('',(1.826977054747E-02,50.713022323768));
#5553 = CARTESIAN_POINT('',(3.677532035825E-02,51.113956835917));
#5554 = CARTESIAN_POINT('',(5.552296889976E-02,51.509316045057));
#5555 = CARTESIAN_POINT('',(7.451699547978E-02,51.898467912631));
#5556 = CARTESIAN_POINT('',(9.375958967568E-02,52.280710124427));
#5557 = CARTESIAN_POINT('',(0.113250632596,52.655280035134));
#5558 = CARTESIAN_POINT('',(0.132987308972,53.021367004));
#5559 = CARTESIAN_POINT('',(0.163096550071,53.55909461419));
#5560 = CARTESIAN_POINT('',(0.173291010834,53.737659021292));
#5561 = CARTESIAN_POINT('',(0.183545993365,53.913707952547));
#5562 = CARTESIAN_POINT('',(0.193860316673,54.087126494056));
#5563 = CARTESIAN_POINT('',(0.204232535598,54.257798037362));
#5564 = CARTESIAN_POINT('',(0.214660918632,54.425605108481));
#5565 = CARTESIAN_POINT('',(0.22514342574,54.59043019691));
#5566 = CARTESIAN_POINT('',(0.256543392568,55.072495667256));
#5567 = CARTESIAN_POINT('',(0.277615173725,55.380724070351));
#5568 = CARTESIAN_POINT('',(0.298871101971,55.67587396913));
#5569 = CARTESIAN_POINT('',(0.320287181505,55.957053367297));
#5570 = CARTESIAN_POINT('',(0.341836962913,56.223463738846));
#5571 = CARTESIAN_POINT('',(0.363490984691,56.47441844272));
#5572 = CARTESIAN_POINT('',(0.385216041781,56.709361910369));
#5573 = CARTESIAN_POINT('',(0.428259225005,57.141663784929));
#5574 = CARTESIAN_POINT('',(0.449580361654,57.339773185228));
#5575 = CARTESIAN_POINT('',(0.470902519459,57.521830052173));
#5576 = CARTESIAN_POINT('',(0.492194154914,57.68766328273));
#5577 = CARTESIAN_POINT('',(0.51342664944,57.837285386627));
#5578 = CARTESIAN_POINT('',(0.534573733082,57.970863108439));
#5579 = CARTESIAN_POINT('',(0.555611035078,58.08869171087));
#5580 = CARTESIAN_POINT('',(0.587243647317,58.243764219017));
#5581 = CARTESIAN_POINT('',(0.597937350811,58.2923172823));
#5582 = CARTESIAN_POINT('',(0.608594225789,58.336887709382));
#5583 = CARTESIAN_POINT('',(0.619211932287,58.377538411023));
#5584 = CARTESIAN_POINT('',(0.629788417997,58.414338408124));
#5585 = CARTESIAN_POINT('',(0.640321899899,58.447361631393));
#5586 = CARTESIAN_POINT('',(0.65081084589,58.476685720998));
#5587 = CARTESIAN_POINT('',(0.68182668079,58.553029382986));
#5588 = CARTESIAN_POINT('',(0.702220865477,58.58962172576));
#5589 = CARTESIAN_POINT('',(0.722427645083,58.612785945333));
#5590 = CARTESIAN_POINT('',(0.742441326863,58.623174887966));
#5591 = CARTESIAN_POINT('',(0.762258902177,58.621451443414));
#5592 = CARTESIAN_POINT('',(0.781879716097,58.608269161112));
#5593 = CARTESIAN_POINT('',(0.801305295128,58.584258194511));
#5594 = CARTESIAN_POINT('',(0.847668437031,58.501719669088));
#5595 = CARTESIAN_POINT('',(0.874412936189,58.43307562947));
#5596 = CARTESIAN_POINT('',(0.900785864795,58.34576659933));
#5597 = CARTESIAN_POINT('',(0.926801357894,58.241343552085));
#5598 = CARTESIAN_POINT('',(0.952474907986,58.12122029833));
#5599 = CARTESIAN_POINT('',(0.977823684123,57.98666881801));
#5600 = CARTESIAN_POINT('',(1.002866913441,57.838815916418));
#5601 = CARTESIAN_POINT('',(1.04916805905,57.539282438946));
#5602 = CARTESIAN_POINT('',(1.070492718476,57.390610827603));
#5603 = CARTESIAN_POINT('',(1.091613439706,57.233282700655));
#5604 = CARTESIAN_POINT('',(1.112542380541,57.067888637737));
#5605 = CARTESIAN_POINT('',(1.133291078342,56.894960001539));
#5606 = CARTESIAN_POINT('',(1.153870744772,56.71497381287));
#5607 = CARTESIAN_POINT('',(1.174292497236,56.528355966667));
#5608 = CARTESIAN_POINT('',(1.211760147211,56.171932090051));
#5609 = CARTESIAN_POINT('',(1.228846791509,56.003888138317));
#5610 = CARTESIAN_POINT('',(1.245834020007,55.831583127054));
#5611 = CARTESIAN_POINT('',(1.26272799882,55.655229134743));
#5612 = CARTESIAN_POINT('',(1.279534579728,55.475019334206));
#5613 = CARTESIAN_POINT('',(1.296259379821,55.291129201774));
#5614 = CARTESIAN_POINT('',(1.312907861151,55.103717726458));
#5615 = CARTESIAN_POINT('',(1.385061088309,54.27331453374));
#5616 = CARTESIAN_POINT('',(1.439821473705,53.595945918896));
#5617 = CARTESIAN_POINT('',(1.493990368731,52.886035831467));
#5618 = CARTESIAN_POINT('',(1.547735259411,52.14721046999));
#5619 = CARTESIAN_POINT('',(1.601203139634,51.382061372407));
#5620 = CARTESIAN_POINT('',(1.654530694637,50.59219685969));
#5621 = CARTESIAN_POINT('',(1.707855662003,49.778359182108));
#5622 = CARTESIAN_POINT('',(1.817680381322,48.057132341575));
#5623 = CARTESIAN_POINT('',(1.874122776866,47.148222493126));
#5624 = CARTESIAN_POINT('',(1.930809842427,46.213750008721));
#5625 = CARTESIAN_POINT('',(1.987868863407,45.253392090168));
#5626 = CARTESIAN_POINT('',(2.045414606674,44.266372015399));
#5627 = CARTESIAN_POINT('',(2.103556617121,43.251469000726));
#5628 = CARTESIAN_POINT('',(2.162405752249,42.206995401525));
#5629 = CARTESIAN_POINT('',(2.249140194043,40.642857815745));
#5630 = CARTESIAN_POINT('',(2.276362339041,40.148492890754));
#5631 = CARTESIAN_POINT('',(2.303761982439,39.647480289952));
#5632 = CARTESIAN_POINT('',(2.331348309209,39.139647251891));
#5633 = CARTESIAN_POINT('',(2.359129846691,38.624825835318));
#5634 = CARTESIAN_POINT('',(2.387114587432,38.102855440026));
#5635 = CARTESIAN_POINT('',(2.415310099711,37.573586338636));
#5636 = CARTESIAN_POINT('',(2.487390109909,36.212069496751));
#5637 = CARTESIAN_POINT('',(2.531570747143,35.369713566017));
#5638 = CARTESIAN_POINT('',(2.57629133405,34.509339129684));
#5639 = CARTESIAN_POINT('',(2.621570091918,33.630664318864));
#5640 = CARTESIAN_POINT('',(2.667418992677,32.733643950037));
#5641 = CARTESIAN_POINT('',(2.713844282525,31.818540531285));
#5642 = CARTESIAN_POINT('',(2.760846203211,30.886025017937));
#5643 = CARTESIAN_POINT('',(2.867341944087,28.762191355307));
#5644 = CARTESIAN_POINT('',(2.927158985544,27.561841810457));
#5645 = CARTESIAN_POINT('',(2.987822595855,26.339215498038));
#5646 = CARTESIAN_POINT('',(3.049284763778,25.098256625265));
#5647 = CARTESIAN_POINT('',(3.111496253273,23.844161677764));
#5648 = CARTESIAN_POINT('',(3.174403122324,22.583675354722));
#5649 = CARTESIAN_POINT('',(3.237943470974,21.325389713795));
#5650 = CARTESIAN_POINT('',(3.347382602362,19.19841034463));
#5651 = CARTESIAN_POINT('',(3.393019380019,18.323150091034));
#5652 = CARTESIAN_POINT('',(3.438910763527,17.457788752944));
#5653 = CARTESIAN_POINT('',(3.485034616256,16.606282778629));
#5654 = CARTESIAN_POINT('',(3.531370240826,15.772924442178));
#5655 = CARTESIAN_POINT('',(3.577896445779,14.962356227405));
#5656 = CARTESIAN_POINT('',(3.624588695119,14.179547484561));
#5657 = CARTESIAN_POINT('',(3.691490152791,13.108218725988));
#5658 = CARTESIAN_POINT('',(3.711590938422,12.792786605355));
#5659 = CARTESIAN_POINT('',(3.731713799997,12.483822026692));
#5660 = CARTESIAN_POINT('',(3.751855983669,12.181742250508));
#5661 = CARTESIAN_POINT('',(3.772014475852,11.886969829344));
#5662 = CARTESIAN_POINT('',(3.792185929025,11.599930331817));
#5663 = CARTESIAN_POINT('',(3.812366587533,11.32105006668));
#5664 = CARTESIAN_POINT('',(3.864722483055,10.619976796152));
#5665 = CARTESIAN_POINT('',(3.896907710793,10.210970772034));
#5666 = CARTESIAN_POINT('',(3.929088123599,9.825493657221));
#5667 = CARTESIAN_POINT('',(3.961243128563,9.465245010603));
#5668 = CARTESIAN_POINT('',(3.993350527502,9.131842272372));
#5669 = CARTESIAN_POINT('',(4.025385610965,8.826783786478));
#5670 = CARTESIAN_POINT('',(4.057320131616,8.551398600427));
#5671 = CARTESIAN_POINT('',(4.114639616653,8.110493388975));
#5672 = CARTESIAN_POINT('',(4.140074232258,7.934000384903));
#5673 = CARTESIAN_POINT('',(4.16540781196,7.777877130864));
#5674 = CARTESIAN_POINT('',(4.19062412957,7.64257753365));
#5675 = CARTESIAN_POINT('',(4.215707550897,7.52843306619));
#5676 = CARTESIAN_POINT('',(4.240642724711,7.435649353228));
#5677 = CARTESIAN_POINT('',(4.265414338338,7.36430258265));
#5678 = CARTESIAN_POINT('',(4.300408896845,7.29320121297));
#5679 = CARTESIAN_POINT('',(4.310779051237,7.275891204688));
#5680 = CARTESIAN_POINT('',(4.321116338695,7.262401480115));
#5681 = CARTESIAN_POINT('',(4.33141975448,7.252723640931));
#5682 = CARTESIAN_POINT('',(4.341688347965,7.246845296693));
#5683 = CARTESIAN_POINT('',(4.351921219115,7.244750233531));
#5684 = CARTESIAN_POINT('',(4.362117514962,7.246418582842));
#5685 = CARTESIAN_POINT('',(4.38759709559,7.259983417136));
#5686 = CARTESIAN_POINT('',(4.4028328008,7.276646167445));
#5687 = CARTESIAN_POINT('',(4.417980763004,7.301735221203));
#5688 = CARTESIAN_POINT('',(4.433038576665,7.33515266745));
#5689 = CARTESIAN_POINT('',(4.448004184209,7.376784703423));
#5690 = CARTESIAN_POINT('',(4.462875850828,7.42650363401));
#5691 = CARTESIAN_POINT('',(4.477652139278,7.484169871196));
#5692 = CARTESIAN_POINT('',(4.551483206945,7.813418198354));
#5693 = CARTESIAN_POINT('',(4.609028519173,8.203639830613));
#5694 = CARTESIAN_POINT('',(4.664945322187,8.710449437111));
#5695 = CARTESIAN_POINT('',(4.71926858098,9.321984603489));
#5696 = CARTESIAN_POINT('',(4.772064777661,10.026032784527));
#5697 = CARTESIAN_POINT('',(4.823429687695,10.811131982221));
#5698 = CARTESIAN_POINT('',(4.87348669995,11.66733881839));
#5699 = CARTESIAN_POINT('',(4.942769877535,12.969890553835));
#5700 = CARTESIAN_POINT('',(4.962946518655,13.363956936058));
#5701 = CARTESIAN_POINT('',(4.98293220043,13.768386082045));
#5702 = CARTESIAN_POINT('',(5.002736667608,14.182615133864));
#5703 = CARTESIAN_POINT('',(5.022369507128,14.606115787138));
#5704 = CARTESIAN_POINT('',(5.041840239893,15.038395100444));
#5705 = CARTESIAN_POINT('',(5.061158412532,15.478996304721));
#5706 = CARTESIAN_POINT('',(5.130974362849,17.111968034677));
#5707 = CARTESIAN_POINT('',(5.180603460373,18.351200706165));
#5708 = CARTESIAN_POINT('',(5.229415573883,19.637776078226));
#5709 = CARTESIAN_POINT('',(5.277573748675,20.965371028049));
#5710 = CARTESIAN_POINT('',(5.325228712674,22.328529854768));
#5711 = CARTESIAN_POINT('',(5.372527338717,23.722615069121));
#5712 = CARTESIAN_POINT('',(5.419621311197,25.143763338381));
#5713 = CARTESIAN_POINT('',(5.497147119218,27.524571760675));
#5714 = CARTESIAN_POINT('',(5.527593850571,28.47010904523));
#5715 = CARTESIAN_POINT('',(5.558063402547,29.424625712768));
#5716 = CARTESIAN_POINT('',(5.588598568927,30.387234430161));
#5717 = CARTESIAN_POINT('',(5.619242465081,31.357058837557));
#5718 = CARTESIAN_POINT('',(5.650039952765,32.333229975196));
#5719 = CARTESIAN_POINT('',(5.68103942952,33.314887146579));
#5720 = CARTESIAN_POINT('',(5.737937058722,35.110341154587));
#5721 = CARTESIAN_POINT('',(5.763749435028,35.922555887273));
#5722 = CARTESIAN_POINT('',(5.789762457806,36.737375693831));
#5723 = CARTESIAN_POINT('',(5.816007007139,37.554284643246));
#5724 = CARTESIAN_POINT('',(5.842515082563,38.372701052851));
#5725 = CARTESIAN_POINT('',(5.86932079829,39.191977306788));
#5726 = CARTESIAN_POINT('',(5.89646178804,40.011401035746));
#5727 = CARTESIAN_POINT('',(5.942946350479,41.394484818045));
#5728 = CARTESIAN_POINT('',(5.962090196999,41.958440274269));
#5729 = CARTESIAN_POINT('',(5.98142664034,42.521811881476));
#5730 = CARTESIAN_POINT('',(6.000969908083,43.084300555929));
#5731 = CARTESIAN_POINT('',(6.020734564611,43.645560426178));
#5732 = CARTESIAN_POINT('',(6.040735790434,44.205199048097));
#5733 = CARTESIAN_POINT('',(6.060989750327,44.762777684107));
#5734 = CARTESIAN_POINT('',(6.105275963521,45.960399646854));
#5735 = CARTESIAN_POINT('',(6.129396866048,46.599485683484));
#5736 = CARTESIAN_POINT('',(6.153906158761,47.234380002196));
#5737 = CARTESIAN_POINT('',(6.178831115901,47.86417612807));
#5738 = CARTESIAN_POINT('',(6.204197367868,48.48775700477));
#5739 = CARTESIAN_POINT('',(6.23002937078,49.103803238727));
#5740 = CARTESIAN_POINT('',(6.256350862796,49.710803448318));
#5741 = CARTESIAN_POINT('',(6.28318530718,50.307066718045));
#5742 = ( GEOMETRIC_REPRESENTATION_CONTEXT(2) 
PARAMETRIC_REPRESENTATION_CONTEXT() REPRESENTATION_CONTEXT('2D SPACE',''
  ) );
#5743 = FACE_BOUND('',#5744,.T.);
#5744 = EDGE_LOOP('',(#5745));
#5745 = ORIENTED_EDGE('',*,*,#5746,.F.);
#5746 = EDGE_CURVE('',#5747,#5747,#5749,.T.);
#5747 = VERTEX_POINT('',#5748);
#5748 = CARTESIAN_POINT('',(-113.3471624395,-112.2170698552,
    336.55198651616));
#5749 = SURFACE_CURVE('',#5750,(#5813,#5879),.PCURVE_S1.);
#5750 = B_SPLINE_CURVE_WITH_KNOTS('',7,(#5751,#5752,#5753,#5754,#5755,
    #5756,#5757,#5758,#5759,#5760,#5761,#5762,#5763,#5764,#5765,#5766,
    #5767,#5768,#5769,#5770,#5771,#5772,#5773,#5774,#5775,#5776,#5777,
    #5778,#5779,#5780,#5781,#5782,#5783,#5784,#5785,#5786,#5787,#5788,
    #5789,#5790,#5791,#5792,#5793,#5794,#5795,#5796,#5797,#5798,#5799,
    #5800,#5801,#5802,#5803,#5804,#5805,#5806,#5807,#5808,#5809,#5810,
    #5811,#5812),.UNSPECIFIED.,.T.,.F.,(8,6,6,6,6,6,6,6,6,6,8),(0.,
    0.121838750311,0.224255519908,0.309296607503,0.416501809308,
    0.531426539219,0.643352514624,0.73776206105,0.822920881719,
    0.905356435557,1.),.UNSPECIFIED.);
#5751 = CARTESIAN_POINT('',(-113.3471624395,-112.2170698552,
    336.55198651616));
#5752 = CARTESIAN_POINT('',(-113.3471624395,-112.2170698552,
    336.24817404926));
#5753 = CARTESIAN_POINT('',(-113.3241994703,-112.2402640711,
    335.94462125341));
#5754 = CARTESIAN_POINT('',(-113.2783414334,-112.2865839466,
    335.6432303575));
#5755 = CARTESIAN_POINT('',(-113.2090714896,-112.3564916225,
    335.34608231474));
#5756 = CARTESIAN_POINT('',(-113.1153974077,-112.4508708989,
    335.05580801036));
#5757 = CARTESIAN_POINT('',(-112.9959669209,-112.570886854,334.776041666
    ));
#5758 = CARTESIAN_POINT('',(-112.7259034091,-112.8412653251,
    334.2901623532));
#5759 = CARTESIAN_POINT('',(-112.5821933196,-112.9848278685,
    334.07746390019));
#5760 = CARTESIAN_POINT('',(-112.4175227656,-113.1488734945,
    333.87915388368));
#5761 = CARTESIAN_POINT('',(-112.2318778543,-113.3331782957,
    333.70073316203));
#5762 = CARTESIAN_POINT('',(-112.0258188386,-113.5368959144,
    333.5480087254));
#5763 = CARTESIAN_POINT('',(-111.8006184442,-113.7584565766,
    333.42717850553));
#5764 = CARTESIAN_POINT('',(-111.357528088,-114.1920752027,
    333.27677888752));
#5765 = CARTESIAN_POINT('',(-111.1469083833,-114.3973831552,
    333.23589280901));
#5766 = CARTESIAN_POINT('',(-110.9311774527,-114.6067496619,
    333.22620432351));
#5767 = CARTESIAN_POINT('',(-110.7153959676,-114.8151906294,
    333.24902703859));
#5768 = CARTESIAN_POINT('',(-110.5047240343,-115.0177718084,
    333.3031727838));
#5769 = CARTESIAN_POINT('',(-110.3039680105,-115.2100314062,
    333.38498580742));
#5770 = CARTESIAN_POINT('',(-109.8816120867,-115.6130931884,
    333.61870432264));
#5771 = CARTESIAN_POINT('',(-109.6674105804,-115.8164378285,
    333.78376680216));
#5772 = CARTESIAN_POINT('',(-109.4756891621,-115.9976158204,
    333.97574227289));
#5773 = CARTESIAN_POINT('',(-109.306663312,-116.1567559435,
    334.18832921007));
#5774 = CARTESIAN_POINT('',(-109.1600102332,-116.2944244628,
    334.41632221871));
#5775 = CARTESIAN_POINT('',(-109.0350928404,-116.4114204243,
    334.65539319363));
#5776 = CARTESIAN_POINT('',(-108.8195770047,-116.6129193597,
    335.16633629129));
#5777 = CARTESIAN_POINT('',(-108.7315938095,-116.6949468737,
    335.44052496479));
#5778 = CARTESIAN_POINT('',(-108.6661395863,-116.7558555351,
    335.72117215126));
#5779 = CARTESIAN_POINT('',(-108.6224293628,-116.7964867622,
    336.00583086261));
#5780 = CARTESIAN_POINT('',(-108.5999655566,-116.8173634174,
    336.29259935742));
#5781 = CARTESIAN_POINT('',(-108.5986030251,-116.8186379242,
    336.57979233284));
#5782 = CARTESIAN_POINT('',(-108.638070038,-116.7819354417,
    337.14409108273));
#5783 = CARTESIAN_POINT('',(-108.6777763681,-116.7450033379,
    337.42093224522));
#5784 = CARTESIAN_POINT('',(-108.7378759517,-116.689072998,
    337.69469372866));
#5785 = CARTESIAN_POINT('',(-108.818912505,-116.6135706847,
    337.96358430906));
#5786 = CARTESIAN_POINT('',(-108.9217205905,-116.5176075706,
    338.22527616934));
#5787 = CARTESIAN_POINT('',(-109.0473028943,-116.4000761,338.47658684826
    ));
#5788 = CARTESIAN_POINT('',(-109.3226352413,-116.1414710413,
    338.91246412482));
#5789 = CARTESIAN_POINT('',(-109.4665023775,-116.0060445587,
    339.10286470479));
#5790 = CARTESIAN_POINT('',(-109.6284219898,-115.853207869,
    339.27980213157));
#5791 = CARTESIAN_POINT('',(-109.8080284091,-115.6831138615,
    339.43870005732));
#5792 = CARTESIAN_POINT('',(-110.004437353,-115.4963742626,
    339.57484115795));
#5793 = CARTESIAN_POINT('',(-110.2161938087,-115.2941361997,
    339.6833235346));
#5794 = CARTESIAN_POINT('',(-110.6440754706,-114.883496048,
    339.8271941448));
#5795 = CARTESIAN_POINT('',(-110.8558868782,-114.6794177714,
    339.86808022331));
#5796 = CARTESIAN_POINT('',(-111.0719151172,-114.4703580466,
    339.87776870881));
#5797 = CARTESIAN_POINT('',(-111.2870198572,-114.26121877,
    339.85494599373));
#5798 = CARTESIAN_POINT('',(-111.4961074699,-114.0570027868,
    339.80080024852));
#5799 = CARTESIAN_POINT('',(-111.6945676432,-113.8623741824,
    339.7189872249));
#5800 = CARTESIAN_POINT('',(-112.0568157263,-113.5058701006,
    339.51552033027));
#5801 = CARTESIAN_POINT('',(-112.2278953569,-113.3368618322,
    339.39163602589));
#5802 = CARTESIAN_POINT('',(-112.389958422,-113.1761735289,
    339.24504874991));
#5803 = CARTESIAN_POINT('',(-112.5412560964,-113.0256517239,
    339.0772289772));
#5804 = CARTESIAN_POINT('',(-112.6802052804,-112.8870032053,
    338.89000352375));
#5805 = CARTESIAN_POINT('',(-112.8054161445,-112.7617510147,
    338.68551791923));
#5806 = CARTESIAN_POINT('',(-113.0424189284,-112.5241915738,
    338.21434777791));
#5807 = CARTESIAN_POINT('',(-113.1457868849,-112.4202476478,
    337.95027274978));
#5808 = CARTESIAN_POINT('',(-113.2270653544,-112.3383312569,
    337.67786691968));
#5809 = CARTESIAN_POINT('',(-113.2872833708,-112.2775518144,
    337.3999200389));
#5810 = CARTESIAN_POINT('',(-113.327187868,-112.2372456342,
    337.11851086548));
#5811 = CARTESIAN_POINT('',(-113.3471624395,-112.2170698552,
    336.83534112871));
#5812 = CARTESIAN_POINT('',(-113.3471624395,-112.2170698552,
    336.55198651616));
#5813 = PCURVE('',#4187,#5814);
#5814 = DEFINITIONAL_REPRESENTATION('',(#5815),#5878);
#5815 = B_SPLINE_CURVE_WITH_KNOTS('',7,(#5816,#5817,#5818,#5819,#5820,
    #5821,#5822,#5823,#5824,#5825,#5826,#5827,#5828,#5829,#5830,#5831,
    #5832,#5833,#5834,#5835,#5836,#5837,#5838,#5839,#5840,#5841,#5842,
    #5843,#5844,#5845,#5846,#5847,#5848,#5849,#5850,#5851,#5852,#5853,
    #5854,#5855,#5856,#5857,#5858,#5859,#5860,#5861,#5862,#5863,#5864,
    #5865,#5866,#5867,#5868,#5869,#5870,#5871,#5872,#5873,#5874,#5875,
    #5876,#5877),.UNSPECIFIED.,.T.,.F.,(8,6,6,6,6,6,6,6,6,6,8),(0.,
    0.121838750311,0.224255519908,0.309296607503,0.416501809308,
    0.531426539219,0.643352514624,0.73776206105,0.822920881719,
    0.905356435557,1.),.UNSPECIFIED.);
#5816 = CARTESIAN_POINT('',(0.780388135355,130.));
#5817 = CARTESIAN_POINT('',(0.780388135355,129.6961875331));
#5818 = CARTESIAN_POINT('',(0.780592765249,129.39263473724));
#5819 = CARTESIAN_POINT('',(0.781001420086,129.09124384133));
#5820 = CARTESIAN_POINT('',(0.781618438632,128.79409579857));
#5821 = CARTESIAN_POINT('',(0.782452135473,128.50382149419));
#5822 = CARTESIAN_POINT('',(0.783513667859,128.22405514984));
#5823 = CARTESIAN_POINT('',(0.785909594228,127.73817583703));
#5824 = CARTESIAN_POINT('',(0.787183151112,127.52547738403));
#5825 = CARTESIAN_POINT('',(0.788640439594,127.32716736751));
#5826 = CARTESIAN_POINT('',(0.790280532668,127.14874664586));
#5827 = CARTESIAN_POINT('',(0.792097205649,126.99602220924));
#5828 = CARTESIAN_POINT('',(0.794077877329,126.87519198936));
#5829 = CARTESIAN_POINT('',(0.797964792969,126.72479237136));
#5830 = CARTESIAN_POINT('',(0.799808860021,126.68390629285));
#5831 = CARTESIAN_POINT('',(0.801693635788,126.67421780735));
#5832 = CARTESIAN_POINT('',(0.803574601868,126.69704052243));
#5833 = CARTESIAN_POINT('',(0.805407009575,126.75118626764));
#5834 = CARTESIAN_POINT('',(0.807149758981,126.83299929126));
#5835 = CARTESIAN_POINT('',(0.810810059221,127.06671780647));
#5836 = CARTESIAN_POINT('',(0.812661773847,127.23178028599));
#5837 = CARTESIAN_POINT('',(0.814315592888,127.42375575672));
#5838 = CARTESIAN_POINT('',(0.815771098511,127.63634269391));
#5839 = CARTESIAN_POINT('',(0.81703220106,127.86433570255));
#5840 = CARTESIAN_POINT('',(0.818105243019,128.10340667747));
#5841 = CARTESIAN_POINT('',(0.819955026716,128.61434977512));
#5842 = CARTESIAN_POINT('',(0.820709191903,128.88853844863));
#5843 = CARTESIAN_POINT('',(0.821269755025,129.16918563509));
#5844 = CARTESIAN_POINT('',(0.821643912709,129.45384434644));
#5845 = CARTESIAN_POINT('',(0.821836181482,129.74061284126));
#5846 = CARTESIAN_POINT('',(0.821847878659,130.02780581667));
#5847 = CARTESIAN_POINT('',(0.821509976279,130.59210456656));
#5848 = CARTESIAN_POINT('',(0.821169994777,130.86894572906));
#5849 = CARTESIAN_POINT('',(0.820655270693,131.1427072125));
#5850 = CARTESIAN_POINT('',(0.819960858081,131.4115977929));
#5851 = CARTESIAN_POINT('',(0.819079129863,131.67328965318));
#5852 = CARTESIAN_POINT('',(0.81800075144,131.92460033209));
#5853 = CARTESIAN_POINT('',(0.815632500722,132.36047760865));
#5854 = CARTESIAN_POINT('',(0.814393751803,132.55087818862));
#5855 = CARTESIAN_POINT('',(0.812997772899,132.7278156154));
#5856 = CARTESIAN_POINT('',(0.811446886971,132.88671354116));
#5857 = CARTESIAN_POINT('',(0.809747750918,133.02285464178));
#5858 = CARTESIAN_POINT('',(0.807911921293,133.13133701843));
#5859 = CARTESIAN_POINT('',(0.804193740805,133.27520762864));
#5860 = CARTESIAN_POINT('',(0.802349673754,133.31609370714));
#5861 = CARTESIAN_POINT('',(0.800464897987,133.32578219264));
#5862 = CARTESIAN_POINT('',(0.798583931906,133.30295947756));
#5863 = CARTESIAN_POINT('',(0.7967515242,133.24881373235));
#5864 = CARTESIAN_POINT('',(0.795008774794,133.16700070874));
#5865 = CARTESIAN_POINT('',(0.791822249659,132.9635338141));
#5866 = CARTESIAN_POINT('',(0.79031452248,132.83964950972));
#5867 = CARTESIAN_POINT('',(0.78888366877,132.69306223375));
#5868 = CARTESIAN_POINT('',(0.787545619648,132.52524246103));
#5869 = CARTESIAN_POINT('',(0.786314954566,132.33801700758));
#5870 = CARTESIAN_POINT('',(0.785204584433,132.13353140307));
#5871 = CARTESIAN_POINT('',(0.783100719868,131.66236126175));
#5872 = CARTESIAN_POINT('',(0.782181647661,131.39828623361));
#5873 = CARTESIAN_POINT('',(0.781458155472,131.12588040352));
#5874 = CARTESIAN_POINT('',(0.78092173512,130.84793352273));
#5875 = CARTESIAN_POINT('',(0.780566135001,130.56652434931));
#5876 = CARTESIAN_POINT('',(0.780388135355,130.28335461255));
#5877 = CARTESIAN_POINT('',(0.780388135355,130.));
#5878 = ( GEOMETRIC_REPRESENTATION_CONTEXT(2) 
PARAMETRIC_REPRESENTATION_CONTEXT() REPRESENTATION_CONTEXT('2D SPACE',''
  ) );
#5879 = PCURVE('',#5880,#5885);
#5880 = CYLINDRICAL_SURFACE('',#5881,3.3);
#5881 = AXIS2_PLACEMENT_3D('',#5882,#5883,#5884);
#5882 = CARTESIAN_POINT('',(-98.68316966069,-101.8276584515,
    336.55198651616));
#5883 = DIRECTION('',(-0.695932085054,-0.718107605441,0.));
#5884 = DIRECTION('',(-0.718107605441,0.695932085054,0.));
#5885 = DEFINITIONAL_REPRESENTATION('',(#5886),#5949);
#5886 = B_SPLINE_CURVE_WITH_KNOTS('',7,(#5887,#5888,#5889,#5890,#5891,
    #5892,#5893,#5894,#5895,#5896,#5897,#5898,#5899,#5900,#5901,#5902,
    #5903,#5904,#5905,#5906,#5907,#5908,#5909,#5910,#5911,#5912,#5913,
    #5914,#5915,#5916,#5917,#5918,#5919,#5920,#5921,#5922,#5923,#5924,
    #5925,#5926,#5927,#5928,#5929,#5930,#5931,#5932,#5933,#5934,#5935,
    #5936,#5937,#5938,#5939,#5940,#5941,#5942,#5943,#5944,#5945,#5946,
    #5947,#5948),.UNSPECIFIED.,.F.,.F.,(8,6,6,6,6,6,6,6,6,6,8),(0.,
    0.121838750311,0.224255519908,0.309296607503,0.416501809308,
    0.531426539219,0.643352514624,0.73776206105,0.822920881719,
    0.905356435557,1.),.UNSPECIFIED.);
#5887 = CARTESIAN_POINT('',(0.,17.665858414897));
#5888 = CARTESIAN_POINT('',(9.206438390813E-02,17.665858414897));
#5889 = CARTESIAN_POINT('',(0.184049969543,17.666533690689));
#5890 = CARTESIAN_POINT('',(0.27665558367,17.667882266341));
#5891 = CARTESIAN_POINT('',(0.370513217186,17.66987632362));
#5892 = CARTESIAN_POINT('',(0.466281125694,17.672460000701));
#5893 = CARTESIAN_POINT('',(0.56463193169,17.675528863131));
#5894 = CARTESIAN_POINT('',(0.751942631666,17.681743836743));
#5895 = CARTESIAN_POINT('',(0.840654268426,17.684824728735));
#5896 = CARTESIAN_POINT('',(0.932447707139,17.688027618402));
#5897 = CARTESIAN_POINT('',(1.027356818216,17.691182047688));
#5898 = CARTESIAN_POINT('',(1.125515421887,17.694070138619));
#5899 = CARTESIAN_POINT('',(1.227180314046,17.696450355163));
#5900 = CARTESIAN_POINT('',(1.420494903463,17.699474392972));
#5901 = CARTESIAN_POINT('',(1.510032915881,17.700330584881));
#5902 = CARTESIAN_POINT('',(1.600357561257,17.700544189345));
#5903 = CARTESIAN_POINT('',(1.690589843016,17.700057974484));
#5904 = CARTESIAN_POINT('',(1.779888663618,17.698919702039));
#5905 = CARTESIAN_POINT('',(1.867300531164,17.697270223218));
#5906 = CARTESIAN_POINT('',(2.057859979425,17.692780915838));
#5907 = CARTESIAN_POINT('',(2.159534659695,17.689734547502));
#5908 = CARTESIAN_POINT('',(2.257317992821,17.68641475504));
#5909 = CARTESIAN_POINT('',(2.351685225358,17.683063975477));
#5910 = CARTESIAN_POINT('',(2.443040819333,17.679864203251));
#5911 = CARTESIAN_POINT('',(2.531708592452,17.676945871414));
#5912 = CARTESIAN_POINT('',(2.710492310615,17.671659404494));
#5913 = CARTESIAN_POINT('',(2.800671217902,17.669333657653));
#5914 = CARTESIAN_POINT('',(2.88915599056,17.667520936705));
#5915 = CARTESIAN_POINT('',(2.976490368649,17.666279182917));
#5916 = CARTESIAN_POINT('',(3.063187260385,17.665637584274));
#5917 = CARTESIAN_POINT('',(3.149768340902,17.665604587964));
#5918 = CARTESIAN_POINT('',(3.321545783642,17.666714616659));
#5919 = CARTESIAN_POINT('',(3.406618780612,17.667826301143));
#5920 = CARTESIAN_POINT('',(3.492560227449,17.669487527249));
#5921 = CARTESIAN_POINT('',(3.579879150602,17.671664679302));
#5922 = CARTESIAN_POINT('',(3.669105162711,17.674300282519));
#5923 = CARTESIAN_POINT('',(3.760786415707,17.677296794205));
#5924 = CARTESIAN_POINT('',(3.935558625552,17.683203148961));
#5925 = CARTESIAN_POINT('',(4.018367896664,17.686074117979));
#5926 = CARTESIAN_POINT('',(4.103904350011,17.689005982124));
#5927 = CARTESIAN_POINT('',(4.192153750957,17.691854051472));
#5928 = CARTESIAN_POINT('',(4.283185745332,17.694442211228));
#5929 = CARTESIAN_POINT('',(4.377164960109,17.696581631869));
#5930 = CARTESIAN_POINT('',(4.562087557054,17.699474392972));
#5931 = CARTESIAN_POINT('',(4.65162556947,17.700330584881));
#5932 = CARTESIAN_POINT('',(4.741950214847,17.700544189345));
#5933 = CARTESIAN_POINT('',(4.832182496606,17.700057974484));
#5934 = CARTESIAN_POINT('',(4.921481317209,17.698919702039));
#5935 = CARTESIAN_POINT('',(5.008893184753,17.697270223218));
#5936 = CARTESIAN_POINT('',(5.174787355117,17.693361994421));
#5937 = CARTESIAN_POINT('',(5.256390217816,17.691055675553));
#5938 = CARTESIAN_POINT('',(5.337987137822,17.688449069693));
#5939 = CARTESIAN_POINT('',(5.419584805363,17.68565112272));
#5940 = CARTESIAN_POINT('',(5.501186864649,17.682785762362));
#5941 = CARTESIAN_POINT('',(5.582788767101,17.679979469411));
#5942 = CARTESIAN_POINT('',(5.75806871533,17.674324069722));
#5943 = CARTESIAN_POINT('',(5.849016976992,17.671618223395));
#5944 = CARTESIAN_POINT('',(5.937877781078,17.669357734866));
#5945 = CARTESIAN_POINT('',(6.02520355138,17.667619204704));
#5946 = CARTESIAN_POINT('',(6.11151051565,17.666445850045));
#5947 = CARTESIAN_POINT('',(6.197320273074,17.665858414897));
#5948 = CARTESIAN_POINT('',(6.28318530718,17.665858414897));
#5949 = ( GEOMETRIC_REPRESENTATION_CONTEXT(2) 
PARAMETRIC_REPRESENTATION_CONTEXT() REPRESENTATION_CONTEXT('2D SPACE',''
  ) );
#5950 = ADVANCED_FACE('',(#5951),#4358,.T.);
#5951 = FACE_BOUND('',#5952,.T.);
#5952 = EDGE_LOOP('',(#5953,#5954,#5977,#6495));
#5953 = ORIENTED_EDGE('',*,*,#4019,.F.);
#5954 = ORIENTED_EDGE('',*,*,#5955,.F.);
#5955 = EDGE_CURVE('',#5956,#4020,#5958,.T.);
#5956 = VERTEX_POINT('',#5957);
#5957 = CARTESIAN_POINT('',(-88.89204427516,-130.0171314272,
    288.55198651616));
#5958 = SEAM_CURVE('',#5959,(#5963,#5970),.PCURVE_S1.);
#5959 = LINE('',#5960,#5961);
#5960 = CARTESIAN_POINT('',(34.285714285714,-63.31263535755,
    288.55198651616));
#5961 = VECTOR('',#5962,1.);
#5962 = DIRECTION('',(-0.879342157744,-0.47619047619,1.232595164408E-32)
  );
#5963 = PCURVE('',#4358,#5964);
#5964 = DEFINITIONAL_REPRESENTATION('',(#5965),#5969);
#5965 = LINE('',#5966,#5967);
#5966 = CARTESIAN_POINT('',(6.28318530718,-0.));
#5967 = VECTOR('',#5968,1.);
#5968 = DIRECTION('',(0.,1.));
#5969 = ( GEOMETRIC_REPRESENTATION_CONTEXT(2) 
PARAMETRIC_REPRESENTATION_CONTEXT() REPRESENTATION_CONTEXT('2D SPACE',''
  ) );
#5970 = PCURVE('',#4358,#5971);
#5971 = DEFINITIONAL_REPRESENTATION('',(#5972),#5976);
#5972 = LINE('',#5973,#5974);
#5973 = CARTESIAN_POINT('',(0.,-0.));
#5974 = VECTOR('',#5975,1.);
#5975 = DIRECTION('',(0.,1.));
#5976 = ( GEOMETRIC_REPRESENTATION_CONTEXT(2) 
PARAMETRIC_REPRESENTATION_CONTEXT() REPRESENTATION_CONTEXT('2D SPACE',''
  ) );
#5977 = ORIENTED_EDGE('',*,*,#5978,.T.);
#5978 = EDGE_CURVE('',#5956,#5956,#5979,.T.);
#5979 = SURFACE_CURVE('',#5980,(#6148,#6319),.PCURVE_S1.);
#5980 = B_SPLINE_CURVE_WITH_KNOTS('',6,(#5981,#5982,#5983,#5984,#5985,
    #5986,#5987,#5988,#5989,#5990,#5991,#5992,#5993,#5994,#5995,#5996,
    #5997,#5998,#5999,#6000,#6001,#6002,#6003,#6004,#6005,#6006,#6007,
    #6008,#6009,#6010,#6011,#6012,#6013,#6014,#6015,#6016,#6017,#6018,
    #6019,#6020,#6021,#6022,#6023,#6024,#6025,#6026,#6027,#6028,#6029,
    #6030,#6031,#6032,#6033,#6034,#6035,#6036,#6037,#6038,#6039,#6040,
    #6041,#6042,#6043,#6044,#6045,#6046,#6047,#6048,#6049,#6050,#6051,
    #6052,#6053,#6054,#6055,#6056,#6057,#6058,#6059,#6060,#6061,#6062,
    #6063,#6064,#6065,#6066,#6067,#6068,#6069,#6070,#6071,#6072,#6073,
    #6074,#6075,#6076,#6077,#6078,#6079,#6080,#6081,#6082,#6083,#6084,
    #6085,#6086,#6087,#6088,#6089,#6090,#6091,#6092,#6093,#6094,#6095,
    #6096,#6097,#6098,#6099,#6100,#6101,#6102,#6103,#6104,#6105,#6106,
    #6107,#6108,#6109,#6110,#6111,#6112,#6113,#6114,#6115,#6116,#6117,
    #6118,#6119,#6120,#6121,#6122,#6123,#6124,#6125,#6126,#6127,#6128,
    #6129,#6130,#6131,#6132,#6133,#6134,#6135,#6136,#6137,#6138,#6139,
    #6140,#6141,#6142,#6143,#6144,#6145,#6146,#6147),.UNSPECIFIED.,.T.,
  .F.,(7,5,5,5,5,5,5,5,5,5,5,5,5,5,5,5,5,5,5,5,5,5,5,5,5,5,5,5,5,5,5,5,5
    ,7),(0.,6.680040774921E-02,0.123030130273,0.140579407071,
    0.162745196196,0.19116666677,0.213429272216,0.225556380769,
    0.249935996707,0.274315612644,0.286442721197,0.308705359817,
    0.337165197289,0.359289973374,0.37688251929,0.433180991305,
    0.464271519879,0.499889494709,0.566721758384,0.622978295869,
    0.640535941611,0.662712301214,0.691147325491,0.713420547585,
    0.725553439344,0.749944681495,0.774335923647,0.786468815407,
    0.80874207069,0.837215480159,0.859350807162,0.876951742655,
    0.933277062521,1.),.UNSPECIFIED.);
#5981 = CARTESIAN_POINT('',(-88.89204427516,-130.0171314272,
    288.55198651616));
#5982 = CARTESIAN_POINT('',(-88.89204427516,-130.0171314272,
    292.97125560123));
#5983 = CARTESIAN_POINT('',(-89.19416089179,-129.8105757447,
    297.38799705309));
#5984 = CARTESIAN_POINT('',(-89.79775177785,-129.397904163,
    301.78183530119));
#5985 = CARTESIAN_POINT('',(-90.69680218508,-128.7755013331,
    306.13211863376));
#5986 = CARTESIAN_POINT('',(-91.87975417065,-127.9359250027,
    310.4167338281));
#5987 = CARTESIAN_POINT('',(-94.55023634667,-125.9714198519,
    318.14144762016));
#5988 = CARTESIAN_POINT('',(-95.96001400088,-124.9126207239,
    321.60808989119));
#5989 = CARTESIAN_POINT('',(-97.55093985524,-123.6855263309,
    325.00167527442));
#5990 = CARTESIAN_POINT('',(-99.31412487394,-122.2799252143,
    328.31080488899));
#5991 = CARTESIAN_POINT('',(-101.2393789419,-120.6830353545,
    331.52096250636));
#5992 = CARTESIAN_POINT('',(-103.9618630588,-118.3170195506,
    335.57811115949));
#5993 = CARTESIAN_POINT('',(-104.6241183671,-117.7340464009,
    336.53180663748));
#5994 = CARTESIAN_POINT('',(-105.3007358467,-117.1303714831,
    337.47364526401));
#5995 = CARTESIAN_POINT('',(-105.9913760769,-116.505455014,
    338.40305491441));
#5996 = CARTESIAN_POINT('',(-106.6956743713,-115.8587316313,
    339.31939938914));
#5997 = CARTESIAN_POINT('',(-108.3195670578,-114.3444667985,
    341.36199057467));
#5998 = CARTESIAN_POINT('',(-109.2470657249,-113.4635847014,
    342.48005092794));
#5999 = CARTESIAN_POINT('',(-110.1949767968,-112.5457401749,
    343.5747824468));
#6000 = CARTESIAN_POINT('',(-111.1624399442,-111.5896699435,
    344.64459623086));
#6001 = CARTESIAN_POINT('',(-112.1484897185,-110.5940671981,
    345.68769268641));
#6002 = CARTESIAN_POINT('',(-114.4388423695,-108.2285703949,
    348.002709908));
#6003 = CARTESIAN_POINT('',(-115.754731766,-106.8320253338,
    349.25643722387));
#6004 = CARTESIAN_POINT('',(-117.0970075932,-105.3655206964,
    350.45848251276));
#6005 = CARTESIAN_POINT('',(-118.4625955033,-103.8266567792,
    351.60361255096));
#6006 = CARTESIAN_POINT('',(-119.8480227818,-102.2131232415,
    352.68607420894));
#6007 = CARTESIAN_POINT('',(-122.3471205987,-99.19874064114,
    354.49337998665));
#6008 = CARTESIAN_POINT('',(-123.4547914992,-97.82736877821,
    355.24501030227));
#6009 = CARTESIAN_POINT('',(-124.5696108034,-96.40876782868,
    355.95066771889));
#6010 = CARTESIAN_POINT('',(-125.6886881488,-94.94321091827,
    356.60671237645));
#6011 = CARTESIAN_POINT('',(-126.8090909667,-93.43116727095,
    357.209606177));
#6012 = CARTESIAN_POINT('',(-128.5373184963,-91.02471806292,
    358.05347780976));
#6013 = CARTESIAN_POINT('',(-129.146181369,-90.16265726649,
    358.3342157295));
#6014 = CARTESIAN_POINT('',(-129.7538044032,-89.2875235383,
    358.59747005473));
#6015 = CARTESIAN_POINT('',(-130.3595383985,-88.39972755564,
    358.84265019588));
#6016 = CARTESIAN_POINT('',(-130.962751928,-87.49970876463,
    359.06921439686));
#6017 = CARTESIAN_POINT('',(-132.7692023939,-84.7549645041,
    359.69372206575));
#6018 = CARTESIAN_POINT('',(-133.9634459286,-82.87368399529,
    360.03372690175));
#6019 = CARTESIAN_POINT('',(-135.1389072464,-80.95036829539,
    360.29196440931));
#6020 = CARTESIAN_POINT('',(-136.2895653661,-78.99191383642,
    360.46526864238));
#6021 = CARTESIAN_POINT('',(-137.4101879134,-77.00580061476,
    360.55198651616));
#6022 = CARTESIAN_POINT('',(-139.5825917757,-72.99419938524,
    360.55198651616));
#6023 = CARTESIAN_POINT('',(-140.6334957715,-70.97033145117,
    360.46526864238));
#6024 = CARTESIAN_POINT('',(-141.6448224211,-68.93642477093,
    360.29196440931));
#6025 = CARTESIAN_POINT('',(-142.6131668769,-66.90094900189,
    360.03372690175));
#6026 = CARTESIAN_POINT('',(-143.5360439702,-64.87271532616,
    359.69372206575));
#6027 = CARTESIAN_POINT('',(-144.8474828834,-61.85990728074,
    359.06921439687));
#6028 = CARTESIAN_POINT('',(-145.2715731669,-60.86288781363,
    358.84265019589));
#6029 = CARTESIAN_POINT('',(-145.6840498332,-59.8704371198,
    358.59747005474));
#6030 = CARTESIAN_POINT('',(-146.0848899255,-58.88332415042,
    358.33421572951));
#6031 = CARTESIAN_POINT('',(-146.4741042929,-57.9023170196,
    358.05347780976));
#6032 = CARTESIAN_POINT('',(-147.5449803958,-55.13988883196,
    357.20960536296));
#6033 = CARTESIAN_POINT('',(-148.198985827,-53.37527724156,
    356.60671146175));
#6034 = CARTESIAN_POINT('',(-148.8147839166,-51.63718157571,
    355.95066738811));
#6035 = CARTESIAN_POINT('',(-149.3935848817,-49.92831275721,
    355.24501086281));
#6036 = CARTESIAN_POINT('',(-149.9367399589,-48.25123917333,
    354.49338101785));
#6037 = CARTESIAN_POINT('',(-151.0963486542,-44.50817423963,
    352.68470630626));
#6038 = CARTESIAN_POINT('',(-151.6912449883,-42.46346457091,
    351.60068843691));
#6039 = CARTESIAN_POINT('',(-152.2343158121,-40.47633140273,
    350.45383976975));
#6040 = CARTESIAN_POINT('',(-152.7294085946,-38.54842843446,
    349.24993674763));
#6041 = CARTESIAN_POINT('',(-153.1802272977,-36.68102486823,
    347.99423371893));
#6042 = CARTESIAN_POINT('',(-153.909086445,-33.47111921891,
    345.67877118804));
#6043 = CARTESIAN_POINT('',(-154.203309053,-32.10404001079,
    344.63742427708));
#6044 = CARTESIAN_POINT('',(-154.4746748003,-30.77399359225,
    343.56946807995));
#6045 = CARTESIAN_POINT('',(-154.7247964379,-29.48107342392,
    342.47669138564));
#6046 = CARTESIAN_POINT('',(-154.9551934881,-28.22530927618,
    341.36067387622));
#6047 = CARTESIAN_POINT('',(-155.335950197,-26.03766481218,
    339.31799163128));
#6048 = CARTESIAN_POINT('',(-155.4930381768,-25.09212760142,
    338.39936444354));
#6049 = CARTESIAN_POINT('',(-155.6392755354,-24.17006100705,
    337.46760891104));
#6050 = CARTESIAN_POINT('',(-155.7753399472,-23.27146146874,
    336.52336584849));
#6051 = CARTESIAN_POINT('',(-155.9018735134,-22.39631818682,
    335.56721138179));
#6052 = CARTESIAN_POINT('',(-156.3958563648,-18.81904584198,
    331.50335353415));
#6053 = CARTESIAN_POINT('',(-156.6810436582,-16.33214721213,
    328.28875382017));
#6054 = CARTESIAN_POINT('',(-156.8944987765,-14.08610499063,
    324.97500215602));
#6055 = CARTESIAN_POINT('',(-157.0525440798,-12.08247862956,
    321.57666073599));
#6056 = CARTESIAN_POINT('',(-157.1686253452,-10.3231438555,
    318.10516489898));
#6057 = CARTESIAN_POINT('',(-157.3001492773,-7.975755513353,
    312.61731932261));
#6058 = CARTESIAN_POINT('',(-157.3373687609,-7.216188193207,
    310.64590318198));
#6059 = CARTESIAN_POINT('',(-157.3667950213,-6.53288782441,
    308.65776491921));
#6060 = CARTESIAN_POINT('',(-157.389960469,-5.926473108765,
    306.65506759383));
#6061 = CARTESIAN_POINT('',(-157.4081346106,-5.397485091462,
    304.63986380636));
#6062 = CARTESIAN_POINT('',(-157.4385464381,-4.429607655798,
    300.2933337925));
#6063 = CARTESIAN_POINT('',(-157.4495338042,-4.015072958249,
    297.95878009385));
#6064 = CARTESIAN_POINT('',(-157.4567574277,-3.703616829155,
    295.61397068213));
#6065 = CARTESIAN_POINT('',(-157.4612342317,-3.49578597387,
    293.26232913168));
#6066 = CARTESIAN_POINT('',(-157.4634728465,-3.391860712191,
    290.90721745383));
#6067 = CARTESIAN_POINT('',(-157.4634728465,-3.391860712191,
    284.13271743109));
#6068 = CARTESIAN_POINT('',(-157.4555912011,-3.757753564961,
    279.71597597926));
#6069 = CARTESIAN_POINT('',(-157.4398451819,-4.488760989652,
    275.32213773111));
#6070 = CARTESIAN_POINT('',(-157.4099200759,-5.581821557673,
    270.97185439858));
#6071 = CARTESIAN_POINT('',(-157.353266984,-7.031322934692,
    266.68723920422));
#6072 = CARTESIAN_POINT('',(-157.167434515,-10.34134133864,
    258.96252541172));
#6073 = CARTESIAN_POINT('',(-157.0511460718,-12.10060414584,
    255.49588314145));
#6074 = CARTESIAN_POINT('',(-156.8929104295,-14.10354378695,
    252.10229775783));
#6075 = CARTESIAN_POINT('',(-156.679318084,-16.34829638259,
    248.79316814398));
#6076 = CARTESIAN_POINT('',(-156.3940957458,-18.83331321848,
    245.5830105253));
#6077 = CARTESIAN_POINT('',(-155.9004289577,-22.4063012746,
    241.52586187283));
#6078 = CARTESIAN_POINT('',(-155.7741199441,-23.27950561477,
    240.57216639483));
#6079 = CARTESIAN_POINT('',(-155.6383225622,-24.17605103532,
    239.63032776831));
#6080 = CARTESIAN_POINT('',(-155.492399272,-25.09594826562,
    238.70091811792));
#6081 = CARTESIAN_POINT('',(-155.3356773044,-26.03920085433,
    237.78457364319));
#6082 = CARTESIAN_POINT('',(-154.9549612889,-28.22668359866,
    235.74198245765));
#6083 = CARTESIAN_POINT('',(-154.7241144361,-29.48482380431,
    234.62392210437));
#6084 = CARTESIAN_POINT('',(-154.4734677831,-30.7802581833,
    233.52919058552));
#6085 = CARTESIAN_POINT('',(-154.201493219,-32.1129565984,
    232.45937680146));
#6086 = CARTESIAN_POINT('',(-153.9065687286,-33.48282466828,
    231.41628034591));
#6087 = CARTESIAN_POINT('',(-153.1771831104,-36.69363251237,
    229.10126312433));
#6088 = CARTESIAN_POINT('',(-152.7267344633,-38.55884001504,
    227.84753580844));
#6089 = CARTESIAN_POINT('',(-152.2321166548,-40.48437720537,
    226.64549051956));
#6090 = CARTESIAN_POINT('',(-151.6896399224,-42.46898081585,
    225.50036048136));
#6091 = CARTESIAN_POINT('',(-151.0954716408,-44.51100512377,
    224.41789882338));
#6092 = CARTESIAN_POINT('',(-149.93674062,-48.25123703926,
    222.61059304567));
#6093 = CARTESIAN_POINT('',(-149.3935854,-49.92831128248,221.85896273005
    ));
#6094 = CARTESIAN_POINT('',(-148.8147837944,-51.63718208985,
    221.15330531343));
#6095 = CARTESIAN_POINT('',(-148.198984997,-53.37527961409,
    220.49726065587));
#6096 = CARTESIAN_POINT('',(-147.5449793627,-55.13989149671,
    219.89436685533));
#6097 = CARTESIAN_POINT('',(-146.4741042929,-57.90231701959,
    219.05049522256));
#6098 = CARTESIAN_POINT('',(-146.0848899255,-58.88332415041,
    218.76975730282));
#6099 = CARTESIAN_POINT('',(-145.6840498332,-59.87043711979,
    218.50650297759));
#6100 = CARTESIAN_POINT('',(-145.2715731669,-60.86288781362,
    218.26132283644));
#6101 = CARTESIAN_POINT('',(-144.8474828834,-61.85990728073,
    218.03475863546));
#6102 = CARTESIAN_POINT('',(-143.5360439702,-64.8727153262,
    217.41025096656));
#6103 = CARTESIAN_POINT('',(-142.6131668769,-66.90094900187,
    217.07024613058));
#6104 = CARTESIAN_POINT('',(-141.6448224212,-68.93642477087,
    216.81200862301));
#6105 = CARTESIAN_POINT('',(-140.6334957715,-70.97033145115,
    216.63870438994));
#6106 = CARTESIAN_POINT('',(-139.5825917757,-72.99419938528,
    216.55198651616));
#6107 = CARTESIAN_POINT('',(-137.4101879134,-77.00580061474,
    216.55198651616));
#6108 = CARTESIAN_POINT('',(-136.2895653661,-78.99191383641,
    216.63870438994));
#6109 = CARTESIAN_POINT('',(-135.1389072464,-80.95036829538,
    216.81200862301));
#6110 = CARTESIAN_POINT('',(-133.9634459286,-82.87368399528,
    217.07024613058));
#6111 = CARTESIAN_POINT('',(-132.769202394,-84.75496450408,
    217.41025096657));
#6112 = CARTESIAN_POINT('',(-130.962751928,-87.49970876463,
    218.03475863546));
#6113 = CARTESIAN_POINT('',(-130.3595383985,-88.39972755563,
    218.26132283644));
#6114 = CARTESIAN_POINT('',(-129.7538044032,-89.28752353829,
    218.50650297759));
#6115 = CARTESIAN_POINT('',(-129.146181369,-90.16265726649,
    218.76975730282));
#6116 = CARTESIAN_POINT('',(-128.5373184963,-91.02471806291,
    219.05049522256));
#6117 = CARTESIAN_POINT('',(-126.8090892997,-93.43116959224,
    219.89436766933));
#6118 = CARTESIAN_POINT('',(-125.6886866154,-94.94321290996,
    220.49726157057));
#6119 = CARTESIAN_POINT('',(-124.5696104395,-96.4087682121,
    221.15330564425));
#6120 = CARTESIAN_POINT('',(-123.454792451,-97.82736753826,
    221.85896216953));
#6121 = CARTESIAN_POINT('',(-122.3471220246,-99.19873892116,
    222.61059201444));
#6122 = CARTESIAN_POINT('',(-119.8461312797,-102.2154047492,
    224.41926672606));
#6123 = CARTESIAN_POINT('',(-118.4588529656,-103.8310155183,
    225.50328459543));
#6124 = CARTESIAN_POINT('',(-117.0914712922,-105.3717593343,
    226.65013326255));
#6125 = CARTESIAN_POINT('',(-115.7474737662,-106.8399546104,
    227.8540362847));
#6126 = CARTESIAN_POINT('',(-114.4299474653,-108.2380096982,
    229.10973931339));
#6127 = CARTESIAN_POINT('',(-112.1400626657,-110.6025725624,
    231.42520184428));
#6128 = CARTESIAN_POINT('',(-111.1559649075,-111.5960634314,
    232.46654875524));
#6129 = CARTESIAN_POINT('',(-110.1903900148,-112.5501745207,
    233.53450495237));
#6130 = CARTESIAN_POINT('',(-109.2442976026,-113.4662053842,
    234.62728164669));
#6131 = CARTESIAN_POINT('',(-108.3185429992,-114.3454123051,
    235.7432991561));
#6132 = CARTESIAN_POINT('',(-106.6945371158,-115.8597995946,
    237.78598140105));
#6133 = CARTESIAN_POINT('',(-105.9885255422,-116.5080780135,
    238.70460858879));
#6134 = CARTESIAN_POINT('',(-105.2962401712,-117.1344430305,
    239.63636412128));
#6135 = CARTESIAN_POINT('',(-104.6180483601,-117.7394641226,
    240.58060718383));
#6136 = CARTESIAN_POINT('',(-103.9542919635,-118.3236849311,
    241.53676165053));
#6137 = CARTESIAN_POINT('',(-101.2283926096,-120.6923067316,
    245.6006195035));
#6138 = CARTESIAN_POINT('',(-99.30154345919,-122.2901956043,
    248.81521919474));
#6139 = CARTESIAN_POINT('',(-97.53720340472,-123.6963865771,
    252.12897090123));
#6140 = CARTESIAN_POINT('',(-95.94559844628,-124.9236968334,
    255.52731227827));
#6141 = CARTESIAN_POINT('',(-94.53564729298,-125.9823617926,
    258.99880813913));
#6142 = CARTESIAN_POINT('',(-91.87008426789,-127.9427874479,
    266.72229687439));
#6143 = CARTESIAN_POINT('',(-90.69092360006,-128.7795710011,
    271.0003243351));
#6144 = CARTESIAN_POINT('',(-89.79479053667,-129.399928744,
    275.34370633079));
#6145 = CARTESIAN_POINT('',(-89.19317179276,-129.8112519881,
    279.73043641594));
#6146 = CARTESIAN_POINT('',(-88.89204427516,-130.0171314272,
    284.13995752751));
#6147 = CARTESIAN_POINT('',(-88.89204427516,-130.0171314272,
    288.55198651616));
#6148 = PCURVE('',#4358,#6149);
#6149 = DEFINITIONAL_REPRESENTATION('',(#6150),#6318);
#6150 = B_SPLINE_CURVE_WITH_KNOTS('',6,(#6151,#6152,#6153,#6154,#6155,
    #6156,#6157,#6158,#6159,#6160,#6161,#6162,#6163,#6164,#6165,#6166,
    #6167,#6168,#6169,#6170,#6171,#6172,#6173,#6174,#6175,#6176,#6177,
    #6178,#6179,#6180,#6181,#6182,#6183,#6184,#6185,#6186,#6187,#6188,
    #6189,#6190,#6191,#6192,#6193,#6194,#6195,#6196,#6197,#6198,#6199,
    #6200,#6201,#6202,#6203,#6204,#6205,#6206,#6207,#6208,#6209,#6210,
    #6211,#6212,#6213,#6214,#6215,#6216,#6217,#6218,#6219,#6220,#6221,
    #6222,#6223,#6224,#6225,#6226,#6227,#6228,#6229,#6230,#6231,#6232,
    #6233,#6234,#6235,#6236,#6237,#6238,#6239,#6240,#6241,#6242,#6243,
    #6244,#6245,#6246,#6247,#6248,#6249,#6250,#6251,#6252,#6253,#6254,
    #6255,#6256,#6257,#6258,#6259,#6260,#6261,#6262,#6263,#6264,#6265,
    #6266,#6267,#6268,#6269,#6270,#6271,#6272,#6273,#6274,#6275,#6276,
    #6277,#6278,#6279,#6280,#6281,#6282,#6283,#6284,#6285,#6286,#6287,
    #6288,#6289,#6290,#6291,#6292,#6293,#6294,#6295,#6296,#6297,#6298,
    #6299,#6300,#6301,#6302,#6303,#6304,#6305,#6306,#6307,#6308,#6309,
    #6310,#6311,#6312,#6313,#6314,#6315,#6316,#6317),.UNSPECIFIED.,.F.,
  .F.,(7,5,5,5,5,5,5,5,5,5,5,5,5,5,5,5,5,5,5,5,5,5,5,5,5,5,5,5,5,5,5,5,5
    ,7),(0.,6.680040774921E-02,0.123030130273,0.140579407071,
    0.162745196196,0.19116666677,0.213429272216,0.225556380769,
    0.249935996707,0.274315612644,0.286442721197,0.308705359817,
    0.337165197289,0.359289973374,0.37688251929,0.433180991305,
    0.464271519879,0.499889494709,0.566721758384,0.622978295869,
    0.640535941611,0.662712301214,0.691147325491,0.713420547585,
    0.725553439344,0.749944681495,0.774335923647,0.786468815407,
    0.80874207069,0.837215480159,0.859350807162,0.876951742655,
    0.933277062521,1.),.UNSPECIFIED.);
#6151 = CARTESIAN_POINT('',(0.,140.07944174646));
#6152 = CARTESIAN_POINT('',(6.137873729256E-02,140.07944174646));
#6153 = CARTESIAN_POINT('',(0.122722367517,140.24674577518));
#6154 = CARTESIAN_POINT('',(0.184164124811,140.58099841032));
#6155 = CARTESIAN_POINT('',(0.245831021317,141.07518903541));
#6156 = CARTESIAN_POINT('',(0.307848018318,141.71561033433));
#6157 = CARTESIAN_POINT('',(0.422938215593,143.12839924997));
#6158 = CARTESIAN_POINT('',(0.475876673343,143.86388611339));
#6159 = CARTESIAN_POINT('',(0.529308643649,144.67852362364));
#6160 = CARTESIAN_POINT('',(0.583389578486,145.55963267743));
#6161 = CARTESIAN_POINT('',(0.638280391551,146.49216600108));
#6162 = CARTESIAN_POINT('',(0.71159518241,147.75948686652));
#6163 = CARTESIAN_POINT('',(0.729132709666,148.06422961653));
#6164 = CARTESIAN_POINT('',(0.746775727163,148.37174364442));
#6165 = CARTESIAN_POINT('',(0.764530992048,148.68147344369));
#6166 = CARTESIAN_POINT('',(0.782405341321,148.99282910994));
#6167 = CARTESIAN_POINT('',(0.823141541326,149.69970791703));
#6168 = CARTESIAN_POINT('',(0.846078649232,150.09582893103));
#6169 = CARTESIAN_POINT('',(0.869232116201,150.49229827618));
#6170 = CARTESIAN_POINT('',(0.892616573302,150.887757869));
#6171 = CARTESIAN_POINT('',(0.916246896866,151.28073645978));
#6172 = CARTESIAN_POINT('',(0.970773484063,152.16831305271));
#6173 = CARTESIAN_POINT('',(1.00184551599,152.66040861627));
#6174 = CARTESIAN_POINT('',(1.03337703163,153.14239279687));
#6175 = CARTESIAN_POINT('',(1.065391570907,153.61041947485));
#6176 = CARTESIAN_POINT('',(1.097914362548,154.0603347836));
#6177 = CARTESIAN_POINT('',(1.156868542875,154.82247656443));
#6178 = CARTESIAN_POINT('',(1.183096683806,155.14346406373));
#6179 = CARTESIAN_POINT('',(1.209648920477,155.44824741446));
#6180 = CARTESIAN_POINT('',(1.236518660232,155.73441505898));
#6181 = CARTESIAN_POINT('',(1.263701404951,155.99961170605));
#6182 = CARTESIAN_POINT('',(1.306170937579,156.37338683664));
#6183 = CARTESIAN_POINT('',(1.321237038251,156.49828048775));
#6184 = CARTESIAN_POINT('',(1.336387750454,156.61585869099));
#6185 = CARTESIAN_POINT('',(1.351618270949,156.72574613772));
#6186 = CARTESIAN_POINT('',(1.366924058608,156.82759684763));
#6187 = CARTESIAN_POINT('',(1.413213186436,157.10906382177));
#6188 = CARTESIAN_POINT('',(1.444425855402,157.26336464702));
#6189 = CARTESIAN_POINT('',(1.475861160744,157.38113271962));
#6190 = CARTESIAN_POINT('',(1.507447341961,157.46035755196));
#6191 = CARTESIAN_POINT('',(1.539115437136,157.5));
#6192 = CARTESIAN_POINT('',(1.602477216453,157.5));
#6193 = CARTESIAN_POINT('',(1.634145311629,157.46035755196));
#6194 = CARTESIAN_POINT('',(1.665731492846,157.38113271962));
#6195 = CARTESIAN_POINT('',(1.697166798188,157.26336464702));
#6196 = CARTESIAN_POINT('',(1.728379467154,157.10906382177));
#6197 = CARTESIAN_POINT('',(1.774668594982,156.82759684763));
#6198 = CARTESIAN_POINT('',(1.789974382641,156.72574613772));
#6199 = CARTESIAN_POINT('',(1.805204903135,156.61585869099));
#6200 = CARTESIAN_POINT('',(1.820355615338,156.49828048775));
#6201 = CARTESIAN_POINT('',(1.835421716011,156.37338683664));
#6202 = CARTESIAN_POINT('',(1.877891289606,155.99961134549));
#6203 = CARTESIAN_POINT('',(1.905074030001,155.73441465907));
#6204 = CARTESIAN_POINT('',(1.93194374136,155.44824727712));
#6205 = CARTESIAN_POINT('',(1.958495947068,155.14346431023));
#6206 = CARTESIAN_POINT('',(1.984724077077,154.82247699928));
#6207 = CARTESIAN_POINT('',(2.043722911926,154.05975793833));
#6208 = CARTESIAN_POINT('',(2.076288938457,153.60920409365));
#6209 = CARTESIAN_POINT('',(2.10834541341,153.14049527399));
#6210 = CARTESIAN_POINT('',(2.139917636187,152.65780219714));
#6211 = CARTESIAN_POINT('',(2.171029207698,152.1649862948));
#6212 = CARTESIAN_POINT('',(2.225547732427,151.27737637043));
#6213 = CARTESIAN_POINT('',(2.249132639737,150.88510861431));
#6214 = CARTESIAN_POINT('',(2.272472662474,150.49037651868));
#6215 = CARTESIAN_POINT('',(2.295582596844,150.09464274855));
#6216 = CARTESIAN_POINT('',(2.318476995394,149.69925766036));
#6217 = CARTESIAN_POINT('',(2.359215686718,148.99233762721));
#6218 = CARTESIAN_POINT('',(2.377133870074,148.68021589575));
#6219 = CARTESIAN_POINT('',(2.394932395156,148.36972923948));
#6220 = CARTESIAN_POINT('',(2.412618148593,148.06147187093));
#6221 = CARTESIAN_POINT('',(2.43019793637,147.75600327389));
#6222 = CARTESIAN_POINT('',(2.503619160586,146.48692019902));
#6223 = CARTESIAN_POINT('',(2.558572858786,145.55345996618));
#6224 = CARTESIAN_POINT('',(2.612715479866,144.6716161355));
#6225 = CARTESIAN_POINT('',(2.666208391856,143.85648424245));
#6226 = CARTESIAN_POINT('',(2.719207479743,143.12078092902));
#6227 = CARTESIAN_POINT('',(2.800951203021,142.11863149486));
#6228 = CARTESIAN_POINT('',(2.829922933388,141.78966143201));
#6229 = CARTESIAN_POINT('',(2.858800281895,141.49015605526));
#6230 = CARTESIAN_POINT('',(2.887598765052,141.22175749781));
#6231 = CARTESIAN_POINT('',(2.916333971167,140.98583973085));
#6232 = CARTESIAN_POINT('',(2.977887839391,140.55168811594));
#6233 = CARTESIAN_POINT('',(3.010690755469,140.36395229507));
#6234 = CARTESIAN_POINT('',(3.043446534634,140.22199188932));
#6235 = CARTESIAN_POINT('',(3.076171228498,140.12696145786));
#6236 = CARTESIAN_POINT('',(3.108881112789,140.07944174646));
#6237 = CARTESIAN_POINT('',(3.202971390882,140.07944174646));
#6238 = CARTESIAN_POINT('',(3.264315021106,140.24674577517));
#6239 = CARTESIAN_POINT('',(3.325756778401,140.58099841032));
#6240 = CARTESIAN_POINT('',(3.387423674906,141.07518903541));
#6241 = CARTESIAN_POINT('',(3.449440671908,141.71561033433));
#6242 = CARTESIAN_POINT('',(3.564530869189,143.12839925005));
#6243 = CARTESIAN_POINT('',(3.617469326928,143.86388611334));
#6244 = CARTESIAN_POINT('',(3.670901297241,144.67852362367));
#6245 = CARTESIAN_POINT('',(3.724982232064,145.55963267721));
#6246 = CARTESIAN_POINT('',(3.779873045152,146.49216600129));
#6247 = CARTESIAN_POINT('',(3.853187836,147.75948686652));
#6248 = CARTESIAN_POINT('',(3.870725363256,148.06422961653));
#6249 = CARTESIAN_POINT('',(3.888368380753,148.37174364442));
#6250 = CARTESIAN_POINT('',(3.906123645638,148.68147344369));
#6251 = CARTESIAN_POINT('',(3.923997994911,148.99282910994));
#6252 = CARTESIAN_POINT('',(3.964734194916,149.69970791703));
#6253 = CARTESIAN_POINT('',(3.987671302822,150.09582893104));
#6254 = CARTESIAN_POINT('',(4.010824769791,150.49229827619));
#6255 = CARTESIAN_POINT('',(4.034209226892,150.887757869));
#6256 = CARTESIAN_POINT('',(4.057839550456,151.28073645978));
#6257 = CARTESIAN_POINT('',(4.112366137652,152.16831305271));
#6258 = CARTESIAN_POINT('',(4.14343816958,152.66040861627));
#6259 = CARTESIAN_POINT('',(4.17496968522,153.14239279687));
#6260 = CARTESIAN_POINT('',(4.206984224497,153.61041947485));
#6261 = CARTESIAN_POINT('',(4.239507016137,154.0603347836));
#6262 = CARTESIAN_POINT('',(4.298461196465,154.82247656443));
#6263 = CARTESIAN_POINT('',(4.324689337396,155.14346406373));
#6264 = CARTESIAN_POINT('',(4.351241574067,155.44824741446));
#6265 = CARTESIAN_POINT('',(4.378111313822,155.73441505898));
#6266 = CARTESIAN_POINT('',(4.405294058541,155.99961170605));
#6267 = CARTESIAN_POINT('',(4.447763591169,156.37338683664));
#6268 = CARTESIAN_POINT('',(4.462829691841,156.49828048775));
#6269 = CARTESIAN_POINT('',(4.477980404044,156.61585869099));
#6270 = CARTESIAN_POINT('',(4.493210924539,156.72574613772));
#6271 = CARTESIAN_POINT('',(4.508516712198,156.82759684763));
#6272 = CARTESIAN_POINT('',(4.554805840026,157.10906382177));
#6273 = CARTESIAN_POINT('',(4.586018508992,157.26336464702));
#6274 = CARTESIAN_POINT('',(4.617453814333,157.38113271962));
#6275 = CARTESIAN_POINT('',(4.64903999555,157.46035755196));
#6276 = CARTESIAN_POINT('',(4.680708090727,157.5));
#6277 = CARTESIAN_POINT('',(4.744069870043,157.5));
#6278 = CARTESIAN_POINT('',(4.775737965219,157.46035755196));
#6279 = CARTESIAN_POINT('',(4.807324146436,157.38113271962));
#6280 = CARTESIAN_POINT('',(4.838759451777,157.26336464702));
#6281 = CARTESIAN_POINT('',(4.869972120744,157.10906382177));
#6282 = CARTESIAN_POINT('',(4.916261248572,156.82759684763));
#6283 = CARTESIAN_POINT('',(4.931567036231,156.72574613772));
#6284 = CARTESIAN_POINT('',(4.946797556725,156.61585869099));
#6285 = CARTESIAN_POINT('',(4.961948268928,156.49828048775));
#6286 = CARTESIAN_POINT('',(4.977014369601,156.37338683664));
#6287 = CARTESIAN_POINT('',(5.019483943195,155.9996113455));
#6288 = CARTESIAN_POINT('',(5.046666683591,155.73441465907));
#6289 = CARTESIAN_POINT('',(5.073536394951,155.44824727711));
#6290 = CARTESIAN_POINT('',(5.100088600658,155.14346431023));
#6291 = CARTESIAN_POINT('',(5.126316730665,154.8224769993));
#6292 = CARTESIAN_POINT('',(5.185315565516,154.05975793833));
#6293 = CARTESIAN_POINT('',(5.217881592047,153.60920409364));
#6294 = CARTESIAN_POINT('',(5.249938067,153.140495274));
#6295 = CARTESIAN_POINT('',(5.281510289777,152.65780219713));
#6296 = CARTESIAN_POINT('',(5.312621861287,152.1649862948));
#6297 = CARTESIAN_POINT('',(5.367140386017,151.27737637043));
#6298 = CARTESIAN_POINT('',(5.390725293327,150.88510861431));
#6299 = CARTESIAN_POINT('',(5.414065316064,150.49037651868));
#6300 = CARTESIAN_POINT('',(5.437175250433,150.09464274855));
#6301 = CARTESIAN_POINT('',(5.460069648984,149.69925766036));
#6302 = CARTESIAN_POINT('',(5.500808340308,148.99233762721));
#6303 = CARTESIAN_POINT('',(5.518726523664,148.68021589575));
#6304 = CARTESIAN_POINT('',(5.536525048746,148.36972923948));
#6305 = CARTESIAN_POINT('',(5.554210802183,148.06147187093));
#6306 = CARTESIAN_POINT('',(5.57179058996,147.75600327389));
#6307 = CARTESIAN_POINT('',(5.645211814272,146.48692019736));
#6308 = CARTESIAN_POINT('',(5.700165512078,145.55345997096));
#6309 = CARTESIAN_POINT('',(5.754308133863,144.67161612939));
#6310 = CARTESIAN_POINT('',(5.807801045162,143.85648424635));
#6311 = CARTESIAN_POINT('',(5.860800133419,143.12078092796));
#6312 = CARTESIAN_POINT('',(5.975844683622,141.71037501219));
#6313 = CARTESIAN_POINT('',(6.037757845176,141.07195768492));
#6314 = CARTESIAN_POINT('',(6.099322788461,140.57935855233));
#6315 = CARTESIAN_POINT('',(6.16066377909,140.24619803937));
#6316 = CARTESIAN_POINT('',(6.221907126782,140.07944174646));
#6317 = CARTESIAN_POINT('',(6.28318530718,140.07944174646));
#6318 = ( GEOMETRIC_REPRESENTATION_CONTEXT(2) 
PARAMETRIC_REPRESENTATION_CONTEXT() REPRESENTATION_CONTEXT('2D SPACE',''
  ) );
#6319 = PCURVE('',#6320,#6325);
#6320 = CYLINDRICAL_SURFACE('',#6321,157.5);
#6321 = AXIS2_PLACEMENT_3D('',#6322,#6323,#6324);
#6322 = CARTESIAN_POINT('',(0.,0.,205.55198651616));
#6323 = DIRECTION('',(0.,0.,1.));
#6324 = DIRECTION('',(-1.,1.224646799147E-16,0.));
#6325 = DEFINITIONAL_REPRESENTATION('',(#6326),#6494);
#6326 = B_SPLINE_CURVE_WITH_KNOTS('',6,(#6327,#6328,#6329,#6330,#6331,
    #6332,#6333,#6334,#6335,#6336,#6337,#6338,#6339,#6340,#6341,#6342,
    #6343,#6344,#6345,#6346,#6347,#6348,#6349,#6350,#6351,#6352,#6353,
    #6354,#6355,#6356,#6357,#6358,#6359,#6360,#6361,#6362,#6363,#6364,
    #6365,#6366,#6367,#6368,#6369,#6370,#6371,#6372,#6373,#6374,#6375,
    #6376,#6377,#6378,#6379,#6380,#6381,#6382,#6383,#6384,#6385,#6386,
    #6387,#6388,#6389,#6390,#6391,#6392,#6393,#6394,#6395,#6396,#6397,
    #6398,#6399,#6400,#6401,#6402,#6403,#6404,#6405,#6406,#6407,#6408,
    #6409,#6410,#6411,#6412,#6413,#6414,#6415,#6416,#6417,#6418,#6419,
    #6420,#6421,#6422,#6423,#6424,#6425,#6426,#6427,#6428,#6429,#6430,
    #6431,#6432,#6433,#6434,#6435,#6436,#6437,#6438,#6439,#6440,#6441,
    #6442,#6443,#6444,#6445,#6446,#6447,#6448,#6449,#6450,#6451,#6452,
    #6453,#6454,#6455,#6456,#6457,#6458,#6459,#6460,#6461,#6462,#6463,
    #6464,#6465,#6466,#6467,#6468,#6469,#6470,#6471,#6472,#6473,#6474,
    #6475,#6476,#6477,#6478,#6479,#6480,#6481,#6482,#6483,#6484,#6485,
    #6486,#6487,#6488,#6489,#6490,#6491,#6492,#6493),.UNSPECIFIED.,.T.,
  .F.,(7,5,5,5,5,5,5,5,5,5,5,5,5,5,5,5,5,5,5,5,5,5,5,5,5,5,5,5,5,5,5,5,5
    ,7),(0.,6.680040774921E-02,0.123030130273,0.140579407071,
    0.162745196196,0.19116666677,0.213429272216,0.225556380769,
    0.249935996707,0.274315612644,0.286442721197,0.308705359817,
    0.337165197289,0.359289973374,0.37688251929,0.433180991305,
    0.464271519879,0.499889494709,0.566721758384,0.622978295869,
    0.640535941611,0.662712301214,0.691147325491,0.713420547585,
    0.725553439344,0.749944681495,0.774335923647,0.786468815407,
    0.80874207069,0.837215480159,0.859350807162,0.876951742655,
    0.933277062521,1.),.UNSPECIFIED.);
#6327 = CARTESIAN_POINT('',(0.971097435691,83.));
#6328 = CARTESIAN_POINT('',(0.971097435691,87.419269085064));
#6329 = CARTESIAN_POINT('',(0.96877377078,91.836010536927));
#6330 = CARTESIAN_POINT('',(0.964131362076,96.229848785025));
#6331 = CARTESIAN_POINT('',(0.957188849669,100.58013211759));
#6332 = CARTESIAN_POINT('',(0.947979977286,104.86474731193));
#6333 = CARTESIAN_POINT('',(0.926930892571,112.589461104));
#6334 = CARTESIAN_POINT('',(0.915737143999,116.05610337503));
#6335 = CARTESIAN_POINT('',(0.90298214846,119.44968875825));
#6336 = CARTESIAN_POINT('',(0.888668698819,122.75881837282));
#6337 = CARTESIAN_POINT('',(0.872791433979,125.96897599019));
#6338 = CARTESIAN_POINT('',(0.849890285378,130.02612464332));
#6339 = CARTESIAN_POINT('',(0.844288542442,130.97982012132));
#6340 = CARTESIAN_POINT('',(0.838531460254,131.92165874785));
#6341 = CARTESIAN_POINT('',(0.832618044507,132.85106839824));
#6342 = CARTESIAN_POINT('',(0.82654721557,133.76741287297));
#6343 = CARTESIAN_POINT('',(0.812449653283,135.81000405851));
#6344 = CARTESIAN_POINT('',(0.804328449949,136.92806441178));
#6345 = CARTESIAN_POINT('',(0.795951531608,138.02279593064));
#6346 = CARTESIAN_POINT('',(0.787316267231,139.09260971469));
#6347 = CARTESIAN_POINT('',(0.778419971872,140.13570617024));
#6348 = CARTESIAN_POINT('',(0.757514502125,142.45072339183));
#6349 = CARTESIAN_POINT('',(0.74533258852,143.7044507077));
#6350 = CARTESIAN_POINT('',(0.732712105563,144.9064959966));
#6351 = CARTESIAN_POINT('',(0.719651686009,146.05162603479));
#6352 = CARTESIAN_POINT('',(0.706150774021,147.13408769278));
#6353 = CARTESIAN_POINT('',(0.681289765697,148.94139347048));
#6354 = CARTESIAN_POINT('',(0.670098061179,149.69302378611));
#6355 = CARTESIAN_POINT('',(0.658644200006,150.39868120272));
#6356 = CARTESIAN_POINT('',(0.64693829326,151.05472586029));
#6357 = CARTESIAN_POINT('',(0.634990996005,151.65761966083));
#6358 = CARTESIAN_POINT('',(0.616180012808,152.50149129359));
#6359 = CARTESIAN_POINT('',(0.609479287512,152.78222921334));
#6360 = CARTESIAN_POINT('',(0.602715210726,153.04548353857));
#6361 = CARTESIAN_POINT('',(0.595891725591,153.29066367972));
#6362 = CARTESIAN_POINT('',(0.589012812567,153.5172278807));
#6363 = CARTESIAN_POINT('',(0.568150201275,154.14173554958));
#6364 = CARTESIAN_POINT('',(0.554004020937,154.48174038558));
#6365 = CARTESIAN_POINT('',(0.539695596628,154.73997789314));
#6366 = CARTESIAN_POINT('',(0.525276898475,154.91328212621));
#6367 = CARTESIAN_POINT('',(0.510800054541,155.));
#6368 = CARTESIAN_POINT('',(0.48183466971,155.));
#6369 = CARTESIAN_POINT('',(0.467357825776,154.91328212621));
#6370 = CARTESIAN_POINT('',(0.452939127623,154.73997789315));
#6371 = CARTESIAN_POINT('',(0.438630703314,154.48174038558));
#6372 = CARTESIAN_POINT('',(0.424484522976,154.14173554959));
#6373 = CARTESIAN_POINT('',(0.403621911684,153.5172278807));
#6374 = CARTESIAN_POINT('',(0.39674299866,153.29066367972));
#6375 = CARTESIAN_POINT('',(0.389919513525,153.04548353857));
#6376 = CARTESIAN_POINT('',(0.383155436739,152.78222921334));
#6377 = CARTESIAN_POINT('',(0.376454711443,152.5014912936));
#6378 = CARTESIAN_POINT('',(0.357643710101,151.6576188468));
#6379 = CARTESIAN_POINT('',(0.345696415043,151.05472494559));
#6380 = CARTESIAN_POINT('',(0.333990520909,150.39868087194));
#6381 = CARTESIAN_POINT('',(0.322536672987,149.69302434664));
#6382 = CARTESIAN_POINT('',(0.311344972739,148.94139450168));
#6383 = CARTESIAN_POINT('',(0.28646513358,147.13271979009));
#6384 = CARTESIAN_POINT('',(0.272946567398,146.04870192075));
#6385 = CARTESIAN_POINT('',(0.259869670495,144.90185325359));
#6386 = CARTESIAN_POINT('',(0.247233895986,143.69795023147));
#6387 = CARTESIAN_POINT('',(0.235037880805,142.44224720277));
#6388 = CARTESIAN_POINT('',(0.214138737344,140.12678467188));
#6389 = CARTESIAN_POINT('',(0.205260686718,139.08543776092));
#6390 = CARTESIAN_POINT('',(0.196642688952,138.01748156379));
#6391 = CARTESIAN_POINT('',(0.188282072956,136.92470486947));
#6392 = CARTESIAN_POINT('',(0.180176221552,135.80868736005));
#6393 = CARTESIAN_POINT('',(0.166077603378,133.76600511511));
#6394 = CARTESIAN_POINT('',(0.159992085522,132.84737792737));
#6395 = CARTESIAN_POINT('',(0.154064755354,131.91562239488));
#6396 = CARTESIAN_POINT('',(0.148294525647,130.97137933232));
#6397 = CARTESIAN_POINT('',(0.142680395376,130.01522486563));
#6398 = CARTESIAN_POINT('',(0.119752026205,125.95136701798));
#6399 = CARTESIAN_POINT('',(0.103862928581,122.736767304));
#6400 = CARTESIAN_POINT('',(8.954141545403E-02,119.42301563986));
#6401 = CARTESIAN_POINT('',(7.678216868644E-02,116.02467421982));
#6402 = CARTESIAN_POINT('',(6.558805000972E-02,112.55317838282));
#6403 = CARTESIAN_POINT('',(5.066062085942E-02,107.06533280644));
#6404 = CARTESIAN_POINT('',(4.583230270195E-02,105.09391666582));
#6405 = CARTESIAN_POINT('',(4.148996228411E-02,103.10577840305));
#6406 = CARTESIAN_POINT('',(3.763694549929E-02,101.10308107767));
#6407 = CARTESIAN_POINT('',(3.427632504515E-02,99.087877290198));
#6408 = CARTESIAN_POINT('',(2.812803866307E-02,94.741347276337));
#6409 = CARTESIAN_POINT('',(2.549517976579E-02,92.406793577695));
#6410 = CARTESIAN_POINT('',(2.351715174442E-02,90.061984165967));
#6411 = CARTESIAN_POINT('',(2.219728452895E-02,87.710342615517));
#6412 = CARTESIAN_POINT('',(2.153728855996E-02,85.355230937673));
#6413 = CARTESIAN_POINT('',(2.153728855996E-02,78.580730914929));
#6414 = CARTESIAN_POINT('',(2.386095347142E-02,74.163989463097));
#6415 = CARTESIAN_POINT('',(2.850336217513E-02,69.770151214948));
#6416 = CARTESIAN_POINT('',(3.544587458226E-02,65.41986788242));
#6417 = CARTESIAN_POINT('',(4.465474696506E-02,61.135252688054));
#6418 = CARTESIAN_POINT('',(6.570383168126E-02,53.410538895558));
#6419 = CARTESIAN_POINT('',(7.689758025119E-02,49.943896625288));
#6420 = CARTESIAN_POINT('',(8.965257579216E-02,46.55031124167));
#6421 = CARTESIAN_POINT('',(0.103966025428,43.241181627821));
#6422 = CARTESIAN_POINT('',(0.119843290276,40.031024009137));
#6423 = CARTESIAN_POINT('',(0.142744438873,35.973875356671));
#6424 = CARTESIAN_POINT('',(0.148346181809,35.020179878673));
#6425 = CARTESIAN_POINT('',(0.154103263997,34.078341252148));
#6426 = CARTESIAN_POINT('',(0.160016679744,33.148931601761));
#6427 = CARTESIAN_POINT('',(0.166087508681,32.232587127028));
#6428 = CARTESIAN_POINT('',(0.180185070968,30.189995941488));
#6429 = CARTESIAN_POINT('',(0.188306274302,29.071935588213));
#6430 = CARTESIAN_POINT('',(0.196683192643,27.977204069357));
#6431 = CARTESIAN_POINT('',(0.20531845702,26.907390285304));
#6432 = CARTESIAN_POINT('',(0.214214752379,25.864293829751));
#6433 = CARTESIAN_POINT('',(0.235120222125,23.549276608168));
#6434 = CARTESIAN_POINT('',(0.247302135731,22.29554929228));
#6435 = CARTESIAN_POINT('',(0.259922618688,21.0935040034));
#6436 = CARTESIAN_POINT('',(0.272983038242,19.948373965196));
#6437 = CARTESIAN_POINT('',(0.28648395023,18.86591230722));
#6438 = CARTESIAN_POINT('',(0.311344958554,17.058606529512));
#6439 = CARTESIAN_POINT('',(0.322536663072,16.306976213885));
#6440 = CARTESIAN_POINT('',(0.333990524245,15.601318797273));
#6441 = CARTESIAN_POINT('',(0.345696430991,14.945274139706));
#6442 = CARTESIAN_POINT('',(0.357643728246,14.342380339164));
#6443 = CARTESIAN_POINT('',(0.376454711443,13.498508706402));
#6444 = CARTESIAN_POINT('',(0.383155436739,13.217770786656));
#6445 = CARTESIAN_POINT('',(0.389919513525,12.954516461427));
#6446 = CARTESIAN_POINT('',(0.39674299866,12.709336320276));
#6447 = CARTESIAN_POINT('',(0.403621911684,12.482772119296));
#6448 = CARTESIAN_POINT('',(0.424484522976,11.858264450402));
#6449 = CARTESIAN_POINT('',(0.438630703314,11.51825961442));
#6450 = CARTESIAN_POINT('',(0.452939127623,11.260022106853));
#6451 = CARTESIAN_POINT('',(0.467357825775,11.08671787378));
#6452 = CARTESIAN_POINT('',(0.48183466971,11.));
#6453 = CARTESIAN_POINT('',(0.510800054541,11.));
#6454 = CARTESIAN_POINT('',(0.525276898475,11.086717873783));
#6455 = CARTESIAN_POINT('',(0.539695596628,11.260022106848));
#6456 = CARTESIAN_POINT('',(0.554004020937,11.518259614415));
#6457 = CARTESIAN_POINT('',(0.568150201275,11.858264450408));
#6458 = CARTESIAN_POINT('',(0.589012812567,12.482772119295));
#6459 = CARTESIAN_POINT('',(0.595891725591,12.709336320275));
#6460 = CARTESIAN_POINT('',(0.602715210726,12.954516461426));
#6461 = CARTESIAN_POINT('',(0.609479287512,13.217770786654));
#6462 = CARTESIAN_POINT('',(0.616180012808,13.4985087064));
#6463 = CARTESIAN_POINT('',(0.63499101415,14.342381153172));
#6464 = CARTESIAN_POINT('',(0.646938309208,14.945275054412));
#6465 = CARTESIAN_POINT('',(0.658644203343,15.601319128085));
#6466 = CARTESIAN_POINT('',(0.670098051264,16.306975653371));
#6467 = CARTESIAN_POINT('',(0.681289751512,17.058605498278));
#6468 = CARTESIAN_POINT('',(0.706169590671,18.867280209903));
#6469 = CARTESIAN_POINT('',(0.719688156853,19.951298079266));
#6470 = CARTESIAN_POINT('',(0.732765053755,21.098146746387));
#6471 = CARTESIAN_POINT('',(0.745400828265,22.302049768541));
#6472 = CARTESIAN_POINT('',(0.757596843446,23.557752797228));
#6473 = CARTESIAN_POINT('',(0.778495986907,25.873215328122));
#6474 = CARTESIAN_POINT('',(0.787374037533,26.914562239077));
#6475 = CARTESIAN_POINT('',(0.795992035299,27.982518436211));
#6476 = CARTESIAN_POINT('',(0.804352651295,29.07529513053));
#6477 = CARTESIAN_POINT('',(0.812458502699,30.191312639943));
#6478 = CARTESIAN_POINT('',(0.826557120873,32.233994884893));
#6479 = CARTESIAN_POINT('',(0.832642638729,33.152622072628));
#6480 = CARTESIAN_POINT('',(0.838569968897,34.08437760512));
#6481 = CARTESIAN_POINT('',(0.844340198604,35.02862066767));
#6482 = CARTESIAN_POINT('',(0.849954328875,35.984775134364));
#6483 = CARTESIAN_POINT('',(0.872882698076,40.048632987341));
#6484 = CARTESIAN_POINT('',(0.888771795587,43.263232678575));
#6485 = CARTESIAN_POINT('',(0.903093308899,46.57698438507));
#6486 = CARTESIAN_POINT('',(0.915852555502,49.975325762106));
#6487 = CARTESIAN_POINT('',(0.927046674257,53.446821622973));
#6488 = CARTESIAN_POINT('',(0.948055252083,61.170310358226));
#6489 = CARTESIAN_POINT('',(0.957234244296,65.44833781894));
#6490 = CARTESIAN_POINT('',(0.964154137978,69.791719814632));
#6491 = CARTESIAN_POINT('',(0.968781378198,74.178449899775));
#6492 = CARTESIAN_POINT('',(0.971097435691,78.58797101135));
#6493 = CARTESIAN_POINT('',(0.971097435691,83.));
#6494 = ( GEOMETRIC_REPRESENTATION_CONTEXT(2) 
PARAMETRIC_REPRESENTATION_CONTEXT() REPRESENTATION_CONTEXT('2D SPACE',''
  ) );
#6495 = ORIENTED_EDGE('',*,*,#5955,.T.);
#6496 = ADVANCED_FACE('',(#6497),#4665,.F.);
#6497 = FACE_BOUND('',#6498,.F.);
#6498 = EDGE_LOOP('',(#6499,#6500,#6523,#6721));
#6499 = ORIENTED_EDGE('',*,*,#4531,.F.);
#6500 = ORIENTED_EDGE('',*,*,#6501,.F.);
#6501 = EDGE_CURVE('',#6502,#4532,#6504,.T.);
#6502 = VERTEX_POINT('',#6503);
#6503 = CARTESIAN_POINT('',(-153.9569953859,-33.21887372739,
    240.55198651616));
#6504 = SEAM_CURVE('',#6505,(#6509,#6516),.PCURVE_S1.);
#6505 = LINE('',#6506,#6507);
#6506 = CARTESIAN_POINT('',(-138.5781024245,-30.23639410415,
    240.55198651616));
#6507 = VECTOR('',#6508,1.);
#6508 = DIRECTION('',(-0.981709285323,-0.190386131612,0.));
#6509 = PCURVE('',#4665,#6510);
#6510 = DEFINITIONAL_REPRESENTATION('',(#6511),#6515);
#6511 = LINE('',#6512,#6513);
#6512 = CARTESIAN_POINT('',(6.28318530718,-0.));
#6513 = VECTOR('',#6514,1.);
#6514 = DIRECTION('',(0.,1.));
#6515 = ( GEOMETRIC_REPRESENTATION_CONTEXT(2) 
PARAMETRIC_REPRESENTATION_CONTEXT() REPRESENTATION_CONTEXT('2D SPACE',''
  ) );
#6516 = PCURVE('',#4665,#6517);
#6517 = DEFINITIONAL_REPRESENTATION('',(#6518),#6522);
#6518 = LINE('',#6519,#6520);
#6519 = CARTESIAN_POINT('',(0.,-0.));
#6520 = VECTOR('',#6521,1.);
#6521 = DIRECTION('',(0.,1.));
#6522 = ( GEOMETRIC_REPRESENTATION_CONTEXT(2) 
PARAMETRIC_REPRESENTATION_CONTEXT() REPRESENTATION_CONTEXT('2D SPACE',''
  ) );
#6523 = ORIENTED_EDGE('',*,*,#6524,.T.);
#6524 = EDGE_CURVE('',#6502,#6502,#6525,.T.);
#6525 = SURFACE_CURVE('',#6526,(#6589,#6655),.PCURVE_S1.);
#6526 = B_SPLINE_CURVE_WITH_KNOTS('',7,(#6527,#6528,#6529,#6530,#6531,
    #6532,#6533,#6534,#6535,#6536,#6537,#6538,#6539,#6540,#6541,#6542,
    #6543,#6544,#6545,#6546,#6547,#6548,#6549,#6550,#6551,#6552,#6553,
    #6554,#6555,#6556,#6557,#6558,#6559,#6560,#6561,#6562,#6563,#6564,
    #6565,#6566,#6567,#6568,#6569,#6570,#6571,#6572,#6573,#6574,#6575,
    #6576,#6577,#6578,#6579,#6580,#6581,#6582,#6583,#6584,#6585,#6586,
    #6587,#6588),.UNSPECIFIED.,.T.,.F.,(8,6,6,6,6,6,6,6,6,6,8),(0.,
    0.121838694765,0.2242555335,0.309296597527,0.416501882724,
    0.531426528891,0.643352472801,0.737762080732,0.822920874911,
    0.905356473268,1.),.UNSPECIFIED.);
#6527 = CARTESIAN_POINT('',(-153.9569953859,-33.21887372738,
    240.55198651616));
#6528 = CARTESIAN_POINT('',(-153.9569953859,-33.21887372738,
    240.85579917466));
#6529 = CARTESIAN_POINT('',(-153.9638793225,-33.18696925474,
    241.15935216339));
#6530 = CARTESIAN_POINT('',(-153.9776268645,-33.1232546348,
    241.46074319829));
#6531 = CARTESIAN_POINT('',(-153.9983422414,-33.0270444404,
    241.75789127755));
#6532 = CARTESIAN_POINT('',(-154.0262226591,-32.89702464333,
    242.04816549303));
#6533 = CARTESIAN_POINT('',(-154.0615035241,-32.7314258717,
    242.32793163532));
#6534 = CARTESIAN_POINT('',(-154.140428766,-32.35751349569,
    242.81381070396));
#6535 = CARTESIAN_POINT('',(-154.1821608693,-32.1587134563,
    243.02650909988));
#6536 = CARTESIAN_POINT('',(-154.2295938278,-31.93116637367,
    243.22481901321));
#6537 = CARTESIAN_POINT('',(-154.2825304307,-31.67498245512,
    243.40323968727));
#6538 = CARTESIAN_POINT('',(-154.3405653467,-31.3910928298,
    243.55596416459));
#6539 = CARTESIAN_POINT('',(-154.4030764561,-31.08142062974,
    243.67679445938));
#6540 = CARTESIAN_POINT('',(-154.5241138897,-30.47338720248,
    243.82719413581));
#6541 = CARTESIAN_POINT('',(-154.5809630009,-30.18480401997,
    243.86808023743));
#6542 = CARTESIAN_POINT('',(-154.6384098085,-29.88972082752,
    243.87776872584));
#6543 = CARTESIAN_POINT('',(-154.6950451549,-29.59509939437,
    243.85494598137));
#6544 = CARTESIAN_POINT('',(-154.7495572696,-29.30795780339,
    243.80080018752));
#6545 = CARTESIAN_POINT('',(-154.8008378857,-29.03475995005,
    243.71898713753));
#6546 = CARTESIAN_POINT('',(-154.9075222389,-28.46077204464,
    243.48526868232));
#6547 = CARTESIAN_POINT('',(-154.9607210618,-28.17025280423,
    243.32020619764));
#6548 = CARTESIAN_POINT('',(-155.0076376283,-27.910673065,
    243.12823077265));
#6549 = CARTESIAN_POINT('',(-155.0485005761,-27.68214343878,
    242.91564391761));
#6550 = CARTESIAN_POINT('',(-155.0836100067,-27.48408453844,
    242.68765098307));
#6551 = CARTESIAN_POINT('',(-155.1132885683,-27.31552645751,
    242.44858000503));
#6552 = CARTESIAN_POINT('',(-155.1641954676,-27.02490973355,
    241.93763696098));
#6553 = CARTESIAN_POINT('',(-155.1847804199,-26.9063941182,
    241.66344841208));
#6554 = CARTESIAN_POINT('',(-155.199997151,-26.81828814052,
    241.38280126934));
#6555 = CARTESIAN_POINT('',(-155.210122063,-26.75947476887,
    241.09814249966));
#6556 = CARTESIAN_POINT('',(-155.2153214746,-26.72925165843,
    240.81137387934));
#6557 = CARTESIAN_POINT('',(-155.2156438204,-26.72741399617,
    240.52418079075));
#6558 = CARTESIAN_POINT('',(-155.2064886189,-26.78052646418,
    239.95988173618));
#6559 = CARTESIAN_POINT('',(-155.1972719155,-26.83396487159,
    239.6830403949));
#6560 = CARTESIAN_POINT('',(-155.1832962452,-26.91486560078,
    239.40927880461));
#6561 = CARTESIAN_POINT('',(-155.1643778393,-27.02399742255,
    239.14038821563));
#6562 = CARTESIAN_POINT('',(-155.1402276987,-27.16254480551,
    238.87869645111));
#6563 = CARTESIAN_POINT('',(-155.1104650241,-27.33195245175,
    238.62738595447));
#6564 = CARTESIAN_POINT('',(-155.0444301293,-27.70387261373,
    238.19150891512));
#6565 = CARTESIAN_POINT('',(-155.0096717607,-27.89837231581,
    238.00110838988));
#6566 = CARTESIAN_POINT('',(-154.970199072,-28.11750489403,
    237.82417104501));
#6567 = CARTESIAN_POINT('',(-154.9259384489,-28.3608803068,
    237.66527314972));
#6568 = CARTESIAN_POINT('',(-154.8769167417,-28.62742332072,
    237.52913200589));
#6569 = CARTESIAN_POINT('',(-154.8232971357,-28.9152880667,
    237.42064956057));
#6570 = CARTESIAN_POINT('',(-154.7132658957,-29.4980415773,
    237.27677889651));
#6571 = CARTESIAN_POINT('',(-154.6581191951,-29.78695491394,
    237.23589279489));
#6572 = CARTESIAN_POINT('',(-154.6010971081,-30.08212047384,
    237.22620430648));
#6573 = CARTESIAN_POINT('',(-154.543494995,-30.37655441873,
    237.24902705095));
#6574 = CARTESIAN_POINT('',(-154.4867195936,-30.66325708304,
    237.30317284481));
#6575 = CARTESIAN_POINT('',(-154.4321592331,-30.93581888467,
    237.38498589479));
#6576 = CARTESIAN_POINT('',(-154.331512773,-31.43400488831,
    237.58845270266));
#6577 = CARTESIAN_POINT('',(-154.2834373778,-31.66963367858,
    237.71233700717));
#6578 = CARTESIAN_POINT('',(-154.2373985284,-31.89316391194,
    237.85892428222));
#6579 = CARTESIAN_POINT('',(-154.1939882887,-32.10212216395,
    238.02674405422));
#6580 = CARTESIAN_POINT('',(-154.1537724445,-32.29425020345,
    238.21396950805));
#6581 = CARTESIAN_POINT('',(-154.1172685516,-32.46755207596,
    238.4184551135));
#6582 = CARTESIAN_POINT('',(-154.047767992,-32.79584338579,
    238.8896250176));
#6583 = CARTESIAN_POINT('',(-154.017173536,-32.93920805471,
    239.15369987724));
#6584 = CARTESIAN_POINT('',(-153.9929604077,-33.05203690371,
    239.42610563862));
#6585 = CARTESIAN_POINT('',(-153.9749460868,-33.13567854553,
    239.70405255503));
#6586 = CARTESIAN_POINT('',(-153.9629834938,-33.19112127233,
    239.98546184684));
#6587 = CARTESIAN_POINT('',(-153.9569953859,-33.21887372738,
    240.26863174462));
#6588 = CARTESIAN_POINT('',(-153.9569953859,-33.21887372738,
    240.55198651616));
#6589 = PCURVE('',#4665,#6590);
#6590 = DEFINITIONAL_REPRESENTATION('',(#6591),#6654);
#6591 = B_SPLINE_CURVE_WITH_KNOTS('',7,(#6592,#6593,#6594,#6595,#6596,
    #6597,#6598,#6599,#6600,#6601,#6602,#6603,#6604,#6605,#6606,#6607,
    #6608,#6609,#6610,#6611,#6612,#6613,#6614,#6615,#6616,#6617,#6618,
    #6619,#6620,#6621,#6622,#6623,#6624,#6625,#6626,#6627,#6628,#6629,
    #6630,#6631,#6632,#6633,#6634,#6635,#6636,#6637,#6638,#6639,#6640,
    #6641,#6642,#6643,#6644,#6645,#6646,#6647,#6648,#6649,#6650,#6651,
    #6652,#6653),.UNSPECIFIED.,.F.,.F.,(8,6,6,6,6,6,6,6,6,6,8),(0.,
    0.121838694765,0.2242555335,0.309296597527,0.416501882724,
    0.531426528891,0.643352472801,0.737762080732,0.822920874911,
    0.905356473268,1.),.UNSPECIFIED.);
#6592 = CARTESIAN_POINT('',(0.,15.665424776362));
#6593 = CARTESIAN_POINT('',(9.206444197001E-02,15.665424776362));
#6594 = CARTESIAN_POINT('',(0.184050086052,15.66610863169));
#6595 = CARTESIAN_POINT('',(0.276655744702,15.667474341317));
#6596 = CARTESIAN_POINT('',(0.370513396566,15.669493732404));
#6597 = CARTESIAN_POINT('',(0.466281287932,15.672110231139));
#6598 = CARTESIAN_POINT('',(0.564632035392,15.67521807435));
#6599 = CARTESIAN_POINT('',(0.751942641241,15.681511986379));
#6600 = CARTESIAN_POINT('',(0.840654259162,15.684632009208));
#6601 = CARTESIAN_POINT('',(0.932447648222,15.687875576141));
#6602 = CARTESIAN_POINT('',(1.027356723224,15.691070065578));
#6603 = CARTESIAN_POINT('',(1.125515320421,15.693994833891));
#6604 = CARTESIAN_POINT('',(1.227180227393,15.696405278134));
#6605 = CARTESIAN_POINT('',(1.42049489191,15.699467718545));
#6606 = CARTESIAN_POINT('',(1.5100329263,15.700334783098));
#6607 = CARTESIAN_POINT('',(1.600357599121,15.700551099946));
#6608 = CARTESIAN_POINT('',(1.690589909721,15.700058710434));
#6609 = CARTESIAN_POINT('',(1.779888749703,15.698905982887));
#6610 = CARTESIAN_POINT('',(1.867300602402,15.697235557402));
#6611 = CARTESIAN_POINT('',(2.057860001731,15.692689240676));
#6612 = CARTESIAN_POINT('',(2.159534672409,15.689604184732));
#6613 = CARTESIAN_POINT('',(2.257317978443,15.68624223128));
#6614 = CARTESIAN_POINT('',(2.35168517976,15.682848895051));
#6615 = CARTESIAN_POINT('',(2.443040753276,15.679608481272));
#6616 = CARTESIAN_POINT('',(2.531708534248,15.676653079716));
#6617 = CARTESIAN_POINT('',(2.710492233654,15.671299461648));
#6618 = CARTESIAN_POINT('',(2.800671106692,15.668944170915));
#6619 = CARTESIAN_POINT('',(2.889155871014,15.667108420892));
#6620 = CARTESIAN_POINT('',(2.97649026901,15.665850890612));
#6621 = CARTESIAN_POINT('',(3.063187198747,15.665201140213));
#6622 = CARTESIAN_POINT('',(3.149768313119,15.665167724661));
#6623 = CARTESIAN_POINT('',(3.321545848609,15.666291855662));
#6624 = CARTESIAN_POINT('',(3.406618901227,15.66741766406));
#6625 = CARTESIAN_POINT('',(3.492560385017,15.669099995605));
#6626 = CARTESIAN_POINT('',(3.579879318929,15.671304806266));
#6627 = CARTESIAN_POINT('',(3.669105310212,15.673973889327));
#6628 = CARTESIAN_POINT('',(3.760786507766,15.677008461686));
#6629 = CARTESIAN_POINT('',(3.9355586225,15.682989833209));
#6630 = CARTESIAN_POINT('',(4.018367872601,15.685897265934));
#6631 = CARTESIAN_POINT('',(4.103904282166,15.68886636478));
#6632 = CARTESIAN_POINT('',(4.192153653797,15.691750603463));
#6633 = CARTESIAN_POINT('',(4.283185646503,15.694371631642));
#6634 = CARTESIAN_POINT('',(4.377164879332,15.69653822198));
#6635 = CARTESIAN_POINT('',(4.562087545501,15.699467718545));
#6636 = CARTESIAN_POINT('',(4.651625579888,15.700334783098));
#6637 = CARTESIAN_POINT('',(4.74195025271,15.700551099946));
#6638 = CARTESIAN_POINT('',(4.832182563312,15.700058710434));
#6639 = CARTESIAN_POINT('',(4.921481403295,15.698905982887));
#6640 = CARTESIAN_POINT('',(5.00889325599,15.697235557402));
#6641 = CARTESIAN_POINT('',(5.174787355609,15.693277698999));
#6642 = CARTESIAN_POINT('',(5.256390218145,15.690942091075));
#6643 = CARTESIAN_POINT('',(5.337987137631,15.688302381586));
#6644 = CARTESIAN_POINT('',(5.419584804946,15.685468899409));
#6645 = CARTESIAN_POINT('',(5.501186864489,15.682567145917));
#6646 = CARTESIAN_POINT('',(5.582788767254,15.679725208483));
#6647 = CARTESIAN_POINT('',(5.758068627234,15.673997976285));
#6648 = CARTESIAN_POINT('',(5.849016839925,15.671257759494));
#6649 = CARTESIAN_POINT('',(5.937877630413,15.668968554665));
#6650 = CARTESIAN_POINT('',(6.02520341679,15.667207937187));
#6651 = CARTESIAN_POINT('',(6.111510418679,15.666019674924));
#6652 = CARTESIAN_POINT('',(6.197320224894,15.665424776362));
#6653 = CARTESIAN_POINT('',(6.28318530718,15.665424776362));
#6654 = ( GEOMETRIC_REPRESENTATION_CONTEXT(2) 
PARAMETRIC_REPRESENTATION_CONTEXT() REPRESENTATION_CONTEXT('2D SPACE',''
  ) );
#6655 = PCURVE('',#6320,#6656);
#6656 = DEFINITIONAL_REPRESENTATION('',(#6657),#6720);
#6657 = B_SPLINE_CURVE_WITH_KNOTS('',7,(#6658,#6659,#6660,#6661,#6662,
    #6663,#6664,#6665,#6666,#6667,#6668,#6669,#6670,#6671,#6672,#6673,
    #6674,#6675,#6676,#6677,#6678,#6679,#6680,#6681,#6682,#6683,#6684,
    #6685,#6686,#6687,#6688,#6689,#6690,#6691,#6692,#6693,#6694,#6695,
    #6696,#6697,#6698,#6699,#6700,#6701,#6702,#6703,#6704,#6705,#6706,
    #6707,#6708,#6709,#6710,#6711,#6712,#6713,#6714,#6715,#6716,#6717,
    #6718,#6719),.UNSPECIFIED.,.T.,.F.,(8,6,6,6,6,6,6,6,6,6,8),(0.,
    0.121838694765,0.2242555335,0.309296597527,0.416501882724,
    0.531426528891,0.643352472801,0.737762080732,0.822920874911,
    0.905356473268,1.),.UNSPECIFIED.);
#6658 = CARTESIAN_POINT('',(0.212509371643,35.));
#6659 = CARTESIAN_POINT('',(0.212509371643,35.303812658501));
#6660 = CARTESIAN_POINT('',(0.212302141879,35.607365647231));
#6661 = CARTESIAN_POINT('',(0.211888294983,35.908756682126));
#6662 = CARTESIAN_POINT('',(0.21126343741,36.20590476139));
#6663 = CARTESIAN_POINT('',(0.210419149567,36.496178976872));
#6664 = CARTESIAN_POINT('',(0.209344133291,36.77594511916));
#6665 = CARTESIAN_POINT('',(0.206917775477,37.2618241878));
#6666 = CARTESIAN_POINT('',(0.205628042862,37.474522583717));
#6667 = CARTESIAN_POINT('',(0.204152246433,37.672832497051));
#6668 = CARTESIAN_POINT('',(0.202491324592,37.851253171108));
#6669 = CARTESIAN_POINT('',(0.200651580923,38.00397764843));
#6670 = CARTESIAN_POINT('',(0.198645756375,38.124807943219));
#6671 = CARTESIAN_POINT('',(0.19470948035,38.275207619651));
#6672 = CARTESIAN_POINT('',(0.192841996024,38.316093721271));
#6673 = CARTESIAN_POINT('',(0.190933286188,38.325782209683));
#6674 = CARTESIAN_POINT('',(0.18902843436,38.302959465206));
#6675 = CARTESIAN_POINT('',(0.187172757434,38.248813671357));
#6676 = CARTESIAN_POINT('',(0.185407877548,38.167000621367));
#6677 = CARTESIAN_POINT('',(0.181701095456,37.933282166164));
#6678 = CARTESIAN_POINT('',(0.179825864839,37.768219681474));
#6679 = CARTESIAN_POINT('',(0.178151042206,37.576244256493));
#6680 = CARTESIAN_POINT('',(0.176677050583,37.36365740145));
#6681 = CARTESIAN_POINT('',(0.175399930071,37.135664466905));
#6682 = CARTESIAN_POINT('',(0.174313257859,36.896593488864));
#6683 = CARTESIAN_POINT('',(0.172439977354,36.385650444819));
#6684 = CARTESIAN_POINT('',(0.171676231905,36.111461895916));
#6685 = CARTESIAN_POINT('',(0.171108547264,35.830814753179));
#6686 = CARTESIAN_POINT('',(0.170729635909,35.546155983496));
#6687 = CARTESIAN_POINT('',(0.170534924286,35.259387363175));
#6688 = CARTESIAN_POINT('',(0.170523078491,34.972194274594));
#6689 = CARTESIAN_POINT('',(0.170865273735,34.407895220015));
#6690 = CARTESIAN_POINT('',(0.171209574691,34.131053878743));
#6691 = CARTESIAN_POINT('',(0.171730838219,33.857292288451));
#6692 = CARTESIAN_POINT('',(0.172434072728,33.588401699466));
#6693 = CARTESIAN_POINT('',(0.173327001649,33.326709934951));
#6694 = CARTESIAN_POINT('',(0.17441907752,33.075399438309));
#6695 = CARTESIAN_POINT('',(0.176817407452,32.639522398956));
#6696 = CARTESIAN_POINT('',(0.178071889601,32.449121873724));
#6697 = CARTESIAN_POINT('',(0.179485597526,32.272184528851));
#6698 = CARTESIAN_POINT('',(0.181056179145,32.113286633554));
#6699 = CARTESIAN_POINT('',(0.182776893183,31.977145489734));
#6700 = CARTESIAN_POINT('',(0.184636036345,31.868663044409));
#6701 = CARTESIAN_POINT('',(0.188401434377,31.724792380348));
#6702 = CARTESIAN_POINT('',(0.190268918703,31.683906278731));
#6703 = CARTESIAN_POINT('',(0.192177628539,31.674217790315));
#6704 = CARTESIAN_POINT('',(0.194082480367,31.697040534793));
#6705 = CARTESIAN_POINT('',(0.195938157293,31.751186328646));
#6706 = CARTESIAN_POINT('',(0.197703037179,31.832999378631));
#6707 = CARTESIAN_POINT('',(0.200930027188,32.036466186496));
#6708 = CARTESIAN_POINT('',(0.202456901828,32.160350491009));
#6709 = CARTESIAN_POINT('',(0.203905927421,32.306937766058));
#6710 = CARTESIAN_POINT('',(0.20526097054,32.474757538056));
#6711 = CARTESIAN_POINT('',(0.206507266474,32.661982991888));
#6712 = CARTESIAN_POINT('',(0.207631740143,32.866468597339));
#6713 = CARTESIAN_POINT('',(0.209762327111,33.337638501441));
#6714 = CARTESIAN_POINT('',(0.210693073834,33.601713361078));
#6715 = CARTESIAN_POINT('',(0.211425757066,33.874119122463));
#6716 = CARTESIAN_POINT('',(0.21196899244,34.152066038866));
#6717 = CARTESIAN_POINT('',(0.212329110495,34.43347533068));
#6718 = CARTESIAN_POINT('',(0.212509371643,34.716645228456));
#6719 = CARTESIAN_POINT('',(0.212509371643,35.));
#6720 = ( GEOMETRIC_REPRESENTATION_CONTEXT(2) 
PARAMETRIC_REPRESENTATION_CONTEXT() REPRESENTATION_CONTEXT('2D SPACE',''
  ) );
#6721 = ORIENTED_EDGE('',*,*,#6501,.T.);
#6722 = ADVANCED_FACE('',(#6723),#4872,.F.);
#6723 = FACE_BOUND('',#6724,.F.);
#6724 = EDGE_LOOP('',(#6725,#6726,#6749,#6947));
#6725 = ORIENTED_EDGE('',*,*,#4738,.F.);
#6726 = ORIENTED_EDGE('',*,*,#6727,.F.);
#6727 = EDGE_CURVE('',#6728,#4739,#6730,.T.);
#6728 = VERTEX_POINT('',#6729);
#6729 = CARTESIAN_POINT('',(-111.9549964865,-110.7805432452,
    240.55198651616));
#6730 = SEAM_CURVE('',#6731,(#6735,#6742),.PCURVE_S1.);
#6731 = LINE('',#6732,#6733);
#6732 = CARTESIAN_POINT('',(-101.0529247586,-99.53108257084,
    240.55198651616));
#6733 = VECTOR('',#6734,1.);
#6734 = DIRECTION('',(-0.695932085054,-0.718107605441,0.));
#6735 = PCURVE('',#4872,#6736);
#6736 = DEFINITIONAL_REPRESENTATION('',(#6737),#6741);
#6737 = LINE('',#6738,#6739);
#6738 = CARTESIAN_POINT('',(6.28318530718,-0.));
#6739 = VECTOR('',#6740,1.);
#6740 = DIRECTION('',(0.,1.));
#6741 = ( GEOMETRIC_REPRESENTATION_CONTEXT(2) 
PARAMETRIC_REPRESENTATION_CONTEXT() REPRESENTATION_CONTEXT('2D SPACE',''
  ) );
#6742 = PCURVE('',#4872,#6743);
#6743 = DEFINITIONAL_REPRESENTATION('',(#6744),#6748);
#6744 = LINE('',#6745,#6746);
#6745 = CARTESIAN_POINT('',(0.,-0.));
#6746 = VECTOR('',#6747,1.);
#6747 = DIRECTION('',(0.,1.));
#6748 = ( GEOMETRIC_REPRESENTATION_CONTEXT(2) 
PARAMETRIC_REPRESENTATION_CONTEXT() REPRESENTATION_CONTEXT('2D SPACE',''
  ) );
#6749 = ORIENTED_EDGE('',*,*,#6750,.T.);
#6750 = EDGE_CURVE('',#6728,#6728,#6751,.T.);
#6751 = SURFACE_CURVE('',#6752,(#6815,#6881),.PCURVE_S1.);
#6752 = B_SPLINE_CURVE_WITH_KNOTS('',7,(#6753,#6754,#6755,#6756,#6757,
    #6758,#6759,#6760,#6761,#6762,#6763,#6764,#6765,#6766,#6767,#6768,
    #6769,#6770,#6771,#6772,#6773,#6774,#6775,#6776,#6777,#6778,#6779,
    #6780,#6781,#6782,#6783,#6784,#6785,#6786,#6787,#6788,#6789,#6790,
    #6791,#6792,#6793,#6794,#6795,#6796,#6797,#6798,#6799,#6800,#6801,
    #6802,#6803,#6804,#6805,#6806,#6807,#6808,#6809,#6810,#6811,#6812,
    #6813,#6814),.UNSPECIFIED.,.T.,.F.,(8,6,6,6,6,6,6,6,6,6,8),(0.,
    0.121838691933,0.22425552815,0.309296592151,0.416501877384,
    0.531426523591,0.643352467538,0.737762075506,0.822920870428,
    0.905356470194,1.),.UNSPECIFIED.);
#6753 = CARTESIAN_POINT('',(-111.9549964865,-110.7805432452,
    240.55198651616));
#6754 = CARTESIAN_POINT('',(-111.9549964865,-110.7805432452,
    240.24817386528));
#6755 = CARTESIAN_POINT('',(-111.9320394597,-110.8037436495,
    239.94462085068));
#6756 = CARTESIAN_POINT('',(-111.8861932803,-110.8500758938,
    239.64322984669));
#6757 = CARTESIAN_POINT('',(-111.8169409168,-110.9200018102,
    239.34608176216));
#6758 = CARTESIAN_POINT('',(-111.7232896201,-111.0144047116,
    239.05580752412));
#6759 = CARTESIAN_POINT('',(-111.6038863148,-111.1344486068,
    238.77604140373));
#6760 = CARTESIAN_POINT('',(-111.3338778699,-111.4048836373,
    238.290162323));
#6761 = CARTESIAN_POINT('',(-111.1901950467,-111.5484742476,
    238.07746394282));
#6762 = CARTESIAN_POINT('',(-111.025552878,-111.7125490102,
    237.8791540149));
#6763 = CARTESIAN_POINT('',(-110.8399359348,-111.8968824928,
    237.70073333843));
#6764 = CARTESIAN_POINT('',(-110.6339024968,-112.1006263984,
    237.54800887518));
#6765 = CARTESIAN_POINT('',(-110.4087230971,-112.3222088081,
    237.4271785709));
#6766 = CARTESIAN_POINT('',(-109.9656592997,-112.7558551729,
    237.27677889655));
#6767 = CARTESIAN_POINT('',(-109.7550471118,-112.9611709814,
    237.23589279481));
#6768 = CARTESIAN_POINT('',(-109.5393180015,-113.1705395012,
    237.22620430653));
#6769 = CARTESIAN_POINT('',(-109.3235321487,-113.3789761029,
    237.24902705099));
#6770 = CARTESIAN_POINT('',(-109.1128501149,-113.5815469411,
    237.3031728447));
#6771 = CARTESIAN_POINT('',(-108.9120795585,-113.7737914535,
    237.38498589486));
#6772 = CARTESIAN_POINT('',(-108.4896840678,-114.1768121925,237.61870435
    ));
#6773 = CARTESIAN_POINT('',(-108.2754556635,-114.3801290255,
    237.78376683469));
#6774 = CARTESIAN_POINT('',(-108.0837049632,-114.561276684,
    237.97574225967));
#6775 = CARTESIAN_POINT('',(-107.9146495479,-114.720386197,
    238.18832911471));
#6776 = CARTESIAN_POINT('',(-107.7679682002,-114.8580255168,
    238.41632204926));
#6777 = CARTESIAN_POINT('',(-107.6430249761,-114.9749948906,
    238.6553930273));
#6778 = CARTESIAN_POINT('',(-107.42746243,-115.1764455827,
    239.16633607134));
#6779 = CARTESIAN_POINT('',(-107.3394586821,-115.2584518734,
    239.44052462024));
#6780 = CARTESIAN_POINT('',(-107.2739884009,-115.3193440279,
    239.72117176298));
#6781 = CARTESIAN_POINT('',(-107.2302671568,-115.3599639657,
    240.00583053267));
#6782 = CARTESIAN_POINT('',(-107.207797649,-115.3808347947,
    240.29259915299));
#6783 = CARTESIAN_POINT('',(-107.2064348216,-115.3821090046,
    240.57979224157));
#6784 = CARTESIAN_POINT('',(-107.2459116696,-115.3454166287,
    241.14409129615));
#6785 = CARTESIAN_POINT('',(-107.2856278718,-115.3084946259,
    241.42093263742));
#6786 = CARTESIAN_POINT('',(-107.3457422042,-115.2525793831,
    241.69469422771));
#6787 = CARTESIAN_POINT('',(-107.4267980615,-115.1770968778,
    241.96358481669));
#6788 = CARTESIAN_POINT('',(-107.5296294653,-115.0811577878,
    242.22527658121));
#6789 = CARTESIAN_POINT('',(-107.6552382072,-114.9636536969,
    242.47658707785));
#6790 = CARTESIAN_POINT('',(-107.9306226131,-114.7051026513,
    242.91246411721));
#6791 = CARTESIAN_POINT('',(-108.0745150939,-114.5697023844,
    243.10286464244));
#6792 = CARTESIAN_POINT('',(-108.2364605315,-114.4168925181,
    243.2798019873));
#6793 = CARTESIAN_POINT('',(-108.4160920491,-114.2468245547,
    243.4386998826));
#6794 = CARTESIAN_POINT('',(-108.6125238458,-114.0601085798,
    243.57484102643));
#6795 = CARTESIAN_POINT('',(-108.8242992423,-113.8578899961,
    243.68332347175));
#6796 = CARTESIAN_POINT('',(-109.2522066306,-113.4472760684,
    243.82719413638));
#6797 = CARTESIAN_POINT('',(-109.4640256486,-113.2432055569,
    243.86808023715));
#6798 = CARTESIAN_POINT('',(-109.680055849,-113.0341477085,
    243.87776872509));
#6799 = CARTESIAN_POINT('',(-109.8951563628,-112.8250039292,
    243.85494598167));
#6800 = CARTESIAN_POINT('',(-110.1042339502,-112.6207775323,
    243.80080018852));
#6801 = CARTESIAN_POINT('',(-110.3026795063,-112.4261339244,
    243.71898713667));
#6802 = CARTESIAN_POINT('',(-110.6648928934,-112.0695943555,
    243.51552032966));
#6803 = CARTESIAN_POINT('',(-110.8359521403,-111.9005650549,
    243.39163602515));
#6804 = CARTESIAN_POINT('',(-110.9979921665,-111.7398529807,
    243.2450487501));
#6805 = CARTESIAN_POINT('',(-111.1492651105,-111.5893056578,
    243.07722897811));
#6806 = CARTESIAN_POINT('',(-111.288188968,-111.4506310044,
    242.89000352427));
#6807 = CARTESIAN_POINT('',(-111.4133750262,-111.3253532169,
    242.68551791882));
#6808 = CARTESIAN_POINT('',(-111.6503277003,-111.0877423081,
    242.21434801084));
#6809 = CARTESIAN_POINT('',(-111.753671702,-110.9837737348,
    241.95027316448));
#6810 = CARTESIAN_POINT('',(-111.8349302199,-110.9018366904,
    241.67786738782));
#6811 = CARTESIAN_POINT('',(-111.8951329194,-110.8410413342,
    241.39992047168));
#6812 = CARTESIAN_POINT('',(-111.9350270847,-110.8007244073,
    241.11851119519));
#6813 = CARTESIAN_POINT('',(-111.9549964865,-110.7805432452,
    240.83534128346));
#6814 = CARTESIAN_POINT('',(-111.9549964865,-110.7805432452,
    240.55198651616));
#6815 = PCURVE('',#4872,#6816);
#6816 = DEFINITIONAL_REPRESENTATION('',(#6817),#6880);
#6817 = B_SPLINE_CURVE_WITH_KNOTS('',7,(#6818,#6819,#6820,#6821,#6822,
    #6823,#6824,#6825,#6826,#6827,#6828,#6829,#6830,#6831,#6832,#6833,
    #6834,#6835,#6836,#6837,#6838,#6839,#6840,#6841,#6842,#6843,#6844,
    #6845,#6846,#6847,#6848,#6849,#6850,#6851,#6852,#6853,#6854,#6855,
    #6856,#6857,#6858,#6859,#6860,#6861,#6862,#6863,#6864,#6865,#6866,
    #6867,#6868,#6869,#6870,#6871,#6872,#6873,#6874,#6875,#6876,#6877,
    #6878,#6879),.UNSPECIFIED.,.F.,.F.,(8,6,6,6,6,6,6,6,6,6,8),(0.,
    0.121838691933,0.22425552815,0.309296592151,0.416501877384,
    0.531426523591,0.643352467538,0.737762075506,0.822920870428,
    0.905356470194,1.),.UNSPECIFIED.);
#6818 = CARTESIAN_POINT('',(0.,15.665424776362));
#6819 = CARTESIAN_POINT('',(9.206443966179E-02,15.665424776362));
#6820 = CARTESIAN_POINT('',(0.184050091341,15.666108631664));
#6821 = CARTESIAN_POINT('',(0.276655741804,15.66747434145));
#6822 = CARTESIAN_POINT('',(0.370513392714,15.669493732147));
#6823 = CARTESIAN_POINT('',(0.466281293949,15.67211023137));
#6824 = CARTESIAN_POINT('',(0.564632032797,15.675218074263));
#6825 = CARTESIAN_POINT('',(0.751942643309,15.681511986448));
#6826 = CARTESIAN_POINT('',(0.840654253865,15.684632009058));
#6827 = CARTESIAN_POINT('',(0.932447651778,15.687875576217));
#6828 = CARTESIAN_POINT('',(1.02735672636,15.691070065673));
#6829 = CARTESIAN_POINT('',(1.125515314613,15.693994833765));
#6830 = CARTESIAN_POINT('',(1.227180230023,15.696405278176));
#6831 = CARTESIAN_POINT('',(1.420494891854,15.699467718544));
#6832 = CARTESIAN_POINT('',(1.510032926355,15.7003347831));
#6833 = CARTESIAN_POINT('',(1.600357599167,15.700551099945));
#6834 = CARTESIAN_POINT('',(1.690589909677,15.700058710433));
#6835 = CARTESIAN_POINT('',(1.779888749646,15.698905982889));
#6836 = CARTESIAN_POINT('',(1.867300602457,15.697235557401));
#6837 = CARTESIAN_POINT('',(2.057860001731,15.692689240676));
#6838 = CARTESIAN_POINT('',(2.159534672409,15.689604184732));
#6839 = CARTESIAN_POINT('',(2.257317978443,15.68624223128));
#6840 = CARTESIAN_POINT('',(2.35168517976,15.682848895052));
#6841 = CARTESIAN_POINT('',(2.443040753276,15.679608481272));
#6842 = CARTESIAN_POINT('',(2.531708534248,15.676653079716));
#6843 = CARTESIAN_POINT('',(2.710492233654,15.671299461648));
#6844 = CARTESIAN_POINT('',(2.800671106692,15.668944170915));
#6845 = CARTESIAN_POINT('',(2.889155871014,15.667108420892));
#6846 = CARTESIAN_POINT('',(2.97649026901,15.665850890612));
#6847 = CARTESIAN_POINT('',(3.063187198747,15.665201140213));
#6848 = CARTESIAN_POINT('',(3.149768313119,15.665167724661));
#6849 = CARTESIAN_POINT('',(3.321545848609,15.666291855662));
#6850 = CARTESIAN_POINT('',(3.406618901227,15.66741766406));
#6851 = CARTESIAN_POINT('',(3.492560385017,15.669099995605));
#6852 = CARTESIAN_POINT('',(3.579879318928,15.671304806266));
#6853 = CARTESIAN_POINT('',(3.669105310213,15.673973889327));
#6854 = CARTESIAN_POINT('',(3.760786507766,15.677008461685));
#6855 = CARTESIAN_POINT('',(3.935558622503,15.682989833209));
#6856 = CARTESIAN_POINT('',(4.018367872601,15.685897265934));
#6857 = CARTESIAN_POINT('',(4.103904282163,15.68886636478));
#6858 = CARTESIAN_POINT('',(4.192153653795,15.691750603463));
#6859 = CARTESIAN_POINT('',(4.283185646503,15.694371631642));
#6860 = CARTESIAN_POINT('',(4.377164879335,15.69653822198));
#6861 = CARTESIAN_POINT('',(4.562087546231,15.699467718556));
#6862 = CARTESIAN_POINT('',(4.651625578147,15.700334783092));
#6863 = CARTESIAN_POINT('',(4.741950253753,15.700551099931));
#6864 = CARTESIAN_POINT('',(4.832182564374,15.70005871044));
#6865 = CARTESIAN_POINT('',(4.921481401575,15.698905982906));
#6866 = CARTESIAN_POINT('',(5.008893256694,15.697235557385));
#6867 = CARTESIAN_POINT('',(5.174787355609,15.693277698999));
#6868 = CARTESIAN_POINT('',(5.256390218145,15.690942091075));
#6869 = CARTESIAN_POINT('',(5.337987137631,15.688302381586));
#6870 = CARTESIAN_POINT('',(5.419584804945,15.685468899409));
#6871 = CARTESIAN_POINT('',(5.501186864489,15.682567145917));
#6872 = CARTESIAN_POINT('',(5.582788767254,15.679725208483));
#6873 = CARTESIAN_POINT('',(5.758068628676,15.673997976238));
#6874 = CARTESIAN_POINT('',(5.849016836672,15.671257759571));
#6875 = CARTESIAN_POINT('',(5.937877632262,15.668968554648));
#6876 = CARTESIAN_POINT('',(6.025203418756,15.667207937135));
#6877 = CARTESIAN_POINT('',(6.111510415569,15.666019674959));
#6878 = CARTESIAN_POINT('',(6.19732022618,15.665424776362));
#6879 = CARTESIAN_POINT('',(6.28318530718,15.665424776362));
#6880 = ( GEOMETRIC_REPRESENTATION_CONTEXT(2) 
PARAMETRIC_REPRESENTATION_CONTEXT() REPRESENTATION_CONTEXT('2D SPACE',''
  ) );
#6881 = PCURVE('',#6320,#6882);
#6882 = DEFINITIONAL_REPRESENTATION('',(#6883),#6946);
#6883 = B_SPLINE_CURVE_WITH_KNOTS('',7,(#6884,#6885,#6886,#6887,#6888,
    #6889,#6890,#6891,#6892,#6893,#6894,#6895,#6896,#6897,#6898,#6899,
    #6900,#6901,#6902,#6903,#6904,#6905,#6906,#6907,#6908,#6909,#6910,
    #6911,#6912,#6913,#6914,#6915,#6916,#6917,#6918,#6919,#6920,#6921,
    #6922,#6923,#6924,#6925,#6926,#6927,#6928,#6929,#6930,#6931,#6932,
    #6933,#6934,#6935,#6936,#6937,#6938,#6939,#6940,#6941,#6942,#6943,
    #6944,#6945),.UNSPECIFIED.,.T.,.F.,(8,6,6,6,6,6,6,6,6,6,8),(0.,
    0.121838691933,0.22425552815,0.309296592151,0.416501877384,
    0.531426523591,0.643352467538,0.737762075506,0.822920870428,
    0.905356470194,1.),.UNSPECIFIED.);
#6884 = CARTESIAN_POINT('',(0.780125352608,35.));
#6885 = CARTESIAN_POINT('',(0.780125352608,34.696187349116));
#6886 = CARTESIAN_POINT('',(0.78033258236,34.39263433452));
#6887 = CARTESIAN_POINT('',(0.780746429321,34.091243330526));
#6888 = CARTESIAN_POINT('',(0.781371286742,33.794095246002));
#6889 = CARTESIAN_POINT('',(0.782215574772,33.503821007955));
#6890 = CARTESIAN_POINT('',(0.783290590926,33.224054887571));
#6891 = CARTESIAN_POINT('',(0.785716948801,32.738175806836));
#6892 = CARTESIAN_POINT('',(0.787006681305,32.525477426658));
#6893 = CARTESIAN_POINT('',(0.788482477886,32.327167498741));
#6894 = CARTESIAN_POINT('',(0.790143399707,32.148746822267));
#6895 = CARTESIAN_POINT('',(0.79198314322,31.996022359021));
#6896 = CARTESIAN_POINT('',(0.79398896793,31.875192054735));
#6897 = CARTESIAN_POINT('',(0.7979252439,31.724792380392));
#6898 = CARTESIAN_POINT('',(0.799792728228,31.683906278648));
#6899 = CARTESIAN_POINT('',(0.801701438064,31.674217790372));
#6900 = CARTESIAN_POINT('',(0.80360628989,31.697040534829));
#6901 = CARTESIAN_POINT('',(0.805461966816,31.751186328536));
#6902 = CARTESIAN_POINT('',(0.807226846704,31.832999378701));
#6903 = CARTESIAN_POINT('',(0.810933628795,32.066717833836));
#6904 = CARTESIAN_POINT('',(0.812808859412,32.231780318526));
#6905 = CARTESIAN_POINT('',(0.814483682045,32.423755743507));
#6906 = CARTESIAN_POINT('',(0.815957673668,32.63634259855));
#6907 = CARTESIAN_POINT('',(0.81723479418,32.864335533096));
#6908 = CARTESIAN_POINT('',(0.818321466392,33.103406511135));
#6909 = CARTESIAN_POINT('',(0.820194746897,33.614349555181));
#6910 = CARTESIAN_POINT('',(0.820958492346,33.888538104084));
#6911 = CARTESIAN_POINT('',(0.821526176987,34.169185246821));
#6912 = CARTESIAN_POINT('',(0.821905088342,34.453844016504));
#6913 = CARTESIAN_POINT('',(0.822099799965,34.740612636825));
#6914 = CARTESIAN_POINT('',(0.82211164576,35.027805725407));
#6915 = CARTESIAN_POINT('',(0.821769450516,35.592104779985));
#6916 = CARTESIAN_POINT('',(0.82142514956,35.868946121257));
#6917 = CARTESIAN_POINT('',(0.820903886032,36.142707711551));
#6918 = CARTESIAN_POINT('',(0.820200651523,36.411598300532));
#6919 = CARTESIAN_POINT('',(0.819307722602,36.67329006505));
#6920 = CARTESIAN_POINT('',(0.818215646731,36.924600561691));
#6921 = CARTESIAN_POINT('',(0.815817316799,37.360477601053));
#6922 = CARTESIAN_POINT('',(0.81456283465,37.550878126275));
#6923 = CARTESIAN_POINT('',(0.813149126725,37.727815471142));
#6924 = CARTESIAN_POINT('',(0.811578545106,37.886713366443));
#6925 = CARTESIAN_POINT('',(0.809857831067,38.022854510269));
#6926 = CARTESIAN_POINT('',(0.807998687905,38.131336955594));
#6927 = CARTESIAN_POINT('',(0.804233289859,38.27520762022));
#6928 = CARTESIAN_POINT('',(0.802365805583,38.316093720992));
#6929 = CARTESIAN_POINT('',(0.800457095691,38.325782208934));
#6930 = CARTESIAN_POINT('',(0.798552243862,38.302959465511));
#6931 = CARTESIAN_POINT('',(0.796696566992,38.24881367236));
#6932 = CARTESIAN_POINT('',(0.794931687058,38.167000620505));
#6933 = CARTESIAN_POINT('',(0.791704697063,37.963533813504));
#6934 = CARTESIAN_POINT('',(0.790177822423,37.83964950899));
#6935 = CARTESIAN_POINT('',(0.78872879683,37.693062233942));
#6936 = CARTESIAN_POINT('',(0.787373753711,37.525242461944));
#6937 = CARTESIAN_POINT('',(0.786127457777,37.338017008112));
#6938 = CARTESIAN_POINT('',(0.785002984108,37.133531402661));
#6939 = CARTESIAN_POINT('',(0.782872397122,36.662361494683));
#6940 = CARTESIAN_POINT('',(0.781941650446,36.398286648317));
#6941 = CARTESIAN_POINT('',(0.781208967179,36.125880871658));
#6942 = CARTESIAN_POINT('',(0.780665731792,35.847933955515));
#6943 = CARTESIAN_POINT('',(0.780305613769,35.566524679025));
#6944 = CARTESIAN_POINT('',(0.780125352608,35.283354767298));
#6945 = CARTESIAN_POINT('',(0.780125352608,35.));
#6946 = ( GEOMETRIC_REPRESENTATION_CONTEXT(2) 
PARAMETRIC_REPRESENTATION_CONTEXT() REPRESENTATION_CONTEXT('2D SPACE',''
  ) );
#6947 = ORIENTED_EDGE('',*,*,#6727,.T.);
#6948 = ADVANCED_FACE('',(#6949),#5079,.F.);
#6949 = FACE_BOUND('',#6950,.F.);
#6950 = EDGE_LOOP('',(#6951,#6952,#6975,#7173));
#6951 = ORIENTED_EDGE('',*,*,#4945,.F.);
#6952 = ORIENTED_EDGE('',*,*,#6953,.F.);
#6953 = EDGE_CURVE('',#6954,#4946,#6956,.T.);
#6954 = VERTEX_POINT('',#6955);
#6955 = CARTESIAN_POINT('',(-153.9569953859,-33.21887372739,
    336.55198651616));
#6956 = SEAM_CURVE('',#6957,(#6961,#6968),.PCURVE_S1.);
#6957 = LINE('',#6958,#6959);
#6958 = CARTESIAN_POINT('',(-138.5781024245,-30.23639410415,
    336.55198651616));
#6959 = VECTOR('',#6960,1.);
#6960 = DIRECTION('',(-0.981709285323,-0.190386131612,0.));
#6961 = PCURVE('',#5079,#6962);
#6962 = DEFINITIONAL_REPRESENTATION('',(#6963),#6967);
#6963 = LINE('',#6964,#6965);
#6964 = CARTESIAN_POINT('',(6.28318530718,-0.));
#6965 = VECTOR('',#6966,1.);
#6966 = DIRECTION('',(0.,1.));
#6967 = ( GEOMETRIC_REPRESENTATION_CONTEXT(2) 
PARAMETRIC_REPRESENTATION_CONTEXT() REPRESENTATION_CONTEXT('2D SPACE',''
  ) );
#6968 = PCURVE('',#5079,#6969);
#6969 = DEFINITIONAL_REPRESENTATION('',(#6970),#6974);
#6970 = LINE('',#6971,#6972);
#6971 = CARTESIAN_POINT('',(0.,-0.));
#6972 = VECTOR('',#6973,1.);
#6973 = DIRECTION('',(0.,1.));
#6974 = ( GEOMETRIC_REPRESENTATION_CONTEXT(2) 
PARAMETRIC_REPRESENTATION_CONTEXT() REPRESENTATION_CONTEXT('2D SPACE',''
  ) );
#6975 = ORIENTED_EDGE('',*,*,#6976,.T.);
#6976 = EDGE_CURVE('',#6954,#6954,#6977,.T.);
#6977 = SURFACE_CURVE('',#6978,(#7041,#7107),.PCURVE_S1.);
#6978 = B_SPLINE_CURVE_WITH_KNOTS('',7,(#6979,#6980,#6981,#6982,#6983,
    #6984,#6985,#6986,#6987,#6988,#6989,#6990,#6991,#6992,#6993,#6994,
    #6995,#6996,#6997,#6998,#6999,#7000,#7001,#7002,#7003,#7004,#7005,
    #7006,#7007,#7008,#7009,#7010,#7011,#7012,#7013,#7014,#7015,#7016,
    #7017,#7018,#7019,#7020,#7021,#7022,#7023,#7024,#7025,#7026,#7027,
    #7028,#7029,#7030,#7031,#7032,#7033,#7034,#7035,#7036,#7037,#7038,
    #7039,#7040),.UNSPECIFIED.,.T.,.F.,(8,6,6,6,6,6,6,6,6,6,8),(0.,
    0.121838693686,0.22425553061,0.309296593067,0.416501877175,
    0.531426523417,0.643352466188,0.737762073282,0.822920869401,
    0.905356470323,1.),.UNSPECIFIED.);
#6979 = CARTESIAN_POINT('',(-153.9569953859,-33.21887372738,
    336.55198651616));
#6980 = CARTESIAN_POINT('',(-153.9569953859,-33.21887372738,
    336.85579917466));
#6981 = CARTESIAN_POINT('',(-153.9638793225,-33.18696925474,
    337.15935216339));
#6982 = CARTESIAN_POINT('',(-153.9776268645,-33.1232546348,
    337.46074319829));
#6983 = CARTESIAN_POINT('',(-153.9983422414,-33.0270444404,
    337.75789127755));
#6984 = CARTESIAN_POINT('',(-154.0262226591,-32.89702464333,
    338.04816549303));
#6985 = CARTESIAN_POINT('',(-154.0615035241,-32.7314258717,
    338.32793163532));
#6986 = CARTESIAN_POINT('',(-154.1404287657,-32.3575134972,338.813810702
    ));
#6987 = CARTESIAN_POINT('',(-154.1821608703,-32.15871345144,
    339.02650910377));
#6988 = CARTESIAN_POINT('',(-154.229593827,-31.93116637764,
    339.22481901158));
#6989 = CARTESIAN_POINT('',(-154.2825304302,-31.67498245795,
    339.40323968476));
#6990 = CARTESIAN_POINT('',(-154.340565348,-31.39109282354,
    339.55596416741));
#6991 = CARTESIAN_POINT('',(-154.4030764555,-31.08142063278,
    339.67679445863));
#6992 = CARTESIAN_POINT('',(-154.5241138902,-30.47338720018,
    339.82719413638));
#6993 = CARTESIAN_POINT('',(-154.5809629999,-30.18480402543,
    339.86808023715));
#6994 = CARTESIAN_POINT('',(-154.6384098091,-29.88972082431,
    339.8777687251));
#6995 = CARTESIAN_POINT('',(-154.6950451555,-29.59509939101,
    339.85494598167));
#6996 = CARTESIAN_POINT('',(-154.7495572686,-29.30795780868,
    339.80080018852));
#6997 = CARTESIAN_POINT('',(-154.8008378861,-29.03475994794,
    339.71898713667));
#6998 = CARTESIAN_POINT('',(-154.9075222389,-28.46077204464,
    339.48526868233));
#6999 = CARTESIAN_POINT('',(-154.9607210618,-28.17025280423,
    339.32020619764));
#7000 = CARTESIAN_POINT('',(-155.0076376283,-27.910673065,
    339.12823077265));
#7001 = CARTESIAN_POINT('',(-155.0485005761,-27.68214343878,
    338.91564391761));
#7002 = CARTESIAN_POINT('',(-155.0836100067,-27.48408453844,
    338.68765098307));
#7003 = CARTESIAN_POINT('',(-155.1132885683,-27.31552645751,
    338.44858000503));
#7004 = CARTESIAN_POINT('',(-155.1641954679,-27.02490973193,
    337.93763695812));
#7005 = CARTESIAN_POINT('',(-155.1847804195,-26.90639412061,
    337.6634484189));
#7006 = CARTESIAN_POINT('',(-155.1999971511,-26.81828814029,
    337.38280126515));
#7007 = CARTESIAN_POINT('',(-155.2101220632,-26.75947476723,
    337.09814249556));
#7008 = CARTESIAN_POINT('',(-155.2153214745,-26.72925165914,
    336.81137388627));
#7009 = CARTESIAN_POINT('',(-155.2156438203,-26.72741399645,
    336.52418078776));
#7010 = CARTESIAN_POINT('',(-155.206488619,-26.78052646362,
    335.95988174211));
#7011 = CARTESIAN_POINT('',(-155.1972719155,-26.83396487161,
    335.68304038071));
#7012 = CARTESIAN_POINT('',(-155.1832962443,-26.91486560595,
    335.40927881459));
#7013 = CARTESIAN_POINT('',(-155.1643778414,-27.02399741068,
    335.14038822099));
#7014 = CARTESIAN_POINT('',(-155.1402276968,-27.16254481673,
    334.87869643971));
#7015 = CARTESIAN_POINT('',(-155.1104650249,-27.33195244741,
    334.62738595955));
#7016 = CARTESIAN_POINT('',(-155.0444301286,-27.70387261761,
    334.19150891057));
#7017 = CARTESIAN_POINT('',(-155.0096717629,-27.89837230412,
    334.00110839872));
#7018 = CARTESIAN_POINT('',(-154.9701990703,-28.1175049032,
    333.8241710414));
#7019 = CARTESIAN_POINT('',(-154.9259384477,-28.36088031356,
    333.66527314407));
#7020 = CARTESIAN_POINT('',(-154.8769167444,-28.62742330608,
    333.52913201227));
#7021 = CARTESIAN_POINT('',(-154.8232971343,-28.91528807384,
    333.42064955881));
#7022 = CARTESIAN_POINT('',(-154.7132658952,-29.49804157961,
    333.27677889594));
#7023 = CARTESIAN_POINT('',(-154.6581191962,-29.78695490848,
    333.23589279517));
#7024 = CARTESIAN_POINT('',(-154.6010971075,-30.08212047706,
    333.22620430723));
#7025 = CARTESIAN_POINT('',(-154.5434949944,-30.37655442209,
    333.24902705065));
#7026 = CARTESIAN_POINT('',(-154.4867195947,-30.66325707775,
    333.3031728438));
#7027 = CARTESIAN_POINT('',(-154.4321592327,-30.93581888678,
    333.38498589565));
#7028 = CARTESIAN_POINT('',(-154.331512773,-31.43400488831,
    333.58845270266));
#7029 = CARTESIAN_POINT('',(-154.2834373778,-31.66963367858,
    333.71233700717));
#7030 = CARTESIAN_POINT('',(-154.2373985284,-31.89316391194,
    333.85892428222));
#7031 = CARTESIAN_POINT('',(-154.1939882887,-32.10212216395,
    334.02674405422));
#7032 = CARTESIAN_POINT('',(-154.1537724445,-32.29425020345,
    334.21396950805));
#7033 = CARTESIAN_POINT('',(-154.1172685516,-32.46755207596,
    334.4184551135));
#7034 = CARTESIAN_POINT('',(-154.047767992,-32.79584338579,
    334.8896250176));
#7035 = CARTESIAN_POINT('',(-154.017173536,-32.93920805471,
    335.15369987724));
#7036 = CARTESIAN_POINT('',(-153.9929604077,-33.05203690371,
    335.42610563862));
#7037 = CARTESIAN_POINT('',(-153.9749460868,-33.13567854553,
    335.70405255503));
#7038 = CARTESIAN_POINT('',(-153.9629834938,-33.19112127233,
    335.98546184684));
#7039 = CARTESIAN_POINT('',(-153.9569953859,-33.21887372738,
    336.26863174462));
#7040 = CARTESIAN_POINT('',(-153.9569953859,-33.21887372738,
    336.55198651616));
#7041 = PCURVE('',#5079,#7042);
#7042 = DEFINITIONAL_REPRESENTATION('',(#7043),#7106);
#7043 = B_SPLINE_CURVE_WITH_KNOTS('',7,(#7044,#7045,#7046,#7047,#7048,
    #7049,#7050,#7051,#7052,#7053,#7054,#7055,#7056,#7057,#7058,#7059,
    #7060,#7061,#7062,#7063,#7064,#7065,#7066,#7067,#7068,#7069,#7070,
    #7071,#7072,#7073,#7074,#7075,#7076,#7077,#7078,#7079,#7080,#7081,
    #7082,#7083,#7084,#7085,#7086,#7087,#7088,#7089,#7090,#7091,#7092,
    #7093,#7094,#7095,#7096,#7097,#7098,#7099,#7100,#7101,#7102,#7103,
    #7104,#7105),.UNSPECIFIED.,.F.,.F.,(8,6,6,6,6,6,6,6,6,6,8),(0.,
    0.121838693686,0.22425553061,0.309296593067,0.416501877175,
    0.531426523417,0.643352466188,0.737762073282,0.822920869401,
    0.905356470323,1.),.UNSPECIFIED.);
#7044 = CARTESIAN_POINT('',(0.,15.665424776362));
#7045 = CARTESIAN_POINT('',(9.206444196998E-02,15.665424776362));
#7046 = CARTESIAN_POINT('',(0.184050086052,15.66610863169));
#7047 = CARTESIAN_POINT('',(0.276655744701,15.667474341317));
#7048 = CARTESIAN_POINT('',(0.370513396566,15.669493732404));
#7049 = CARTESIAN_POINT('',(0.466281287932,15.672110231139));
#7050 = CARTESIAN_POINT('',(0.564632035392,15.67521807435));
#7051 = CARTESIAN_POINT('',(0.751942640487,15.681511986353));
#7052 = CARTESIAN_POINT('',(0.840654261154,15.684632009265));
#7053 = CARTESIAN_POINT('',(0.932447646866,15.687875576112));
#7054 = CARTESIAN_POINT('',(1.027356722027,15.691070065542));
#7055 = CARTESIAN_POINT('',(1.12551532261,15.693994833939));
#7056 = CARTESIAN_POINT('',(1.227180226426,15.696405278119));
#7057 = CARTESIAN_POINT('',(1.420494892643,15.699467718556));
#7058 = CARTESIAN_POINT('',(1.510032924555,15.700334783092));
#7059 = CARTESIAN_POINT('',(1.600357600161,15.700551099931));
#7060 = CARTESIAN_POINT('',(1.690589910786,15.70005871044));
#7061 = CARTESIAN_POINT('',(1.779888747988,15.698905982906));
#7062 = CARTESIAN_POINT('',(1.867300603102,15.697235557385));
#7063 = CARTESIAN_POINT('',(2.057860001731,15.692689240676));
#7064 = CARTESIAN_POINT('',(2.159534672409,15.689604184732));
#7065 = CARTESIAN_POINT('',(2.257317978443,15.68624223128));
#7066 = CARTESIAN_POINT('',(2.35168517976,15.682848895051));
#7067 = CARTESIAN_POINT('',(2.443040753276,15.679608481272));
#7068 = CARTESIAN_POINT('',(2.531708534248,15.676653079716));
#7069 = CARTESIAN_POINT('',(2.710492234655,15.671299461618));
#7070 = CARTESIAN_POINT('',(2.800671104422,15.66894417096));
#7071 = CARTESIAN_POINT('',(2.889155872318,15.667108420888));
#7072 = CARTESIAN_POINT('',(2.97649027038,15.665850890582));
#7073 = CARTESIAN_POINT('',(3.063187196557,15.665201140225));
#7074 = CARTESIAN_POINT('',(3.149768314032,15.665167724667));
#7075 = CARTESIAN_POINT('',(3.321545846803,15.66629185565));
#7076 = CARTESIAN_POINT('',(3.406618905345,15.66741766407));
#7077 = CARTESIAN_POINT('',(3.492560382797,15.669099995677));
#7078 = CARTESIAN_POINT('',(3.579879315866,15.671304806079));
#7079 = CARTESIAN_POINT('',(3.669105314947,15.673973889509));
#7080 = CARTESIAN_POINT('',(3.760786505727,15.677008461616));
#7081 = CARTESIAN_POINT('',(3.935558624324,15.682989833272));
#7082 = CARTESIAN_POINT('',(4.01836786795,15.6858972658));
#7083 = CARTESIAN_POINT('',(4.103904285263,15.688866364846));
#7084 = CARTESIAN_POINT('',(4.192153656563,15.691750603548));
#7085 = CARTESIAN_POINT('',(4.283185641447,15.694371631531));
#7086 = CARTESIAN_POINT('',(4.377164881598,15.696538222016));
#7087 = CARTESIAN_POINT('',(4.562087546232,15.699467718556));
#7088 = CARTESIAN_POINT('',(4.651625578145,15.700334783092));
#7089 = CARTESIAN_POINT('',(4.741950253752,15.700551099931));
#7090 = CARTESIAN_POINT('',(4.832182564375,15.70005871044));
#7091 = CARTESIAN_POINT('',(4.921481401577,15.698905982906));
#7092 = CARTESIAN_POINT('',(5.008893256692,15.697235557385));
#7093 = CARTESIAN_POINT('',(5.174787355609,15.693277698999));
#7094 = CARTESIAN_POINT('',(5.256390218145,15.690942091075));
#7095 = CARTESIAN_POINT('',(5.337987137631,15.688302381586));
#7096 = CARTESIAN_POINT('',(5.419584804946,15.685468899409));
#7097 = CARTESIAN_POINT('',(5.501186864489,15.682567145917));
#7098 = CARTESIAN_POINT('',(5.582788767254,15.679725208483));
#7099 = CARTESIAN_POINT('',(5.758068627234,15.673997976285));
#7100 = CARTESIAN_POINT('',(5.849016839925,15.671257759494));
#7101 = CARTESIAN_POINT('',(5.937877630413,15.668968554665));
#7102 = CARTESIAN_POINT('',(6.02520341679,15.667207937187));
#7103 = CARTESIAN_POINT('',(6.111510418679,15.666019674924));
#7104 = CARTESIAN_POINT('',(6.197320224894,15.665424776362));
#7105 = CARTESIAN_POINT('',(6.28318530718,15.665424776362));
#7106 = ( GEOMETRIC_REPRESENTATION_CONTEXT(2) 
PARAMETRIC_REPRESENTATION_CONTEXT() REPRESENTATION_CONTEXT('2D SPACE',''
  ) );
#7107 = PCURVE('',#6320,#7108);
#7108 = DEFINITIONAL_REPRESENTATION('',(#7109),#7172);
#7109 = B_SPLINE_CURVE_WITH_KNOTS('',7,(#7110,#7111,#7112,#7113,#7114,
    #7115,#7116,#7117,#7118,#7119,#7120,#7121,#7122,#7123,#7124,#7125,
    #7126,#7127,#7128,#7129,#7130,#7131,#7132,#7133,#7134,#7135,#7136,
    #7137,#7138,#7139,#7140,#7141,#7142,#7143,#7144,#7145,#7146,#7147,
    #7148,#7149,#7150,#7151,#7152,#7153,#7154,#7155,#7156,#7157,#7158,
    #7159,#7160,#7161,#7162,#7163,#7164,#7165,#7166,#7167,#7168,#7169,
    #7170,#7171),.UNSPECIFIED.,.T.,.F.,(8,6,6,6,6,6,6,6,6,6,8),(0.,
    0.121838693686,0.22425553061,0.309296593067,0.416501877175,
    0.531426523417,0.643352466188,0.737762073282,0.822920869401,
    0.905356470323,1.),.UNSPECIFIED.);
#7110 = CARTESIAN_POINT('',(0.212509371643,131.));
#7111 = CARTESIAN_POINT('',(0.212509371643,131.3038126585));
#7112 = CARTESIAN_POINT('',(0.212302141879,131.60736564723));
#7113 = CARTESIAN_POINT('',(0.211888294983,131.90875668212));
#7114 = CARTESIAN_POINT('',(0.21126343741,132.20590476139));
#7115 = CARTESIAN_POINT('',(0.210419149567,132.49617897687));
#7116 = CARTESIAN_POINT('',(0.209344133291,132.77594511916));
#7117 = CARTESIAN_POINT('',(0.206917775486,133.26182418584));
#7118 = CARTESIAN_POINT('',(0.205628042831,133.47452258761));
#7119 = CARTESIAN_POINT('',(0.204152246458,133.67283249542));
#7120 = CARTESIAN_POINT('',(0.20249132461,133.85125316859));
#7121 = CARTESIAN_POINT('',(0.200651580883,134.00397765125));
#7122 = CARTESIAN_POINT('',(0.198645756394,134.12480794246));
#7123 = CARTESIAN_POINT('',(0.194709480335,134.27520762022));
#7124 = CARTESIAN_POINT('',(0.19284199606,134.31609372098));
#7125 = CARTESIAN_POINT('',(0.190933286167,134.32578220893));
#7126 = CARTESIAN_POINT('',(0.189028434338,134.30295946551));
#7127 = CARTESIAN_POINT('',(0.187172757468,134.24881367235));
#7128 = CARTESIAN_POINT('',(0.185407877534,134.1670006205));
#7129 = CARTESIAN_POINT('',(0.181701095456,133.93328216616));
#7130 = CARTESIAN_POINT('',(0.179825864839,133.76821968147));
#7131 = CARTESIAN_POINT('',(0.178151042206,133.57624425649));
#7132 = CARTESIAN_POINT('',(0.176677050583,133.36365740145));
#7133 = CARTESIAN_POINT('',(0.175399930071,133.1356644669));
#7134 = CARTESIAN_POINT('',(0.174313257859,132.89659348886));
#7135 = CARTESIAN_POINT('',(0.172439977343,132.38565044196));
#7136 = CARTESIAN_POINT('',(0.171676231921,132.11146190274));
#7137 = CARTESIAN_POINT('',(0.171108547263,131.83081474898));
#7138 = CARTESIAN_POINT('',(0.170729635898,131.5461559794));
#7139 = CARTESIAN_POINT('',(0.170534924291,131.25938737011));
#7140 = CARTESIAN_POINT('',(0.170523078492,130.97219427159));
#7141 = CARTESIAN_POINT('',(0.170865273731,130.40789522594));
#7142 = CARTESIAN_POINT('',(0.171209574691,130.13105386454));
#7143 = CARTESIAN_POINT('',(0.171730838252,129.85729229842));
#7144 = CARTESIAN_POINT('',(0.172434072652,129.58840170482));
#7145 = CARTESIAN_POINT('',(0.173327001721,129.32670992354));
#7146 = CARTESIAN_POINT('',(0.174419077492,129.07539944339));
#7147 = CARTESIAN_POINT('',(0.176817407477,128.6395223944));
#7148 = CARTESIAN_POINT('',(0.178071889526,128.44912188255));
#7149 = CARTESIAN_POINT('',(0.179485597585,128.27218452524));
#7150 = CARTESIAN_POINT('',(0.181056179189,128.11328662791));
#7151 = CARTESIAN_POINT('',(0.182776893089,127.9771454961));
#7152 = CARTESIAN_POINT('',(0.184636036392,127.86866304264));
#7153 = CARTESIAN_POINT('',(0.188401434392,127.72479237977));
#7154 = CARTESIAN_POINT('',(0.190268918667,127.68390627901));
#7155 = CARTESIAN_POINT('',(0.19217762856,127.67421779106));
#7156 = CARTESIAN_POINT('',(0.194082480389,127.69704053448));
#7157 = CARTESIAN_POINT('',(0.195938157259,127.75118632764));
#7158 = CARTESIAN_POINT('',(0.197703037193,127.83299937949));
#7159 = CARTESIAN_POINT('',(0.200930027188,128.03646618649));
#7160 = CARTESIAN_POINT('',(0.202456901828,128.160350491));
#7161 = CARTESIAN_POINT('',(0.203905927421,128.30693776605));
#7162 = CARTESIAN_POINT('',(0.20526097054,128.47475753805));
#7163 = CARTESIAN_POINT('',(0.206507266474,128.66198299188));
#7164 = CARTESIAN_POINT('',(0.207631740143,128.86646859733));
#7165 = CARTESIAN_POINT('',(0.209762327111,129.33763850144));
#7166 = CARTESIAN_POINT('',(0.210693073834,129.60171336107));
#7167 = CARTESIAN_POINT('',(0.211425757066,129.87411912246));
#7168 = CARTESIAN_POINT('',(0.21196899244,130.15206603886));
#7169 = CARTESIAN_POINT('',(0.212329110495,130.43347533068));
#7170 = CARTESIAN_POINT('',(0.212509371643,130.71664522845));
#7171 = CARTESIAN_POINT('',(0.212509371643,131.));
#7172 = ( GEOMETRIC_REPRESENTATION_CONTEXT(2) 
PARAMETRIC_REPRESENTATION_CONTEXT() REPRESENTATION_CONTEXT('2D SPACE',''
  ) );
#7173 = ORIENTED_EDGE('',*,*,#6953,.T.);
#7174 = ADVANCED_FACE('',(#7175),#5544,.F.);
#7175 = FACE_BOUND('',#7176,.F.);
#7176 = EDGE_LOOP('',(#7177,#7178,#7201,#7765));
#7177 = ORIENTED_EDGE('',*,*,#5152,.F.);
#7178 = ORIENTED_EDGE('',*,*,#7179,.F.);
#7179 = EDGE_CURVE('',#7180,#5153,#7182,.T.);
#7180 = VERTEX_POINT('',#7181);
#7181 = CARTESIAN_POINT('',(-138.4963898446,-75.,328.96239321882));
#7182 = SEAM_CURVE('',#7183,(#7187,#7194),.PCURVE_S1.);
#7183 = LINE('',#7184,#7185);
#7184 = CARTESIAN_POINT('',(-94.74307146819,-75.,309.34121412718));
#7185 = VECTOR('',#7186,1.);
#7186 = DIRECTION('',(-0.912449978688,9.400145578529E-17,0.409188265218)
  );
#7187 = PCURVE('',#5544,#7188);
#7188 = DEFINITIONAL_REPRESENTATION('',(#7189),#7193);
#7189 = LINE('',#7190,#7191);
#7190 = CARTESIAN_POINT('',(6.28318530718,-0.));
#7191 = VECTOR('',#7192,1.);
#7192 = DIRECTION('',(0.,1.));
#7193 = ( GEOMETRIC_REPRESENTATION_CONTEXT(2) 
PARAMETRIC_REPRESENTATION_CONTEXT() REPRESENTATION_CONTEXT('2D SPACE',''
  ) );
#7194 = PCURVE('',#5544,#7195);
#7195 = DEFINITIONAL_REPRESENTATION('',(#7196),#7200);
#7196 = LINE('',#7197,#7198);
#7197 = CARTESIAN_POINT('',(0.,-0.));
#7198 = VECTOR('',#7199,1.);
#7199 = DIRECTION('',(0.,1.));
#7200 = ( GEOMETRIC_REPRESENTATION_CONTEXT(2) 
PARAMETRIC_REPRESENTATION_CONTEXT() REPRESENTATION_CONTEXT('2D SPACE',''
  ) );
#7201 = ORIENTED_EDGE('',*,*,#7202,.T.);
#7202 = EDGE_CURVE('',#7180,#7180,#7203,.T.);
#7203 = SURFACE_CURVE('',#7204,(#7389,#7577),.PCURVE_S1.);
#7204 = B_SPLINE_CURVE_WITH_KNOTS('',8,(#7205,#7206,#7207,#7208,#7209,
    #7210,#7211,#7212,#7213,#7214,#7215,#7216,#7217,#7218,#7219,#7220,
    #7221,#7222,#7223,#7224,#7225,#7226,#7227,#7228,#7229,#7230,#7231,
    #7232,#7233,#7234,#7235,#7236,#7237,#7238,#7239,#7240,#7241,#7242,
    #7243,#7244,#7245,#7246,#7247,#7248,#7249,#7250,#7251,#7252,#7253,
    #7254,#7255,#7256,#7257,#7258,#7259,#7260,#7261,#7262,#7263,#7264,
    #7265,#7266,#7267,#7268,#7269,#7270,#7271,#7272,#7273,#7274,#7275,
    #7276,#7277,#7278,#7279,#7280,#7281,#7282,#7283,#7284,#7285,#7286,
    #7287,#7288,#7289,#7290,#7291,#7292,#7293,#7294,#7295,#7296,#7297,
    #7298,#7299,#7300,#7301,#7302,#7303,#7304,#7305,#7306,#7307,#7308,
    #7309,#7310,#7311,#7312,#7313,#7314,#7315,#7316,#7317,#7318,#7319,
    #7320,#7321,#7322,#7323,#7324,#7325,#7326,#7327,#7328,#7329,#7330,
    #7331,#7332,#7333,#7334,#7335,#7336,#7337,#7338,#7339,#7340,#7341,
    #7342,#7343,#7344,#7345,#7346,#7347,#7348,#7349,#7350,#7351,#7352,
    #7353,#7354,#7355,#7356,#7357,#7358,#7359,#7360,#7361,#7362,#7363,
    #7364,#7365,#7366,#7367,#7368,#7369,#7370,#7371,#7372,#7373,#7374,
    #7375,#7376,#7377,#7378,#7379,#7380,#7381,#7382,#7383,#7384,#7385,
    #7386,#7387,#7388),.UNSPECIFIED.,.T.,.F.,(9,7,7,7,7,7,7,7,7,7,7,7,7,
    7,7,7,7,7,7,7,7,7,7,7,7,7,9),(0.,2.264783801659E-02,
    3.404670506151E-02,5.649565930341E-02,7.827606374032E-02,
    8.941864729632E-02,0.111349880007,0.142327407597,0.169395740628,
    0.192361601074,0.268289599465,0.350454730257,0.387375182839,
    0.445554569917,0.523271966171,0.569790661922,0.589030283958,
    0.620879294856,0.64882418736,0.660535698621,0.711081315758,
    0.774424206496,0.8492160596,0.898809178112,0.939612271089,
    0.967770572016,1.),.UNSPECIFIED.);
#7205 = CARTESIAN_POINT('',(-138.4963898446,-75.,328.96239321882));
#7206 = CARTESIAN_POINT('',(-138.8784417154,-74.29449593555,
    329.13372441053));
#7207 = CARTESIAN_POINT('',(-139.2609371959,-73.57836395702,
    329.28888044281));
#7208 = CARTESIAN_POINT('',(-139.6436013023,-72.85170282744,
    329.4269264323));
#7209 = CARTESIAN_POINT('',(-140.0260926948,-72.1147405617,
    329.54685999333));
#7210 = CARTESIAN_POINT('',(-140.4080063595,-71.36784493031,
    329.6476274025));
#7211 = CARTESIAN_POINT('',(-140.7888763431,-70.61153729926,
    329.72814731664));
#7212 = CARTESIAN_POINT('',(-141.1681785407,-69.84650980581,
    329.78734204403));
#7213 = CARTESIAN_POINT('',(-141.735159147,-68.68465627943,
    329.8427154269));
#7214 = CARTESIAN_POINT('',(-141.9244370368,-68.29368932471,
    329.85558975487));
#7215 = CARTESIAN_POINT('',(-142.1130905441,-67.90086360317,
    329.86266772125));
#7216 = CARTESIAN_POINT('',(-142.3010389142,-67.50631133833,
    329.86382068838));
#7217 = CARTESIAN_POINT('',(-142.4881975592,-67.11017885854,
    329.85892489551));
#7218 = CARTESIAN_POINT('',(-142.6744783165,-66.71262707523,
    329.84786334166));
#7219 = CARTESIAN_POINT('',(-142.8597897076,-66.31383196126,
    329.83052766839));
#7220 = CARTESIAN_POINT('',(-143.4068946139,-65.12652558713,
    329.76013019109));
#7221 = CARTESIAN_POINT('',(-143.7656802112,-64.33486816707,
    329.68871964631));
#7222 = CARTESIAN_POINT('',(-144.119605175,-63.54061389495,
    329.5918375817));
#7223 = CARTESIAN_POINT('',(-144.4678975523,-62.7454740198,
    329.46891256756));
#7224 = CARTESIAN_POINT('',(-144.8098099412,-61.95126811205,
    329.31958584625));
#7225 = CARTESIAN_POINT('',(-145.1446259783,-61.15991996389,
    329.14375031731));
#7226 = CARTESIAN_POINT('',(-145.4716656232,-60.37345119151,
    328.94159523232));
#7227 = CARTESIAN_POINT('',(-146.0994239642,-58.83770745424,
    328.49250618171));
#7228 = CARTESIAN_POINT('',(-146.4007018394,-58.08786239608,
    328.24703830801));
#7229 = CARTESIAN_POINT('',(-146.6935370143,-57.34635940194,
    327.97772164387));
#7230 = CARTESIAN_POINT('',(-146.9774944586,-56.61491771651,
    327.68524776282));
#7231 = CARTESIAN_POINT('',(-147.2522673912,-55.89506682068,
    327.37049568648));
#7232 = CARTESIAN_POINT('',(-147.5176572621,-55.18815814542,
    327.03450022698));
#7233 = CARTESIAN_POINT('',(-147.7735562876,-54.49537547129,
    326.67842413189));
#7234 = CARTESIAN_POINT('',(-148.145975562,-53.47107620189,
    326.11174492674));
#7235 = CARTESIAN_POINT('',(-148.2695348672,-53.1283500908,
    325.91501862267));
#7236 = CARTESIAN_POINT('',(-148.39061084,-52.78968961932,
    325.71351576593));
#7237 = CARTESIAN_POINT('',(-148.5092108132,-52.45520216438,
    325.5073991018));
#7238 = CARTESIAN_POINT('',(-148.6253482542,-52.12497964361,
    325.29683223364));
#7239 = CARTESIAN_POINT('',(-148.7390419503,-51.79909961821,
    325.08197838239));
#7240 = CARTESIAN_POINT('',(-148.8503151944,-51.4776263959,
    324.86299914607));
#7241 = CARTESIAN_POINT('',(-149.1734960502,-50.53665328992,
    324.20124316641));
#7242 = CARTESIAN_POINT('',(-149.3785181663,-49.92998809264,
    323.74708047229));
#7243 = CARTESIAN_POINT('',(-149.5744794911,-49.34098093029,
    323.27875685582));
#7244 = CARTESIAN_POINT('',(-149.7616488861,-48.76982769586,
    322.79742519189));
#7245 = CARTESIAN_POINT('',(-149.9403278426,-48.21658604274,
    322.30417784815));
#7246 = CARTESIAN_POINT('',(-150.1108366274,-47.68120083635,
    321.80002880364));
#7247 = CARTESIAN_POINT('',(-150.2735046289,-47.1635248016,
    321.28589958925));
#7248 = CARTESIAN_POINT('',(-150.6478264049,-45.95682309949,
    320.02346924286));
#7249 = CARTESIAN_POINT('',(-150.851980505,-45.2852895855,
    319.26614745681));
#7250 = CARTESIAN_POINT('',(-151.0420923676,-44.64802314211,
    318.49289036539));
#7251 = CARTESIAN_POINT('',(-151.2190719794,-44.0442180375,
    317.70571478133));
#7252 = CARTESIAN_POINT('',(-151.3837710759,-43.47299760945,
    316.90639857585));
#7253 = CARTESIAN_POINT('',(-151.5369814229,-42.93343838866,
    316.09647176273));
#7254 = CARTESIAN_POINT('',(-151.6794344586,-42.42459422631,
    315.27720774728));
#7255 = CARTESIAN_POINT('',(-151.9274660353,-41.52690311882,
    313.72645944397));
#7256 = CARTESIAN_POINT('',(-152.0354173233,-41.13106009072,
    312.99701987833));
#7257 = CARTESIAN_POINT('',(-152.1361004455,-40.75737736511,
    312.26201266341));
#7258 = CARTESIAN_POINT('',(-152.2299137556,-40.40528354865,
    311.52208565722));
#7259 = CARTESIAN_POINT('',(-152.3172161979,-40.07424213945,
    310.77781952812));
#7260 = CARTESIAN_POINT('',(-152.398332273,-39.76374699552,
    310.02972864652));
#7261 = CARTESIAN_POINT('',(-152.4735554447,-39.47332096309,
    309.27826129582));
#7262 = CARTESIAN_POINT('',(-152.6021967953,-38.97275727489,
    307.88368327349));
#7263 = CARTESIAN_POINT('',(-152.6571902685,-38.75712859473,
    307.24142967862));
#7264 = CARTESIAN_POINT('',(-152.7082910619,-38.5553616827,
    306.59728174278));
#7265 = CARTESIAN_POINT('',(-152.7556440693,-38.36720634986,
    305.95146641007));
#7266 = CARTESIAN_POINT('',(-152.7993796915,-38.19243061271,
    305.30419437007));
#7267 = CARTESIAN_POINT('',(-152.839615102,-38.0308191459,
    304.65566018418));
#7268 = CARTESIAN_POINT('',(-152.876455513,-37.88217173493,
    304.0060424118));
#7269 = CARTESIAN_POINT('',(-153.0208826255,-37.29709854629,
    301.20474175706));
#7270 = CARTESIAN_POINT('',(-153.0956547024,-36.98771573239,
    299.04465850785));
#7271 = CARTESIAN_POINT('',(-153.1378042407,-36.81108416931,
    296.88030240221));
#7272 = CARTESIAN_POINT('',(-153.1493218437,-36.76252721989,
    294.71640215447));
#7273 = CARTESIAN_POINT('',(-153.1312714669,-36.83855448146,
    292.55734520198));
#7274 = CARTESIAN_POINT('',(-153.0838674784,-37.03675022764,
    290.40712098334));
#7275 = CARTESIAN_POINT('',(-153.0065792171,-37.35560684324,
    288.26936903108));
#7276 = CARTESIAN_POINT('',(-152.7805502073,-38.27000296725,
    283.85100580189));
#7277 = CARTESIAN_POINT('',(-152.6266077563,-38.88552760931,
    281.57594136796));
#7278 = CARTESIAN_POINT('',(-152.4346437345,-39.64011195756,
    279.32697689406));
#7279 = CARTESIAN_POINT('',(-152.2021184016,-40.5334751022,
    277.11004039217));
#7280 = CARTESIAN_POINT('',(-151.9256446921,-41.56565661966,
    274.93200814638));
#7281 = CARTESIAN_POINT('',(-151.6009908692,-42.73675503543,
    272.80065554368));
#7282 = CARTESIAN_POINT('',(-151.2231075527,-44.04669163553,
    270.72460695479));
#7283 = CARTESIAN_POINT('',(-150.5896630774,-46.14613318973,
    267.80963160695));
#7284 = CARTESIAN_POINT('',(-150.3813511528,-46.82493537216,
    266.91909107461));
#7285 = CARTESIAN_POINT('',(-150.1605931107,-47.53157357879,
    266.04265702706));
#7286 = CARTESIAN_POINT('',(-149.9268435377,-48.26593144049,
    265.18131222697));
#7287 = CARTESIAN_POINT('',(-149.6795384798,-49.02783533754,
    264.33610760087));
#7288 = CARTESIAN_POINT('',(-149.4181006847,-49.81704441486,
    263.50815623722));
#7289 = CARTESIAN_POINT('',(-149.1419460546,-50.63324163154,
    262.69862731852));
#7290 = CARTESIAN_POINT('',(-148.3912158351,-52.80408835472,
    260.66403258072));
#7291 = CARTESIAN_POINT('',(-147.8939501001,-54.19816435134,
    259.4681035296));
#7292 = CARTESIAN_POINT('',(-147.3564225916,-55.65665168489,
    258.32575466621));
#7293 = CARTESIAN_POINT('',(-146.7764352087,-57.17724597334,
    257.24224562122));
#7294 = CARTESIAN_POINT('',(-146.1519674518,-58.75682442312,
    256.22315643569));
#7295 = CARTESIAN_POINT('',(-145.4813222696,-60.39135261561,
    255.27423771168));
#7296 = CARTESIAN_POINT('',(-144.7633135642,-62.07581425916,
    254.40124830133));
#7297 = CARTESIAN_POINT('',(-142.9744973422,-66.11293409347,
    252.55251924067));
#7298 = CARTESIAN_POINT('',(-141.8656751352,-68.50117456627,
    251.6401967053));
#7299 = CARTESIAN_POINT('',(-140.6706863618,-70.95265083496,
    250.88729216505));
#7300 = CARTESIAN_POINT('',(-139.3913533622,-73.44876843661,
    250.30646422012));
#7301 = CARTESIAN_POINT('',(-138.0322468036,-75.96900305479,
    249.90828268033));
#7302 = CARTESIAN_POINT('',(-136.6012863719,-78.4913972086,249.700937465
    ));
#7303 = CARTESIAN_POINT('',(-135.110212634,-80.99305384798,
    249.69025743477));
#7304 = CARTESIAN_POINT('',(-132.6562407745,-84.92101787169,
    249.99150750394));
#7305 = CARTESIAN_POINT('',(-131.7213945536,-86.3761969826,
    250.17567636524));
#7306 = CARTESIAN_POINT('',(-130.7738194526,-87.8109583411,
    250.43182052417));
#7307 = CARTESIAN_POINT('',(-129.8171708863,-89.22058646249,
    250.76021051656));
#7308 = CARTESIAN_POINT('',(-128.8555079401,-90.60047627387,
    251.16079771102));
#7309 = CARTESIAN_POINT('',(-127.8932933665,-91.94613612454,
    251.63321662424));
#7310 = CARTESIAN_POINT('',(-126.9353780942,-93.25319012967,
    252.17673858907));
#7311 = CARTESIAN_POINT('',(-125.5947052608,-95.04024018023,
    253.04383888371));
#7312 = CARTESIAN_POINT('',(-125.2040763427,-95.55576309901,
    253.30948849751));
#7313 = CARTESIAN_POINT('',(-124.815442762,-96.06364946982,
    253.58700282969));
#7314 = CARTESIAN_POINT('',(-124.4291834297,-96.56360081739,
    253.87628008684));
#7315 = CARTESIAN_POINT('',(-124.045685873,-97.0553236386,
    254.17720273205));
#7316 = CARTESIAN_POINT('',(-123.6653450496,-97.53852993844,
    254.4896355479));
#7317 = CARTESIAN_POINT('',(-123.2885621618,-98.01293776612,
    254.81342369951));
#7318 = CARTESIAN_POINT('',(-122.2985844358,-99.24857935544,
    255.702890815));
#7319 = CARTESIAN_POINT('',(-121.6922480921,-99.99407216704,
    256.28806036308));
#7320 = CARTESIAN_POINT('',(-121.098623718,-100.7134397982,
    256.90306447492));
#7321 = CARTESIAN_POINT('',(-120.5195886641,-101.4054864186,
    257.54692729897));
#7322 = CARTESIAN_POINT('',(-119.9569897951,-102.0691293091,
    258.21852031734));
#7323 = CARTESIAN_POINT('',(-119.4126177802,-102.7034032422,
    258.91654225355));
#7324 = CARTESIAN_POINT('',(-118.8881742312,-103.3074706869,
    259.63949066971));
#7325 = CARTESIAN_POINT('',(-117.943940896,-104.383544963,261.0402970981
    ));
#7326 = CARTESIAN_POINT('',(-117.5191623383,-104.8627093672,
    261.71287934689));
#7327 = CARTESIAN_POINT('',(-117.1119698086,-105.3176477006,
    262.40219244478));
#7328 = CARTESIAN_POINT('',(-116.7232996071,-105.748032334,
    263.10700401608));
#7329 = CARTESIAN_POINT('',(-116.3539465774,-106.1536747175,
    263.82603279826));
#7330 = CARTESIAN_POINT('',(-116.004560674,-106.53451232,264.55795155411
    ));
#7331 = CARTESIAN_POINT('',(-115.675644061,-106.8905991493,
    265.30138896177));
#7332 = CARTESIAN_POINT('',(-115.2384281257,-107.3610295064,
    266.37073452474));
#7333 = CARTESIAN_POINT('',(-115.1129612149,-107.4956444465,
    266.68832139569));
#7334 = CARTESIAN_POINT('',(-114.9911726264,-107.6259581725,
    267.0075911475));
#7335 = CARTESIAN_POINT('',(-114.8730816954,-107.7519882331,
    267.3284448789));
#7336 = CARTESIAN_POINT('',(-114.758702691,-107.8737559195,
    267.65078483397));
#7337 = CARTESIAN_POINT('',(-114.6480450308,-107.9912859579,
    267.97451450081));
#7338 = CARTESIAN_POINT('',(-114.5411134959,-108.1046062023,
    268.29953871009));
#7339 = CARTESIAN_POINT('',(-113.9924865966,-108.6847886322,
    270.03371568605));
#7340 = CARTESIAN_POINT('',(-113.6165377423,-109.0779222626,
    271.46384536654));
#7341 = CARTESIAN_POINT('',(-113.3100155583,-109.3956985744,
    272.90874087684));
#7342 = CARTESIAN_POINT('',(-113.0712740208,-109.6417192922,
    274.36183976947));
#7343 = CARTESIAN_POINT('',(-112.8975625279,-109.820067621,
    275.81751706351));
#7344 = CARTESIAN_POINT('',(-112.7854618023,-109.934960597,
    277.27113956404));
#7345 = CARTESIAN_POINT('',(-112.7312587929,-109.9905145499,
    278.71910374007));
#7346 = CARTESIAN_POINT('',(-112.7312587929,-109.9905145499,
    281.96317005475));
#7347 = CARTESIAN_POINT('',(-112.8163825705,-109.9032697183,
    283.75335377325));
#7348 = CARTESIAN_POINT('',(-112.9791548209,-109.736441282,
    285.52546365869));
#7349 = CARTESIAN_POINT('',(-113.2124465335,-109.4965803288,
    287.27640610952));
#7350 = CARTESIAN_POINT('',(-113.5096511492,-109.1892758602,
    289.00390842184));
#7351 = CARTESIAN_POINT('',(-113.864828967,-108.8192055936,
    290.70647827319));
#7352 = CARTESIAN_POINT('',(-114.2728218037,-108.3901112214,
    292.38336620088));
#7353 = CARTESIAN_POINT('',(-115.2683717546,-107.3315959971,
    295.98412857825));
#7354 = CARTESIAN_POINT('',(-115.8748099319,-106.6802465004,
    297.89697544635));
#7355 = CARTESIAN_POINT('',(-116.5414595138,-105.9553110319,
    299.77294018719));
#7356 = CARTESIAN_POINT('',(-117.2623258543,-105.1599929905,
    301.61152341668));
#7357 = CARTESIAN_POINT('',(-118.0323398977,-104.2964186255,
    303.41204555483));
#7358 = CARTESIAN_POINT('',(-118.847247927,-103.3657548677,
    305.17371883248));
#7359 = CARTESIAN_POINT('',(-119.703603392,-102.3681320354,
    306.8956309361));
#7360 = CARTESIAN_POINT('',(-121.1923860353,-100.5957617188,
    309.69133897987));
#7361 = CARTESIAN_POINT('',(-121.8029443528,-99.85929356877,
    310.78783612263));
#7362 = CARTESIAN_POINT('',(-122.4296615141,-99.09275110791,
    311.86577294343));
#7363 = CARTESIAN_POINT('',(-123.0718103519,-98.2957224514,
    312.92458680542));
#7364 = CARTESIAN_POINT('',(-123.7287363693,-97.46765146651,
    313.96355191336));
#7365 = CARTESIAN_POINT('',(-124.3998553384,-96.60782235917,
    314.98177517755));
#7366 = CARTESIAN_POINT('',(-125.0846605536,-95.71532324752,
    315.97817846815));
#7367 = CARTESIAN_POINT('',(-126.3570893871,-94.02684036612,
    317.75224757506));
#7368 = CARTESIAN_POINT('',(-126.9403789159,-93.24184806787,
    318.53731682181));
#7369 = CARTESIAN_POINT('',(-127.5323879447,-92.43335368348,
    319.30597532478));
#7370 = CARTESIAN_POINT('',(-128.1328921809,-91.60064130023,
    320.05734984283));
#7371 = CARTESIAN_POINT('',(-128.741661571,-90.74293538337,
    320.79039422607));
#7372 = CARTESIAN_POINT('',(-129.3584642797,-89.85938436247,
    321.5038780777));
#7373 = CARTESIAN_POINT('',(-129.9830765013,-88.94902965784,
    322.1963634206));
#7374 = CARTESIAN_POINT('',(-131.0515955689,-87.36325836915,
    323.32840387276));
#7375 = CARTESIAN_POINT('',(-131.4914910542,-86.70250070982,
    323.77980987525));
#7376 = CARTESIAN_POINT('',(-131.9349192144,-86.02812281214,
    324.21983814125));
#7377 = CARTESIAN_POINT('',(-132.3817953013,-85.33976173442,
    324.64785634404));
#7378 = CARTESIAN_POINT('',(-132.8320155814,-84.63705549882,
    325.06314836525));
#7379 = CARTESIAN_POINT('',(-133.2854588666,-83.91964008108,
    325.46491073556));
#7380 = CARTESIAN_POINT('',(-133.7419891553,-83.18714384136,
    325.85224621605));
#7381 = CARTESIAN_POINT('',(-134.7273598145,-81.58307425359,
    326.64983332551));
#7382 = CARTESIAN_POINT('',(-135.257039755,-80.70682197734,
    327.05524319976));
#7383 = CARTESIAN_POINT('',(-135.7903240439,-79.8097742582,
    327.43893164353));
#7384 = CARTESIAN_POINT('',(-136.3269167793,-78.89141519124,
    327.79917539752));
#7385 = CARTESIAN_POINT('',(-136.8664030756,-77.95137499096,
    328.13399217444));
#7386 = CARTESIAN_POINT('',(-137.408253079,-76.98944550844,
    328.44115148017));
#7387 = CARTESIAN_POINT('',(-137.95182824,-76.00559755037,
    328.71818452413));
#7388 = CARTESIAN_POINT('',(-138.4963898446,-75.,328.96239321882));
#7389 = PCURVE('',#5544,#7390);
#7390 = DEFINITIONAL_REPRESENTATION('',(#7391),#7576);
#7391 = B_SPLINE_CURVE_WITH_KNOTS('',8,(#7392,#7393,#7394,#7395,#7396,
    #7397,#7398,#7399,#7400,#7401,#7402,#7403,#7404,#7405,#7406,#7407,
    #7408,#7409,#7410,#7411,#7412,#7413,#7414,#7415,#7416,#7417,#7418,
    #7419,#7420,#7421,#7422,#7423,#7424,#7425,#7426,#7427,#7428,#7429,
    #7430,#7431,#7432,#7433,#7434,#7435,#7436,#7437,#7438,#7439,#7440,
    #7441,#7442,#7443,#7444,#7445,#7446,#7447,#7448,#7449,#7450,#7451,
    #7452,#7453,#7454,#7455,#7456,#7457,#7458,#7459,#7460,#7461,#7462,
    #7463,#7464,#7465,#7466,#7467,#7468,#7469,#7470,#7471,#7472,#7473,
    #7474,#7475,#7476,#7477,#7478,#7479,#7480,#7481,#7482,#7483,#7484,
    #7485,#7486,#7487,#7488,#7489,#7490,#7491,#7492,#7493,#7494,#7495,
    #7496,#7497,#7498,#7499,#7500,#7501,#7502,#7503,#7504,#7505,#7506,
    #7507,#7508,#7509,#7510,#7511,#7512,#7513,#7514,#7515,#7516,#7517,
    #7518,#7519,#7520,#7521,#7522,#7523,#7524,#7525,#7526,#7527,#7528,
    #7529,#7530,#7531,#7532,#7533,#7534,#7535,#7536,#7537,#7538,#7539,
    #7540,#7541,#7542,#7543,#7544,#7545,#7546,#7547,#7548,#7549,#7550,
    #7551,#7552,#7553,#7554,#7555,#7556,#7557,#7558,#7559,#7560,#7561,
    #7562,#7563,#7564,#7565,#7566,#7567,#7568,#7569,#7570,#7571,#7572,
    #7573,#7574,#7575),.UNSPECIFIED.,.F.,.F.,(9,7,7,7,7,7,7,7,7,7,7,7,7,
    7,7,7,7,7,7,7,7,7,7,7,7,7,9),(0.,2.264783801659E-02,
    3.404670506151E-02,5.649565930341E-02,7.827606374032E-02,
    8.941864729632E-02,0.111349880007,0.142327407597,0.169395740628,
    0.192361601074,0.268289599465,0.350454730257,0.387375182839,
    0.445554569917,0.523271966171,0.569790661922,0.589030283958,
    0.620879294856,0.64882418736,0.660535698621,0.711081315758,
    0.774424206496,0.8492160596,0.898809178112,0.939612271089,
    0.967770572016,1.),.UNSPECIFIED.);
#7392 = CARTESIAN_POINT('',(0.,47.825508898393));
#7393 = CARTESIAN_POINT('',(1.857892075421E-02,48.243118940844));
#7394 = CARTESIAN_POINT('',(3.740380031274E-02,48.655613609842));
#7395 = CARTESIAN_POINT('',(5.648175927466E-02,49.062414755907));
#7396 = CARTESIAN_POINT('',(7.581775253095E-02,49.462858788669));
#7397 = CARTESIAN_POINT('',(9.541452454099E-02,49.85620472497));
#7398 = CARTESIAN_POINT('',(0.115272377944,50.241644870621));
#7399 = CARTESIAN_POINT('',(0.135388755507,50.618318135813));
#7400 = CARTESIAN_POINT('',(0.166009481679,51.170044440069));
#7401 = CARTESIAN_POINT('',(0.176325087758,51.352310755891));
#7402 = CARTESIAN_POINT('',(0.186703523435,51.532007871644));
#7403 = CARTESIAN_POINT('',(0.197143603105,51.709015906124));
#7404 = CARTESIAN_POINT('',(0.207643861976,51.883213043981));
#7405 = CARTESIAN_POINT('',(0.218202532283,52.054476422784));
#7406 = CARTESIAN_POINT('',(0.228817519504,52.222683020082));
#7407 = CARTESIAN_POINT('',(0.260497653462,52.712716108066));
#7408 = CARTESIAN_POINT('',(0.28172102729,53.025440441544));
#7409 = CARTESIAN_POINT('',(0.303134167942,53.324885500699));
#7410 = CARTESIAN_POINT('',(0.324712574959,53.610130446575));
#7411 = CARTESIAN_POINT('',(0.346429180293,53.880350248756));
#7412 = CARTESIAN_POINT('',(0.368253765118,54.134835115277));
#7413 = CARTESIAN_POINT('',(0.390152192665,54.37301074518));
#7414 = CARTESIAN_POINT('',(0.433365529427,54.809313124386));
#7415 = CARTESIAN_POINT('',(0.454682893091,55.00846676319));
#7416 = CARTESIAN_POINT('',(0.476002240125,55.191530092088));
#7417 = CARTESIAN_POINT('',(0.497291900672,55.358330848376));
#7418 = CARTESIAN_POINT('',(0.518523139819,55.508881395306));
#7419 = CARTESIAN_POINT('',(0.539669581194,55.64334908337));
#7420 = CARTESIAN_POINT('',(0.560706757319,55.762030312206));
#7421 = CARTESIAN_POINT('',(0.592306539298,55.918174253232));
#7422 = CARTESIAN_POINT('',(0.60296743709,55.966997661901));
#7423 = CARTESIAN_POINT('',(0.613591849257,56.011853824135));
#7424 = CARTESIAN_POINT('',(0.624177448448,56.052805292743));
#7425 = CARTESIAN_POINT('',(0.634722192652,56.089920678603));
#7426 = CARTESIAN_POINT('',(0.645224307058,56.12327346092));
#7427 = CARTESIAN_POINT('',(0.655682265914,56.152940797475));
#7428 = CARTESIAN_POINT('',(0.686589047151,56.2302975878));
#7429 = CARTESIAN_POINT('',(0.70690659662,56.267622567651));
#7430 = CARTESIAN_POINT('',(0.727038603415,56.291589868166));
#7431 = CARTESIAN_POINT('',(0.74697938671,56.302846442727));
#7432 = CARTESIAN_POINT('',(0.766725923152,56.302049212515));
#7433 = CARTESIAN_POINT('',(0.786277521155,56.289845930885));
#7434 = CARTESIAN_POINT('',(0.805635650616,56.266861303945));
#7435 = CARTESIAN_POINT('',(0.851878823875,56.186832106618));
#7436 = CARTESIAN_POINT('',(0.878571420649,56.119654902177));
#7437 = CARTESIAN_POINT('',(0.904894567366,56.033832115354));
#7438 = CARTESIAN_POINT('',(0.930862234158,55.930908644557));
#7439 = CARTESIAN_POINT('',(0.956489761096,55.812292926997));
#7440 = CARTESIAN_POINT('',(0.98179417086,55.679252274756));
#7441 = CARTESIAN_POINT('',(1.006794545253,55.532909545209));
#7442 = CARTESIAN_POINT('',(1.053111119502,55.235595830597));
#7443 = CARTESIAN_POINT('',(1.074491864108,55.08755383458));
#7444 = CARTESIAN_POINT('',(1.095667921223,54.930777748609));
#7445 = CARTESIAN_POINT('',(1.116651524682,54.765863483093));
#7446 = CARTESIAN_POINT('',(1.137454283066,54.593346935743));
#7447 = CARTESIAN_POINT('',(1.158087478254,54.413708962379));
#7448 = CARTESIAN_POINT('',(1.178562299749,54.227378650794));
#7449 = CARTESIAN_POINT('',(1.216136864332,53.871288203539));
#7450 = CARTESIAN_POINT('',(1.233277337015,53.70330149796));
#7451 = CARTESIAN_POINT('',(1.250318045911,53.531008967102));
#7452 = CARTESIAN_POINT('',(1.267265205069,53.354624386076));
#7453 = CARTESIAN_POINT('',(1.28412471034,53.174342351616));
#7454 = CARTESIAN_POINT('',(1.300902220177,52.990339514755));
#7455 = CARTESIAN_POINT('',(1.317603236454,52.802775813497));
#7456 = CARTESIAN_POINT('',(1.389213869751,51.980391653908));
#7457 = CARTESIAN_POINT('',(1.443398677097,51.311862440299));
#7458 = CARTESIAN_POINT('',(1.497005697594,50.611216665039));
#7459 = CARTESIAN_POINT('',(1.550198077557,49.881942198688));
#7460 = CARTESIAN_POINT('',(1.603118268697,49.126539424479));
#7461 = CARTESIAN_POINT('',(1.655897907188,48.346574250832));
#7462 = CARTESIAN_POINT('',(1.708668534031,47.542792812912));
#7463 = CARTESIAN_POINT('',(1.818823275287,45.819225795433));
#7464 = CARTESIAN_POINT('',(1.876159065247,44.896449346394));
#7465 = CARTESIAN_POINT('',(1.933741282237,43.946871019941));
#7466 = CARTESIAN_POINT('',(1.991702271976,42.970131740319));
#7467 = CARTESIAN_POINT('',(2.05016090609,41.965400534858));
#7468 = CARTESIAN_POINT('',(2.109230068275,40.931360210465));
#7469 = CARTESIAN_POINT('',(2.1690236426,39.866215610566));
#7470 = CARTESIAN_POINT('',(2.256918792664,38.273992225113));
#7471 = CARTESIAN_POINT('',(2.284337680134,37.773660246267));
#7472 = CARTESIAN_POINT('',(2.311934932907,37.266457444557));
#7473 = CARTESIAN_POINT('',(2.339719583212,36.752207423738));
#7474 = CARTESIAN_POINT('',(2.3676999614,36.230739678423));
#7475 = CARTESIAN_POINT('',(2.395883815269,35.701892467501));
#7476 = CARTESIAN_POINT('',(2.424278413927,35.165516802612));
#7477 = CARTESIAN_POINT('',(2.497977882859,33.764188771235));
#7478 = CARTESIAN_POINT('',(2.543605308149,32.887880004022));
#7479 = CARTESIAN_POINT('',(2.589798777038,31.992063048879));
#7480 = CARTESIAN_POINT('',(2.636575717101,31.076471266168));
#7481 = CARTESIAN_POINT('',(2.68394664163,30.141114493785));
#7482 = CARTESIAN_POINT('',(2.731915684585,29.186364846919));
#7483 = CARTESIAN_POINT('',(2.780480147354,28.213077401506));
#7484 = CARTESIAN_POINT('',(2.895283329437,25.89983741945));
#7485 = CARTESIAN_POINT('',(2.962013338243,24.545852689482));
#7486 = CARTESIAN_POINT('',(3.029738933108,23.16542203843));
#7487 = CARTESIAN_POINT('',(3.098386264819,21.764587402243));
#7488 = CARTESIAN_POINT('',(3.167886963868,20.351258890849));
#7489 = CARTESIAN_POINT('',(3.238171088899,18.935679692407));
#7490 = CARTESIAN_POINT('',(3.309163142321,17.530875918293));
#7491 = CARTESIAN_POINT('',(3.423592243211,15.327930262136));
#7492 = CARTESIAN_POINT('',(3.466660096839,14.512451627155));
#7493 = CARTESIAN_POINT('',(3.509932432666,13.709628759102));
#7494 = CARTESIAN_POINT('',(3.553394173894,12.922989152897));
#7495 = CARTESIAN_POINT('',(3.5970303055,12.156330468345));
#7496 = CARTESIAN_POINT('',(3.640824409211,11.413721318318));
#7497 = CARTESIAN_POINT('',(3.684756423222,10.699470865947));
#7498 = CARTESIAN_POINT('',(3.747014060772,9.736216264527));
#7499 = CARTESIAN_POINT('',(3.765248236373,9.460002671712));
#7500 = CARTESIAN_POINT('',(3.783499158593,9.189722055399));
#7501 = CARTESIAN_POINT('',(3.801764603553,8.925695660048));
#7502 = CARTESIAN_POINT('',(3.820042113827,8.668247442187));
#7503 = CARTESIAN_POINT('',(3.838328949965,8.417702293561));
#7504 = CARTESIAN_POINT('',(3.856622042019,8.174384264284));
#7505 = CARTESIAN_POINT('',(3.905204725644,7.548325170671));
#7506 = CARTESIAN_POINT('',(3.935501167782,7.178695155469));
#7507 = CARTESIAN_POINT('',(3.965789403867,6.831214506105));
#7508 = CARTESIAN_POINT('',(3.996050717693,6.507313594152));
#7509 = CARTESIAN_POINT('',(4.026264930981,6.20834192891));
#7510 = CARTESIAN_POINT('',(4.056409708153,5.935537126208));
#7511 = CARTESIAN_POINT('',(4.086459775369,5.689984314137));
#7512 = CARTESIAN_POINT('',(4.142643906449,5.281799232112));
#7513 = CARTESIAN_POINT('',(4.168808871607,5.112674633156));
#7514 = CARTESIAN_POINT('',(4.194860892979,4.965797782257));
#7515 = CARTESIAN_POINT('',(4.220781237857,4.841627016603));
#7516 = CARTESIAN_POINT('',(4.246552039284,4.740471027326));
#7517 = CARTESIAN_POINT('',(4.272155924534,4.662486629857));
#7518 = CARTESIAN_POINT('',(4.297575729947,4.607676684467));
#7519 = CARTESIAN_POINT('',(4.33336323134,4.562565819064));
#7520 = CARTESIAN_POINT('',(4.343897088397,4.553286595939));
#7521 = CARTESIAN_POINT('',(4.35439474169,4.548039444366));
#7522 = CARTESIAN_POINT('',(4.364855131308,4.54680870711));
#7523 = CARTESIAN_POINT('',(4.375277264876,4.549574358277));
#7524 = CARTESIAN_POINT('',(4.385660213421,4.556312238646));
#7525 = CARTESIAN_POINT('',(4.39600310725,4.566994291017));
#7526 = CARTESIAN_POINT('',(4.450767556679,4.644577100063));
#7527 = CARTESIAN_POINT('',(4.494462717669,4.780433894168));
#7528 = CARTESIAN_POINT('',(4.537329807738,4.986580629238));
#7529 = CARTESIAN_POINT('',(4.579337386156,5.259226059697));
#7530 = CARTESIAN_POINT('',(4.62047507808,5.59386160845));
#7531 = CARTESIAN_POINT('',(4.660750136243,5.985689559822));
#7532 = CARTESIAN_POINT('',(4.700186708144,6.429988306829));
#7533 = CARTESIAN_POINT('',(4.787247306585,7.539524332734));
#7534 = CARTESIAN_POINT('',(4.834382945622,8.231793410454));
#7535 = CARTESIAN_POINT('',(4.880342826457,8.99084657003));
#7536 = CARTESIAN_POINT('',(4.925227635528,9.808926658818));
#7537 = CARTESIAN_POINT('',(4.969135129538,10.679048231522));
#7538 = CARTESIAN_POINT('',(5.0121639677,11.595119390556));
#7539 = CARTESIAN_POINT('',(5.054416785776,12.552036697844));
#7540 = CARTESIAN_POINT('',(5.145109155844,14.71908090475));
#7541 = CARTESIAN_POINT('',(5.193264231968,15.943178544872));
#7542 = CARTESIAN_POINT('',(5.240651119503,17.211241967197));
#7543 = CARTESIAN_POINT('',(5.287422792773,18.517467247576));
#7544 = CARTESIAN_POINT('',(5.333720251285,19.856858601808));
#7545 = CARTESIAN_POINT('',(5.379681135069,21.225149410506));
#7546 = CARTESIAN_POINT('',(5.425446714306,22.618788946191));
#7547 = CARTESIAN_POINT('',(5.501493920352,24.973975475935));
#7548 = CARTESIAN_POINT('',(5.531791922379,25.922736731317));
#7549 = CARTESIAN_POINT('',(5.562110823703,26.880334329055));
#7550 = CARTESIAN_POINT('',(5.592493275131,27.845892522212));
#7551 = CARTESIAN_POINT('',(5.6229822103,28.818548048354));
#7552 = CARTESIAN_POINT('',(5.653622255644,29.797446458));
#7553 = CARTESIAN_POINT('',(5.684461492303,30.781742861692));
#7554 = CARTESIAN_POINT('',(5.741134799318,32.58420221721));
#7555 = CARTESIAN_POINT('',(5.766885164905,33.400824579526));
#7556 = CARTESIAN_POINT('',(5.792835020773,34.220027786641));
#7557 = CARTESIAN_POINT('',(5.819015263007,35.041302406499));
#7558 = CARTESIAN_POINT('',(5.845457914347,35.864074455131));
#7559 = CARTESIAN_POINT('',(5.872197116419,36.687705258197));
#7560 = CARTESIAN_POINT('',(5.899270529628,37.511492689925));
#7561 = CARTESIAN_POINT('',(5.945664865585,38.902752810575));
#7562 = CARTESIAN_POINT('',(5.964787108741,39.470509297696));
#7563 = CARTESIAN_POINT('',(5.984102018581,40.037693998353));
#7564 = CARTESIAN_POINT('',(6.003623905414,40.604011006635));
#7565 = CARTESIAN_POINT('',(6.023367432984,41.169117918175));
#7566 = CARTESIAN_POINT('',(6.043347900458,41.732626050783));
#7567 = CARTESIAN_POINT('',(6.063581614902,42.294100730709));
#7568 = CARTESIAN_POINT('',(6.107555668651,43.492837125475));
#7569 = CARTESIAN_POINT('',(6.131376832307,44.129231800208));
#7570 = CARTESIAN_POINT('',(6.155578445321,44.761584287765));
#7571 = CARTESIAN_POINT('',(6.180187180835,45.389027141963));
#7572 = CARTESIAN_POINT('',(6.205228244311,46.0104925157));
#7573 = CARTESIAN_POINT('',(6.23072584069,46.624719635209));
#7574 = CARTESIAN_POINT('',(6.256703649397,47.230264084274));
#7575 = CARTESIAN_POINT('',(6.28318530718,47.825508898393));
#7576 = ( GEOMETRIC_REPRESENTATION_CONTEXT(2) 
PARAMETRIC_REPRESENTATION_CONTEXT() REPRESENTATION_CONTEXT('2D SPACE',''
  ) );
#7577 = PCURVE('',#6320,#7578);
#7578 = DEFINITIONAL_REPRESENTATION('',(#7579),#7764);
#7579 = B_SPLINE_CURVE_WITH_KNOTS('',8,(#7580,#7581,#7582,#7583,#7584,
    #7585,#7586,#7587,#7588,#7589,#7590,#7591,#7592,#7593,#7594,#7595,
    #7596,#7597,#7598,#7599,#7600,#7601,#7602,#7603,#7604,#7605,#7606,
    #7607,#7608,#7609,#7610,#7611,#7612,#7613,#7614,#7615,#7616,#7617,
    #7618,#7619,#7620,#7621,#7622,#7623,#7624,#7625,#7626,#7627,#7628,
    #7629,#7630,#7631,#7632,#7633,#7634,#7635,#7636,#7637,#7638,#7639,
    #7640,#7641,#7642,#7643,#7644,#7645,#7646,#7647,#7648,#7649,#7650,
    #7651,#7652,#7653,#7654,#7655,#7656,#7657,#7658,#7659,#7660,#7661,
    #7662,#7663,#7664,#7665,#7666,#7667,#7668,#7669,#7670,#7671,#7672,
    #7673,#7674,#7675,#7676,#7677,#7678,#7679,#7680,#7681,#7682,#7683,
    #7684,#7685,#7686,#7687,#7688,#7689,#7690,#7691,#7692,#7693,#7694,
    #7695,#7696,#7697,#7698,#7699,#7700,#7701,#7702,#7703,#7704,#7705,
    #7706,#7707,#7708,#7709,#7710,#7711,#7712,#7713,#7714,#7715,#7716,
    #7717,#7718,#7719,#7720,#7721,#7722,#7723,#7724,#7725,#7726,#7727,
    #7728,#7729,#7730,#7731,#7732,#7733,#7734,#7735,#7736,#7737,#7738,
    #7739,#7740,#7741,#7742,#7743,#7744,#7745,#7746,#7747,#7748,#7749,
    #7750,#7751,#7752,#7753,#7754,#7755,#7756,#7757,#7758,#7759,#7760,
    #7761,#7762,#7763),.UNSPECIFIED.,.T.,.F.,(9,7,7,7,7,7,7,7,7,7,7,7,7,
    7,7,7,7,7,7,7,7,7,7,7,7,7,9),(0.,2.264783801659E-02,
    3.404670506151E-02,5.649565930341E-02,7.827606374032E-02,
    8.941864729632E-02,0.111349880007,0.142327407597,0.169395740628,
    0.192361601074,0.268289599465,0.350454730257,0.387375182839,
    0.445554569917,0.523271966171,0.569790661922,0.589030283958,
    0.620879294856,0.64882418736,0.660535698621,0.711081315758,
    0.774424206496,0.8492160596,0.898809178112,0.939612271089,
    0.967770572016,1.),.UNSPECIFIED.);
#7580 = CARTESIAN_POINT('',(0.496317362125,123.41040670266));
#7581 = CARTESIAN_POINT('',(0.491223337182,123.58173789436));
#7582 = CARTESIAN_POINT('',(0.486068634072,123.73689392665));
#7583 = CARTESIAN_POINT('',(0.480854434043,123.87493991613));
#7584 = CARTESIAN_POINT('',(0.475582820784,123.99487347716));
#7585 = CARTESIAN_POINT('',(0.470256830242,124.09564088634));
#7586 = CARTESIAN_POINT('',(0.464880521877,124.17616080047));
#7587 = CARTESIAN_POINT('',(0.459459071366,124.23535552787));
#7588 = CARTESIAN_POINT('',(0.451250722159,124.29072891073));
#7589 = CARTESIAN_POINT('',(0.448492801783,124.3036032387));
#7590 = CARTESIAN_POINT('',(0.445725982235,124.31068120509));
#7591 = CARTESIAN_POINT('',(0.442951210241,124.31183417221));
#7592 = CARTESIAN_POINT('',(0.440169522949,124.30693837934));
#7593 = CARTESIAN_POINT('',(0.437382050229,124.2958768255));
#7594 = CARTESIAN_POINT('',(0.434590016971,124.27854115222));
#7595 = CARTESIAN_POINT('',(0.426289731287,124.20814367493));
#7596 = CARTESIAN_POINT('',(0.420771329147,124.13673313014));
#7597 = CARTESIAN_POINT('',(0.415250613778,124.03985106553));
#7598 = CARTESIAN_POINT('',(0.409739244448,123.91692605139));
#7599 = CARTESIAN_POINT('',(0.404249445846,123.76759933008));
#7600 = CARTESIAN_POINT('',(0.398793979285,123.59176380114));
#7601 = CARTESIAN_POINT('',(0.393386104151,123.38960871616));
#7602 = CARTESIAN_POINT('',(0.382852180765,122.94051966555));
#7603 = CARTESIAN_POINT('',(0.377721438613,122.69505179184));
#7604 = CARTESIAN_POINT('',(0.372659793835,122.4257351277));
#7605 = CARTESIAN_POINT('',(0.367678202862,122.13326124666));
#7606 = CARTESIAN_POINT('',(0.362786227731,121.81850917031));
#7607 = CARTESIAN_POINT('',(0.357992158189,121.48251371082));
#7608 = CARTESIAN_POINT('',(0.35330311603,121.12643761573));
#7609 = CARTESIAN_POINT('',(0.346383107003,120.55975841058));
#7610 = CARTESIAN_POINT('',(0.344069981132,120.3630321065));
#7611 = CARTESIAN_POINT('',(0.341786483151,120.16152924977));
#7612 = CARTESIAN_POINT('',(0.339533220359,119.95541258564));
#7613 = CARTESIAN_POINT('',(0.337310696527,119.74484571747));
#7614 = CARTESIAN_POINT('',(0.335119320185,119.52999186622));
#7615 = CARTESIAN_POINT('',(0.332959412905,119.3110126299));
#7616 = CARTESIAN_POINT('',(0.326642427195,118.64925665024));
#7617 = CARTESIAN_POINT('',(0.322576620569,118.19509395612));
#7618 = CARTESIAN_POINT('',(0.318635423723,117.72677033965));
#7619 = CARTESIAN_POINT('',(0.314819374358,117.24543867572));
#7620 = CARTESIAN_POINT('',(0.311128137311,116.75219133198));
#7621 = CARTESIAN_POINT('',(0.307560682258,116.24804228748));
#7622 = CARTESIAN_POINT('',(0.304115423693,115.73391307309));
#7623 = CARTESIAN_POINT('',(0.296093669974,114.4714827267));
#7624 = CARTESIAN_POINT('',(0.291637357499,113.71416094064));
#7625 = CARTESIAN_POINT('',(0.287415102666,112.94090384922));
#7626 = CARTESIAN_POINT('',(0.28342021751,112.15372826516));
#7627 = CARTESIAN_POINT('',(0.279645741865,111.35441205968));
#7628 = CARTESIAN_POINT('',(0.276084577542,110.54448524657));
#7629 = CARTESIAN_POINT('',(0.272729623995,109.72522123111));
#7630 = CARTESIAN_POINT('',(0.26681644008,108.1744729278));
#7631 = CARTESIAN_POINT('',(0.26421138221,107.44503336217));
#7632 = CARTESIAN_POINT('',(0.261754201228,106.71002614724));
#7633 = CARTESIAN_POINT('',(0.259440709456,105.97009914106));
#7634 = CARTESIAN_POINT('',(0.257267009709,105.22583301196));
#7635 = CARTESIAN_POINT('',(0.255229455771,104.47774213035));
#7636 = CARTESIAN_POINT('',(0.253324635822,103.72627477966));
#7637 = CARTESIAN_POINT('',(0.250043179471,102.33169675733));
#7638 = CARTESIAN_POINT('',(0.248630287088,101.68944316246));
#7639 = CARTESIAN_POINT('',(0.247308782711,101.04529522662));
#7640 = CARTESIAN_POINT('',(0.24607689624,100.3994798939));
#7641 = CARTESIAN_POINT('',(0.244932994329,99.752207853913));
#7642 = CARTESIAN_POINT('',(0.243875568307,99.103673668014));
#7643 = CARTESIAN_POINT('',(0.242903222097,98.454055895639));
#7644 = CARTESIAN_POINT('',(0.239076963474,95.652755240897));
#7645 = CARTESIAN_POINT('',(0.237056097996,93.492671991688));
#7646 = CARTESIAN_POINT('',(0.235903135462,91.328315886052));
#7647 = CARTESIAN_POINT('',(0.235586281319,89.164415638307));
#7648 = CARTESIAN_POINT('',(0.236082415812,87.005358685819));
#7649 = CARTESIAN_POINT('',(0.237376293811,84.855134467183));
#7650 = CARTESIAN_POINT('',(0.239459383257,82.717382514916));
#7651 = CARTESIAN_POINT('',(0.245439814552,78.299019285728));
#7652 = CARTESIAN_POINT('',(0.249468263856,76.023954851797));
#7653 = CARTESIAN_POINT('',(0.25441180931,73.774990377901));
#7654 = CARTESIAN_POINT('',(0.260272748856,71.558053876006));
#7655 = CARTESIAN_POINT('',(0.267056905545,69.380021630219));
#7656 = CARTESIAN_POINT('',(0.274772260328,67.248669027517));
#7657 = CARTESIAN_POINT('',(0.283427823313,65.172620438625));
#7658 = CARTESIAN_POINT('',(0.297351137374,62.257645090793));
#7659 = CARTESIAN_POINT('',(0.301859319818,61.367104558451));
#7660 = CARTESIAN_POINT('',(0.306559654079,60.490670510894));
#7661 = CARTESIAN_POINT('',(0.311452601157,59.629325710813));
#7662 = CARTESIAN_POINT('',(0.316538363243,58.78412108471));
#7663 = CARTESIAN_POINT('',(0.321816823323,57.956169721054));
#7664 = CARTESIAN_POINT('',(0.32728748894,57.146640802364));
#7665 = CARTESIAN_POINT('',(0.3418715639,55.112046064562));
#7666 = CARTESIAN_POINT('',(0.35126863555,53.916117013436));
#7667 = CARTESIAN_POINT('',(0.361136846747,52.773768150051));
#7668 = CARTESIAN_POINT('',(0.371468482089,51.690259105055));
#7669 = CARTESIAN_POINT('',(0.382251155672,50.671169919526));
#7670 = CARTESIAN_POINT('',(0.393467015308,49.722251195519));
#7671 = CARTESIAN_POINT('',(0.405091914366,48.849261785166));
#7672 = CARTESIAN_POINT('',(0.433127956412,47.000532724511));
#7673 = CARTESIAN_POINT('',(0.44984342611,46.088210189136));
#7674 = CARTESIAN_POINT('',(0.467153882257,45.335305648891));
#7675 = CARTESIAN_POINT('',(0.484955223916,44.754477703962));
#7676 = CARTESIAN_POINT('',(0.503127018663,44.356296164165));
#7677 = CARTESIAN_POINT('',(0.521532797359,44.148950948842));
#7678 = CARTESIAN_POINT('',(0.540019650394,44.138270918604));
#7679 = CARTESIAN_POINT('',(0.569426059239,44.439520987775));
#7680 = CARTESIAN_POINT('',(0.580406712778,44.623689849077));
#7681 = CARTESIAN_POINT('',(0.591322277407,44.879834008008));
#7682 = CARTESIAN_POINT('',(0.602137051384,45.208224000403));
#7683 = CARTESIAN_POINT('',(0.612814387897,45.608811194855));
#7684 = CARTESIAN_POINT('',(0.623316571319,46.081230108084));
#7685 = CARTESIAN_POINT('',(0.633604761061,46.624752072913));
#7686 = CARTESIAN_POINT('',(0.647789165898,47.491852367547));
#7687 = CARTESIAN_POINT('',(0.651895807873,47.757501981352));
#7688 = CARTESIAN_POINT('',(0.655956171402,48.035016313527));
#7689 = CARTESIAN_POINT('',(0.659967396052,48.324293570678));
#7690 = CARTESIAN_POINT('',(0.663926603141,48.625216215888));
#7691 = CARTESIAN_POINT('',(0.667830902176,48.937649031741));
#7692 = CARTESIAN_POINT('',(0.671677397304,49.261437183349));
#7693 = CARTESIAN_POINT('',(0.681730150145,50.150904298838));
#7694 = CARTESIAN_POINT('',(0.687831183473,50.73607384692));
#7695 = CARTESIAN_POINT('',(0.693752675614,51.351077958761));
#7696 = CARTESIAN_POINT('',(0.699481539848,51.994940782812));
#7697 = CARTESIAN_POINT('',(0.70500528014,52.666533801181));
#7698 = CARTESIAN_POINT('',(0.710312114914,53.36455573739));
#7699 = CARTESIAN_POINT('',(0.715391165323,54.08750415355));
#7700 = CARTESIAN_POINT('',(0.72448076426,55.488310581941));
#7701 = CARTESIAN_POINT('',(0.728546362855,56.160892830728));
#7702 = CARTESIAN_POINT('',(0.732422817425,56.850205928622));
#7703 = CARTESIAN_POINT('',(0.736104717682,57.555017499918));
#7704 = CARTESIAN_POINT('',(0.739587872092,58.274046282095));
#7705 = CARTESIAN_POINT('',(0.742869266549,59.005965037945));
#7706 = CARTESIAN_POINT('',(0.745947039011,59.749402445608));
#7707 = CARTESIAN_POINT('',(0.750024705238,60.818748008579));
#7708 = CARTESIAN_POINT('',(0.751193081003,61.136334879528));
#7709 = CARTESIAN_POINT('',(0.75232555646,61.455604631339));
#7710 = CARTESIAN_POINT('',(0.753422131648,61.776458362735));
#7711 = CARTESIAN_POINT('',(0.754482845326,62.09879831781));
#7712 = CARTESIAN_POINT('',(0.7555077727,62.422527984646));
#7713 = CARTESIAN_POINT('',(0.756497023145,62.747552193926));
#7714 = CARTESIAN_POINT('',(0.761566867899,64.481729169892));
#7715 = CARTESIAN_POINT('',(0.765020522626,65.911858850375));
#7716 = CARTESIAN_POINT('',(0.767823776555,67.356754360677));
#7717 = CARTESIAN_POINT('',(0.770000386484,68.809853253313));
#7718 = CARTESIAN_POINT('',(0.771581119588,70.26553054735));
#7719 = CARTESIAN_POINT('',(0.772600299649,71.719153047879));
#7720 = CARTESIAN_POINT('',(0.773093098334,73.167117223909));
#7721 = CARTESIAN_POINT('',(0.773093098334,76.411183538591));
#7722 = CARTESIAN_POINT('',(0.7723191796,78.201367257092));
#7723 = CARTESIAN_POINT('',(0.770839302293,79.973477142532));
#7724 = CARTESIAN_POINT('',(0.768714851287,81.724419593359));
#7725 = CARTESIAN_POINT('',(0.766000513061,83.451921905677));
#7726 = CARTESIAN_POINT('',(0.762743828563,85.154491757033));
#7727 = CARTESIAN_POINT('',(0.75898453122,86.831379684719));
#7728 = CARTESIAN_POINT('',(0.749758336551,90.432142062087));
#7729 = CARTESIAN_POINT('',(0.744107888125,92.344988930192));
#7730 = CARTESIAN_POINT('',(0.737854999087,94.220953671029));
#7731 = CARTESIAN_POINT('',(0.731040164106,96.059536900523));
#7732 = CARTESIAN_POINT('',(0.723694577831,97.860059038669));
#7733 = CARTESIAN_POINT('',(0.71584110707,99.621732316323));
#7734 = CARTESIAN_POINT('',(0.707493896346,101.34364441993));
#7735 = CARTESIAN_POINT('',(0.692797478643,104.1393524637));
#7736 = CARTESIAN_POINT('',(0.686723678227,105.23584960647));
#7737 = CARTESIAN_POINT('',(0.680437373017,106.31378642727));
#7738 = CARTESIAN_POINT('',(0.673939128339,107.37260028925));
#7739 = CARTESIAN_POINT('',(0.667228405637,108.41156539719));
#7740 = CARTESIAN_POINT('',(0.660303479919,109.42978866138));
#7741 = CARTESIAN_POINT('',(0.653161208091,110.42619195198));
#7742 = CARTESIAN_POINT('',(0.639737403801,112.2002610589));
#7743 = CARTESIAN_POINT('',(0.633528165851,112.98533030564));
#7744 = CARTESIAN_POINT('',(0.627166100678,113.75398880862));
#7745 = CARTESIAN_POINT('',(0.620648025099,114.50536332666));
#7746 = CARTESIAN_POINT('',(0.613970395063,115.2384077099));
#7747 = CARTESIAN_POINT('',(0.607129193283,115.95189156154));
#7748 = CARTESIAN_POINT('',(0.600119715856,116.64437690444));
#7749 = CARTESIAN_POINT('',(0.587978938231,117.7764173566));
#7750 = CARTESIAN_POINT('',(0.582939055342,118.22782335909));
#7751 = CARTESIAN_POINT('',(0.577814736909,118.66785162508));
#7752 = CARTESIAN_POINT('',(0.572604160905,119.09586982787));
#7753 = CARTESIAN_POINT('',(0.567305548487,119.51116184908));
#7754 = CARTESIAN_POINT('',(0.561917139024,119.9129242194));
#7755 = CARTESIAN_POINT('',(0.556437147212,120.30025969988));
#7756 = CARTESIAN_POINT('',(0.544484448671,121.09784680934));
#7757 = CARTESIAN_POINT('',(0.537983638914,121.5032566836));
#7758 = CARTESIAN_POINT('',(0.531357951843,121.88694512737));
#7759 = CARTESIAN_POINT('',(0.524605121452,122.24718888135));
#7760 = CARTESIAN_POINT('',(0.517723993977,122.58200565827));
#7761 = CARTESIAN_POINT('',(0.510714591708,122.889164964));
#7762 = CARTESIAN_POINT('',(0.503578183519,123.16619800796));
#7763 = CARTESIAN_POINT('',(0.496317362125,123.41040670266));
#7764 = ( GEOMETRIC_REPRESENTATION_CONTEXT(2) 
PARAMETRIC_REPRESENTATION_CONTEXT() REPRESENTATION_CONTEXT('2D SPACE',''
  ) );
#7765 = ORIENTED_EDGE('',*,*,#7179,.T.);
#7766 = ADVANCED_FACE('',(#7767),#5880,.F.);
#7767 = FACE_BOUND('',#7768,.F.);
#7768 = EDGE_LOOP('',(#7769,#7770,#7793,#7991));
#7769 = ORIENTED_EDGE('',*,*,#5746,.F.);
#7770 = ORIENTED_EDGE('',*,*,#7771,.F.);
#7771 = EDGE_CURVE('',#7772,#5747,#7774,.T.);
#7772 = VERTEX_POINT('',#7773);
#7773 = CARTESIAN_POINT('',(-111.9549964865,-110.7805432452,
    336.55198651616));
#7774 = SEAM_CURVE('',#7775,(#7779,#7786),.PCURVE_S1.);
#7775 = LINE('',#7776,#7777);
#7776 = CARTESIAN_POINT('',(-101.0529247586,-99.53108257084,
    336.55198651616));
#7777 = VECTOR('',#7778,1.);
#7778 = DIRECTION('',(-0.695932085054,-0.718107605441,0.));
#7779 = PCURVE('',#5880,#7780);
#7780 = DEFINITIONAL_REPRESENTATION('',(#7781),#7785);
#7781 = LINE('',#7782,#7783);
#7782 = CARTESIAN_POINT('',(6.28318530718,-0.));
#7783 = VECTOR('',#7784,1.);
#7784 = DIRECTION('',(0.,1.));
#7785 = ( GEOMETRIC_REPRESENTATION_CONTEXT(2) 
PARAMETRIC_REPRESENTATION_CONTEXT() REPRESENTATION_CONTEXT('2D SPACE',''
  ) );
#7786 = PCURVE('',#5880,#7787);
#7787 = DEFINITIONAL_REPRESENTATION('',(#7788),#7792);
#7788 = LINE('',#7789,#7790);
#7789 = CARTESIAN_POINT('',(0.,-0.));
#7790 = VECTOR('',#7791,1.);
#7791 = DIRECTION('',(0.,1.));
#7792 = ( GEOMETRIC_REPRESENTATION_CONTEXT(2) 
PARAMETRIC_REPRESENTATION_CONTEXT() REPRESENTATION_CONTEXT('2D SPACE',''
  ) );
#7793 = ORIENTED_EDGE('',*,*,#7794,.T.);
#7794 = EDGE_CURVE('',#7772,#7772,#7795,.T.);
#7795 = SURFACE_CURVE('',#7796,(#7859,#7925),.PCURVE_S1.);
#7796 = B_SPLINE_CURVE_WITH_KNOTS('',7,(#7797,#7798,#7799,#7800,#7801,
    #7802,#7803,#7804,#7805,#7806,#7807,#7808,#7809,#7810,#7811,#7812,
    #7813,#7814,#7815,#7816,#7817,#7818,#7819,#7820,#7821,#7822,#7823,
    #7824,#7825,#7826,#7827,#7828,#7829,#7830,#7831,#7832,#7833,#7834,
    #7835,#7836,#7837,#7838,#7839,#7840,#7841,#7842,#7843,#7844,#7845,
    #7846,#7847,#7848,#7849,#7850,#7851,#7852,#7853,#7854,#7855,#7856,
    #7857,#7858),.UNSPECIFIED.,.T.,.F.,(8,6,6,6,6,6,6,6,6,6,8),(0.,
    0.121838688173,0.224255523794,0.309296587322,0.41650187189,
    0.531426517382,0.643352460634,0.737762070165,0.822920867773,
    0.90535646946,1.),.UNSPECIFIED.);
#7797 = CARTESIAN_POINT('',(-111.9549964865,-110.7805432452,
    336.55198651616));
#7798 = CARTESIAN_POINT('',(-111.9549964865,-110.7805432452,
    336.24817385766));
#7799 = CARTESIAN_POINT('',(-111.9320394584,-110.8037436508,
    335.94462086893));
#7800 = CARTESIAN_POINT('',(-111.8861932862,-110.8500758879,
    335.64322983404));
#7801 = CARTESIAN_POINT('',(-111.8169409058,-110.9200018213,
    335.34608175477));
#7802 = CARTESIAN_POINT('',(-111.7232896299,-111.0144047017,
    335.05580753929));
#7803 = CARTESIAN_POINT('',(-111.603886311,-111.1344486105,334.776041397
    ));
#7804 = CARTESIAN_POINT('',(-111.33387787,-111.4048836372,334.2901623231
    ));
#7805 = CARTESIAN_POINT('',(-111.1901950467,-111.5484742476,
    334.0774639428));
#7806 = CARTESIAN_POINT('',(-111.025552878,-111.7125490103,
    333.87915401482));
#7807 = CARTESIAN_POINT('',(-110.8399359347,-111.8968824929,
    333.70073333839));
#7808 = CARTESIAN_POINT('',(-110.6339024968,-112.1006263984,
    333.54800887522));
#7809 = CARTESIAN_POINT('',(-110.4087230972,-112.322208808,
    333.42717857093));
#7810 = CARTESIAN_POINT('',(-109.9656592996,-112.7558551731,
    333.27677889651));
#7811 = CARTESIAN_POINT('',(-109.755047112,-112.9611709813,
    333.23589279489));
#7812 = CARTESIAN_POINT('',(-109.5393180016,-113.1705395011,
    333.22620430648));
#7813 = CARTESIAN_POINT('',(-109.3235321486,-113.378976103,
    333.24902705096));
#7814 = CARTESIAN_POINT('',(-109.1128501147,-113.5815469413,
    333.3031728448));
#7815 = CARTESIAN_POINT('',(-108.9120795586,-113.7737914534,
    333.38498589479));
#7816 = CARTESIAN_POINT('',(-108.4896840678,-114.1768121925,333.61870435
    ));
#7817 = CARTESIAN_POINT('',(-108.2754556635,-114.3801290255,
    333.78376683469));
#7818 = CARTESIAN_POINT('',(-108.0837049632,-114.561276684,
    333.97574225967));
#7819 = CARTESIAN_POINT('',(-107.9146495479,-114.720386197,
    334.18832911471));
#7820 = CARTESIAN_POINT('',(-107.7679682002,-114.8580255168,
    334.41632204926));
#7821 = CARTESIAN_POINT('',(-107.6430249761,-114.9749948906,
    334.6553930273));
#7822 = CARTESIAN_POINT('',(-107.42746243,-115.1764455827,
    335.16633607134));
#7823 = CARTESIAN_POINT('',(-107.3394586821,-115.2584518734,
    335.44052462024));
#7824 = CARTESIAN_POINT('',(-107.2739884009,-115.3193440279,
    335.72117176298));
#7825 = CARTESIAN_POINT('',(-107.2302671568,-115.3599639657,
    336.00583053267));
#7826 = CARTESIAN_POINT('',(-107.207797649,-115.3808347947,
    336.29259915299));
#7827 = CARTESIAN_POINT('',(-107.2064348216,-115.3821090046,
    336.57979224157));
#7828 = CARTESIAN_POINT('',(-107.2459116696,-115.3454166287,
    337.14409129615));
#7829 = CARTESIAN_POINT('',(-107.2856278718,-115.3084946259,
    337.42093263742));
#7830 = CARTESIAN_POINT('',(-107.3457422042,-115.2525793831,
    337.69469422771));
#7831 = CARTESIAN_POINT('',(-107.4267980615,-115.1770968778,
    337.96358481669));
#7832 = CARTESIAN_POINT('',(-107.5296294653,-115.0811577878,
    338.22527658121));
#7833 = CARTESIAN_POINT('',(-107.6552382072,-114.9636536969,
    338.47658707785));
#7834 = CARTESIAN_POINT('',(-107.930622616,-114.7051026486,
    338.91246412175));
#7835 = CARTESIAN_POINT('',(-108.0745150853,-114.5697023926,
    339.10286463361));
#7836 = CARTESIAN_POINT('',(-108.2364605382,-114.4168925116,
    339.27980199092));
#7837 = CARTESIAN_POINT('',(-108.4160920541,-114.24682455,
    339.43869988825));
#7838 = CARTESIAN_POINT('',(-108.612523835,-114.0601085901,
    339.57484102005));
#7839 = CARTESIAN_POINT('',(-108.8242992475,-113.8578899911,
    339.68332347352));
#7840 = CARTESIAN_POINT('',(-109.252206629,-113.44727607,339.82719413581
    ));
#7841 = CARTESIAN_POINT('',(-109.4640256526,-113.2432055531,
    339.86808023743));
#7842 = CARTESIAN_POINT('',(-109.6800558467,-113.0341477108,
    339.87776872585));
#7843 = CARTESIAN_POINT('',(-109.8951563603,-112.8250039316,
    339.85494598137));
#7844 = CARTESIAN_POINT('',(-110.104233954,-112.6207775285,
    339.80080018751));
#7845 = CARTESIAN_POINT('',(-110.3026795048,-112.4261339259,
    339.71898713753));
#7846 = CARTESIAN_POINT('',(-110.6648928934,-112.0695943554,
    339.51552032965));
#7847 = CARTESIAN_POINT('',(-110.8359521403,-111.9005650549,
    339.39163602516));
#7848 = CARTESIAN_POINT('',(-110.9979921665,-111.7398529807,
    339.24504875013));
#7849 = CARTESIAN_POINT('',(-111.1492651105,-111.5893056578,
    339.07722897809));
#7850 = CARTESIAN_POINT('',(-111.288188968,-111.4506310044,
    338.89000352423));
#7851 = CARTESIAN_POINT('',(-111.4133750262,-111.325353217,
    338.68551791886));
#7852 = CARTESIAN_POINT('',(-111.6503276984,-111.0877423101,
    338.21434801472));
#7853 = CARTESIAN_POINT('',(-111.7536717051,-110.9837737316,
    337.95027315508));
#7854 = CARTESIAN_POINT('',(-111.8349302193,-110.901836691,
    337.6778673937));
#7855 = CARTESIAN_POINT('',(-111.8951329173,-110.8410413363,
    337.3999204773));
#7856 = CARTESIAN_POINT('',(-111.9350270861,-110.8007244059,
    337.11851118548));
#7857 = CARTESIAN_POINT('',(-111.9549964865,-110.7805432452,
    336.8353412877));
#7858 = CARTESIAN_POINT('',(-111.9549964865,-110.7805432452,
    336.55198651616));
#7859 = PCURVE('',#5880,#7860);
#7860 = DEFINITIONAL_REPRESENTATION('',(#7861),#7924);
#7861 = B_SPLINE_CURVE_WITH_KNOTS('',7,(#7862,#7863,#7864,#7865,#7866,
    #7867,#7868,#7869,#7870,#7871,#7872,#7873,#7874,#7875,#7876,#7877,
    #7878,#7879,#7880,#7881,#7882,#7883,#7884,#7885,#7886,#7887,#7888,
    #7889,#7890,#7891,#7892,#7893,#7894,#7895,#7896,#7897,#7898,#7899,
    #7900,#7901,#7902,#7903,#7904,#7905,#7906,#7907,#7908,#7909,#7910,
    #7911,#7912,#7913,#7914,#7915,#7916,#7917,#7918,#7919,#7920,#7921,
    #7922,#7923),.UNSPECIFIED.,.F.,.F.,(8,6,6,6,6,6,6,6,6,6,8),(0.,
    0.121838688173,0.224255523794,0.309296587322,0.41650187189,
    0.531426517382,0.643352460634,0.737762070165,0.822920867773,
    0.90535646946,1.),.UNSPECIFIED.);
#7862 = CARTESIAN_POINT('',(0.,15.665424776362));
#7863 = CARTESIAN_POINT('',(9.206444196992E-02,15.665424776362));
#7864 = CARTESIAN_POINT('',(0.184050086052,15.66610863169));
#7865 = CARTESIAN_POINT('',(0.276655744702,15.667474341317));
#7866 = CARTESIAN_POINT('',(0.370513396566,15.669493732404));
#7867 = CARTESIAN_POINT('',(0.466281287932,15.672110231138));
#7868 = CARTESIAN_POINT('',(0.564632035392,15.67521807435));
#7869 = CARTESIAN_POINT('',(0.751942643269,15.681511986447));
#7870 = CARTESIAN_POINT('',(0.840654253865,15.684632009058));
#7871 = CARTESIAN_POINT('',(0.93244765181,15.687875576218));
#7872 = CARTESIAN_POINT('',(1.027356726388,15.691070065674));
#7873 = CARTESIAN_POINT('',(1.125515314606,15.693994833764));
#7874 = CARTESIAN_POINT('',(1.227180229984,15.696405278176));
#7875 = CARTESIAN_POINT('',(1.420494891909,15.699467718545));
#7876 = CARTESIAN_POINT('',(1.510032926301,15.700334783098));
#7877 = CARTESIAN_POINT('',(1.600357599122,15.700551099946));
#7878 = CARTESIAN_POINT('',(1.69058990972,15.700058710434));
#7879 = CARTESIAN_POINT('',(1.779888749702,15.698905982887));
#7880 = CARTESIAN_POINT('',(1.867300602402,15.697235557402));
#7881 = CARTESIAN_POINT('',(2.057860001731,15.692689240676));
#7882 = CARTESIAN_POINT('',(2.159534672408,15.689604184732));
#7883 = CARTESIAN_POINT('',(2.257317978444,15.68624223128));
#7884 = CARTESIAN_POINT('',(2.351685179759,15.682848895052));
#7885 = CARTESIAN_POINT('',(2.443040753276,15.679608481272));
#7886 = CARTESIAN_POINT('',(2.531708534248,15.676653079716));
#7887 = CARTESIAN_POINT('',(2.710492233654,15.671299461648));
#7888 = CARTESIAN_POINT('',(2.800671106692,15.668944170915));
#7889 = CARTESIAN_POINT('',(2.889155871014,15.667108420892));
#7890 = CARTESIAN_POINT('',(2.97649026901,15.665850890612));
#7891 = CARTESIAN_POINT('',(3.063187198747,15.665201140213));
#7892 = CARTESIAN_POINT('',(3.149768313119,15.665167724661));
#7893 = CARTESIAN_POINT('',(3.321545848609,15.666291855662));
#7894 = CARTESIAN_POINT('',(3.406618901227,15.66741766406));
#7895 = CARTESIAN_POINT('',(3.492560385017,15.669099995605));
#7896 = CARTESIAN_POINT('',(3.579879318929,15.671304806266));
#7897 = CARTESIAN_POINT('',(3.669105310213,15.673973889327));
#7898 = CARTESIAN_POINT('',(3.760786507766,15.677008461686));
#7899 = CARTESIAN_POINT('',(3.935558624324,15.682989833272));
#7900 = CARTESIAN_POINT('',(4.01836786795,15.6858972658));
#7901 = CARTESIAN_POINT('',(4.103904285263,15.688866364846));
#7902 = CARTESIAN_POINT('',(4.192153656563,15.691750603548));
#7903 = CARTESIAN_POINT('',(4.283185641447,15.694371631531));
#7904 = CARTESIAN_POINT('',(4.377164881598,15.696538222016));
#7905 = CARTESIAN_POINT('',(4.562087545503,15.699467718545));
#7906 = CARTESIAN_POINT('',(4.651625579887,15.700334783098));
#7907 = CARTESIAN_POINT('',(4.741950252708,15.700551099946));
#7908 = CARTESIAN_POINT('',(4.832182563313,15.700058710434));
#7909 = CARTESIAN_POINT('',(4.921481403296,15.698905982887));
#7910 = CARTESIAN_POINT('',(5.008893255988,15.697235557402));
#7911 = CARTESIAN_POINT('',(5.174787355621,15.693277698999));
#7912 = CARTESIAN_POINT('',(5.256390218134,15.690942091075));
#7913 = CARTESIAN_POINT('',(5.33798713762,15.688302381587));
#7914 = CARTESIAN_POINT('',(5.419584804955,15.685468899408));
#7915 = CARTESIAN_POINT('',(5.501186864503,15.682567145917));
#7916 = CARTESIAN_POINT('',(5.58278876724,15.679725208484));
#7917 = CARTESIAN_POINT('',(5.758068627234,15.673997976285));
#7918 = CARTESIAN_POINT('',(5.849016839925,15.671257759494));
#7919 = CARTESIAN_POINT('',(5.937877630413,15.668968554665));
#7920 = CARTESIAN_POINT('',(6.02520341679,15.667207937187));
#7921 = CARTESIAN_POINT('',(6.111510418679,15.666019674924));
#7922 = CARTESIAN_POINT('',(6.197320224894,15.665424776362));
#7923 = CARTESIAN_POINT('',(6.28318530718,15.665424776362));
#7924 = ( GEOMETRIC_REPRESENTATION_CONTEXT(2) 
PARAMETRIC_REPRESENTATION_CONTEXT() REPRESENTATION_CONTEXT('2D SPACE',''
  ) );
#7925 = PCURVE('',#6320,#7926);
#7926 = DEFINITIONAL_REPRESENTATION('',(#7927),#7990);
#7927 = B_SPLINE_CURVE_WITH_KNOTS('',7,(#7928,#7929,#7930,#7931,#7932,
    #7933,#7934,#7935,#7936,#7937,#7938,#7939,#7940,#7941,#7942,#7943,
    #7944,#7945,#7946,#7947,#7948,#7949,#7950,#7951,#7952,#7953,#7954,
    #7955,#7956,#7957,#7958,#7959,#7960,#7961,#7962,#7963,#7964,#7965,
    #7966,#7967,#7968,#7969,#7970,#7971,#7972,#7973,#7974,#7975,#7976,
    #7977,#7978,#7979,#7980,#7981,#7982,#7983,#7984,#7985,#7986,#7987,
    #7988,#7989),.UNSPECIFIED.,.T.,.F.,(8,6,6,6,6,6,6,6,6,6,8),(0.,
    0.121838688173,0.224255523794,0.309296587322,0.41650187189,
    0.531426517382,0.643352460634,0.737762070165,0.822920867773,
    0.90535646946,1.),.UNSPECIFIED.);
#7928 = CARTESIAN_POINT('',(0.780125352608,131.));
#7929 = CARTESIAN_POINT('',(0.780125352608,130.69618734149));
#7930 = CARTESIAN_POINT('',(0.780332582372,130.39263435276));
#7931 = CARTESIAN_POINT('',(0.780746429268,130.09124331787));
#7932 = CARTESIAN_POINT('',(0.781371286841,129.79409523861));
#7933 = CARTESIAN_POINT('',(0.782215574684,129.50382102312));
#7934 = CARTESIAN_POINT('',(0.78329059096,129.22405488084));
#7935 = CARTESIAN_POINT('',(0.785716948801,128.73817580693));
#7936 = CARTESIAN_POINT('',(0.787006681305,128.52547742664));
#7937 = CARTESIAN_POINT('',(0.788482477887,128.32716749866));
#7938 = CARTESIAN_POINT('',(0.790143399708,128.14874682223));
#7939 = CARTESIAN_POINT('',(0.79198314322,127.99602235905));
#7940 = CARTESIAN_POINT('',(0.793988967929,127.87519205476));
#7941 = CARTESIAN_POINT('',(0.797925243901,127.72479238035));
#7942 = CARTESIAN_POINT('',(0.799792728227,127.68390627872));
#7943 = CARTESIAN_POINT('',(0.801701438063,127.67421779031));
#7944 = CARTESIAN_POINT('',(0.803606289891,127.69704053479));
#7945 = CARTESIAN_POINT('',(0.805461966817,127.75118632864));
#7946 = CARTESIAN_POINT('',(0.807226846703,127.83299937863));
#7947 = CARTESIAN_POINT('',(0.810933628795,128.06671783383));
#7948 = CARTESIAN_POINT('',(0.812808859412,128.23178031852));
#7949 = CARTESIAN_POINT('',(0.814483682045,128.4237557435));
#7950 = CARTESIAN_POINT('',(0.815957673668,128.63634259855));
#7951 = CARTESIAN_POINT('',(0.81723479418,128.86433553309));
#7952 = CARTESIAN_POINT('',(0.818321466392,129.10340651113));
#7953 = CARTESIAN_POINT('',(0.820194746897,129.61434955518));
#7954 = CARTESIAN_POINT('',(0.820958492346,129.88853810408));
#7955 = CARTESIAN_POINT('',(0.821526176987,130.16918524682));
#7956 = CARTESIAN_POINT('',(0.821905088342,130.4538440165));
#7957 = CARTESIAN_POINT('',(0.822099799965,130.74061263682));
#7958 = CARTESIAN_POINT('',(0.82211164576,131.0278057254));
#7959 = CARTESIAN_POINT('',(0.821769450516,131.59210477998));
#7960 = CARTESIAN_POINT('',(0.82142514956,131.86894612125));
#7961 = CARTESIAN_POINT('',(0.820903886032,132.14270771155));
#7962 = CARTESIAN_POINT('',(0.820200651523,132.41159830053));
#7963 = CARTESIAN_POINT('',(0.819307722602,132.67329006505));
#7964 = CARTESIAN_POINT('',(0.818215646731,132.92460056169));
#7965 = CARTESIAN_POINT('',(0.815817316774,133.36047760559));
#7966 = CARTESIAN_POINT('',(0.814562834725,133.55087811744));
#7967 = CARTESIAN_POINT('',(0.813149126665,133.72781547475));
#7968 = CARTESIAN_POINT('',(0.811578545062,133.88671337208));
#7969 = CARTESIAN_POINT('',(0.809857831162,134.02285450389));
#7970 = CARTESIAN_POINT('',(0.807998687859,134.13133695735));
#7971 = CARTESIAN_POINT('',(0.804233289873,134.27520761965));
#7972 = CARTESIAN_POINT('',(0.802365805548,134.31609372126));
#7973 = CARTESIAN_POINT('',(0.800457095712,134.32578220968));
#7974 = CARTESIAN_POINT('',(0.798552243884,134.3029594652));
#7975 = CARTESIAN_POINT('',(0.796696566958,134.24881367135));
#7976 = CARTESIAN_POINT('',(0.794931687072,134.16700062137));
#7977 = CARTESIAN_POINT('',(0.791704697063,133.96353381348));
#7978 = CARTESIAN_POINT('',(0.790177822423,133.83964950899));
#7979 = CARTESIAN_POINT('',(0.78872879683,133.69306223397));
#7980 = CARTESIAN_POINT('',(0.78737375371,133.52524246193));
#7981 = CARTESIAN_POINT('',(0.786127457777,133.33801700806));
#7982 = CARTESIAN_POINT('',(0.785002984109,133.13353140269));
#7983 = CARTESIAN_POINT('',(0.782872397139,132.66236149855));
#7984 = CARTESIAN_POINT('',(0.781941650417,132.39828663892));
#7985 = CARTESIAN_POINT('',(0.781208967185,132.12588087753));
#7986 = CARTESIAN_POINT('',(0.780665731811,131.84793396113));
#7987 = CARTESIAN_POINT('',(0.780305613756,131.56652466932));
#7988 = CARTESIAN_POINT('',(0.780125352608,131.28335477154));
#7989 = CARTESIAN_POINT('',(0.780125352608,131.));
#7990 = ( GEOMETRIC_REPRESENTATION_CONTEXT(2) 
PARAMETRIC_REPRESENTATION_CONTEXT() REPRESENTATION_CONTEXT('2D SPACE',''
  ) );
#7991 = ORIENTED_EDGE('',*,*,#7771,.T.);
#7992 = ADVANCED_FACE('',(#7993,#7996,#7999,#8002,#8005,#8008),#6320,.F.
  );
#7993 = FACE_BOUND('',#7994,.F.);
#7994 = EDGE_LOOP('',(#7995));
#7995 = ORIENTED_EDGE('',*,*,#5978,.T.);
#7996 = FACE_BOUND('',#7997,.F.);
#7997 = EDGE_LOOP('',(#7998));
#7998 = ORIENTED_EDGE('',*,*,#6524,.F.);
#7999 = FACE_BOUND('',#8000,.F.);
#8000 = EDGE_LOOP('',(#8001));
#8001 = ORIENTED_EDGE('',*,*,#6750,.F.);
#8002 = FACE_BOUND('',#8003,.F.);
#8003 = EDGE_LOOP('',(#8004));
#8004 = ORIENTED_EDGE('',*,*,#6976,.F.);
#8005 = FACE_BOUND('',#8006,.F.);
#8006 = EDGE_LOOP('',(#8007));
#8007 = ORIENTED_EDGE('',*,*,#7202,.F.);
#8008 = FACE_BOUND('',#8009,.F.);
#8009 = EDGE_LOOP('',(#8010));
#8010 = ORIENTED_EDGE('',*,*,#7794,.F.);
#8011 = ( GEOMETRIC_REPRESENTATION_CONTEXT(3) 
GLOBAL_UNCERTAINTY_ASSIGNED_CONTEXT((#8015)) 
GLOBAL_UNIT_ASSIGNED_CONTEXT((#8012,#8013,#8014)) REPRESENTATION_CONTEXT
('Context #1','3D Context with UNIT and UNCERTAINTY') );
#8012 = ( LENGTH_UNIT() NAMED_UNIT(*) SI_UNIT(.MILLI.,.METRE.) );
#8013 = ( NAMED_UNIT(*) PLANE_ANGLE_UNIT() SI_UNIT($,.RADIAN.) );
#8014 = ( NAMED_UNIT(*) SI_UNIT($,.STERADIAN.) SOLID_ANGLE_UNIT() );
#8015 = UNCERTAINTY_MEASURE_WITH_UNIT(LENGTH_MEASURE(2.E-07),#8012,
  'distance_accuracy_value','confusion accuracy');
#8016 = PRODUCT_RELATED_PRODUCT_CATEGORY('part',$,(#7));
ENDSEC;
END-ISO-10303-21;
