ISO-10303-21;
HEADER;
FILE_DESCRIPTION(('Open CASCADE Model'),'2;1');
FILE_NAME('Open CASCADE Shape Model','2026-10-01T16:37:40',('Author'),(
    'Open CASCADE'),'Open CASCADE STEP processor 8.0','build123d',
  'Unknown');
FILE_SCHEMA(('AUTOMOTIVE_DESIGN { 1 0 10303 214 1 1 1 1 }'));
ENDSEC;
DATA;
#1 = APPLICATION_PROTOCOL_DEFINITION('international standard',
  'automotive_design',2000,#2);
#2 = APPLICATION_CONTEXT(
  'core data for automotive mechanical design processes');
#3 = SHAPE_DEFINITION_REPRESENTATION(#4,#10);
#4 = PRODUCT_DEFINITION_SHAPE('','',#5);
#5 = PRODUCT_DEFINITION('design','',#6,#9);
#6 = PRODUCT_DEFINITION_FORMATION('','',#7);
#7 = PRODUCT('SOLID','SOLID','',(#8));
#8 = PRODUCT_CONTEXT('',#2,'mechanical');
#9 = PRODUCT_DEFINITION_CONTEXT('part definition',#2,'design');
#10 = ADVANCED_BREP_SHAPE_REPRESENTATION('',(#11,#15),#10787);
#11 = AXIS2_PLACEMENT_3D('',#12,#13,#14);
#12 = CARTESIAN_POINT('',(0.,0.,0.));
#13 = DIRECTION('',(0.,0.,1.));
#14 = DIRECTION('',(1.,0.,-0.));
#15 = MANIFOLD_SOLID_BREP('',#16);
#16 = CLOSED_SHELL('',(#17,#591,#688,#2227,#2255,#2310,#2365,#2420,#6849
    ,#7274,#7699,#8124,#8129,#8554,#8558,#8593,#8597,#9228,#9886,#10569,
    #10620,#10677,#10728,#10780));
#17 = ADVANCED_FACE('',(#18),#31,.T.);
#18 = FACE_BOUND('',#19,.T.);
#19 = EDGE_LOOP('',(#20,#54,#77,#207,#236,#590));
#20 = ORIENTED_EDGE('',*,*,#21,.T.);
#21 = EDGE_CURVE('',#22,#22,#24,.T.);
#22 = VERTEX_POINT('',#23);
#23 = CARTESIAN_POINT('',(106.87443327593,75.,311.09622429512));
#24 = SURFACE_CURVE('',#25,(#30,#42),.PCURVE_S1.);
#25 = CIRCLE('',#26,32.);
#26 = AXIS2_PLACEMENT_3D('',#27,#28,#29);
#27 = CARTESIAN_POINT('',(117.81907786235,75.,281.02606042997));
#28 = DIRECTION('',(0.939692620786,0.,0.342020143326));
#29 = DIRECTION('',(-0.342020143326,0.,0.939692620786));
#30 = PCURVE('',#31,#36);
#31 = CONICAL_SURFACE('',#32,32.,7.768764192955E-02);
#32 = AXIS2_PLACEMENT_3D('',#33,#34,#35);
#33 = CARTESIAN_POINT('',(117.81907786235,75.,281.02606042997));
#34 = DIRECTION('',(0.939692620786,0.,0.342020143326));
#35 = DIRECTION('',(-0.342020143326,0.,0.939692620786));
#36 = DEFINITIONAL_REPRESENTATION('',(#37),#41);
#37 = LINE('',#38,#39);
#38 = CARTESIAN_POINT('',(0.,0.));
#39 = VECTOR('',#40,1.);
#40 = DIRECTION('',(1.,0.));
#41 = ( GEOMETRIC_REPRESENTATION_CONTEXT(2) 
PARAMETRIC_REPRESENTATION_CONTEXT() REPRESENTATION_CONTEXT('2D SPACE',''
  ) );
#42 = PCURVE('',#43,#48);
#43 = PLANE('',#44);
#44 = AXIS2_PLACEMENT_3D('',#45,#46,#47);
#45 = CARTESIAN_POINT('',(117.81907786235,75.,281.02606042997));
#46 = DIRECTION('',(0.939692620786,0.,0.342020143326));
#47 = DIRECTION('',(-0.342020143326,0.,0.939692620786));
#48 = DEFINITIONAL_REPRESENTATION('',(#49),#53);
#49 = CIRCLE('',#50,32.);
#50 = AXIS2_PLACEMENT_2D('',#51,#52);
#51 = CARTESIAN_POINT('',(0.,0.));
#52 = DIRECTION('',(1.,0.));
#53 = ( GEOMETRIC_REPRESENTATION_CONTEXT(2) 
PARAMETRIC_REPRESENTATION_CONTEXT() REPRESENTATION_CONTEXT('2D SPACE',''
  ) );
#54 = ORIENTED_EDGE('',*,*,#55,.T.);
#55 = EDGE_CURVE('',#22,#56,#58,.T.);
#56 = VERTEX_POINT('',#57);
#57 = CARTESIAN_POINT('',(140.7666508801,75.,326.50693075154));
#58 = SEAM_CURVE('',#59,(#63,#70),.PCURVE_S1.);
#59 = LINE('',#60,#61);
#60 = CARTESIAN_POINT('',(106.87443327593,75.,311.09622429512));
#61 = VECTOR('',#62,1.);
#62 = DIRECTION('',(0.910314331396,1.900885002608E-17,0.413917646465));
#63 = PCURVE('',#31,#64);
#64 = DEFINITIONAL_REPRESENTATION('',(#65),#69);
#65 = LINE('',#66,#67);
#66 = CARTESIAN_POINT('',(0.,-0.));
#67 = VECTOR('',#68,1.);
#68 = DIRECTION('',(0.,1.));
#69 = ( GEOMETRIC_REPRESENTATION_CONTEXT(2) 
PARAMETRIC_REPRESENTATION_CONTEXT() REPRESENTATION_CONTEXT('2D SPACE',''
  ) );
#70 = PCURVE('',#31,#71);
#71 = DEFINITIONAL_REPRESENTATION('',(#72),#76);
#72 = LINE('',#73,#74);
#73 = CARTESIAN_POINT('',(6.28318530718,-0.));
#74 = VECTOR('',#75,1.);
#75 = DIRECTION('',(0.,1.));
#76 = ( GEOMETRIC_REPRESENTATION_CONTEXT(2) 
PARAMETRIC_REPRESENTATION_CONTEXT() REPRESENTATION_CONTEXT('2D SPACE',''
  ) );
#77 = ORIENTED_EDGE('',*,*,#78,.F.);
#78 = EDGE_CURVE('',#79,#56,#81,.T.);
#79 = VERTEX_POINT('',#80);
#80 = CARTESIAN_POINT('',(118.35995820253,106.91665115544,
    285.38761270904));
#81 = SURFACE_CURVE('',#82,(#120,#161),.PCURVE_S1.);
#82 = B_SPLINE_CURVE_WITH_KNOTS('',8,(#83,#84,#85,#86,#87,#88,#89,#90,
    #91,#92,#93,#94,#95,#96,#97,#98,#99,#100,#101,#102,#103,#104,#105,
    #106,#107,#108,#109,#110,#111,#112,#113,#114,#115,#116,#117,#118,
    #119),.UNSPECIFIED.,.F.,.F.,(9,7,7,7,7,9),(0.,0.186676783043,
    0.493600321559,0.795929838994,0.890273998516,1.),.UNSPECIFIED.);
#83 = CARTESIAN_POINT('',(118.31424783974,106.96723217002,279.6655920983
    ));
#84 = CARTESIAN_POINT('',(118.22734153666,107.06335743822,
    281.12698547447));
#85 = CARTESIAN_POINT('',(118.20145830836,107.09180923981,
    282.58056127779));
#86 = CARTESIAN_POINT('',(118.23213927889,107.05795333425,
    284.02434879284));
#87 = CARTESIAN_POINT('',(118.31528005192,106.96629119526,
    285.45657689525));
#88 = CARTESIAN_POINT('',(118.44707390267,106.82067089287,
    286.87568562254));
#89 = CARTESIAN_POINT('',(118.62398167758,106.62443092802,
    288.28033231857));
#90 = CARTESIAN_POINT('',(118.84272840175,106.38047701961,
    289.66939235191));
#91 = CARTESIAN_POINT('',(119.52385515198,105.61582973336,
    293.29864426583));
#92 = CARTESIAN_POINT('',(120.05217679996,105.01835711617,
    295.50951226402));
#93 = CARTESIAN_POINT('',(120.67228220525,104.30961789528,
    297.67310278127));
#94 = CARTESIAN_POINT('',(121.37359899053,103.49689588749,
    299.78749876716));
#95 = CARTESIAN_POINT('',(122.1472047196,102.58534716513,301.85086409752
    ));
#96 = CARTESIAN_POINT('',(122.98582145839,101.57803259824,
    303.86143793229));
#97 = CARTESIAN_POINT('',(123.88371252726,100.47597318147,
    305.81756247061));
#98 = CARTESIAN_POINT('',(125.77591175348,98.096614376481,
    309.58876864618));
#99 = CARTESIAN_POINT('',(126.76750034249,96.823536199952,311.4033791032
    ));
#100 = CARTESIAN_POINT('',(127.80795286597,95.456435646916,
    313.16010197238));
#101 = CARTESIAN_POINT('',(128.8941597778,93.992282127082,
    314.85524420657));
#102 = CARTESIAN_POINT('',(130.02323318312,92.427088051886,
    316.48297705738));
#103 = CARTESIAN_POINT('',(131.19260208435,90.755374926198,
    318.03497503342));
#104 = CARTESIAN_POINT('',(132.39996584178,88.970205497371,
    319.50045550607));
#105 = CARTESIAN_POINT('',(134.03281298052,86.463641293957,
    321.28930364723));
#106 = CARTESIAN_POINT('',(134.42469715046,85.855419250108,
    321.70472541017));
#107 = CARTESIAN_POINT('',(134.82005423156,85.234827270129,
    322.10961523599));
#108 = CARTESIAN_POINT('',(135.2188100914,84.601563674304,
    322.50340304565));
#109 = CARTESIAN_POINT('',(135.62087455062,83.955329568223,
    322.8854455465));
#110 = CARTESIAN_POINT('',(136.02614260778,83.295826570846,
    323.25502349004));
#111 = CARTESIAN_POINT('',(136.43449661226,82.622752455415,
    323.61133657206));
#112 = CARTESIAN_POINT('',(137.32418246313,81.136835576197,
    324.35144093948));
#113 = CARTESIAN_POINT('',(137.80649416212,80.319202796072,
    324.73018782241));
#114 = CARTESIAN_POINT('',(138.29258472412,79.482342737969,
    325.08838185174));
#115 = CARTESIAN_POINT('',(138.78218598392,78.6258296755,325.42441992788
    ));
#116 = CARTESIAN_POINT('',(139.27492236237,77.749378973128,
    325.73646281641));
#117 = CARTESIAN_POINT('',(139.77031381715,76.852862133038,
    326.02244693766));
#118 = CARTESIAN_POINT('',(140.2677807514,75.93632369654,326.28009575352
    ));
#119 = CARTESIAN_POINT('',(140.7666508801,75.,326.50693075154));
#120 = PCURVE('',#31,#121);
#121 = DEFINITIONAL_REPRESENTATION('',(#122),#160);
#122 = B_SPLINE_CURVE_WITH_KNOTS('',8,(#123,#124,#125,#126,#127,#128,
    #129,#130,#131,#132,#133,#134,#135,#136,#137,#138,#139,#140,#141,
    #142,#143,#144,#145,#146,#147,#148,#149,#150,#151,#152,#153,#154,
    #155,#156,#157,#158,#159),.UNSPECIFIED.,.F.,.F.,(9,7,7,7,7,9),(0.,
    0.186676783043,0.493600321559,0.795929838994,0.890273998516,1.),
  .UNSPECIFIED.);
#123 = CARTESIAN_POINT('',(4.667130401188,-6.703154517144E-13));
#124 = CARTESIAN_POINT('',(4.711064671108,0.418160760264));
#125 = CARTESIAN_POINT('',(4.753920400079,0.890990686215));
#126 = CARTESIAN_POINT('',(4.795804625619,1.413625780649));
#127 = CARTESIAN_POINT('',(4.83680492836,1.981603412417));
#128 = CARTESIAN_POINT('',(4.87699636268,2.590812891733));
#129 = CARTESIAN_POINT('',(4.916446591571,3.237469286677));
#130 = CARTESIAN_POINT('',(4.955219225728,3.918110480887));
#131 = CARTESIAN_POINT('',(5.056109562654,5.79943752166));
#132 = CARTESIAN_POINT('',(5.117143254422,7.052058865281));
#133 = CARTESIAN_POINT('',(5.176821125465,8.374758877572));
#134 = CARTESIAN_POINT('',(5.235411494871,9.756947103633));
#135 = CARTESIAN_POINT('',(5.293159560925,11.189611204699));
#136 = CARTESIAN_POINT('',(5.350302996927,12.66530991692));
#137 = CARTESIAN_POINT('',(5.407090998526,14.178085523575));
#138 = CARTESIAN_POINT('',(5.519688533261,17.245999650185));
#139 = CARTESIAN_POINT('',(5.575436051071,18.798421458723));
#140 = CARTESIAN_POINT('',(5.631347661483,20.376961624829));
#141 = CARTESIAN_POINT('',(5.68768342268,21.977435034391));
#142 = CARTESIAN_POINT('',(5.744698928893,23.595134404653));
#143 = CARTESIAN_POINT('',(5.802679166203,25.224796302302));
#144 = CARTESIAN_POINT('',(5.861951653149,26.86057095707));
#145 = CARTESIAN_POINT('',(5.94206506113,29.006767461839));
#146 = CARTESIAN_POINT('',(5.961288932685,29.517100735439));
#147 = CARTESIAN_POINT('',(5.980696136322,30.027095343384));
#148 = CARTESIAN_POINT('',(6.000300275647,30.536486645465));
#149 = CARTESIAN_POINT('',(6.020115249331,31.044969881779));
#150 = CARTESIAN_POINT('',(6.040155512654,31.552200385751));
#151 = CARTESIAN_POINT('',(6.060436418604,32.057793881808));
#152 = CARTESIAN_POINT('',(6.104861403356,33.146955712513));
#153 = CARTESIAN_POINT('',(6.129093053704,33.729719520152));
#154 = CARTESIAN_POINT('',(6.153697767121,34.309004807546));
#155 = CARTESIAN_POINT('',(6.17870165882,34.884011289477));
#156 = CARTESIAN_POINT('',(6.204129255067,35.453756981754));
#157 = CARTESIAN_POINT('',(6.230003954655,36.017085006347));
#158 = CARTESIAN_POINT('',(6.256348478475,36.572672098477));
#159 = CARTESIAN_POINT('',(6.28318530718,37.119038815676));
#160 = ( GEOMETRIC_REPRESENTATION_CONTEXT(2) 
PARAMETRIC_REPRESENTATION_CONTEXT() REPRESENTATION_CONTEXT('2D SPACE',''
  ) );
#161 = PCURVE('',#162,#167);
#162 = CYLINDRICAL_SURFACE('',#163,159.5);
#163 = AXIS2_PLACEMENT_3D('',#164,#165,#166);
#164 = CARTESIAN_POINT('',(0.,0.,205.55198651616));
#165 = DIRECTION('',(0.,0.,1.));
#166 = DIRECTION('',(1.,0.,-0.));
#167 = DEFINITIONAL_REPRESENTATION('',(#168),#206);
#168 = B_SPLINE_CURVE_WITH_KNOTS('',8,(#169,#170,#171,#172,#173,#174,
    #175,#176,#177,#178,#179,#180,#181,#182,#183,#184,#185,#186,#187,
    #188,#189,#190,#191,#192,#193,#194,#195,#196,#197,#198,#199,#200,
    #201,#202,#203,#204,#205),.UNSPECIFIED.,.F.,.F.,(9,7,7,7,7,9),(0.,
    0.186676783043,0.493600321559,0.795929838994,0.890273998516,1.),
  .UNSPECIFIED.);
#169 = CARTESIAN_POINT('',(0.73507252351,74.113605582144));
#170 = CARTESIAN_POINT('',(0.735884980758,75.574998958309));
#171 = CARTESIAN_POINT('',(0.736126131944,77.028574761633));
#172 = CARTESIAN_POINT('',(0.735839675584,78.472362276679));
#173 = CARTESIAN_POINT('',(0.735063805573,79.904590379093));
#174 = CARTESIAN_POINT('',(0.73383242846,81.323699106377));
#175 = CARTESIAN_POINT('',(0.732175951827,82.728345802413));
#176 = CARTESIAN_POINT('',(0.730121643737,84.117405835748));
#177 = CARTESIAN_POINT('',(0.723701449031,87.746657749669));
#178 = CARTESIAN_POINT('',(0.718701124316,89.957525747858));
#179 = CARTESIAN_POINT('',(0.712797042471,92.121116265109));
#180 = CARTESIAN_POINT('',(0.706067088859,94.235512250997));
#181 = CARTESIAN_POINT('',(0.698571929757,96.298877581363));
#182 = CARTESIAN_POINT('',(0.690355028993,98.309451416133));
#183 = CARTESIAN_POINT('',(0.681443247281,100.26557595444));
#184 = CARTESIAN_POINT('',(0.662383514735,104.03678213002));
#185 = CARTESIAN_POINT('',(0.652266889934,105.85139258704));
#186 = CARTESIAN_POINT('',(0.641496919805,107.60811545622));
#187 = CARTESIAN_POINT('',(0.630068811606,109.30325769041));
#188 = CARTESIAN_POINT('',(0.617971286165,110.93099054121));
#189 = CARTESIAN_POINT('',(0.605183149232,112.48298851726));
#190 = CARTESIAN_POINT('',(0.591673421294,113.9484689899));
#191 = CARTESIAN_POINT('',(0.572917954646,115.73731713106));
#192 = CARTESIAN_POINT('',(0.568381723157,116.15273889401));
#193 = CARTESIAN_POINT('',(0.563768489086,116.55762871983));
#194 = CARTESIAN_POINT('',(0.55907676681,116.95141652949));
#195 = CARTESIAN_POINT('',(0.554305118678,117.33345903034));
#196 = CARTESIAN_POINT('',(0.549452136277,117.70303697388));
#197 = CARTESIAN_POINT('',(0.544516407184,118.0593500559));
#198 = CARTESIAN_POINT('',(0.533658077756,118.79945442332));
#199 = CARTESIAN_POINT('',(0.527706555646,119.17820130625));
#200 = CARTESIAN_POINT('',(0.521639133848,119.53639533557));
#201 = CARTESIAN_POINT('',(0.515454033862,119.87243341172));
#202 = CARTESIAN_POINT('',(0.509150524877,120.18447630025));
#203 = CARTESIAN_POINT('',(0.502728990309,120.47046042149));
#204 = CARTESIAN_POINT('',(0.496191001702,120.72810923735));
#205 = CARTESIAN_POINT('',(0.489539399986,120.95494423537));
#206 = ( GEOMETRIC_REPRESENTATION_CONTEXT(2) 
PARAMETRIC_REPRESENTATION_CONTEXT() REPRESENTATION_CONTEXT('2D SPACE',''
  ) );
#207 = ORIENTED_EDGE('',*,*,#208,.F.);
#208 = EDGE_CURVE('',#209,#79,#211,.T.);
#209 = VERTEX_POINT('',#210);
#210 = CARTESIAN_POINT('',(128.41687593858,94.601035798634,
    257.75645831993));
#211 = SURFACE_CURVE('',#212,(#217,#224),.PCURVE_S1.);
#212 = CIRCLE('',#213,32.155688622754);
#213 = AXIS2_PLACEMENT_3D('',#214,#215,#216);
#214 = CARTESIAN_POINT('',(119.69846310393,75.,281.71010071662));
#215 = DIRECTION('',(0.939692620786,0.,0.342020143326));
#216 = DIRECTION('',(-0.342020143326,0.,0.939692620786));
#217 = PCURVE('',#31,#218);
#218 = DEFINITIONAL_REPRESENTATION('',(#219),#223);
#219 = LINE('',#220,#221);
#220 = CARTESIAN_POINT('',(0.,2.));
#221 = VECTOR('',#222,1.);
#222 = DIRECTION('',(1.,0.));
#223 = ( GEOMETRIC_REPRESENTATION_CONTEXT(2) 
PARAMETRIC_REPRESENTATION_CONTEXT() REPRESENTATION_CONTEXT('2D SPACE',''
  ) );
#224 = PCURVE('',#225,#230);
#225 = PLANE('',#226);
#226 = AXIS2_PLACEMENT_3D('',#227,#228,#229);
#227 = CARTESIAN_POINT('',(119.69846310393,75.,281.71010071662));
#228 = DIRECTION('',(0.939692620786,0.,0.342020143326));
#229 = DIRECTION('',(-0.342020143326,0.,0.939692620786));
#230 = DEFINITIONAL_REPRESENTATION('',(#231),#235);
#231 = CIRCLE('',#232,32.155688622754);
#232 = AXIS2_PLACEMENT_2D('',#233,#234);
#233 = CARTESIAN_POINT('',(0.,0.));
#234 = DIRECTION('',(1.,0.));
#235 = ( GEOMETRIC_REPRESENTATION_CONTEXT(2) 
PARAMETRIC_REPRESENTATION_CONTEXT() REPRESENTATION_CONTEXT('2D SPACE',''
  ) );
#236 = ORIENTED_EDGE('',*,*,#237,.F.);
#237 = EDGE_CURVE('',#56,#209,#238,.T.);
#238 = SURFACE_CURVE('',#239,(#354,#472),.PCURVE_S1.);
#239 = B_SPLINE_CURVE_WITH_KNOTS('',8,(#240,#241,#242,#243,#244,#245,
    #246,#247,#248,#249,#250,#251,#252,#253,#254,#255,#256,#257,#258,
    #259,#260,#261,#262,#263,#264,#265,#266,#267,#268,#269,#270,#271,
    #272,#273,#274,#275,#276,#277,#278,#279,#280,#281,#282,#283,#284,
    #285,#286,#287,#288,#289,#290,#291,#292,#293,#294,#295,#296,#297,
    #298,#299,#300,#301,#302,#303,#304,#305,#306,#307,#308,#309,#310,
    #311,#312,#313,#314,#315,#316,#317,#318,#319,#320,#321,#322,#323,
    #324,#325,#326,#327,#328,#329,#330,#331,#332,#333,#334,#335,#336,
    #337,#338,#339,#340,#341,#342,#343,#344,#345,#346,#347,#348,#349,
    #350,#351,#352,#353),.UNSPECIFIED.,.F.,.F.,(9,7,7,7,7,7,7,7,7,7,7,7,
    7,7,7,7,9),(0.,3.77309222999E-02,5.690197388864E-02,
    9.447893037896E-02,0.131390570868,0.150287930547,0.187408198259,
    0.239589142238,0.28502989073,0.323127610001,0.444190765436,
    0.584853863083,0.646391698199,0.739855985691,0.84039579785,
    0.907608101959,1.),.UNSPECIFIED.);
#240 = CARTESIAN_POINT('',(140.7666508801,75.,326.50693075154));
#241 = CARTESIAN_POINT('',(141.11528594474,74.345650794281,
    326.66545424222));
#242 = CARTESIAN_POINT('',(141.46456943809,73.681707899899,
    326.80891190684));
#243 = CARTESIAN_POINT('',(141.81425347148,73.008289644302,
    326.93645465717));
#244 = CARTESIAN_POINT('',(142.16403151324,72.325631688732,
    327.04717507436));
#245 = CARTESIAN_POINT('',(142.51354044834,71.63409622238,327.1401223105
    ));
#246 = CARTESIAN_POINT('',(142.86236261176,70.934183986398,
    327.21432360596));
#247 = CARTESIAN_POINT('',(143.21002779566,70.226549127787,
    327.26881242249));
#248 = CARTESIAN_POINT('',(143.73181117063,69.14896361837,
    327.31986274097));
#249 = CARTESIAN_POINT('',(143.9071707074,68.784136437989,
    327.33173393666));
#250 = CARTESIAN_POINT('',(144.08202305372,68.41764890253,
    327.33815568506));
#251 = CARTESIAN_POINT('',(144.25629361894,68.049627069756,
    327.33900986747));
#252 = CARTESIAN_POINT('',(144.42990422306,67.680209908842,
    327.33418307266));
#253 = CARTESIAN_POINT('',(144.60277331094,67.309549714541,
    327.32356832903));
#254 = CARTESIAN_POINT('',(144.77481616661,66.937812521369,
    327.30706683688));
#255 = CARTESIAN_POINT('',(145.28137302442,65.834782917132,
    327.24053252544));
#256 = CARTESIAN_POINT('',(145.61333859863,65.100835508009,
    327.17351104741));
#257 = CARTESIAN_POINT('',(145.94112231276,64.364817160744,
    327.08285273493));
#258 = CARTESIAN_POINT('',(146.26401773369,63.628304859905,
    326.96804997048));
#259 = CARTESIAN_POINT('',(146.58133792365,62.892969786745,
    326.82878925416));
#260 = CARTESIAN_POINT('',(146.89242086012,62.16057337017,
    326.66498563099));
#261 = CARTESIAN_POINT('',(147.19663388422,61.432961306223,
    326.47682234169));
#262 = CARTESIAN_POINT('',(147.78486650549,60.003913729135,
    326.05652307441));
#263 = CARTESIAN_POINT('',(148.06920974715,59.302093469051,
    325.8251807206));
#264 = CARTESIAN_POINT('',(148.34583586636,58.608414126275,
    325.57122018322));
#265 = CARTESIAN_POINT('',(148.61431381476,57.92450019573,
    325.29530498619));
#266 = CARTESIAN_POINT('',(148.8743318275,57.251794386538,
    324.99827661396));
#267 = CARTESIAN_POINT('',(149.12567911031,56.59156926584,
    324.68112434197));
#268 = CARTESIAN_POINT('',(149.3682299183,55.944937466709,
    324.34495891334));
#269 = CARTESIAN_POINT('',(149.72157561673,54.989261010793,
    323.80977143781));
#270 = CARTESIAN_POINT('',(149.8389096875,54.669453971639,
    323.62387380795));
#271 = CARTESIAN_POINT('',(149.95392946429,54.353555739981,
    323.43345090745));
#272 = CARTESIAN_POINT('',(150.06663879995,54.041666927963,
    323.23865843337));
#273 = CARTESIAN_POINT('',(150.17704741487,53.733873429373,
    323.03965286429));
#274 = CARTESIAN_POINT('',(150.28517013679,53.430247486423,
    322.83659028003));
#275 = CARTESIAN_POINT('',(150.39102614077,53.130848756522,
    322.62962518129));
#276 = CARTESIAN_POINT('',(150.69816434499,52.256011653668,
    322.00499806919));
#277 = CARTESIAN_POINT('',(150.89302572949,51.692812864821,
    321.57662764015));
#278 = CARTESIAN_POINT('',(151.07940667967,51.146462697848,
    321.13493043218));
#279 = CARTESIAN_POINT('',(151.25754056267,50.617136041009,
    320.6810014942));
#280 = CARTESIAN_POINT('',(151.42769296347,50.104877818387,
    320.21587813644));
#281 = CARTESIAN_POINT('',(151.59014873281,49.609627244329,
    319.74052313591));
#282 = CARTESIAN_POINT('',(151.74520289521,49.131237499452,
    319.25581152519));
#283 = CARTESIAN_POINT('',(152.10113619741,48.02040129654,
    318.06908935101));
#284 = CARTESIAN_POINT('',(152.29505652722,47.404283181209,
    317.35879412308));
#285 = CARTESIAN_POINT('',(152.47577537335,46.820457974376,
    316.63373880511));
#286 = CARTESIAN_POINT('',(152.64410437186,46.268159939634,
    315.89581236069));
#287 = CARTESIAN_POINT('',(152.80080622654,45.746558820463,
    315.14668102197));
#288 = CARTESIAN_POINT('',(152.94659310755,45.254782548683,
    314.38778011922));
#289 = CARTESIAN_POINT('',(153.08212505007,44.791939952903,
    313.62030591042));
#290 = CARTESIAN_POINT('',(153.31763135055,43.978509501099,
    312.1702281312));
#291 = CARTESIAN_POINT('',(153.41992629202,43.621183044906,
    311.48953627567));
#292 = CARTESIAN_POINT('',(153.51529029547,43.284592270847,
    310.80379892739));
#293 = CARTESIAN_POINT('',(153.60407987309,42.968204443699,
    310.11361981764));
#294 = CARTESIAN_POINT('',(153.68661667168,42.671519004111,
    309.41954070003));
#295 = CARTESIAN_POINT('',(153.76319179938,42.394063551295,
    308.72204212161));
#296 = CARTESIAN_POINT('',(153.83406873835,42.135392724836,
    308.0215435905));
#297 = CARTESIAN_POINT('',(153.95432998782,41.69361913403,
    306.72888715837));
#298 = CARTESIAN_POINT('',(154.00533517901,41.505064950861,
    306.13753030689));
#299 = CARTESIAN_POINT('',(154.05263963487,41.329184199967,
    305.54455271721));
#300 = CARTESIAN_POINT('',(154.09636909242,41.165750970315,
    304.95016003289));
#301 = CARTESIAN_POINT('',(154.13663686405,41.014555367261,
    304.35454350859));
#302 = CARTESIAN_POINT('',(154.17354489355,40.875402203781,
    303.75788010874));
#303 = CARTESIAN_POINT('',(154.20718481228,40.748109691702,
    303.16033260622));
#304 = CARTESIAN_POINT('',(154.33441327873,40.265160959782,
    300.66088551302));
#305 = CARTESIAN_POINT('',(154.39897509006,40.016030774516,
    298.75313742457));
#306 = CARTESIAN_POINT('',(154.43406141757,39.879309628967,
    296.8425744748));
#307 = CARTESIAN_POINT('',(154.44124978148,39.851147440582,
    294.9328989654));
#308 = CARTESIAN_POINT('',(154.4214088579,39.928661518266,
    293.02772708649));
#309 = CARTESIAN_POINT('',(154.3747757021,40.10977032599,291.13053739844
    ));
#310 = CARTESIAN_POINT('',(154.30104928866,40.3929994704,289.24470533803
    ));
#311 = CARTESIAN_POINT('',(154.08120085776,41.22435126884,
    285.19928879945));
#312 = CARTESIAN_POINT('',(153.92537091397,41.80763222021,
    283.04629156563));
#313 = CARTESIAN_POINT('',(153.73057476902,42.525858710289,
    280.91925016426));
#314 = CARTESIAN_POINT('',(153.49454142492,43.378529747262,
    278.8240522386));
#315 = CARTESIAN_POINT('',(153.21419210807,44.365501134662,
    276.7675315212));
#316 = CARTESIAN_POINT('',(152.88564811073,45.486737031213,
    274.75742099869));
#317 = CARTESIAN_POINT('',(152.50426629656,46.742081949424,
    272.80230301615));
#318 = CARTESIAN_POINT('',(151.87215602183,48.739148941104,
    270.08455001841));
#319 = CARTESIAN_POINT('',(151.6686370976,49.372489375208,
    269.26988137968));
#320 = CARTESIAN_POINT('',(151.45353078637,50.031319573046,
    268.4685042023));
#321 = CARTESIAN_POINT('',(151.22637417906,50.715536630708,
    267.68132714898));
#322 = CARTESIAN_POINT('',(150.98669001103,51.42498845716,
    266.90932312352));
#323 = CARTESIAN_POINT('',(150.73399111417,52.159465389095,
    266.1535241026));
#324 = CARTESIAN_POINT('',(150.46778568142,52.918692973995,
    265.41501611171));
#325 = CARTESIAN_POINT('',(149.76200919418,54.892515581875,
    263.60126686212));
#326 = CARTESIAN_POINT('',(149.30415964948,56.138968622322,
    262.55013605705));
#327 = CARTESIAN_POINT('',(148.8123193567,57.440470246051,
    261.54551599638));
#328 = CARTESIAN_POINT('',(148.2848417957,58.795263091702,
    260.59178972665));
#329 = CARTESIAN_POINT('',(147.72022639452,60.200956833508,
    259.69364332981));
#330 = CARTESIAN_POINT('',(147.11722228214,61.654455732634,
    258.85595396468));
#331 = CARTESIAN_POINT('',(146.47495867847,63.151904139581,
    258.08367189458));
#332 = CARTESIAN_POINT('',(145.05962657954,66.341731986026,
    256.6265794817));
#333 = CARTESIAN_POINT('',(144.28025706002,68.040465723476,
    255.95273501578));
#334 = CARTESIAN_POINT('',(143.45478324652,69.778577122085,
    255.36651685715));
#335 = CARTESIAN_POINT('',(142.58373049588,71.548781497108,
    254.87401714637));
#336 = CARTESIAN_POINT('',(141.66854365207,73.342833616447,
    254.48085639401));
#337 = CARTESIAN_POINT('',(140.71177677971,75.151621993983,
    254.19204127847));
#338 = CARTESIAN_POINT('',(139.71729244991,76.965257510852,
    254.01179077735));
#339 = CARTESIAN_POINT('',(138.00403184959,79.98167943466,253.8973980584
    ));
#340 = CARTESIAN_POINT('',(137.30308505518,81.187761188769,
    253.9014767832));
#341 = CARTESIAN_POINT('',(136.58922589597,82.388196740337,
    253.9564148975));
#342 = CARTESIAN_POINT('',(135.86427303081,83.579814001248,
    254.06293668759));
#343 = CARTESIAN_POINT('',(135.1302824486,84.759434873366,
    254.22155322383));
#344 = CARTESIAN_POINT('',(134.38955385351,85.923883830993,
    254.43255450179));
#345 = CARTESIAN_POINT('',(133.64463289654,87.069994028421,
    254.69598365441));
#346 = CARTESIAN_POINT('',(131.87239206703,89.740540531672,
    255.44543892109));
#347 = CARTESIAN_POINT('',(130.84342172868,91.246462933969,
    255.97805474069));
#348 = CARTESIAN_POINT('',(129.81898757916,92.703605036213,
    256.60877885097));
#349 = CARTESIAN_POINT('',(128.80718238374,94.103882045854,
    257.33588037327));
#350 = CARTESIAN_POINT('',(127.8165322274,95.439836319689,
    258.15658989765));
#351 = CARTESIAN_POINT('',(126.85586649481,96.70461325046,
    259.06700001018));
#352 = CARTESIAN_POINT('',(125.93405271296,97.892030756663,
    260.0617121755));
#353 = CARTESIAN_POINT('',(125.05952103473,98.996798930882,
    261.13310630701));
#354 = PCURVE('',#31,#355);
#355 = DEFINITIONAL_REPRESENTATION('',(#356),#471);
#356 = B_SPLINE_CURVE_WITH_KNOTS('',8,(#357,#358,#359,#360,#361,#362,
    #363,#364,#365,#366,#367,#368,#369,#370,#371,#372,#373,#374,#375,
    #376,#377,#378,#379,#380,#381,#382,#383,#384,#385,#386,#387,#388,
    #389,#390,#391,#392,#393,#394,#395,#396,#397,#398,#399,#400,#401,
    #402,#403,#404,#405,#406,#407,#408,#409,#410,#411,#412,#413,#414,
    #415,#416,#417,#418,#419,#420,#421,#422,#423,#424,#425,#426,#427,
    #428,#429,#430,#431,#432,#433,#434,#435,#436,#437,#438,#439,#440,
    #441,#442,#443,#444,#445,#446,#447,#448,#449,#450,#451,#452,#453,
    #454,#455,#456,#457,#458,#459,#460,#461,#462,#463,#464,#465,#466,
    #467,#468,#469,#470),.UNSPECIFIED.,.F.,.F.,(9,7,7,7,7,7,7,7,7,7,7,7,
    7,7,7,7,9),(0.,3.77309222999E-02,5.690197388864E-02,
    9.447893037896E-02,0.131390570868,0.150287930547,0.187408198259,
    0.239589142238,0.28502989073,0.323127610001,0.444190765436,
    0.584853863083,0.646391698199,0.739855985691,0.84039579785,
    0.907608101959,1.),.UNSPECIFIED.);
#357 = CARTESIAN_POINT('',(0.,37.119038815676));
#358 = CARTESIAN_POINT('',(1.875490026791E-02,37.500866840271));
#359 = CARTESIAN_POINT('',(3.774825180401E-02,37.87815137255));
#360 = CARTESIAN_POINT('',(5.698667125447E-02,38.25036906808));
#361 = CARTESIAN_POINT('',(7.647465191573E-02,38.616921525795));
#362 = CARTESIAN_POINT('',(9.621452504648E-02,38.977142320034));
#363 = CARTESIAN_POINT('',(0.116206241152,39.330306270672));
#364 = CARTESIAN_POINT('',(0.136446971244,39.675640951331));
#365 = CARTESIAN_POINT('',(0.167338206983,40.183417175678));
#366 = CARTESIAN_POINT('',(0.177808382351,40.352261426416));
#367 = CARTESIAN_POINT('',(0.188340085013,40.518765253287));
#368 = CARTESIAN_POINT('',(0.198932093332,40.682818165041));
#369 = CARTESIAN_POINT('',(0.209582909689,40.844307907567));
#370 = CARTESIAN_POINT('',(0.220290736971,41.003121257677));
#371 = CARTESIAN_POINT('',(0.231053455063,41.159144816888));
#372 = CARTESIAN_POINT('',(0.263067232646,41.612396483449));
#373 = CARTESIAN_POINT('',(0.284470358285,41.901419388373));
#374 = CARTESIAN_POINT('',(0.306055834389,42.178428356728));
#375 = CARTESIAN_POINT('',(0.327799488466,42.442585943102));
#376 = CARTESIAN_POINT('',(0.349674719159,42.693139413886));
#377 = CARTESIAN_POINT('',(0.371651919244,42.929437615056));
#378 = CARTESIAN_POINT('',(0.393697717894,43.150948713777));
#379 = CARTESIAN_POINT('',(0.437459495728,43.55995575166));
#380 = CARTESIAN_POINT('',(0.459178975479,43.748027252606));
#381 = CARTESIAN_POINT('',(0.480896628021,43.921111156151));
#382 = CARTESIAN_POINT('',(0.502580382982,44.079029347876));
#383 = CARTESIAN_POINT('',(0.524201195969,44.221776669281));
#384 = CARTESIAN_POINT('',(0.545732429289,44.34949339066));
#385 = CARTESIAN_POINT('',(0.567149370422,44.462441247022));
#386 = CARTESIAN_POINT('',(0.599323194167,44.611432695331));
#387 = CARTESIAN_POINT('',(0.610182236993,44.658109921793));
#388 = CARTESIAN_POINT('',(0.621003360797,44.701064689562));
#389 = CARTESIAN_POINT('',(0.6317842204,44.740353870676));
#390 = CARTESIAN_POINT('',(0.642522762381,44.776040118123));
#391 = CARTESIAN_POINT('',(0.653217206063,44.808190747878));
#392 = CARTESIAN_POINT('',(0.663866024495,44.836876620956));
#393 = CARTESIAN_POINT('',(0.695293342738,44.911857070614));
#394 = CARTESIAN_POINT('',(0.715937067313,44.948455560164));
#395 = CARTESIAN_POINT('',(0.736390382184,44.972527021334));
#396 = CARTESIAN_POINT('',(0.756647744231,44.984665276274));
#397 = CARTESIAN_POINT('',(0.77670629023,44.985474674222));
#398 = CARTESIAN_POINT('',(0.796565504404,44.975552176469));
#399 = CARTESIAN_POINT('',(0.816227047485,44.955474294125));
#400 = CARTESIAN_POINT('',(0.863061008801,44.884059303595));
#401 = CARTESIAN_POINT('',(0.890040687235,44.823349530878));
#402 = CARTESIAN_POINT('',(0.916647120859,44.745186173251));
#403 = CARTESIAN_POINT('',(0.942894618342,44.650977982729));
#404 = CARTESIAN_POINT('',(0.968798819843,44.542011551398));
#405 = CARTESIAN_POINT('',(0.994377058109,44.419447012169));
#406 = CARTESIAN_POINT('',(1.019648719556,44.284313739533));
#407 = CARTESIAN_POINT('',(1.066394943295,44.009661462363));
#408 = CARTESIAN_POINT('',(1.087936102553,43.872976938017));
#409 = CARTESIAN_POINT('',(1.10927234479,43.728053802212));
#410 = CARTESIAN_POINT('',(1.13041594451,43.575433555063));
#411 = CARTESIAN_POINT('',(1.151378551593,43.415603736361));
#412 = CARTESIAN_POINT('',(1.172171490186,43.249002255034));
#413 = CARTESIAN_POINT('',(1.192805993945,43.076020183557));
#414 = CARTESIAN_POINT('',(1.230470088389,42.746914254061));
#415 = CARTESIAN_POINT('',(1.247542918575,42.592587500747));
#416 = CARTESIAN_POINT('',(1.264518276277,42.434228868632));
#417 = CARTESIAN_POINT('',(1.281402191836,42.272026846126));
#418 = CARTESIAN_POINT('',(1.298200394589,42.106153324969));
#419 = CARTESIAN_POINT('',(1.314918389607,41.936764626406));
#420 = CARTESIAN_POINT('',(1.331561534424,41.764002527345));
#421 = CARTESIAN_POINT('',(1.400800999536,41.028696925367));
#422 = CARTESIAN_POINT('',(1.452741079096,40.436876908415));
#423 = CARTESIAN_POINT('',(1.504153762811,39.816396257571));
#424 = CARTESIAN_POINT('',(1.555186621231,39.17000361862));
#425 = CARTESIAN_POINT('',(1.605965185846,38.499752090127));
#426 = CARTESIAN_POINT('',(1.656601552704,37.807054168657));
#427 = CARTESIAN_POINT('',(1.707202798733,37.092781450415));
#428 = CARTESIAN_POINT('',(1.81675891932,35.502577557877));
#429 = CARTESIAN_POINT('',(1.875699913096,34.619776887109));
#430 = CARTESIAN_POINT('',(1.934880883592,33.709237382162));
#431 = CARTESIAN_POINT('',(1.994448434943,32.770838695663));
#432 = CARTESIAN_POINT('',(2.054534690111,31.804025000822));
#433 = CARTESIAN_POINT('',(2.11526616143,30.807796341926));
#434 = CARTESIAN_POINT('',(2.176772053804,29.780724932839));
#435 = CARTESIAN_POINT('',(2.266510749261,28.257209302343));
#436 = CARTESIAN_POINT('',(2.293994597521,27.787330986475));
#437 = CARTESIAN_POINT('',(2.321661820626,27.311110036061));
#438 = CARTESIAN_POINT('',(2.349522259826,26.828422239805));
#439 = CARTESIAN_POINT('',(2.377585144684,26.339151868356));
#440 = CARTESIAN_POINT('',(2.405859235349,25.843194090241));
#441 = CARTESIAN_POINT('',(2.434352957457,25.340458200574));
#442 = CARTESIAN_POINT('',(2.50669714449,24.05690646529));
#443 = CARTESIAN_POINT('',(2.550844094456,23.267160718099));
#444 = CARTESIAN_POINT('',(2.595544153464,22.461381727238));
#445 = CARTESIAN_POINT('',(2.640818923029,21.639521360069));
#446 = CARTESIAN_POINT('',(2.686684234919,20.801772274621));
#447 = CARTESIAN_POINT('',(2.733150865872,19.948627123184));
#448 = CARTESIAN_POINT('',(2.780224564372,19.080960729918));
#449 = CARTESIAN_POINT('',(2.879195794922,17.252628644702));
#450 = CARTESIAN_POINT('',(2.931194292712,16.289792477527));
#451 = CARTESIAN_POINT('',(2.983885619429,15.313602407699));
#452 = CARTESIAN_POINT('',(3.037250062278,14.326635743933));
#453 = CARTESIAN_POINT('',(3.091263438241,13.332172523296));
#454 = CARTESIAN_POINT('',(3.145896956025,12.334325166313));
#455 = CARTESIAN_POINT('',(3.201114088227,11.338166277884));
#456 = CARTESIAN_POINT('',(3.294129578395,9.689103320151));
#457 = CARTESIAN_POINT('',(3.331637512044,9.031823795916));
#458 = CARTESIAN_POINT('',(3.369370260747,8.379805553455));
#459 = CARTESIAN_POINT('',(3.407313350511,7.735005293561));
#460 = CARTESIAN_POINT('',(3.445452402425,7.099529810195));
#461 = CARTESIAN_POINT('',(3.483772192486,6.475639302715));
#462 = CARTESIAN_POINT('',(3.522255323512,5.865740652913));
#463 = CARTESIAN_POINT('',(3.613975760936,4.456707820895));
#464 = CARTESIAN_POINT('',(3.667360263971,3.671957325891));
#465 = CARTESIAN_POINT('',(3.720960892887,2.925024465707));
#466 = CARTESIAN_POINT('',(3.774710108386,2.222921956767));
#467 = CARTESIAN_POINT('',(3.828536253834,1.572714504235));
#468 = CARTESIAN_POINT('',(3.882355669171,0.981362601445));
#469 = CARTESIAN_POINT('',(3.936061428689,0.455352590255));
#470 = CARTESIAN_POINT('',(3.989503509236,0.));
#471 = ( GEOMETRIC_REPRESENTATION_CONTEXT(2) 
PARAMETRIC_REPRESENTATION_CONTEXT() REPRESENTATION_CONTEXT('2D SPACE',''
  ) );
#472 = PCURVE('',#162,#473);
#473 = DEFINITIONAL_REPRESENTATION('',(#474),#589);
#474 = B_SPLINE_CURVE_WITH_KNOTS('',8,(#475,#476,#477,#478,#479,#480,
    #481,#482,#483,#484,#485,#486,#487,#488,#489,#490,#491,#492,#493,
    #494,#495,#496,#497,#498,#499,#500,#501,#502,#503,#504,#505,#506,
    #507,#508,#509,#510,#511,#512,#513,#514,#515,#516,#517,#518,#519,
    #520,#521,#522,#523,#524,#525,#526,#527,#528,#529,#530,#531,#532,
    #533,#534,#535,#536,#537,#538,#539,#540,#541,#542,#543,#544,#545,
    #546,#547,#548,#549,#550,#551,#552,#553,#554,#555,#556,#557,#558,
    #559,#560,#561,#562,#563,#564,#565,#566,#567,#568,#569,#570,#571,
    #572,#573,#574,#575,#576,#577,#578,#579,#580,#581,#582,#583,#584,
    #585,#586,#587,#588),.UNSPECIFIED.,.F.,.F.,(9,7,7,7,7,7,7,7,7,7,7,7,
    7,7,7,7,9),(0.,3.77309222999E-02,5.690197388864E-02,
    9.447893037896E-02,0.131390570868,0.150287930547,0.187408198259,
    0.239589142238,0.28502989073,0.323127610001,0.444190765436,
    0.584853863083,0.646391698199,0.739855985691,0.84039579785,
    0.907608101959,1.),.UNSPECIFIED.);
#475 = CARTESIAN_POINT('',(0.489539399986,120.95494423537));
#476 = CARTESIAN_POINT('',(0.484890932458,121.11346772606));
#477 = CARTESIAN_POINT('',(0.480187469281,121.25692539067));
#478 = CARTESIAN_POINT('',(0.47543024283,121.384468141));
#479 = CARTESIAN_POINT('',(0.470621292642,121.49518855819));
#480 = CARTESIAN_POINT('',(0.465763509799,121.58813579433));
#481 = CARTESIAN_POINT('',(0.460860699281,121.6623370898));
#482 = CARTESIAN_POINT('',(0.455917660271,121.71682590633));
#483 = CARTESIAN_POINT('',(0.448411283699,121.7678762248));
#484 = CARTESIAN_POINT('',(0.445873465414,121.77974742049));
#485 = CARTESIAN_POINT('',(0.443327639167,121.78616916889));
#486 = CARTESIAN_POINT('',(0.440774694698,121.7870233513));
#487 = CARTESIAN_POINT('',(0.438215603853,121.78219655649));
#488 = CARTESIAN_POINT('',(0.435651422569,121.77158181287));
#489 = CARTESIAN_POINT('',(0.433083292856,121.75508032071));
#490 = CARTESIAN_POINT('',(0.425473355212,121.68854600927));
#491 = CARTESIAN_POINT('',(0.42042308843,121.62152453124));
#492 = CARTESIAN_POINT('',(0.415371769578,121.53086621877));
#493 = CARTESIAN_POINT('',(0.410330033059,121.41606345432));
#494 = CARTESIAN_POINT('',(0.405309003913,121.27680273799));
#495 = CARTESIAN_POINT('',(0.400320270324,121.11299911482));
#496 = CARTESIAN_POINT('',(0.395375847235,120.92483582553));
#497 = CARTESIAN_POINT('',(0.38568695405,120.50453655825));
#498 = CARTESIAN_POINT('',(0.380939480959,120.27319420443));
#499 = CARTESIAN_POINT('',(0.376257453799,120.01923366706));
#500 = CARTESIAN_POINT('',(0.371651166893,119.74331847003));
#501 = CARTESIAN_POINT('',(0.367129599415,119.4462900978));
#502 = CARTESIAN_POINT('',(0.362700530705,119.1291378258));
#503 = CARTESIAN_POINT('',(0.358370638372,118.79297239717));
#504 = CARTESIAN_POINT('',(0.351982509183,118.25778492164));
#505 = CARTESIAN_POINT('',(0.349846766289,118.07188729178));
#506 = CARTESIAN_POINT('',(0.347739025578,117.88146439129));
#507 = CARTESIAN_POINT('',(0.345659856562,117.6866719172));
#508 = CARTESIAN_POINT('',(0.343609731082,117.48766634812));
#509 = CARTESIAN_POINT('',(0.341589031169,117.28460376386));
#510 = CARTESIAN_POINT('',(0.339598056924,117.07763866512));
#511 = CARTESIAN_POINT('',(0.333784978708,116.45301155302));
#512 = CARTESIAN_POINT('',(0.330048614484,116.02464112398));
#513 = CARTESIAN_POINT('',(0.326429445614,115.58294391601));
#514 = CARTESIAN_POINT('',(0.322927957079,115.12901497803));
#515 = CARTESIAN_POINT('',(0.319543817581,114.66389162027));
#516 = CARTESIAN_POINT('',(0.316276046915,114.18853661975));
#517 = CARTESIAN_POINT('',(0.31312314809,113.70382500902));
#518 = CARTESIAN_POINT('',(0.305809874494,112.51710283484));
#519 = CARTESIAN_POINT('',(0.301760301615,111.80680760691));
#520 = CARTESIAN_POINT('',(0.297928674586,111.08175228894));
#521 = CARTESIAN_POINT('',(0.294308800301,110.34382584453));
#522 = CARTESIAN_POINT('',(0.290894231751,109.59469450581));
#523 = CARTESIAN_POINT('',(0.287678396267,108.83579360306));
#524 = CARTESIAN_POINT('',(0.284654723755,108.06831939425));
#525 = CARTESIAN_POINT('',(0.279345403044,106.61824161504));
#526 = CARTESIAN_POINT('',(0.27701512774,105.9375497595));
#527 = CARTESIAN_POINT('',(0.274821789961,105.25181241123));
#528 = CARTESIAN_POINT('',(0.272761547778,104.56163330147));
#529 = CARTESIAN_POINT('',(0.270830821417,103.86755418387));
#530 = CARTESIAN_POINT('',(0.269026258958,103.17005560544));
#531 = CARTESIAN_POINT('',(0.267344722695,102.46955707434));
#532 = CARTESIAN_POINT('',(0.26447418943,101.1769006422));
#533 = CARTESIAN_POINT('',(0.263249545039,100.58554379073));
#534 = CARTESIAN_POINT('',(0.262107658957,99.992566201046));
#535 = CARTESIAN_POINT('',(0.261046955834,99.398173516725));
#536 = CARTESIAN_POINT('',(0.260065978955,98.802556992426));
#537 = CARTESIAN_POINT('',(0.259163380185,98.205893592575));
#538 = CARTESIAN_POINT('',(0.258337909915,97.608346090057));
#539 = CARTESIAN_POINT('',(0.255206710974,95.108898996859));
#540 = CARTESIAN_POINT('',(0.253593182804,93.201150908411));
#541 = CARTESIAN_POINT('',(0.252708218439,91.290587958642));
#542 = CARTESIAN_POINT('',(0.252525991097,89.380912449234));
#543 = CARTESIAN_POINT('',(0.253027642855,87.475740570325));
#544 = CARTESIAN_POINT('',(0.254200156957,85.578550882276));
#545 = CARTESIAN_POINT('',(0.256035049851,83.692718821869));
#546 = CARTESIAN_POINT('',(0.261426458834,79.647302283289));
#547 = CARTESIAN_POINT('',(0.265211638257,77.494305049468));
#548 = CARTESIAN_POINT('',(0.269877249361,75.367263648104));
#549 = CARTESIAN_POINT('',(0.27542402848,73.272065722438));
#550 = CARTESIAN_POINT('',(0.28185638945,71.215545005035));
#551 = CARTESIAN_POINT('',(0.289181122594,69.205434482525));
#552 = CARTESIAN_POINT('',(0.297406272283,67.250316499994));
#553 = CARTESIAN_POINT('',(0.310539295212,64.532563502251));
#554 = CARTESIAN_POINT('',(0.314710019142,63.717894863519));
#555 = CARTESIAN_POINT('',(0.319055123538,62.916517686139));
#556 = CARTESIAN_POINT('',(0.323575001811,62.129340632816));
#557 = CARTESIAN_POINT('',(0.328269823303,61.357336607356));
#558 = CARTESIAN_POINT('',(0.333139482283,60.601537586441));
#559 = CARTESIAN_POINT('',(0.338183552472,59.863029595548));
#560 = CARTESIAN_POINT('',(0.351325934578,58.049280345961));
#561 = CARTESIAN_POINT('',(0.359650904832,56.998149540888));
#562 = CARTESIAN_POINT('',(0.36837337107,55.993529480219));
#563 = CARTESIAN_POINT('',(0.377487505511,55.03980321049));
#564 = CARTESIAN_POINT('',(0.386983835591,54.141656813648));
#565 = CARTESIAN_POINT('',(0.396848640961,53.303967448518));
#566 = CARTESIAN_POINT('',(0.407063351255,52.531685378424));
#567 = CARTESIAN_POINT('',(0.428942492342,51.074592965543));
#568 = CARTESIAN_POINT('',(0.440659359066,50.400748499621));
#569 = CARTESIAN_POINT('',(0.452721346129,49.814530340986));
#570 = CARTESIAN_POINT('',(0.46508821163,49.322030630213));
#571 = CARTESIAN_POINT('',(0.477712453861,48.928869877847));
#572 = CARTESIAN_POINT('',(0.490539177596,48.640054762311));
#573 = CARTESIAN_POINT('',(0.503505740226,48.459804261187));
#574 = CARTESIAN_POINT('',(0.525255048796,48.345411542242));
#575 = CARTESIAN_POINT('',(0.534000552961,48.349490267035));
#576 = CARTESIAN_POINT('',(0.542756265624,48.404428381336));
#577 = CARTESIAN_POINT('',(0.551500302818,48.510950171432));
#578 = CARTESIAN_POINT('',(0.560209990064,48.669566707668));
#579 = CARTESIAN_POINT('',(0.568861832947,48.88056798563));
#580 = CARTESIAN_POINT('',(0.57743148641,49.143997138252));
#581 = CARTESIAN_POINT('',(0.597526147645,49.893452404929));
#582 = CARTESIAN_POINT('',(0.608960161908,50.426068224529));
#583 = CARTESIAN_POINT('',(0.620126023312,51.05679233481));
#584 = CARTESIAN_POINT('',(0.630955497676,51.783893857114));
#585 = CARTESIAN_POINT('',(0.641381501803,52.60460338149));
#586 = CARTESIAN_POINT('',(0.651338242145,53.515013494019));
#587 = CARTESIAN_POINT('',(0.660762460703,54.509725659342));
#588 = CARTESIAN_POINT('',(0.669596399655,55.581119790848));
#589 = ( GEOMETRIC_REPRESENTATION_CONTEXT(2) 
PARAMETRIC_REPRESENTATION_CONTEXT() REPRESENTATION_CONTEXT('2D SPACE',''
  ) );
#590 = ORIENTED_EDGE('',*,*,#55,.F.);
#591 = ADVANCED_FACE('',(#592,#595,#626,#657),#43,.F.);
#592 = FACE_BOUND('',#593,.F.);
#593 = EDGE_LOOP('',(#594));
#594 = ORIENTED_EDGE('',*,*,#21,.T.);
#595 = FACE_BOUND('',#596,.F.);
#596 = EDGE_LOOP('',(#597));
#597 = ORIENTED_EDGE('',*,*,#598,.F.);
#598 = EDGE_CURVE('',#599,#599,#601,.T.);
#599 = VERTEX_POINT('',#600);
#600 = CARTESIAN_POINT('',(116.86142146104,103.5,283.65719976817));
#601 = SURFACE_CURVE('',#602,(#607,#614),.PCURVE_S1.);
#602 = CIRCLE('',#603,2.8);
#603 = AXIS2_PLACEMENT_3D('',#604,#605,#606);
#604 = CARTESIAN_POINT('',(117.81907786235,103.5,281.02606042997));
#605 = DIRECTION('',(0.939692620786,0.,0.342020143326));
#606 = DIRECTION('',(-0.342020143326,0.,0.939692620786));
#607 = PCURVE('',#43,#608);
#608 = DEFINITIONAL_REPRESENTATION('',(#609),#613);
#609 = CIRCLE('',#610,2.8);
#610 = AXIS2_PLACEMENT_2D('',#611,#612);
#611 = CARTESIAN_POINT('',(0.,-28.5));
#612 = DIRECTION('',(1.,0.));
#613 = ( GEOMETRIC_REPRESENTATION_CONTEXT(2) 
PARAMETRIC_REPRESENTATION_CONTEXT() REPRESENTATION_CONTEXT('2D SPACE',''
  ) );
#614 = PCURVE('',#615,#620);
#615 = CYLINDRICAL_SURFACE('',#616,2.8);
#616 = AXIS2_PLACEMENT_3D('',#617,#618,#619);
#617 = CARTESIAN_POINT('',(116.87938524157,103.5,280.68404028665));
#618 = DIRECTION('',(0.939692620786,0.,0.342020143326));
#619 = DIRECTION('',(-0.342020143326,0.,0.939692620786));
#620 = DEFINITIONAL_REPRESENTATION('',(#621),#625);
#621 = LINE('',#622,#623);
#622 = CARTESIAN_POINT('',(0.,1.));
#623 = VECTOR('',#624,1.);
#624 = DIRECTION('',(1.,0.));
#625 = ( GEOMETRIC_REPRESENTATION_CONTEXT(2) 
PARAMETRIC_REPRESENTATION_CONTEXT() REPRESENTATION_CONTEXT('2D SPACE',''
  ) );
#626 = FACE_BOUND('',#627,.F.);
#627 = EDGE_LOOP('',(#628));
#628 = ORIENTED_EDGE('',*,*,#629,.F.);
#629 = EDGE_CURVE('',#630,#630,#632,.T.);
#630 = VERTEX_POINT('',#631);
#631 = CARTESIAN_POINT('',(109.26857427921,75.,304.51837594962));
#632 = SURFACE_CURVE('',#633,(#638,#645),.PCURVE_S1.);
#633 = CIRCLE('',#634,25.);
#634 = AXIS2_PLACEMENT_3D('',#635,#636,#637);
#635 = CARTESIAN_POINT('',(117.81907786235,75.,281.02606042997));
#636 = DIRECTION('',(0.939692620786,0.,0.342020143326));
#637 = DIRECTION('',(-0.342020143326,0.,0.939692620786));
#638 = PCURVE('',#43,#639);
#639 = DEFINITIONAL_REPRESENTATION('',(#640),#644);
#640 = CIRCLE('',#641,25.);
#641 = AXIS2_PLACEMENT_2D('',#642,#643);
#642 = CARTESIAN_POINT('',(0.,0.));
#643 = DIRECTION('',(1.,0.));
#644 = ( GEOMETRIC_REPRESENTATION_CONTEXT(2) 
PARAMETRIC_REPRESENTATION_CONTEXT() REPRESENTATION_CONTEXT('2D SPACE',''
  ) );
#645 = PCURVE('',#646,#651);
#646 = CYLINDRICAL_SURFACE('',#647,25.);
#647 = AXIS2_PLACEMENT_3D('',#648,#649,#650);
#648 = CARTESIAN_POINT('',(116.87938524157,75.,280.68404028665));
#649 = DIRECTION('',(0.939692620786,0.,0.342020143326));
#650 = DIRECTION('',(-0.342020143326,0.,0.939692620786));
#651 = DEFINITIONAL_REPRESENTATION('',(#652),#656);
#652 = LINE('',#653,#654);
#653 = CARTESIAN_POINT('',(0.,1.));
#654 = VECTOR('',#655,1.);
#655 = DIRECTION('',(1.,0.));
#656 = ( GEOMETRIC_REPRESENTATION_CONTEXT(2) 
PARAMETRIC_REPRESENTATION_CONTEXT() REPRESENTATION_CONTEXT('2D SPACE',''
  ) );
#657 = FACE_BOUND('',#658,.F.);
#658 = EDGE_LOOP('',(#659));
#659 = ORIENTED_EDGE('',*,*,#660,.F.);
#660 = EDGE_CURVE('',#661,#661,#663,.T.);
#661 = VERTEX_POINT('',#662);
#662 = CARTESIAN_POINT('',(116.86142146104,46.5,283.65719976817));
#663 = SURFACE_CURVE('',#664,(#669,#676),.PCURVE_S1.);
#664 = CIRCLE('',#665,2.8);
#665 = AXIS2_PLACEMENT_3D('',#666,#667,#668);
#666 = CARTESIAN_POINT('',(117.81907786235,46.5,281.02606042997));
#667 = DIRECTION('',(0.939692620786,0.,0.342020143326));
#668 = DIRECTION('',(-0.342020143326,0.,0.939692620786));
#669 = PCURVE('',#43,#670);
#670 = DEFINITIONAL_REPRESENTATION('',(#671),#675);
#671 = CIRCLE('',#672,2.8);
#672 = AXIS2_PLACEMENT_2D('',#673,#674);
#673 = CARTESIAN_POINT('',(0.,28.5));
#674 = DIRECTION('',(1.,0.));
#675 = ( GEOMETRIC_REPRESENTATION_CONTEXT(2) 
PARAMETRIC_REPRESENTATION_CONTEXT() REPRESENTATION_CONTEXT('2D SPACE',''
  ) );
#676 = PCURVE('',#677,#682);
#677 = CYLINDRICAL_SURFACE('',#678,2.8);
#678 = AXIS2_PLACEMENT_3D('',#679,#680,#681);
#679 = CARTESIAN_POINT('',(116.87938524157,46.5,280.68404028665));
#680 = DIRECTION('',(0.939692620786,0.,0.342020143326));
#681 = DIRECTION('',(-0.342020143326,0.,0.939692620786));
#682 = DEFINITIONAL_REPRESENTATION('',(#683),#687);
#683 = LINE('',#684,#685);
#684 = CARTESIAN_POINT('',(0.,1.));
#685 = VECTOR('',#686,1.);
#686 = DIRECTION('',(1.,0.));
#687 = ( GEOMETRIC_REPRESENTATION_CONTEXT(2) 
PARAMETRIC_REPRESENTATION_CONTEXT() REPRESENTATION_CONTEXT('2D SPACE',''
  ) );
#688 = ADVANCED_FACE('',(#689,#1196,#1403,#1610,#1817,#2020),#162,.F.);
#689 = FACE_BOUND('',#690,.F.);
#690 = EDGE_LOOP('',(#691));
#691 = ORIENTED_EDGE('',*,*,#692,.T.);
#692 = EDGE_CURVE('',#693,#693,#695,.T.);
#693 = VERTEX_POINT('',#694);
#694 = CARTESIAN_POINT('',(90.866177556743,131.08618453607,
    288.55198651616));
#695 = SURFACE_CURVE('',#696,(#859,#1025),.PCURVE_S1.);
#696 = B_SPLINE_CURVE_WITH_KNOTS('',6,(#697,#698,#699,#700,#701,#702,
    #703,#704,#705,#706,#707,#708,#709,#710,#711,#712,#713,#714,#715,
    #716,#717,#718,#719,#720,#721,#722,#723,#724,#725,#726,#727,#728,
    #729,#730,#731,#732,#733,#734,#735,#736,#737,#738,#739,#740,#741,
    #742,#743,#744,#745,#746,#747,#748,#749,#750,#751,#752,#753,#754,
    #755,#756,#757,#758,#759,#760,#761,#762,#763,#764,#765,#766,#767,
    #768,#769,#770,#771,#772,#773,#774,#775,#776,#777,#778,#779,#780,
    #781,#782,#783,#784,#785,#786,#787,#788,#789,#790,#791,#792,#793,
    #794,#795,#796,#797,#798,#799,#800,#801,#802,#803,#804,#805,#806,
    #807,#808,#809,#810,#811,#812,#813,#814,#815,#816,#817,#818,#819,
    #820,#821,#822,#823,#824,#825,#826,#827,#828,#829,#830,#831,#832,
    #833,#834,#835,#836,#837,#838,#839,#840,#841,#842,#843,#844,#845,
    #846,#847,#848,#849,#850,#851,#852,#853,#854,#855,#856,#857,#858),
  .UNSPECIFIED.,.T.,.F.,(7,5,5,5,5,5,5,5,5,5,5,5,5,5,5,5,5,5,5,5,5,5,5,5
    ,5,5,5,5,5,5,5,5,7),(0.,6.41741309061E-02,0.121771296676,
    0.139691818158,0.162058836897,0.190852179933,0.213470661242,
    0.2256038559,0.25000055353,0.27439725116,0.286530445818,
    0.309135357934,0.337781292636,0.360309253065,0.378272842242,
    0.435937676154,0.500000497889,0.564174501047,0.621771552141,
    0.639692037935,0.662059012131,0.690852297824,0.713470734082,
    0.725603904571,0.750000553605,0.774397202638,0.786530373127,
    0.809135240213,0.837781117851,0.860309033402,0.878272586794,
    0.935937305849,1.),.UNSPECIFIED.);
#697 = CARTESIAN_POINT('',(90.866177556743,131.08618453607,
    288.55198651616));
#698 = CARTESIAN_POINT('',(90.866177556743,131.08618453607,
    292.7938676043));
#699 = CARTESIAN_POINT('',(91.142389385626,130.89472025381,
    297.03377007583));
#700 = CARTESIAN_POINT('',(91.694333553581,130.51212446285,
    301.25363228921));
#701 = CARTESIAN_POINT('',(92.51706913357,129.93535884962,305.4351765255
    ));
#702 = CARTESIAN_POINT('',(93.601058432605,129.15818337841,
    309.55894531141));
#703 = CARTESIAN_POINT('',(96.127140699662,127.28720901615,
    317.23326092885));
#704 = CARTESIAN_POINT('',(97.52107898297,126.23407359154,
    320.79903501251));
#705 = CARTESIAN_POINT('',(99.105844323873,125.00532153007,
    324.29075518171));
#706 = CARTESIAN_POINT('',(100.87224930076,123.59042126831,
    327.69621283973));
#707 = CARTESIAN_POINT('',(102.80966366133,121.97606712337,
    330.99991962055));
#708 = CARTESIAN_POINT('',(105.55698453378,119.57726408085,
    335.17143922033));
#709 = CARTESIAN_POINT('',(106.22432774628,118.98709671828,
    336.14969196529));
#710 = CARTESIAN_POINT('',(106.9067415304,118.37546684465,
    337.11575147246));
#711 = CARTESIAN_POINT('',(107.60387353526,117.74181185848,
    338.06901464026));
#712 = CARTESIAN_POINT('',(108.31534462937,117.08554160871,
    339.00881034702));
#713 = CARTESIAN_POINT('',(109.94613946403,115.55793107803,
    341.08964942818));
#714 = CARTESIAN_POINT('',(110.87324041045,114.67362474513,
    342.2227763383));
#715 = CARTESIAN_POINT('',(111.82128995106,113.75188306141,
    343.33237987454));
#716 = CARTESIAN_POINT('',(112.78942471015,112.79142905725,
    344.41684366434));
#717 = CARTESIAN_POINT('',(113.77667473793,111.79094070741,
    345.47433647147));
#718 = CARTESIAN_POINT('',(116.07607631645,109.40780672525,
    347.8267838627));
#719 = CARTESIAN_POINT('',(117.40039257707,107.99762744062,
    349.10298863706));
#720 = CARTESIAN_POINT('',(118.7521535707,106.51602075459,
    350.32652735019));
#721 = CARTESIAN_POINT('',(120.12822864228,104.96051937984,
    351.49200719484));
#722 = CARTESIAN_POINT('',(121.52507223068,103.32874772511,
    352.59349131747));
#723 = CARTESIAN_POINT('',(124.0491960561,100.27504688827,
    354.43428871322));
#724 = CARTESIAN_POINT('',(125.17022465182,98.88294326778,
    355.20074508571));
#725 = CARTESIAN_POINT('',(126.29888962576,97.442312697264,
    355.91988093522));
#726 = CARTESIAN_POINT('',(127.43219490724,95.953450875325,
    356.58789726869));
#727 = CARTESIAN_POINT('',(128.56709828066,94.416861265351,
    357.20110275267));
#728 = CARTESIAN_POINT('',(130.30856558671,91.983797665928,
    358.05350418715));
#729 = CARTESIAN_POINT('',(130.91606328094,91.120935286016,
    358.33425426138));
#730 = CARTESIAN_POINT('',(131.52238349235,90.245075611678,
    358.59750933032));
#731 = CARTESIAN_POINT('',(132.12688175284,89.356631598776,
    358.84268153109));
#732 = CARTESIAN_POINT('',(132.72893106237,88.456044827794,
    359.06923176858));
#733 = CARTESIAN_POINT('',(134.53234375866,85.709473310429,
    359.69377000239));
#734 = CARTESIAN_POINT('',(135.72493059666,83.827174958126,
    360.03377576009));
#735 = CARTESIAN_POINT('',(136.89908205354,81.903155685852,360.291994751
    ));
#736 = CARTESIAN_POINT('',(138.04881925978,79.944297027164,
    360.46527935467));
#737 = CARTESIAN_POINT('',(139.16893931716,77.958057680858,
    360.55198651616));
#738 = CARTESIAN_POINT('',(141.34120900309,73.946704223911,
    360.55198651616));
#739 = CARTESIAN_POINT('',(142.3924932277,71.923188184251,
    360.46527935468));
#740 = CARTESIAN_POINT('',(143.40466164755,69.889831850965,
    360.29199475099));
#741 = CARTESIAN_POINT('',(144.37431114284,67.855068557621,
    360.0337757601));
#742 = CARTESIAN_POINT('',(145.29894600858,65.827666077004,
    359.6937700024));
#743 = CARTESIAN_POINT('',(146.61357528857,62.816403499732,
    359.06923176858));
#744 = CARTESIAN_POINT('',(147.03877746649,61.820048637717,
    358.84268153109));
#745 = CARTESIAN_POINT('',(147.45247214872,60.828278694185,
    358.59750933032));
#746 = CARTESIAN_POINT('',(147.8546321717,59.841860079286,
    358.33425426139));
#747 = CARTESIAN_POINT('',(148.24526389013,58.861558189198,
    358.05350418716));
#748 = CARTESIAN_POINT('',(149.33076832426,56.07458902439,
    357.20143558267));
#749 = CARTESIAN_POINT('',(149.99702976392,54.285479877851,
    356.58863336468));
#750 = CARTESIAN_POINT('',(150.62424004268,52.523757746663,
    355.92108429306));
#751 = CARTESIAN_POINT('',(151.21363790807,50.792240060155,
    355.2024729212));
#752 = CARTESIAN_POINT('',(151.76661050587,49.093592434216,
    354.43659108269));
#753 = CARTESIAN_POINT('',(152.9411413553,45.322522211196,
    352.60185486731));
#754 = CARTESIAN_POINT('',(153.5416734203,43.271084880617,
    351.50651687781));
#755 = CARTESIAN_POINT('',(154.09019085623,41.278098061894,
    350.34778733332));
#756 = CARTESIAN_POINT('',(154.59055914581,39.345217536156,
    349.13151973209));
#757 = CARTESIAN_POINT('',(155.04649813648,37.473708888974,
    347.86303627936));
#758 = CARTESIAN_POINT('',(155.78795112231,34.241717005137,
    345.51235015054));
#759 = CARTESIAN_POINT('',(156.08912829054,32.857188476908,
    344.44802682062));
#760 = CARTESIAN_POINT('',(156.36685482442,31.511091921701,
    343.3563026235));
#761 = CARTESIAN_POINT('',(156.62280492462,30.203520279882,
    342.23905193172));
#762 = CARTESIAN_POINT('',(156.85855404139,28.934499766058,
    341.09792785378));
#763 = CARTESIAN_POINT('',(157.24864041079,26.722795205383,
    339.00654410627));
#764 = CARTESIAN_POINT('',(157.40979574033,25.766081119609,
    338.06445209523));
#765 = CARTESIAN_POINT('',(157.55979590738,24.833851875099,
    337.1088294977));
#766 = CARTESIAN_POINT('',(157.69934730733,23.926102453979,
    336.14035216068));
#767 = CARTESIAN_POINT('',(157.82911826909,23.042820409493,
    335.1596272785));
#768 = CARTESIAN_POINT('',(158.33695243097,19.427046689847,
    330.98138460575));
#769 = CARTESIAN_POINT('',(158.63009901286,16.920587653607,
    327.6732406683));
#770 = CARTESIAN_POINT('',(158.8495672091,14.666941842222,
    324.26317292583));
#771 = CARTESIAN_POINT('',(159.01235770302,12.667751637227,
    320.7667170061));
#772 = CARTESIAN_POINT('',(159.1323460471,10.924967725969,
    317.19611917382));
#773 = CARTESIAN_POINT('',(159.31804271256,7.793394531551,
    309.52325616403));
#774 = CARTESIAN_POINT('',(159.37624456976,6.465448027876,
    305.40623036617));
#775 = CARTESIAN_POINT('',(159.40952127628,5.464700603324,
    301.23172182108));
#776 = CARTESIAN_POINT('',(159.42823901589,4.795701939365,
    297.01908839353));
#777 = CARTESIAN_POINT('',(159.43760612817,4.460913820973,
    292.78651854777));
#778 = CARTESIAN_POINT('',(159.43760612817,4.460913820973,
    284.31010542803));
#779 = CARTESIAN_POINT('',(159.42820647379,4.796864996439,
    280.07020295647));
#780 = CARTESIAN_POINT('',(159.40942381839,5.468183933786,
    275.85034074314));
#781 = CARTESIAN_POINT('',(159.37601352554,6.472393154793,271.6687965068
    ));
#782 = CARTESIAN_POINT('',(159.31753755192,7.804915227383,
    267.54502772092));
#783 = CARTESIAN_POINT('',(159.13112177097,10.942890026131,
    259.87071210472));
#784 = CARTESIAN_POINT('',(159.0109205192,12.685792728237,
    256.30493801561));
#785 = CARTESIAN_POINT('',(158.84793000228,14.684479016965,
    252.81321785677));
#786 = CARTESIAN_POINT('',(158.62830957234,16.937010080704,
    249.40776018806));
#787 = CARTESIAN_POINT('',(158.33510686293,19.441754749849,
    246.10405341322));
#788 = CARTESIAN_POINT('',(157.82755470862,23.05346055637,
    241.93253381199));
#789 = CARTESIAN_POINT('',(157.69800123143,23.934857388485,
    240.95428106702));
#790 = CARTESIAN_POINT('',(157.5587094178,24.840604298905,
    239.98822155986));
#791 = CARTESIAN_POINT('',(157.40901555203,25.770713658184,
    239.03495839207));
#792 = CARTESIAN_POINT('',(157.24821821128,26.725190464454,
    238.09516268531));
#793 = CARTESIAN_POINT('',(156.86009751344,28.92574676914,
    236.01432360414));
#794 = CARTESIAN_POINT('',(156.62616562174,30.185425190522,
    234.88119669403));
#795 = CARTESIAN_POINT('',(156.3723308926,31.48310527176,233.77159315779
    ));
#796 = CARTESIAN_POINT('',(156.0970520818,32.81876180778,232.68712936798
    ));
#797 = CARTESIAN_POINT('',(155.7986919713,34.192304963265,
    231.62963656085));
#798 = CARTESIAN_POINT('',(155.05948087302,37.420329459314,
    229.27718916977));
#799 = CARTESIAN_POINT('',(154.60221914718,39.300045099509,
    228.0009843952));
#800 = CARTESIAN_POINT('',(154.10013734887,41.241778867183,
    226.77744568199));
#801 = CARTESIAN_POINT('',(153.5494583454,43.244257272507,
    225.61196583748));
#802 = CARTESIAN_POINT('',(152.94625505642,45.305809244836,
    224.51048171496));
#803 = CARTESIAN_POINT('',(151.7682725872,49.088486496388,
    222.66968431921));
#804 = CARTESIAN_POINT('',(151.21505495212,50.788076991707,
    221.90322794657));
#805 = CARTESIAN_POINT('',(150.62537068238,52.520581977789,
    221.18409209702));
#806 = CARTESIAN_POINT('',(149.99783010796,54.283330743985,
    220.51607576363));
#807 = CARTESIAN_POINT('',(149.33119233768,56.073500394746,
    219.90287027972));
#808 = CARTESIAN_POINT('',(148.24526389013,58.861558189186,
    219.05046884517));
#809 = CARTESIAN_POINT('',(147.8546321717,59.841860079278,
    218.76971877094));
#810 = CARTESIAN_POINT('',(147.45247214872,60.828278694176,
    218.50646370201));
#811 = CARTESIAN_POINT('',(147.03877746649,61.820048637709,
    218.26129150123));
#812 = CARTESIAN_POINT('',(146.61357528857,62.816403499727,
    218.03474126374));
#813 = CARTESIAN_POINT('',(145.29894600859,65.827666076965,
    217.41020302993));
#814 = CARTESIAN_POINT('',(144.37431114284,67.855068557622,
    217.07019727222));
#815 = CARTESIAN_POINT('',(143.40466164754,69.88983185099,
    216.81197828132));
#816 = CARTESIAN_POINT('',(142.3924932277,71.923188184249,
    216.63869367765));
#817 = CARTESIAN_POINT('',(141.34120900312,73.946704223871,
    216.55198651616));
#818 = CARTESIAN_POINT('',(139.16893931716,77.958057680848,
    216.55198651616));
#819 = CARTESIAN_POINT('',(138.04881925979,79.944297027156,
    216.63869367765));
#820 = CARTESIAN_POINT('',(136.89908205355,81.903155685847,
    216.81197828132));
#821 = CARTESIAN_POINT('',(135.72493059667,83.827174958115,
    217.07019727223));
#822 = CARTESIAN_POINT('',(134.53234375866,85.709473310421,
    217.41020302993));
#823 = CARTESIAN_POINT('',(132.72893106238,88.456044827786,
    218.03474126374));
#824 = CARTESIAN_POINT('',(132.12688175285,89.356631598768,
    218.26129150123));
#825 = CARTESIAN_POINT('',(131.52238349236,90.245075611671,218.506463702
    ));
#826 = CARTESIAN_POINT('',(130.91606328094,91.120935286009,
    218.76971877094));
#827 = CARTESIAN_POINT('',(130.30856558672,91.983797665922,
    219.05046884517));
#828 = CARTESIAN_POINT('',(128.56777825678,94.415911247435,
    219.90253744962));
#829 = CARTESIAN_POINT('',(127.43355736343,95.951606142208,
    220.51533966765));
#830 = CARTESIAN_POINT('',(126.30093135501,97.439630310895,
    221.1828887393));
#831 = CARTESIAN_POINT('',(125.17293669776,98.879481482147,
    221.90150011114));
#832 = CARTESIAN_POINT('',(124.0525638163,100.27086462747,
    222.66738194959));
#833 = CARTESIAN_POINT('',(121.53627425481,103.31533177077,
    224.50211816501));
#834 = CARTESIAN_POINT('',(120.14644157815,104.93933885612,
    225.59745615451));
#835 = CARTESIAN_POINT('',(118.77713414879,106.48784297335,226.756185699
    ));
#836 = CARTESIAN_POINT('',(117.43185106098,107.96317648333,
    227.97245330024));
#837 = CARTESIAN_POINT('',(116.11368504487,109.3677630181,
    229.24093675297));
#838 = CARTESIAN_POINT('',(113.81218606181,111.75494262976,
    231.59162288179));
#839 = CARTESIAN_POINT('',(112.81727560849,112.76379352161,
    232.6559462117));
#840 = CARTESIAN_POINT('',(111.84173530446,113.73200273391,
    233.74767040882));
#841 = CARTESIAN_POINT('',(110.88655791035,114.66092156679,
    234.8649211006));
#842 = CARTESIAN_POINT('',(109.95262634044,115.55185508466,
    236.00604517854));
#843 = CARTESIAN_POINT('',(108.31356940062,117.08720416137,
    238.09742892606));
#844 = CARTESIAN_POINT('',(107.6004202905,117.74499685585,239.0395209371
    ));
#845 = CARTESIAN_POINT('',(106.90168033722,118.38006684577,
    239.99514353462));
#846 = CARTESIAN_POINT('',(106.21773137312,118.99300845741,
    240.96362087163));
#847 = CARTESIAN_POINT('',(105.54892820633,119.58438819727,
    241.94434575383));
#848 = CARTESIAN_POINT('',(102.79835469535,121.9856504682,
    246.12258842742));
#849 = CARTESIAN_POINT('',(100.85947393958,123.60089447894,
    249.4307323596));
#850 = CARTESIAN_POINT('',(99.092052191489,125.01627645238,
    252.84080011355));
#851 = CARTESIAN_POINT('',(97.506755537021,126.24513637543,
    256.33725602172));
#852 = CARTESIAN_POINT('',(96.112800381994,127.29802858252,
    259.90785385943));
#853 = CARTESIAN_POINT('',(93.591686273036,129.16490232511,
    267.58071686828));
#854 = CARTESIAN_POINT('',(92.511379069273,129.93934775141,
    271.69774266616));
#855 = CARTESIAN_POINT('',(91.69146963257,130.51410966956,
    275.87225121125));
#856 = CARTESIAN_POINT('',(91.141433145483,130.89538310034,
    280.0848846388));
#857 = CARTESIAN_POINT('',(90.866177556743,131.08618453607,
    284.31745448454));
#858 = CARTESIAN_POINT('',(90.866177556743,131.08618453607,
    288.55198651616));
#859 = PCURVE('',#162,#860);
#860 = DEFINITIONAL_REPRESENTATION('',(#861),#1024);
#861 = B_SPLINE_CURVE_WITH_KNOTS('',6,(#862,#863,#864,#865,#866,#867,
    #868,#869,#870,#871,#872,#873,#874,#875,#876,#877,#878,#879,#880,
    #881,#882,#883,#884,#885,#886,#887,#888,#889,#890,#891,#892,#893,
    #894,#895,#896,#897,#898,#899,#900,#901,#902,#903,#904,#905,#906,
    #907,#908,#909,#910,#911,#912,#913,#914,#915,#916,#917,#918,#919,
    #920,#921,#922,#923,#924,#925,#926,#927,#928,#929,#930,#931,#932,
    #933,#934,#935,#936,#937,#938,#939,#940,#941,#942,#943,#944,#945,
    #946,#947,#948,#949,#950,#951,#952,#953,#954,#955,#956,#957,#958,
    #959,#960,#961,#962,#963,#964,#965,#966,#967,#968,#969,#970,#971,
    #972,#973,#974,#975,#976,#977,#978,#979,#980,#981,#982,#983,#984,
    #985,#986,#987,#988,#989,#990,#991,#992,#993,#994,#995,#996,#997,
    #998,#999,#1000,#1001,#1002,#1003,#1004,#1005,#1006,#1007,#1008,
    #1009,#1010,#1011,#1012,#1013,#1014,#1015,#1016,#1017,#1018,#1019,
    #1020,#1021,#1022,#1023),.UNSPECIFIED.,.T.,.F.,(7,5,5,5,5,5,5,5,5,5,
    5,5,5,5,5,5,5,5,5,5,5,5,5,5,5,5,5,5,5,5,5,5,7),(0.,6.41741309061E-02
    ,0.121771296676,0.139691818158,0.162058836897,0.190852179933,
    0.213470661242,0.2256038559,0.25000055353,0.27439725116,
    0.286530445818,0.309135357934,0.337781292636,0.360309253065,
    0.378272842242,0.435937676154,0.500000497889,0.564174501047,
    0.621771552141,0.639692037935,0.662059012131,0.690852297824,
    0.713470734082,0.725603904571,0.750000553605,0.774397202638,
    0.786530373127,0.809135240213,0.837781117851,0.860309033402,
    0.878272586794,0.935937305849,1.),.UNSPECIFIED.);
#862 = CARTESIAN_POINT('',(0.964662965056,83.));
#863 = CARTESIAN_POINT('',(0.964662965056,87.241881088135));
#864 = CARTESIAN_POINT('',(0.962555865938,91.481783559669));
#865 = CARTESIAN_POINT('',(0.958345312801,95.701645773049));
#866 = CARTESIAN_POINT('',(0.952045958869,99.88319000934));
#867 = CARTESIAN_POINT('',(0.943684552666,104.00695879524));
#868 = CARTESIAN_POINT('',(0.923976044405,111.68127441269));
#869 = CARTESIAN_POINT('',(0.913023293904,115.24704849635));
#870 = CARTESIAN_POINT('',(0.90045234655,118.73876866554));
#871 = CARTESIAN_POINT('',(0.886266154321,122.14422632356));
#872 = CARTESIAN_POINT('',(0.87045941157,125.44793310438));
#873 = CARTESIAN_POINT('',(0.847592988121,129.61945270416));
#874 = CARTESIAN_POINT('',(0.842007725268,130.59770544913));
#875 = CARTESIAN_POINT('',(0.836262498364,131.56376495629));
#876 = CARTESIAN_POINT('',(0.830356280326,132.51702812409));
#877 = CARTESIAN_POINT('',(0.824287954316,133.45682383085));
#878 = CARTESIAN_POINT('',(0.810278415984,135.53766291202));
#879 = CARTESIAN_POINT('',(0.802246043583,136.67078982213));
#880 = CARTESIAN_POINT('',(0.793956515738,137.78039335837));
#881 = CARTESIAN_POINT('',(0.785407188484,138.86485714817));
#882 = CARTESIAN_POINT('',(0.776595363844,139.92234995531));
#883 = CARTESIAN_POINT('',(0.75583309439,142.27479734653));
#884 = CARTESIAN_POINT('',(0.7437054657,143.5510021209));
#885 = CARTESIAN_POINT('',(0.731133221579,144.77454083403));
#886 = CARTESIAN_POINT('',(0.718114900861,145.94002067867));
#887 = CARTESIAN_POINT('',(0.704649896468,147.04150480131));
#888 = CARTESIAN_POINT('',(0.679810684245,148.88230219705));
#889 = CARTESIAN_POINT('',(0.668605577452,149.64875856954));
#890 = CARTESIAN_POINT('',(0.657133119012,150.36789441905));
#891 = CARTESIAN_POINT('',(0.645403750477,151.03591075252));
#892 = CARTESIAN_POINT('',(0.633428503042,151.64911623651));
#893 = CARTESIAN_POINT('',(0.614669418365,152.50151767099));
#894 = CARTESIAN_POINT('',(0.608053534942,152.78226774522));
#895 = CARTESIAN_POINT('',(0.601375179357,153.04552281415));
#896 = CARTESIAN_POINT('',(0.594638251268,153.29069501492));
#897 = CARTESIAN_POINT('',(0.58784668908,153.51724525241));
#898 = CARTESIAN_POINT('',(0.567246566994,154.14178348623));
#899 = CARTESIAN_POINT('',(0.553277895001,154.48178924393));
#900 = CARTESIAN_POINT('',(0.539149324263,154.74000823483));
#901 = CARTESIAN_POINT('',(0.524912081339,154.91329283851));
#902 = CARTESIAN_POINT('',(0.510617570089,155.));
#903 = CARTESIAN_POINT('',(0.482017154162,155.));
#904 = CARTESIAN_POINT('',(0.467722642912,154.91329283851));
#905 = CARTESIAN_POINT('',(0.453485399988,154.74000823483));
#906 = CARTESIAN_POINT('',(0.43935682925,154.48178924393));
#907 = CARTESIAN_POINT('',(0.425388157257,154.14178348623));
#908 = CARTESIAN_POINT('',(0.404788035171,153.51724525241));
#909 = CARTESIAN_POINT('',(0.397996472983,153.29069501493));
#910 = CARTESIAN_POINT('',(0.391259544894,153.04552281415));
#911 = CARTESIAN_POINT('',(0.384581189309,152.78226774522));
#912 = CARTESIAN_POINT('',(0.377965305886,152.50151767099));
#913 = CARTESIAN_POINT('',(0.359213545911,151.64944906651));
#914 = CARTESIAN_POINT('',(0.347245350368,151.03664684851));
#915 = CARTESIAN_POINT('',(0.335522737011,150.36909777689));
#916 = CARTESIAN_POINT('',(0.324056714347,149.65048640504));
#917 = CARTESIAN_POINT('',(0.312857702755,148.88460456652));
#918 = CARTESIAN_POINT('',(0.288094405046,147.04986835114));
#919 = CARTESIAN_POINT('',(0.274694935963,145.95453036164));
#920 = CARTESIAN_POINT('',(0.261737551807,144.79580081715));
#921 = CARTESIAN_POINT('',(0.249221709008,143.57953321592));
#922 = CARTESIAN_POINT('',(0.237146023059,142.31104976319));
#923 = CARTESIAN_POINT('',(0.216356368204,139.96036363437));
#924 = CARTESIAN_POINT('',(0.207473503803,138.89604030446));
#925 = CARTESIAN_POINT('',(0.198856988045,137.80431610734));
#926 = CARTESIAN_POINT('',(0.190504064778,136.68706541556));
#927 = CARTESIAN_POINT('',(0.182412032658,135.54594133762));
#928 = CARTESIAN_POINT('',(0.168331521133,133.4545575901));
#929 = CARTESIAN_POINT('',(0.162248991645,132.51246557907));
#930 = CARTESIAN_POINT('',(0.156329348084,131.55684298154));
#931 = CARTESIAN_POINT('',(0.15057146602,130.58836564452));
#932 = CARTESIAN_POINT('',(0.144974311679,129.60764076233));
#933 = CARTESIAN_POINT('',(0.122082386112,125.42939808958));
#934 = CARTESIAN_POINT('',(0.106265019787,122.12125415213));
#935 = CARTESIAN_POINT('',(9.207196836211E-02,118.71118640966));
#936 = CARTESIAN_POINT('',(7.949797368429E-02,115.21473048994));
#937 = CARTESIAN_POINT('',(6.85460569471E-02,111.64413265765));
#938 = CARTESIAN_POINT('',(4.887788075689E-02,103.97126964786));
#939 = CARTESIAN_POINT('',(4.054519899387E-02,99.854243850007));
#940 = CARTESIAN_POINT('',(3.426756374317E-02,95.679735304917));
#941 = CARTESIAN_POINT('',(3.007156359157E-02,91.467101877366));
#942 = CARTESIAN_POINT('',(2.797175919498E-02,87.234532031613));
#943 = CARTESIAN_POINT('',(2.797175919498E-02,78.758118911869));
#944 = CARTESIAN_POINT('',(3.007885831255E-02,74.518216440312));
#945 = CARTESIAN_POINT('',(3.428941144974E-02,70.298354226976));
#946 = CARTESIAN_POINT('',(4.058876538158E-02,66.116809990641));
#947 = CARTESIAN_POINT('',(4.895017158516E-02,61.993041204762));
#948 = CARTESIAN_POINT('',(6.86586798429E-02,54.318725588564));
#949 = CARTESIAN_POINT('',(7.961143036089E-02,50.752951499445));
#950 = CARTESIAN_POINT('',(9.218237767579E-02,47.261231340612));
#951 = CARTESIAN_POINT('',(0.106368569951,43.855773671902));
#952 = CARTESIAN_POINT('',(0.122175312673,40.552066897056));
#953 = CARTESIAN_POINT('',(0.14504173613,36.380547295825));
#954 = CARTESIAN_POINT('',(0.150626998983,35.402294550861));
#955 = CARTESIAN_POINT('',(0.156372225887,34.436235043701));
#956 = CARTESIAN_POINT('',(0.162278443925,33.482971875904));
#957 = CARTESIAN_POINT('',(0.168346769935,32.543176169147));
#958 = CARTESIAN_POINT('',(0.182356308267,30.462337087981));
#959 = CARTESIAN_POINT('',(0.190388680667,29.329210177871));
#960 = CARTESIAN_POINT('',(0.198678208513,28.219606641625));
#961 = CARTESIAN_POINT('',(0.207227535767,27.135142851816));
#962 = CARTESIAN_POINT('',(0.216039360407,26.077650044685));
#963 = CARTESIAN_POINT('',(0.23680162986,23.725202653605));
#964 = CARTESIAN_POINT('',(0.248929258552,22.448997879039));
#965 = CARTESIAN_POINT('',(0.261501502673,21.225459165833));
#966 = CARTESIAN_POINT('',(0.274519823391,20.059979321324));
#967 = CARTESIAN_POINT('',(0.287984827782,18.958495198798));
#968 = CARTESIAN_POINT('',(0.312824040005,17.117697803045));
#969 = CARTESIAN_POINT('',(0.324029146799,16.351241430411));
#970 = CARTESIAN_POINT('',(0.33550160524,15.632105580857));
#971 = CARTESIAN_POINT('',(0.347230973774,14.964089247466));
#972 = CARTESIAN_POINT('',(0.359206221207,14.350883763559));
#973 = CARTESIAN_POINT('',(0.377965305886,13.498482329006));
#974 = CARTESIAN_POINT('',(0.384581189308,13.217732254776));
#975 = CARTESIAN_POINT('',(0.391259544894,12.954477185845));
#976 = CARTESIAN_POINT('',(0.397996472983,12.70930498507));
#977 = CARTESIAN_POINT('',(0.404788035171,12.482754747582));
#978 = CARTESIAN_POINT('',(0.425388157257,11.858216513774));
#979 = CARTESIAN_POINT('',(0.43935682925,11.518210756061));
#980 = CARTESIAN_POINT('',(0.453485399988,11.259991765159));
#981 = CARTESIAN_POINT('',(0.467722642912,11.086707161492));
#982 = CARTESIAN_POINT('',(0.482017154161,11.));
#983 = CARTESIAN_POINT('',(0.510617570089,11.));
#984 = CARTESIAN_POINT('',(0.524912081339,11.086707161489));
#985 = CARTESIAN_POINT('',(0.539149324263,11.259991765161));
#986 = CARTESIAN_POINT('',(0.553277895001,11.518210756067));
#987 = CARTESIAN_POINT('',(0.567246566994,11.858216513765));
#988 = CARTESIAN_POINT('',(0.58784668908,12.482754747581));
#989 = CARTESIAN_POINT('',(0.594638251268,12.709304985069));
#990 = CARTESIAN_POINT('',(0.601375179357,12.954477185844));
#991 = CARTESIAN_POINT('',(0.608053534942,13.217732254775));
#992 = CARTESIAN_POINT('',(0.614669418365,13.498482329004));
#993 = CARTESIAN_POINT('',(0.63342117834,14.350550933458));
#994 = CARTESIAN_POINT('',(0.645389373883,14.963353151488));
#995 = CARTESIAN_POINT('',(0.657111987241,15.630902223141));
#996 = CARTESIAN_POINT('',(0.668578009904,16.349513594977));
#997 = CARTESIAN_POINT('',(0.679777021495,17.115395433431));
#998 = CARTESIAN_POINT('',(0.704540319205,18.950131648852));
#999 = CARTESIAN_POINT('',(0.717939788288,20.045469638351));
#1000 = CARTESIAN_POINT('',(0.730897172444,21.204199182843));
#1001 = CARTESIAN_POINT('',(0.743413015243,22.420466784083));
#1002 = CARTESIAN_POINT('',(0.755488701192,23.688950236813));
#1003 = CARTESIAN_POINT('',(0.776278356047,26.039636365625));
#1004 = CARTESIAN_POINT('',(0.785161220448,27.103959695539));
#1005 = CARTESIAN_POINT('',(0.793777736206,28.195683892661));
#1006 = CARTESIAN_POINT('',(0.802130659473,29.312934584443));
#1007 = CARTESIAN_POINT('',(0.810222691593,30.454058662378));
#1008 = CARTESIAN_POINT('',(0.824303203118,32.545442409897));
#1009 = CARTESIAN_POINT('',(0.830385732606,33.48753442094));
#1010 = CARTESIAN_POINT('',(0.836305376167,34.443157018461));
#1011 = CARTESIAN_POINT('',(0.842063258231,35.41163435547));
#1012 = CARTESIAN_POINT('',(0.847660412572,36.392359237667));
#1013 = CARTESIAN_POINT('',(0.870552338144,40.570601911258));
#1014 = CARTESIAN_POINT('',(0.886369704445,43.878745843435));
#1015 = CARTESIAN_POINT('',(0.900562755916,47.288813597385));
#1016 = CARTESIAN_POINT('',(0.913136750551,50.785269505555));
#1017 = CARTESIAN_POINT('',(0.924088667306,54.355867343273));
#1018 = CARTESIAN_POINT('',(0.943756843494,62.028730352123));
#1019 = CARTESIAN_POINT('',(0.952089525257,66.145756149995));
#1020 = CARTESIAN_POINT('',(0.958367160508,70.320264695091));
#1021 = CARTESIAN_POINT('',(0.962563160659,74.532898122641));
#1022 = CARTESIAN_POINT('',(0.964662965056,78.765467968379));
#1023 = CARTESIAN_POINT('',(0.964662965056,83.));
#1024 = ( GEOMETRIC_REPRESENTATION_CONTEXT(2) 
PARAMETRIC_REPRESENTATION_CONTEXT() REPRESENTATION_CONTEXT('2D SPACE',''
  ) );
#1025 = PCURVE('',#1026,#1031);
#1026 = CYLINDRICAL_SURFACE('',#1027,72.);
#1027 = AXIS2_PLACEMENT_3D('',#1028,#1029,#1030);
#1028 = CARTESIAN_POINT('',(0.,0.,288.55198651616));
#1029 = DIRECTION('',(0.879342157744,0.47619047619,0.));
#1030 = DIRECTION('',(-0.47619047619,0.879342157744,0.));
#1031 = DEFINITIONAL_REPRESENTATION('',(#1032),#1195);
#1032 = B_SPLINE_CURVE_WITH_KNOTS('',6,(#1033,#1034,#1035,#1036,#1037,
    #1038,#1039,#1040,#1041,#1042,#1043,#1044,#1045,#1046,#1047,#1048,
    #1049,#1050,#1051,#1052,#1053,#1054,#1055,#1056,#1057,#1058,#1059,
    #1060,#1061,#1062,#1063,#1064,#1065,#1066,#1067,#1068,#1069,#1070,
    #1071,#1072,#1073,#1074,#1075,#1076,#1077,#1078,#1079,#1080,#1081,
    #1082,#1083,#1084,#1085,#1086,#1087,#1088,#1089,#1090,#1091,#1092,
    #1093,#1094,#1095,#1096,#1097,#1098,#1099,#1100,#1101,#1102,#1103,
    #1104,#1105,#1106,#1107,#1108,#1109,#1110,#1111,#1112,#1113,#1114,
    #1115,#1116,#1117,#1118,#1119,#1120,#1121,#1122,#1123,#1124,#1125,
    #1126,#1127,#1128,#1129,#1130,#1131,#1132,#1133,#1134,#1135,#1136,
    #1137,#1138,#1139,#1140,#1141,#1142,#1143,#1144,#1145,#1146,#1147,
    #1148,#1149,#1150,#1151,#1152,#1153,#1154,#1155,#1156,#1157,#1158,
    #1159,#1160,#1161,#1162,#1163,#1164,#1165,#1166,#1167,#1168,#1169,
    #1170,#1171,#1172,#1173,#1174,#1175,#1176,#1177,#1178,#1179,#1180,
    #1181,#1182,#1183,#1184,#1185,#1186,#1187,#1188,#1189,#1190,#1191,
    #1192,#1193,#1194),.UNSPECIFIED.,.F.,.F.,(7,5,5,5,5,5,5,5,5,5,5,5,5,
    5,5,5,5,5,5,5,5,5,5,5,5,5,5,5,5,5,5,5,7),(0.,6.41741309061E-02,
    0.121771296676,0.139691818158,0.162058836897,0.190852179933,
    0.213470661242,0.2256038559,0.25000055353,0.27439725116,
    0.286530445818,0.309135357934,0.337781292636,0.360309253065,
    0.378272842242,0.435937676154,0.500000497889,0.564174501047,
    0.621771552141,0.639692037935,0.662059012131,0.690852297824,
    0.713470734082,0.725603904571,0.750000553605,0.774397202638,
    0.786530373127,0.809135240213,0.837781117851,0.860309033402,
    0.878272586794,0.935937305849,1.),.UNSPECIFIED.);
#1033 = CARTESIAN_POINT('',(0.,142.3244532749));
#1034 = CARTESIAN_POINT('',(5.891501511299E-02,142.3244532749));
#1035 = CARTESIAN_POINT('',(0.117802549447,142.47616451276));
#1036 = CARTESIAN_POINT('',(0.176779832385,142.77932381648));
#1037 = CARTESIAN_POINT('',(0.235959391803,143.22813960462));
#1038 = CARTESIAN_POINT('',(0.295452293544,143.81125353609));
#1039 = CARTESIAN_POINT('',(0.409143623327,145.14160399494));
#1040 = CARTESIAN_POINT('',(0.463256741483,145.8658596334));
#1041 = CARTESIAN_POINT('',(0.517870783032,146.67429057852));
#1042 = CARTESIAN_POINT('',(0.573148326942,147.55380291294));
#1043 = CARTESIAN_POINT('',(0.629257807891,148.48871296819));
#1044 = CARTESIAN_POINT('',(0.704157019398,149.76226086908));
#1045 = CARTESIAN_POINT('',(0.7220320235,150.0680518121));
#1046 = CARTESIAN_POINT('',(0.740015422142,150.37687470073));
#1047 = CARTESIAN_POINT('',(0.758114292594,150.6881517925));
#1048 = CARTESIAN_POINT('',(0.776335799929,151.00126867682));
#1049 = CARTESIAN_POINT('',(0.817592353962,151.70786173953));
#1050 = CARTESIAN_POINT('',(0.840700094128,152.10200243244));
#1051 = CARTESIAN_POINT('',(0.864025761391,152.49673774983));
#1052 = CARTESIAN_POINT('',(0.887584211403,152.89070040828));
#1053 = CARTESIAN_POINT('',(0.911390554868,153.28240795421));
#1054 = CARTESIAN_POINT('',(0.966446599801,154.169542994));
#1055 = CARTESIAN_POINT('',(0.997877172333,154.66255616708));
#1056 = CARTESIAN_POINT('',(1.029775425152,155.14568960262));
#1057 = CARTESIAN_POINT('',(1.062165747517,155.61501548493));
#1058 = CARTESIAN_POINT('',(1.095074273714,156.06628481868));
#1059 = CARTESIAN_POINT('',(1.154810946947,156.8317100541));
#1060 = CARTESIAN_POINT('',(1.181433854939,157.1545712724));
#1061 = CARTESIAN_POINT('',(1.208389447637,157.46103940857));
#1062 = CARTESIAN_POINT('',(1.23567086502,157.7486207002));
#1063 = CARTESIAN_POINT('',(1.263273453065,158.01487974333));
#1064 = CARTESIAN_POINT('',(1.306172265074,158.38762364786));
#1065 = CARTESIAN_POINT('',(1.321239143637,158.51093513355));
#1066 = CARTESIAN_POINT('',(1.336390100097,158.62702202114));
#1067 = CARTESIAN_POINT('',(1.351620344462,158.7355142483));
#1068 = CARTESIAN_POINT('',(1.366925346216,158.83607074389));
#1069 = CARTESIAN_POINT('',(1.413216739547,159.11399635679));
#1070 = CARTESIAN_POINT('',(1.444430858827,159.2663556915));
#1071 = CARTESIAN_POINT('',(1.475866065241,159.38263691365));
#1072 = CARTESIAN_POINT('',(1.507451081673,159.46085947196));
#1073 = CARTESIAN_POINT('',(1.539117393875,159.5));
#1074 = CARTESIAN_POINT('',(1.602475259715,159.5));
#1075 = CARTESIAN_POINT('',(1.634141571916,159.46085947196));
#1076 = CARTESIAN_POINT('',(1.665726588349,159.38263691365));
#1077 = CARTESIAN_POINT('',(1.697161794763,159.2663556915));
#1078 = CARTESIAN_POINT('',(1.728375914043,159.11399635679));
#1079 = CARTESIAN_POINT('',(1.774667307373,158.83607074389));
#1080 = CARTESIAN_POINT('',(1.789972309128,158.7355142483));
#1081 = CARTESIAN_POINT('',(1.805202553492,158.62702202114));
#1082 = CARTESIAN_POINT('',(1.820353509952,158.51093513355));
#1083 = CARTESIAN_POINT('',(1.835420388515,158.38762364787));
#1084 = CARTESIAN_POINT('',(1.878302450187,158.0150252855));
#1085 = CARTESIAN_POINT('',(1.905888651181,157.74894032102));
#1086 = CARTESIAN_POINT('',(1.933154056001,157.46155746035));
#1087 = CARTESIAN_POINT('',(1.960094027037,157.15530761939));
#1088 = CARTESIAN_POINT('',(1.986701726341,156.83267991484));
#1089 = CARTESIAN_POINT('',(2.04625362041,156.06974668107));
#1090 = CARTESIAN_POINT('',(2.078997874022,155.62094492357));
#1091 = CARTESIAN_POINT('',(2.111229115715,155.154238087));
#1092 = CARTESIAN_POINT('',(2.142972986117,154.67381372045));
#1093 = CARTESIAN_POINT('',(2.174253403912,154.18354550241));
#1094 = CARTESIAN_POINT('',(2.229345895099,153.29649261663));
#1095 = CARTESIAN_POINT('',(2.253330799444,152.90203109845));
#1096 = CARTESIAN_POINT('',(2.277063899535,152.50524938839));
#1097 = CARTESIAN_POINT('',(2.300560635008,152.107663939));
#1098 = CARTESIAN_POINT('',(2.323836182149,151.71067259326));
#1099 = CARTESIAN_POINT('',(2.365301771878,151.00049933509));
#1100 = CARTESIAN_POINT('',(2.383566810255,150.68663187422));
#1101 = CARTESIAN_POINT('',(2.401708639548,150.37461465691));
#1102 = CARTESIAN_POINT('',(2.419734475435,150.06506645696));
#1103 = CARTESIAN_POINT('',(2.437651444946,149.7585690371));
#1104 = CARTESIAN_POINT('',(2.512655556842,148.48333201544));
#1105 = CARTESIAN_POINT('',(2.568826754962,147.54755624128));
#1106 = CARTESIAN_POINT('',(2.624164889582,146.66737920642));
#1107 = CARTESIAN_POINT('',(2.678838841961,145.85853241489));
#1108 = CARTESIAN_POINT('',(2.733011621681,145.13414612368));
#1109 = CARTESIAN_POINT('',(2.846655201373,143.8062116995));
#1110 = CARTESIAN_POINT('',(2.906042911303,143.22503556825));
#1111 = CARTESIAN_POINT('',(2.965119042952,142.77775078652));
#1112 = CARTESIAN_POINT('',(3.023994016426,142.47563929169));
#1113 = CARTESIAN_POINT('',(3.082779708706,142.3244532749));
#1114 = CARTESIAN_POINT('',(3.200507668703,142.3244532749));
#1115 = CARTESIAN_POINT('',(3.259395203037,142.47616451276));
#1116 = CARTESIAN_POINT('',(3.318372485975,142.77932381648));
#1117 = CARTESIAN_POINT('',(3.377552045393,143.22813960462));
#1118 = CARTESIAN_POINT('',(3.437044947134,143.81125353609));
#1119 = CARTESIAN_POINT('',(3.550736276898,145.14160399472));
#1120 = CARTESIAN_POINT('',(3.604849395139,145.86585963429));
#1121 = CARTESIAN_POINT('',(3.659463436521,146.67429057703));
#1122 = CARTESIAN_POINT('',(3.714740980609,147.55380291416));
#1123 = CARTESIAN_POINT('',(3.770850461455,148.48871296775));
#1124 = CARTESIAN_POINT('',(3.845749672988,149.76226086908));
#1125 = CARTESIAN_POINT('',(3.86362467709,150.0680518121));
#1126 = CARTESIAN_POINT('',(3.881608075732,150.37687470073));
#1127 = CARTESIAN_POINT('',(3.899706946183,150.6881517925));
#1128 = CARTESIAN_POINT('',(3.917928453518,151.00126867682));
#1129 = CARTESIAN_POINT('',(3.959185007552,151.70786173953));
#1130 = CARTESIAN_POINT('',(3.982292747717,152.10200243244));
#1131 = CARTESIAN_POINT('',(4.005618414981,152.49673774983));
#1132 = CARTESIAN_POINT('',(4.029176864993,152.89070040828));
#1133 = CARTESIAN_POINT('',(4.052983208458,153.28240795421));
#1134 = CARTESIAN_POINT('',(4.108039253388,154.16954299395));
#1135 = CARTESIAN_POINT('',(4.139469825924,154.6625561671));
#1136 = CARTESIAN_POINT('',(4.171368078746,155.14568960267));
#1137 = CARTESIAN_POINT('',(4.203758401108,155.61501548493));
#1138 = CARTESIAN_POINT('',(4.2366669273,156.06628481864));
#1139 = CARTESIAN_POINT('',(4.296403600533,156.83171005406));
#1140 = CARTESIAN_POINT('',(4.32302650853,157.15457127242));
#1141 = CARTESIAN_POINT('',(4.34998210123,157.4610394086));
#1142 = CARTESIAN_POINT('',(4.377263518611,157.7486207002));
#1143 = CARTESIAN_POINT('',(4.404866106652,158.0148797433));
#1144 = CARTESIAN_POINT('',(4.447764918664,158.38762364786));
#1145 = CARTESIAN_POINT('',(4.462831797227,158.51093513355));
#1146 = CARTESIAN_POINT('',(4.477982753687,158.62702202114));
#1147 = CARTESIAN_POINT('',(4.493212998051,158.7355142483));
#1148 = CARTESIAN_POINT('',(4.508517999806,158.83607074389));
#1149 = CARTESIAN_POINT('',(4.554809393136,159.11399635679));
#1150 = CARTESIAN_POINT('',(4.586023512417,159.26635569151));
#1151 = CARTESIAN_POINT('',(4.617458718831,159.38263691365));
#1152 = CARTESIAN_POINT('',(4.649043735263,159.46085947196));
#1153 = CARTESIAN_POINT('',(4.680710047464,159.5));
#1154 = CARTESIAN_POINT('',(4.744067913304,159.5));
#1155 = CARTESIAN_POINT('',(4.775734225506,159.46085947196));
#1156 = CARTESIAN_POINT('',(4.807319241938,159.38263691365));
#1157 = CARTESIAN_POINT('',(4.838754448353,159.2663556915));
#1158 = CARTESIAN_POINT('',(4.869968567632,159.1139963568));
#1159 = CARTESIAN_POINT('',(4.916259960963,158.83607074389));
#1160 = CARTESIAN_POINT('',(4.931564962718,158.7355142483));
#1161 = CARTESIAN_POINT('',(4.946795207082,158.62702202114));
#1162 = CARTESIAN_POINT('',(4.961946163542,158.51093513355));
#1163 = CARTESIAN_POINT('',(4.977013042105,158.38762364787));
#1164 = CARTESIAN_POINT('',(5.019895103775,158.01502528552));
#1165 = CARTESIAN_POINT('',(5.047481304772,157.74894032102));
#1166 = CARTESIAN_POINT('',(5.074746709593,157.46155746033));
#1167 = CARTESIAN_POINT('',(5.101686680627,157.15530761939));
#1168 = CARTESIAN_POINT('',(5.12829437993,156.83267991486));
#1169 = CARTESIAN_POINT('',(5.187846274,156.06974668107));
#1170 = CARTESIAN_POINT('',(5.220590527612,155.62094492357));
#1171 = CARTESIAN_POINT('',(5.252821769304,155.154238087));
#1172 = CARTESIAN_POINT('',(5.284565639707,154.67381372045));
#1173 = CARTESIAN_POINT('',(5.315846057502,154.18354550241));
#1174 = CARTESIAN_POINT('',(5.370938548688,153.29649261663));
#1175 = CARTESIAN_POINT('',(5.394923453033,152.90203109845));
#1176 = CARTESIAN_POINT('',(5.418656553125,152.50524938839));
#1177 = CARTESIAN_POINT('',(5.442153288598,152.107663939));
#1178 = CARTESIAN_POINT('',(5.465428835739,151.71067259326));
#1179 = CARTESIAN_POINT('',(5.506894425468,151.00049933509));
#1180 = CARTESIAN_POINT('',(5.525159463845,150.68663187422));
#1181 = CARTESIAN_POINT('',(5.543301293137,150.37461465691));
#1182 = CARTESIAN_POINT('',(5.561327129024,150.06506645696));
#1183 = CARTESIAN_POINT('',(5.579244098535,149.7585690371));
#1184 = CARTESIAN_POINT('',(5.654248210447,148.48333201518));
#1185 = CARTESIAN_POINT('',(5.710419408478,147.54755624243));
#1186 = CARTESIAN_POINT('',(5.765757543286,146.66737920474));
#1187 = CARTESIAN_POINT('',(5.82043149548,145.85853241586));
#1188 = CARTESIAN_POINT('',(5.874604275285,145.13414612352));
#1189 = CARTESIAN_POINT('',(5.988247854963,143.8062116995));
#1190 = CARTESIAN_POINT('',(6.047635564893,143.22503556825));
#1191 = CARTESIAN_POINT('',(6.106711696541,142.77775078652));
#1192 = CARTESIAN_POINT('',(6.165586670015,142.47563929169));
#1193 = CARTESIAN_POINT('',(6.224372362296,142.3244532749));
#1194 = CARTESIAN_POINT('',(6.28318530718,142.3244532749));
#1195 = ( GEOMETRIC_REPRESENTATION_CONTEXT(2) 
PARAMETRIC_REPRESENTATION_CONTEXT() REPRESENTATION_CONTEXT('2D SPACE',''
  ) );
#1196 = FACE_BOUND('',#1197,.F.);
#1197 = EDGE_LOOP('',(#1198));
#1198 = ORIENTED_EDGE('',*,*,#1199,.F.);
#1199 = EDGE_CURVE('',#1200,#1200,#1202,.T.);
#1200 = VERTEX_POINT('',#1201);
#1201 = CARTESIAN_POINT('',(155.92083966362,33.599728549377,
    240.55198651616));
#1202 = SURFACE_CURVE('',#1203,(#1266,#1332),.PCURVE_S1.);
#1203 = B_SPLINE_CURVE_WITH_KNOTS('',7,(#1204,#1205,#1206,#1207,#1208,
    #1209,#1210,#1211,#1212,#1213,#1214,#1215,#1216,#1217,#1218,#1219,
    #1220,#1221,#1222,#1223,#1224,#1225,#1226,#1227,#1228,#1229,#1230,
    #1231,#1232,#1233,#1234,#1235,#1236,#1237,#1238,#1239,#1240,#1241,
    #1242,#1243,#1244,#1245,#1246,#1247,#1248,#1249,#1250,#1251,#1252,
    #1253,#1254,#1255,#1256,#1257,#1258,#1259,#1260,#1261,#1262,#1263,
    #1264,#1265),.UNSPECIFIED.,.T.,.F.,(8,6,6,6,6,6,6,6,6,6,8),(0.,
    0.121838759136,0.224255533697,0.309296622546,0.416501825081,
    0.531426554495,0.643352528243,0.737762071799,0.82292088847,
    0.90535643848,1.),.UNSPECIFIED.);
#1204 = CARTESIAN_POINT('',(155.92083966362,33.599728549377,
    240.55198651616));
#1205 = CARTESIAN_POINT('',(155.92083966362,33.599728549377,
    240.85579898306));
#1206 = CARTESIAN_POINT('',(155.92771516974,33.56782248372,
    241.15935177892));
#1207 = CARTESIAN_POINT('',(155.94144587542,33.504104682931,
    241.46074267482));
#1208 = CARTESIAN_POINT('',(155.96213636404,33.407889757202,
    241.75789071758));
#1209 = CARTESIAN_POINT('',(155.98998455097,33.277863760021,
    242.04816502197));
#1210 = CARTESIAN_POINT('',(156.02522715873,33.112257512477,
    242.32793136632));
#1211 = CARTESIAN_POINT('',(156.10407494178,32.738329923281,
    242.8138106738));
#1212 = CARTESIAN_POINT('',(156.14576863922,32.539522387331,
    243.0265091425));
#1213 = CARTESIAN_POINT('',(156.1931616845,32.311967455691,
    243.2248191444));
#1214 = CARTESIAN_POINT('',(156.24605898358,32.055775788779,
    243.40323986366));
#1215 = CARTESIAN_POINT('',(156.30405790728,31.771879108269,
    243.55596431438));
#1216 = CARTESIAN_POINT('',(156.36653933056,31.462201210415,
    243.67679452476));
#1217 = CARTESIAN_POINT('',(156.48753901934,30.854160702531,
    243.82719414419));
#1218 = CARTESIAN_POINT('',(156.54437744523,30.565575509549,
    243.86808022367));
#1219 = CARTESIAN_POINT('',(156.60182157042,30.270491901608,
    243.8777687095));
#1220 = CARTESIAN_POINT('',(156.65846295969,29.9758717411,
    243.85494599339));
#1221 = CARTESIAN_POINT('',(156.71298925596,29.688732949345,
    243.80080024762));
#1222 = CARTESIAN_POINT('',(156.76429044621,29.415539029369,
    243.71898722569));
#1223 = CARTESIAN_POINT('',(156.87103079494,28.84156182872,
    243.48526870972));
#1224 = CARTESIAN_POINT('',(156.92426760471,28.551049918292,
    243.32020623019));
#1225 = CARTESIAN_POINT('',(156.9712255767,28.291478125083,
    243.1282307594));
#1226 = CARTESIAN_POINT('',(157.01213031638,28.062956530823,
    242.91564382218));
#1227 = CARTESIAN_POINT('',(157.04727964919,27.86490534772,
    242.6876508136));
#1228 = CARTESIAN_POINT('',(157.07699459355,27.696354369985,
    242.44857983877));
#1229 = CARTESIAN_POINT('',(157.12796742143,27.405750401872,
    241.93763674389));
#1230 = CARTESIAN_POINT('',(157.14858138004,27.287240396448,
    241.6634480607));
#1231 = CARTESIAN_POINT('',(157.16382071024,27.19913884873,
    241.38280088526));
#1232 = CARTESIAN_POINT('',(157.17396109892,27.140328538395,
    241.09814217381));
#1233 = CARTESIAN_POINT('',(157.17916850605,27.110107016631,
    240.81137366796));
#1234 = CARTESIAN_POINT('',(157.17949126222,27.108269440382,
    240.52418070249));
#1235 = CARTESIAN_POINT('',(157.17032222185,27.161379195231,
    239.95988194959));
#1236 = CARTESIAN_POINT('',(157.16109166427,27.214814855074,
    239.6830407871));
#1237 = CARTESIAN_POINT('',(157.14709529065,27.295711482972,
    239.40927930366));
#1238 = CARTESIAN_POINT('',(157.12814974677,27.404837963041,
    239.14038872326));
#1239 = CARTESIAN_POINT('',(157.10396674369,27.543378946402,
    238.87869686298));
#1240 = CARTESIAN_POINT('',(157.07416669136,27.712779414188,
    238.62738618406));
#1241 = CARTESIAN_POINT('',(157.00805811324,28.084685493137,
    238.19150891061));
#1242 = CARTESIAN_POINT('',(156.97326393758,28.279178307073,
    238.00110832151));
#1243 = CARTESIAN_POINT('',(156.93375467462,28.498303901815,
    237.82417090321));
#1244 = CARTESIAN_POINT('',(156.88945852405,28.741672529846,
    237.66527297885));
#1245 = CARTESIAN_POINT('',(156.84040454122,29.008209330041,
    237.52913187003));
#1246 = CARTESIAN_POINT('',(156.78675827388,29.296068844006,
    237.42064949893));
#1247 = CARTESIAN_POINT('',(156.67669101169,29.878815147445,
    237.27677888756));
#1248 = CARTESIAN_POINT('',(156.62153365042,30.167726346789,
    237.23589280893));
#1249 = CARTESIAN_POINT('',(156.56450891852,30.462891298065,
    237.22620432357));
#1250 = CARTESIAN_POINT('',(156.50691288593,30.757326321583,
    237.24902703863));
#1251 = CARTESIAN_POINT('',(156.45015168607,31.044031682114,
    237.3031727837));
#1252 = CARTESIAN_POINT('',(156.39561187706,31.31659753371,
    237.38498580749));
#1253 = CARTESIAN_POINT('',(156.29501409754,31.814793198704,
    237.58845270204));
#1254 = CARTESIAN_POINT('',(156.24696745561,32.050427565893,
    237.71233700644));
#1255 = CARTESIAN_POINT('',(156.20096110408,32.273964103231,
    237.85892428244));
#1256 = CARTESIAN_POINT('',(156.1575857495,32.482929121,238.02674405511)
  );
#1257 = CARTESIAN_POINT('',(156.11740563291,32.67506408839,
    238.21396950853));
#1258 = CARTESIAN_POINT('',(156.08093673268,32.848372746684,
    238.41845511313));
#1259 = CARTESIAN_POINT('',(156.01150665897,33.176677900931,
    238.88962525829));
#1260 = CARTESIAN_POINT('',(155.98094593829,33.320049147698,
    239.15370027315));
#1261 = CARTESIAN_POINT('',(155.95676100764,33.432883429143,
    239.42610611852));
#1262 = CARTESIAN_POINT('',(155.93876838364,33.516529205839,
    239.70405299905));
#1263 = CARTESIAN_POINT('',(155.92682043896,33.571974702682,
    239.98546215714));
#1264 = CARTESIAN_POINT('',(155.92083966362,33.599728549377,
    240.26863190786));
#1265 = CARTESIAN_POINT('',(155.92083966362,33.599728549377,
    240.55198651616));
#1266 = PCURVE('',#162,#1267);
#1267 = DEFINITIONAL_REPRESENTATION('',(#1268),#1331);
#1268 = B_SPLINE_CURVE_WITH_KNOTS('',7,(#1269,#1270,#1271,#1272,#1273,
    #1274,#1275,#1276,#1277,#1278,#1279,#1280,#1281,#1282,#1283,#1284,
    #1285,#1286,#1287,#1288,#1289,#1290,#1291,#1292,#1293,#1294,#1295,
    #1296,#1297,#1298,#1299,#1300,#1301,#1302,#1303,#1304,#1305,#1306,
    #1307,#1308,#1309,#1310,#1311,#1312,#1313,#1314,#1315,#1316,#1317,
    #1318,#1319,#1320,#1321,#1322,#1323,#1324,#1325,#1326,#1327,#1328,
    #1329,#1330),.UNSPECIFIED.,.T.,.F.,(8,6,6,6,6,6,6,6,6,6,8),(0.,
    0.121838759136,0.224255533697,0.309296622546,0.416501825081,
    0.531426554495,0.643352528243,0.737762071799,0.82292088847,
    0.90535643848,1.),.UNSPECIFIED.);
#1269 = CARTESIAN_POINT('',(0.212246588896,35.));
#1270 = CARTESIAN_POINT('',(0.212246588896,35.303812466897));
#1271 = CARTESIAN_POINT('',(0.212041959002,35.607365262756));
#1272 = CARTESIAN_POINT('',(0.211633304165,35.908756158662));
#1273 = CARTESIAN_POINT('',(0.211016285619,36.205904201423));
#1274 = CARTESIAN_POINT('',(0.210182588778,36.496178505805));
#1275 = CARTESIAN_POINT('',(0.209121056392,36.77594485016));
#1276 = CARTESIAN_POINT('',(0.206725130049,37.261824157643));
#1277 = CARTESIAN_POINT('',(0.205451573057,37.474522626334));
#1278 = CARTESIAN_POINT('',(0.203994284724,37.672832628242));
#1279 = CARTESIAN_POINT('',(0.20235419163,37.851253347496));
#1280 = CARTESIAN_POINT('',(0.200537518496,38.003977798224));
#1281 = CARTESIAN_POINT('',(0.198556846974,38.124808008602));
#1282 = CARTESIAN_POINT('',(0.194669931297,38.275207628027));
#1283 = CARTESIAN_POINT('',(0.192825864194,38.316093707509));
#1284 = CARTESIAN_POINT('',(0.190941088482,38.325782193341));
#1285 = CARTESIAN_POINT('',(0.189060122405,38.302959477226));
#1286 = CARTESIAN_POINT('',(0.187227714644,38.248813731463));
#1287 = CARTESIAN_POINT('',(0.185484965282,38.167000709532));
#1288 = CARTESIAN_POINT('',(0.18182466503,37.933282193555));
#1289 = CARTESIAN_POINT('',(0.179972950404,37.768219714032));
#1290 = CARTESIAN_POINT('',(0.178319131363,37.576244243238));
#1291 = CARTESIAN_POINT('',(0.17686362574,37.363657306023));
#1292 = CARTESIAN_POINT('',(0.175602523191,37.135664297442));
#1293 = CARTESIAN_POINT('',(0.174529481232,36.896593322606));
#1294 = CARTESIAN_POINT('',(0.172679697546,36.385650227734));
#1295 = CARTESIAN_POINT('',(0.171925532333,36.111461544542));
#1296 = CARTESIAN_POINT('',(0.171364969227,35.830814369094));
#1297 = CARTESIAN_POINT('',(0.170990811552,35.546155657647));
#1298 = CARTESIAN_POINT('',(0.170798542764,35.259387151798));
#1299 = CARTESIAN_POINT('',(0.17078684559,34.972194186324));
#1300 = CARTESIAN_POINT('',(0.171124747972,34.407895433434));
#1301 = CARTESIAN_POINT('',(0.171464729474,34.131054270938));
#1302 = CARTESIAN_POINT('',(0.171979453558,33.857292787499));
#1303 = CARTESIAN_POINT('',(0.17267386617,33.588402207096));
#1304 = CARTESIAN_POINT('',(0.173555594388,33.326710346817));
#1305 = CARTESIAN_POINT('',(0.174633972811,33.075399667902));
#1306 = CARTESIAN_POINT('',(0.177002223512,32.639522394452));
#1307 = CARTESIAN_POINT('',(0.178240972499,32.449121805346));
#1308 = CARTESIAN_POINT('',(0.179636951312,32.272184387049));
#1309 = CARTESIAN_POINT('',(0.181187837251,32.113286462687));
#1310 = CARTESIAN_POINT('',(0.182886973397,31.977145353869));
#1311 = CARTESIAN_POINT('',(0.184722802927,31.868662982769));
#1312 = CARTESIAN_POINT('',(0.188440983444,31.724792371403));
#1313 = CARTESIAN_POINT('',(0.190285050498,31.683906292773));
#1314 = CARTESIAN_POINT('',(0.192169826265,31.674217807408));
#1315 = CARTESIAN_POINT('',(0.194050792344,31.697040522468));
#1316 = CARTESIAN_POINT('',(0.19588320005,31.751186267537));
#1317 = CARTESIAN_POINT('',(0.197625949458,31.832999291328));
#1318 = CARTESIAN_POINT('',(0.200812474592,32.036466185878));
#1319 = CARTESIAN_POINT('',(0.202320201771,32.160350490283));
#1320 = CARTESIAN_POINT('',(0.203751055481,32.306937766279));
#1321 = CARTESIAN_POINT('',(0.205089104603,32.474757538952));
#1322 = CARTESIAN_POINT('',(0.206319769685,32.661982992369));
#1323 = CARTESIAN_POINT('',(0.207430139818,32.866468596964));
#1324 = CARTESIAN_POINT('',(0.2095340044,33.337638742125));
#1325 = CARTESIAN_POINT('',(0.210453076562,33.601713756989));
#1326 = CARTESIAN_POINT('',(0.211176568785,33.874119602359));
#1327 = CARTESIAN_POINT('',(0.211712989149,34.152066482885));
#1328 = CARTESIAN_POINT('',(0.212068589237,34.433475640981));
#1329 = CARTESIAN_POINT('',(0.212246588896,34.716645391696));
#1330 = CARTESIAN_POINT('',(0.212246588896,35.));
#1331 = ( GEOMETRIC_REPRESENTATION_CONTEXT(2) 
PARAMETRIC_REPRESENTATION_CONTEXT() REPRESENTATION_CONTEXT('2D SPACE',''
  ) );
#1332 = PCURVE('',#1333,#1338);
#1333 = CYLINDRICAL_SURFACE('',#1334,3.3);
#1334 = AXIS2_PLACEMENT_3D('',#1335,#1336,#1337);
#1335 = CARTESIAN_POINT('',(139.20637665883,26.996753462592,
    240.55198651616));
#1336 = DIRECTION('',(0.981709285323,0.190386131612,0.));
#1337 = DIRECTION('',(-0.190386131612,0.981709285323,0.));
#1338 = DEFINITIONAL_REPRESENTATION('',(#1339),#1402);
#1339 = B_SPLINE_CURVE_WITH_KNOTS('',7,(#1340,#1341,#1342,#1343,#1344,
    #1345,#1346,#1347,#1348,#1349,#1350,#1351,#1352,#1353,#1354,#1355,
    #1356,#1357,#1358,#1359,#1360,#1361,#1362,#1363,#1364,#1365,#1366,
    #1367,#1368,#1369,#1370,#1371,#1372,#1373,#1374,#1375,#1376,#1377,
    #1378,#1379,#1380,#1381,#1382,#1383,#1384,#1385,#1386,#1387,#1388,
    #1389,#1390,#1391,#1392,#1393,#1394,#1395,#1396,#1397,#1398,#1399,
    #1400,#1401),.UNSPECIFIED.,.F.,.F.,(8,6,6,6,6,6,6,6,6,6,8),(0.,
    0.121838759136,0.224255533697,0.309296622546,0.416501825081,
    0.531426554495,0.643352528243,0.737762071799,0.82292088847,
    0.90535643848,1.),.UNSPECIFIED.);
#1340 = CARTESIAN_POINT('',(0.,17.665858414897));
#1341 = CARTESIAN_POINT('',(9.206438390808E-02,17.665858414897));
#1342 = CARTESIAN_POINT('',(0.184049969543,17.666533690689));
#1343 = CARTESIAN_POINT('',(0.27665558367,17.667882266341));
#1344 = CARTESIAN_POINT('',(0.370513217186,17.66987632362));
#1345 = CARTESIAN_POINT('',(0.466281125694,17.672460000701));
#1346 = CARTESIAN_POINT('',(0.56463193169,17.675528863131));
#1347 = CARTESIAN_POINT('',(0.751942629615,17.681743836675));
#1348 = CARTESIAN_POINT('',(0.840654273723,17.684824728884));
#1349 = CARTESIAN_POINT('',(0.93244770357,17.688027618327));
#1350 = CARTESIAN_POINT('',(1.027356815068,17.691182047594));
#1351 = CARTESIAN_POINT('',(1.125515427698,17.694070138743));
#1352 = CARTESIAN_POINT('',(1.227180311433,17.696450355122));
#1353 = CARTESIAN_POINT('',(1.420494902676,17.69947439296));
#1354 = CARTESIAN_POINT('',(1.51003291768,17.700330584889));
#1355 = CARTESIAN_POINT('',(1.600357560261,17.700544189358));
#1356 = CARTESIAN_POINT('',(1.690589841909,17.700057974477));
#1357 = CARTESIAN_POINT('',(1.779888665278,17.698919702022));
#1358 = CARTESIAN_POINT('',(1.867300530518,17.697270223233));
#1359 = CARTESIAN_POINT('',(2.057859979398,17.692780915839));
#1360 = CARTESIAN_POINT('',(2.159534659691,17.689734547503));
#1361 = CARTESIAN_POINT('',(2.25731799284,17.686414755039));
#1362 = CARTESIAN_POINT('',(2.351685225382,17.683063975476));
#1363 = CARTESIAN_POINT('',(2.443040819333,17.679864203251));
#1364 = CARTESIAN_POINT('',(2.531708592424,17.676945871415));
#1365 = CARTESIAN_POINT('',(2.710492309615,17.671659404523));
#1366 = CARTESIAN_POINT('',(2.800671220172,17.669333657608));
#1367 = CARTESIAN_POINT('',(2.889155989256,17.667520936709));
#1368 = CARTESIAN_POINT('',(2.976490367279,17.666279182947));
#1369 = CARTESIAN_POINT('',(3.063187262574,17.665637584261));
#1370 = CARTESIAN_POINT('',(3.149768339989,17.665604587958));
#1371 = CARTESIAN_POINT('',(3.321545783642,17.666714616659));
#1372 = CARTESIAN_POINT('',(3.406618780611,17.667826301143));
#1373 = CARTESIAN_POINT('',(3.49256022745,17.669487527249));
#1374 = CARTESIAN_POINT('',(3.579879150602,17.671664679302));
#1375 = CARTESIAN_POINT('',(3.669105162711,17.674300282519));
#1376 = CARTESIAN_POINT('',(3.760786415707,17.677296794205));
#1377 = CARTESIAN_POINT('',(3.935558624306,17.683203148919));
#1378 = CARTESIAN_POINT('',(4.018367899837,17.686074118069));
#1379 = CARTESIAN_POINT('',(4.1039043479,17.68900598208));
#1380 = CARTESIAN_POINT('',(4.192153749071,17.691854051415));
#1381 = CARTESIAN_POINT('',(4.28318574878,17.694442211302));
#1382 = CARTESIAN_POINT('',(4.377164958561,17.696581631845));
#1383 = CARTESIAN_POINT('',(4.562087556998,17.699474392971));
#1384 = CARTESIAN_POINT('',(4.651625569525,17.700330584883));
#1385 = CARTESIAN_POINT('',(4.741950214892,17.700544189344));
#1386 = CARTESIAN_POINT('',(4.832182496563,17.700057974484));
#1387 = CARTESIAN_POINT('',(4.921481317152,17.698919702041));
#1388 = CARTESIAN_POINT('',(5.008893184809,17.697270223217));
#1389 = CARTESIAN_POINT('',(5.174787355105,17.693361994421));
#1390 = CARTESIAN_POINT('',(5.256390217827,17.691055675553));
#1391 = CARTESIAN_POINT('',(5.337987137834,17.688449069693));
#1392 = CARTESIAN_POINT('',(5.419584805353,17.685651122721));
#1393 = CARTESIAN_POINT('',(5.501186864635,17.682785762363));
#1394 = CARTESIAN_POINT('',(5.582788767114,17.679979469411));
#1395 = CARTESIAN_POINT('',(5.758068716771,17.674324069676));
#1396 = CARTESIAN_POINT('',(5.849016973739,17.671618223472));
#1397 = CARTESIAN_POINT('',(5.937877782927,17.66935773485));
#1398 = CARTESIAN_POINT('',(6.025203553347,17.667619204653));
#1399 = CARTESIAN_POINT('',(6.11151051254,17.66644585008));
#1400 = CARTESIAN_POINT('',(6.19732027436,17.665858414897));
#1401 = CARTESIAN_POINT('',(6.28318530718,17.665858414897));
#1402 = ( GEOMETRIC_REPRESENTATION_CONTEXT(2) 
PARAMETRIC_REPRESENTATION_CONTEXT() REPRESENTATION_CONTEXT('2D SPACE',''
  ) );
#1403 = FACE_BOUND('',#1404,.F.);
#1404 = EDGE_LOOP('',(#1405));
#1405 = ORIENTED_EDGE('',*,*,#1406,.F.);
#1406 = EDGE_CURVE('',#1407,#1407,#1409,.T.);
#1407 = VERTEX_POINT('',#1408);
#1408 = CARTESIAN_POINT('',(113.34716243959,112.21706985522,
    240.55198651616));
#1409 = SURFACE_CURVE('',#1410,(#1473,#1539),.PCURVE_S1.);
#1410 = B_SPLINE_CURVE_WITH_KNOTS('',7,(#1411,#1412,#1413,#1414,#1415,
    #1416,#1417,#1418,#1419,#1420,#1421,#1422,#1423,#1424,#1425,#1426,
    #1427,#1428,#1429,#1430,#1431,#1432,#1433,#1434,#1435,#1436,#1437,
    #1438,#1439,#1440,#1441,#1442,#1443,#1444,#1445,#1446,#1447,#1448,
    #1449,#1450,#1451,#1452,#1453,#1454,#1455,#1456,#1457,#1458,#1459,
    #1460,#1461,#1462,#1463,#1464,#1465,#1466,#1467,#1468,#1469,#1470,
    #1471,#1472),.UNSPECIFIED.,.T.,.F.,(8,6,6,6,6,6,6,6,6,6,8),(0.,
    0.121838752942,0.224255524715,0.309296613388,0.416501815627,
    0.531426545966,0.643352521789,0.737762067845,0.822920886748,
    0.905356438245,1.),.UNSPECIFIED.);
#1411 = CARTESIAN_POINT('',(113.34716243959,112.21706985522,
    240.55198651616));
#1412 = CARTESIAN_POINT('',(113.34716243959,112.21706985522,
    240.24817404926));
#1413 = CARTESIAN_POINT('',(113.32419947033,112.24026407116,
    239.94462125341));
#1414 = CARTESIAN_POINT('',(113.27834143343,112.28658394667,
    239.6432303575));
#1415 = CARTESIAN_POINT('',(113.20907148964,112.3564916225,
    239.34608231474));
#1416 = CARTESIAN_POINT('',(113.1153974077,112.45087089898,
    239.05580801036));
#1417 = CARTESIAN_POINT('',(112.99596692096,112.57088685402,
    238.776041666));
#1418 = CARTESIAN_POINT('',(112.72590340921,112.84126532512,
    238.29016235327));
#1419 = CARTESIAN_POINT('',(112.58219331962,112.98482786854,
    238.07746390018));
#1420 = CARTESIAN_POINT('',(112.41752276559,113.14887349455,
    237.87915388362));
#1421 = CARTESIAN_POINT('',(112.23187785433,113.33317829575,
    237.700733162));
#1422 = CARTESIAN_POINT('',(112.02581883868,113.53689591443,
    237.54800872543));
#1423 = CARTESIAN_POINT('',(111.80061844431,113.75845657657,
    237.42717850555));
#1424 = CARTESIAN_POINT('',(111.35752808972,114.1920752011,
    237.27677888809));
#1425 = CARTESIAN_POINT('',(111.14690837933,114.39738315915,
    237.23589280874));
#1426 = CARTESIAN_POINT('',(110.93117745511,114.60674965971,
    237.22620432276));
#1427 = CARTESIAN_POINT('',(110.71539597008,114.81519062702,
    237.2490270389));
#1428 = CARTESIAN_POINT('',(110.50472403042,115.01777181216,
    237.30317278481));
#1429 = CARTESIAN_POINT('',(110.30396801209,115.21003140473,
    237.38498580656));
#1430 = CARTESIAN_POINT('',(109.88161208678,115.61309318843,
    237.61870432261));
#1431 = CARTESIAN_POINT('',(109.6674105804,115.81643782858,
    237.78376680213));
#1432 = CARTESIAN_POINT('',(109.47568916213,115.99761582046,
    237.97574227292));
#1433 = CARTESIAN_POINT('',(109.30666331204,116.15675594354,
    238.18832921014));
#1434 = CARTESIAN_POINT('',(109.16001023321,116.2944244628,
    238.41632221872));
#1435 = CARTESIAN_POINT('',(109.03509284047,116.41142042429,
    238.65539319355));
#1436 = CARTESIAN_POINT('',(108.81957700472,116.61291935971,
    239.16633629129));
#1437 = CARTESIAN_POINT('',(108.73159380951,116.6949468737,
    239.44052496479));
#1438 = CARTESIAN_POINT('',(108.66613958634,116.75585553519,
    239.72117215126));
#1439 = CARTESIAN_POINT('',(108.62242936284,116.79648676229,
    240.00583086261));
#1440 = CARTESIAN_POINT('',(108.59996555663,116.81736341745,
    240.29259935742));
#1441 = CARTESIAN_POINT('',(108.59860302516,116.81863792429,
    240.57979233284));
#1442 = CARTESIAN_POINT('',(108.63807003803,116.78193544173,
    241.14409108273));
#1443 = CARTESIAN_POINT('',(108.67777636811,116.74500333797,
    241.42093224522));
#1444 = CARTESIAN_POINT('',(108.73787595178,116.68907299806,
    241.69469372866));
#1445 = CARTESIAN_POINT('',(108.81891250505,116.61357068473,
    241.96358430907));
#1446 = CARTESIAN_POINT('',(108.92172059054,116.51760757063,
    242.22527616934));
#1447 = CARTESIAN_POINT('',(109.04730289438,116.40007610009,
    242.47658684826));
#1448 = CARTESIAN_POINT('',(109.32263524034,116.1414710422,
    242.91246412329));
#1449 = CARTESIAN_POINT('',(109.4665023805,116.00604455598,
    243.1028647078));
#1450 = CARTESIAN_POINT('',(109.62842198756,115.85320787127,
    243.27980213032));
#1451 = CARTESIAN_POINT('',(109.80802840738,115.68311386313,
    243.43870005539));
#1452 = CARTESIAN_POINT('',(110.00443735676,115.49637425916,
    243.57484116013));
#1453 = CARTESIAN_POINT('',(110.21619380703,115.29413620143,
    243.683323534));
#1454 = CARTESIAN_POINT('',(110.64407546883,114.88349604984,
    243.82719414419));
#1455 = CARTESIAN_POINT('',(110.85588688236,114.6794177674,
    243.86808022367));
#1456 = CARTESIAN_POINT('',(111.07191511496,114.47035804886,
    243.8777687095));
#1457 = CARTESIAN_POINT('',(111.2870198547,114.26121877255,
    243.85494599339));
#1458 = CARTESIAN_POINT('',(111.49610747369,114.05700278321,
    243.80080024762));
#1459 = CARTESIAN_POINT('',(111.69456764186,113.86237418387,
    243.71898722569));
#1460 = CARTESIAN_POINT('',(112.05681572634,113.50587010062,
    243.51552033027));
#1461 = CARTESIAN_POINT('',(112.22789535691,113.33686183228,
    243.39163602589));
#1462 = CARTESIAN_POINT('',(112.38995842208,113.17617352896,
    243.24504874991));
#1463 = CARTESIAN_POINT('',(112.54125609646,113.02565172395,
    243.0772289772));
#1464 = CARTESIAN_POINT('',(112.68020528049,112.88700320531,
    242.89000352375));
#1465 = CARTESIAN_POINT('',(112.80541614452,112.76175101477,
    242.68551791923));
#1466 = CARTESIAN_POINT('',(113.04241892849,112.5241915738,
    242.21434777791));
#1467 = CARTESIAN_POINT('',(113.14578688492,112.42024764784,
    241.95027274978));
#1468 = CARTESIAN_POINT('',(113.22706535444,112.33833125697,
    241.67786691968));
#1469 = CARTESIAN_POINT('',(113.28728337088,112.27755181449,
    241.39992003889));
#1470 = CARTESIAN_POINT('',(113.32718786807,112.23724563423,
    241.11851086548));
#1471 = CARTESIAN_POINT('',(113.34716243959,112.21706985522,
    240.83534112871));
#1472 = CARTESIAN_POINT('',(113.34716243959,112.21706985522,
    240.55198651616));
#1473 = PCURVE('',#162,#1474);
#1474 = DEFINITIONAL_REPRESENTATION('',(#1475),#1538);
#1475 = B_SPLINE_CURVE_WITH_KNOTS('',7,(#1476,#1477,#1478,#1479,#1480,
    #1481,#1482,#1483,#1484,#1485,#1486,#1487,#1488,#1489,#1490,#1491,
    #1492,#1493,#1494,#1495,#1496,#1497,#1498,#1499,#1500,#1501,#1502,
    #1503,#1504,#1505,#1506,#1507,#1508,#1509,#1510,#1511,#1512,#1513,
    #1514,#1515,#1516,#1517,#1518,#1519,#1520,#1521,#1522,#1523,#1524,
    #1525,#1526,#1527,#1528,#1529,#1530,#1531,#1532,#1533,#1534,#1535,
    #1536,#1537),.UNSPECIFIED.,.T.,.F.,(8,6,6,6,6,6,6,6,6,6,8),(0.,
    0.121838752942,0.224255524715,0.309296613388,0.416501815627,
    0.531426545966,0.643352521789,0.737762067845,0.822920886748,
    0.905356438245,1.),.UNSPECIFIED.);
#1476 = CARTESIAN_POINT('',(0.780388135355,35.));
#1477 = CARTESIAN_POINT('',(0.780388135355,34.696187533103));
#1478 = CARTESIAN_POINT('',(0.780592765249,34.392634737245));
#1479 = CARTESIAN_POINT('',(0.781001420086,34.091243841337));
#1480 = CARTESIAN_POINT('',(0.781618438632,33.794095798578));
#1481 = CARTESIAN_POINT('',(0.782452135473,33.503821494195));
#1482 = CARTESIAN_POINT('',(0.783513667859,33.22405514984));
#1483 = CARTESIAN_POINT('',(0.785909594228,32.738175837113));
#1484 = CARTESIAN_POINT('',(0.787183151111,32.525477384022));
#1485 = CARTESIAN_POINT('',(0.788640439594,32.327167367458));
#1486 = CARTESIAN_POINT('',(0.790280532669,32.148746645839));
#1487 = CARTESIAN_POINT('',(0.792097205649,31.996022209268));
#1488 = CARTESIAN_POINT('',(0.794077877329,31.875191989387));
#1489 = CARTESIAN_POINT('',(0.797964792955,31.724792371928));
#1490 = CARTESIAN_POINT('',(0.799808860055,31.683906292576));
#1491 = CARTESIAN_POINT('',(0.801693635768,31.674217806601));
#1492 = CARTESIAN_POINT('',(0.803574601847,31.697040522737));
#1493 = CARTESIAN_POINT('',(0.805407009608,31.751186268648));
#1494 = CARTESIAN_POINT('',(0.807149758967,31.832999290397));
#1495 = CARTESIAN_POINT('',(0.81081005922,32.066717806445));
#1496 = CARTESIAN_POINT('',(0.812661773847,32.231780285968));
#1497 = CARTESIAN_POINT('',(0.814315592888,32.423755756762));
#1498 = CARTESIAN_POINT('',(0.815771098511,32.636342693977));
#1499 = CARTESIAN_POINT('',(0.81703220106,32.864335702559));
#1500 = CARTESIAN_POINT('',(0.818105243019,33.103406677393));
#1501 = CARTESIAN_POINT('',(0.819955026716,33.614349775126));
#1502 = CARTESIAN_POINT('',(0.820709191903,33.888538448631));
#1503 = CARTESIAN_POINT('',(0.821269755025,34.169185635095));
#1504 = CARTESIAN_POINT('',(0.821643912709,34.453844346448));
#1505 = CARTESIAN_POINT('',(0.821836181482,34.740612841264));
#1506 = CARTESIAN_POINT('',(0.821847878659,35.027805816674));
#1507 = CARTESIAN_POINT('',(0.821509976279,35.592104566566));
#1508 = CARTESIAN_POINT('',(0.821169994777,35.868945729063));
#1509 = CARTESIAN_POINT('',(0.820655270693,36.1427072125));
#1510 = CARTESIAN_POINT('',(0.819960858081,36.411597792904));
#1511 = CARTESIAN_POINT('',(0.819079129863,36.673289653183));
#1512 = CARTESIAN_POINT('',(0.81800075144,36.924600332098));
#1513 = CARTESIAN_POINT('',(0.81563250073,37.360477607131));
#1514 = CARTESIAN_POINT('',(0.814393751777,37.550878191636));
#1515 = CARTESIAN_POINT('',(0.812997772919,37.727815614157));
#1516 = CARTESIAN_POINT('',(0.811446886986,37.886713539227));
#1517 = CARTESIAN_POINT('',(0.809747750886,38.022854643968));
#1518 = CARTESIAN_POINT('',(0.807911921308,38.131337017843));
#1519 = CARTESIAN_POINT('',(0.804193740821,38.275207628027));
#1520 = CARTESIAN_POINT('',(0.802349673718,38.316093707509));
#1521 = CARTESIAN_POINT('',(0.800464898006,38.325782193341));
#1522 = CARTESIAN_POINT('',(0.798583931929,38.302959477226));
#1523 = CARTESIAN_POINT('',(0.796751524168,38.248813731463));
#1524 = CARTESIAN_POINT('',(0.795008774806,38.167000709532));
#1525 = CARTESIAN_POINT('',(0.791822249659,37.963533814107));
#1526 = CARTESIAN_POINT('',(0.79031452248,37.839649509724));
#1527 = CARTESIAN_POINT('',(0.78888366877,37.693062233751));
#1528 = CARTESIAN_POINT('',(0.787545619648,37.525242461037));
#1529 = CARTESIAN_POINT('',(0.786314954566,37.338017007587));
#1530 = CARTESIAN_POINT('',(0.785204584433,37.133531403072));
#1531 = CARTESIAN_POINT('',(0.783100719868,36.66236126175));
#1532 = CARTESIAN_POINT('',(0.782181647661,36.398286233617));
#1533 = CARTESIAN_POINT('',(0.781458155472,36.12588040352));
#1534 = CARTESIAN_POINT('',(0.78092173512,35.847933522734));
#1535 = CARTESIAN_POINT('',(0.780566135001,35.566524349314));
#1536 = CARTESIAN_POINT('',(0.780388135355,35.28335461255));
#1537 = CARTESIAN_POINT('',(0.780388135355,35.));
#1538 = ( GEOMETRIC_REPRESENTATION_CONTEXT(2) 
PARAMETRIC_REPRESENTATION_CONTEXT() REPRESENTATION_CONTEXT('2D SPACE',''
  ) );
#1539 = PCURVE('',#1540,#1545);
#1540 = CYLINDRICAL_SURFACE('',#1541,3.3);
#1541 = AXIS2_PLACEMENT_3D('',#1542,#1543,#1544);
#1542 = CARTESIAN_POINT('',(98.68316966069,101.82765845152,
    240.55198651616));
#1543 = DIRECTION('',(0.695932085054,0.718107605441,0.));
#1544 = DIRECTION('',(0.718107605441,-0.695932085054,0.));
#1545 = DEFINITIONAL_REPRESENTATION('',(#1546),#1609);
#1546 = B_SPLINE_CURVE_WITH_KNOTS('',7,(#1547,#1548,#1549,#1550,#1551,
    #1552,#1553,#1554,#1555,#1556,#1557,#1558,#1559,#1560,#1561,#1562,
    #1563,#1564,#1565,#1566,#1567,#1568,#1569,#1570,#1571,#1572,#1573,
    #1574,#1575,#1576,#1577,#1578,#1579,#1580,#1581,#1582,#1583,#1584,
    #1585,#1586,#1587,#1588,#1589,#1590,#1591,#1592,#1593,#1594,#1595,
    #1596,#1597,#1598,#1599,#1600,#1601,#1602,#1603,#1604,#1605,#1606,
    #1607,#1608),.UNSPECIFIED.,.F.,.F.,(8,6,6,6,6,6,6,6,6,6,8),(0.,
    0.121838752942,0.224255524715,0.309296613388,0.416501815627,
    0.531426545966,0.643352521789,0.737762067845,0.822920886748,
    0.905356438245,1.),.UNSPECIFIED.);
#1547 = CARTESIAN_POINT('',(0.,17.665858414897));
#1548 = CARTESIAN_POINT('',(9.206438390816E-02,17.665858414897));
#1549 = CARTESIAN_POINT('',(0.184049969542,17.666533690689));
#1550 = CARTESIAN_POINT('',(0.276655583671,17.667882266341));
#1551 = CARTESIAN_POINT('',(0.370513217186,17.66987632362));
#1552 = CARTESIAN_POINT('',(0.466281125694,17.672460000701));
#1553 = CARTESIAN_POINT('',(0.56463193169,17.675528863131));
#1554 = CARTESIAN_POINT('',(0.751942631637,17.681743836742));
#1555 = CARTESIAN_POINT('',(0.840654268426,17.684824728735));
#1556 = CARTESIAN_POINT('',(0.932447707163,17.688027618403));
#1557 = CARTESIAN_POINT('',(1.027356818237,17.691182047689));
#1558 = CARTESIAN_POINT('',(1.125515421883,17.694070138618));
#1559 = CARTESIAN_POINT('',(1.227180314017,17.696450355163));
#1560 = CARTESIAN_POINT('',(1.420494902734,17.699474392961));
#1561 = CARTESIAN_POINT('',(1.510032917623,17.700330584887));
#1562 = CARTESIAN_POINT('',(1.600357560214,17.700544189359));
#1563 = CARTESIAN_POINT('',(1.690589841954,17.700057974478));
#1564 = CARTESIAN_POINT('',(1.779888665337,17.698919702019));
#1565 = CARTESIAN_POINT('',(1.867300530459,17.697270223235));
#1566 = CARTESIAN_POINT('',(2.057859979398,17.692780915839));
#1567 = CARTESIAN_POINT('',(2.15953465969,17.689734547503));
#1568 = CARTESIAN_POINT('',(2.25731799284,17.686414755039));
#1569 = CARTESIAN_POINT('',(2.351685225382,17.683063975476));
#1570 = CARTESIAN_POINT('',(2.443040819333,17.679864203251));
#1571 = CARTESIAN_POINT('',(2.531708592423,17.676945871415));
#1572 = CARTESIAN_POINT('',(2.710492310615,17.671659404494));
#1573 = CARTESIAN_POINT('',(2.800671217902,17.669333657653));
#1574 = CARTESIAN_POINT('',(2.88915599056,17.667520936705));
#1575 = CARTESIAN_POINT('',(2.976490368649,17.666279182917));
#1576 = CARTESIAN_POINT('',(3.063187260385,17.665637584274));
#1577 = CARTESIAN_POINT('',(3.149768340902,17.665604587964));
#1578 = CARTESIAN_POINT('',(3.321545783642,17.666714616659));
#1579 = CARTESIAN_POINT('',(3.406618780612,17.667826301143));
#1580 = CARTESIAN_POINT('',(3.492560227449,17.669487527249));
#1581 = CARTESIAN_POINT('',(3.579879150602,17.671664679302));
#1582 = CARTESIAN_POINT('',(3.669105162711,17.674300282519));
#1583 = CARTESIAN_POINT('',(3.760786415707,17.677296794205));
#1584 = CARTESIAN_POINT('',(3.935558624941,17.683203148941));
#1585 = CARTESIAN_POINT('',(4.018367898251,17.686074118024));
#1586 = CARTESIAN_POINT('',(4.103904348946,17.689005982101));
#1587 = CARTESIAN_POINT('',(4.192153750005,17.691854051443));
#1588 = CARTESIAN_POINT('',(4.283185747058,17.694442211265));
#1589 = CARTESIAN_POINT('',(4.377164959346,17.696581631857));
#1590 = CARTESIAN_POINT('',(4.562087556266,17.69947439296));
#1591 = CARTESIAN_POINT('',(4.65162557127,17.700330584889));
#1592 = CARTESIAN_POINT('',(4.741950213851,17.700544189358));
#1593 = CARTESIAN_POINT('',(4.832182495498,17.700057974477));
#1594 = CARTESIAN_POINT('',(4.921481318868,17.698919702022));
#1595 = CARTESIAN_POINT('',(5.008893184107,17.697270223233));
#1596 = CARTESIAN_POINT('',(5.174787355117,17.693361994421));
#1597 = CARTESIAN_POINT('',(5.256390217816,17.691055675553));
#1598 = CARTESIAN_POINT('',(5.337987137822,17.688449069693));
#1599 = CARTESIAN_POINT('',(5.419584805363,17.68565112272));
#1600 = CARTESIAN_POINT('',(5.501186864649,17.682785762362));
#1601 = CARTESIAN_POINT('',(5.582788767101,17.679979469411));
#1602 = CARTESIAN_POINT('',(5.75806871533,17.674324069722));
#1603 = CARTESIAN_POINT('',(5.849016976992,17.671618223395));
#1604 = CARTESIAN_POINT('',(5.937877781078,17.669357734866));
#1605 = CARTESIAN_POINT('',(6.025203551381,17.667619204704));
#1606 = CARTESIAN_POINT('',(6.11151051565,17.666445850045));
#1607 = CARTESIAN_POINT('',(6.197320273073,17.665858414897));
#1608 = CARTESIAN_POINT('',(6.28318530718,17.665858414897));
#1609 = ( GEOMETRIC_REPRESENTATION_CONTEXT(2) 
PARAMETRIC_REPRESENTATION_CONTEXT() REPRESENTATION_CONTEXT('2D SPACE',''
  ) );
#1610 = FACE_BOUND('',#1611,.F.);
#1611 = EDGE_LOOP('',(#1612));
#1612 = ORIENTED_EDGE('',*,*,#1613,.F.);
#1613 = EDGE_CURVE('',#1614,#1614,#1616,.T.);
#1614 = VERTEX_POINT('',#1615);
#1615 = CARTESIAN_POINT('',(155.92083966362,33.599728549377,
    336.55198651616));
#1616 = SURFACE_CURVE('',#1617,(#1680,#1746),.PCURVE_S1.);
#1617 = B_SPLINE_CURVE_WITH_KNOTS('',7,(#1618,#1619,#1620,#1621,#1622,
    #1623,#1624,#1625,#1626,#1627,#1628,#1629,#1630,#1631,#1632,#1633,
    #1634,#1635,#1636,#1637,#1638,#1639,#1640,#1641,#1642,#1643,#1644,
    #1645,#1646,#1647,#1648,#1649,#1650,#1651,#1652,#1653,#1654,#1655,
    #1656,#1657,#1658,#1659,#1660,#1661,#1662,#1663,#1664,#1665,#1666,
    #1667,#1668,#1669,#1670,#1671,#1672,#1673,#1674,#1675,#1676,#1677,
    #1678,#1679),.UNSPECIFIED.,.T.,.F.,(8,6,6,6,6,6,6,6,6,6,8),(0.,
    0.121838756582,0.224255528839,0.309296617934,0.416501820708,
    0.531426551621,0.643352528002,0.737762073094,0.822920889862,
    0.905356439224,1.),.UNSPECIFIED.);
#1618 = CARTESIAN_POINT('',(155.92083966362,33.599728549377,
    336.55198651616));
#1619 = CARTESIAN_POINT('',(155.92083966362,33.599728549377,
    336.85579897544));
#1620 = CARTESIAN_POINT('',(155.92771516938,33.567822485468,
    337.15935179716));
#1621 = CARTESIAN_POINT('',(155.94144587714,33.504104674748,
    337.46074266217));
#1622 = CARTESIAN_POINT('',(155.96213636082,33.40788977246,
    337.75789071019));
#1623 = CARTESIAN_POINT('',(155.98998455385,33.27786374639,
    338.04816503714));
#1624 = CARTESIAN_POINT('',(156.02522715763,33.112257517657,
    338.32793135959));
#1625 = CARTESIAN_POINT('',(156.10407494265,32.738329919187,
    338.81381067912));
#1626 = CARTESIAN_POINT('',(156.14576863657,32.539522400231,
    339.02650913213));
#1627 = CARTESIAN_POINT('',(156.19316168661,32.311967445209,
    339.22481914864));
#1628 = CARTESIAN_POINT('',(156.24605898512,32.055775781357,
    339.4032398703));
#1629 = CARTESIAN_POINT('',(156.30405790393,31.771879124893,
    339.55596430692));
#1630 = CARTESIAN_POINT('',(156.3665393322,31.462201202196,
    339.6767945268));
#1631 = CARTESIAN_POINT('',(156.48753901938,30.854160702355,
    339.82719414423));
#1632 = CARTESIAN_POINT('',(156.5443774452,30.565575509726,
    339.86808022359));
#1633 = CARTESIAN_POINT('',(156.6018215704,30.270491901747,
    339.87776870956));
#1634 = CARTESIAN_POINT('',(156.65846295971,29.975871740961,
    339.85494599342));
#1635 = CARTESIAN_POINT('',(156.71298925599,29.688732949173,
    339.80080024752));
#1636 = CARTESIAN_POINT('',(156.76429044617,29.415539029538,
    339.71898722576));
#1637 = CARTESIAN_POINT('',(156.87103079494,28.84156182872,
    339.48526870972));
#1638 = CARTESIAN_POINT('',(156.92426760471,28.551049918292,
    339.32020623019));
#1639 = CARTESIAN_POINT('',(156.9712255767,28.291478125082,
    339.1282307594));
#1640 = CARTESIAN_POINT('',(157.01213031638,28.062956530824,
    338.91564382218));
#1641 = CARTESIAN_POINT('',(157.04727964919,27.86490534772,
    338.6876508136));
#1642 = CARTESIAN_POINT('',(157.07699459355,27.696354369985,
    338.44857983877));
#1643 = CARTESIAN_POINT('',(157.12796742172,27.405750400246,
    337.93763674104));
#1644 = CARTESIAN_POINT('',(157.14858137962,27.28724039886,
    337.66344806753));
#1645 = CARTESIAN_POINT('',(157.16382071028,27.199138848492,
    337.38280088107));
#1646 = CARTESIAN_POINT('',(157.17396109921,27.140328536759,
    337.09814216971));
#1647 = CARTESIAN_POINT('',(157.17916850593,27.110107017349,
    336.8113736749));
#1648 = CARTESIAN_POINT('',(157.17949126217,27.108269440665,
    336.52418069949));
#1649 = CARTESIAN_POINT('',(157.17032222185,27.161379195231,
    335.95988194959));
#1650 = CARTESIAN_POINT('',(157.16109166427,27.214814855074,
    335.6830407871));
#1651 = CARTESIAN_POINT('',(157.14709529065,27.295711482972,
    335.40927930366));
#1652 = CARTESIAN_POINT('',(157.12814974677,27.404837963041,
    335.14038872326));
#1653 = CARTESIAN_POINT('',(157.10396674369,27.543378946402,
    334.87869686298));
#1654 = CARTESIAN_POINT('',(157.07416669136,27.712779414188,
    334.62738618406));
#1655 = CARTESIAN_POINT('',(157.00805811346,28.084685491901,
    334.19150891206));
#1656 = CARTESIAN_POINT('',(156.9732639369,28.279178310793,
    334.0011083187));
#1657 = CARTESIAN_POINT('',(156.93375467516,28.498303898896,
    333.82417090436));
#1658 = CARTESIAN_POINT('',(156.88945852444,28.741672527696,
    333.66527298064));
#1659 = CARTESIAN_POINT('',(156.84040454035,29.008209334696,
    333.529131868));
#1660 = CARTESIAN_POINT('',(156.78675827431,29.296068841731,
    333.42064949949));
#1661 = CARTESIAN_POINT('',(156.67669101209,29.878815145315,
    333.27677888809));
#1662 = CARTESIAN_POINT('',(156.6215336494,30.167726352078,
    333.23589280873));
#1663 = CARTESIAN_POINT('',(156.56450891919,30.462891294717,
    333.22620432276));
#1664 = CARTESIAN_POINT('',(156.50691288654,30.757326318364,
    333.2490270389));
#1665 = CARTESIAN_POINT('',(156.45015168499,31.044031687571,
    333.30317278481));
#1666 = CARTESIAN_POINT('',(156.39561187752,31.316597531435,
    333.38498580656));
#1667 = CARTESIAN_POINT('',(156.29501409754,31.814793198704,
    333.58845270204));
#1668 = CARTESIAN_POINT('',(156.24696745561,32.050427565893,
    333.71233700644));
#1669 = CARTESIAN_POINT('',(156.20096110408,32.273964103231,
    333.85892428244));
#1670 = CARTESIAN_POINT('',(156.1575857495,32.482929121,334.02674405511)
  );
#1671 = CARTESIAN_POINT('',(156.11740563291,32.67506408839,
    334.21396950853));
#1672 = CARTESIAN_POINT('',(156.08093673268,32.848372746684,
    334.41845511313));
#1673 = CARTESIAN_POINT('',(156.01150665897,33.176677900932,
    334.88962525829));
#1674 = CARTESIAN_POINT('',(155.98094593829,33.320049147698,
    335.15370027315));
#1675 = CARTESIAN_POINT('',(155.95676100764,33.432883429143,
    335.42610611852));
#1676 = CARTESIAN_POINT('',(155.93876838364,33.516529205839,
    335.70405299905));
#1677 = CARTESIAN_POINT('',(155.92682043896,33.571974702682,
    335.98546215714));
#1678 = CARTESIAN_POINT('',(155.92083966362,33.599728549377,
    336.26863190786));
#1679 = CARTESIAN_POINT('',(155.92083966362,33.599728549377,
    336.55198651616));
#1680 = PCURVE('',#162,#1681);
#1681 = DEFINITIONAL_REPRESENTATION('',(#1682),#1745);
#1682 = B_SPLINE_CURVE_WITH_KNOTS('',7,(#1683,#1684,#1685,#1686,#1687,
    #1688,#1689,#1690,#1691,#1692,#1693,#1694,#1695,#1696,#1697,#1698,
    #1699,#1700,#1701,#1702,#1703,#1704,#1705,#1706,#1707,#1708,#1709,
    #1710,#1711,#1712,#1713,#1714,#1715,#1716,#1717,#1718,#1719,#1720,
    #1721,#1722,#1723,#1724,#1725,#1726,#1727,#1728,#1729,#1730,#1731,
    #1732,#1733,#1734,#1735,#1736,#1737,#1738,#1739,#1740,#1741,#1742,
    #1743,#1744),.UNSPECIFIED.,.T.,.F.,(8,6,6,6,6,6,6,6,6,6,8),(0.,
    0.121838756582,0.224255528839,0.309296617934,0.416501820708,
    0.531426551621,0.643352528002,0.737762073094,0.822920889862,
    0.905356439224,1.),.UNSPECIFIED.);
#1683 = CARTESIAN_POINT('',(0.212246588896,131.));
#1684 = CARTESIAN_POINT('',(0.212246588896,131.30381245928));
#1685 = CARTESIAN_POINT('',(0.212041959014,131.607365281));
#1686 = CARTESIAN_POINT('',(0.211633304112,131.90875614601));
#1687 = CARTESIAN_POINT('',(0.211016285717,132.20590419403));
#1688 = CARTESIAN_POINT('',(0.21018258869,132.49617852097));
#1689 = CARTESIAN_POINT('',(0.209121056425,132.77594484342));
#1690 = CARTESIAN_POINT('',(0.206725130023,133.26182416296));
#1691 = CARTESIAN_POINT('',(0.205451573139,133.47452261596));
#1692 = CARTESIAN_POINT('',(0.203994284657,133.67283263248));
#1693 = CARTESIAN_POINT('',(0.202354191583,133.85125335413));
#1694 = CARTESIAN_POINT('',(0.200537518602,134.00397779075));
#1695 = CARTESIAN_POINT('',(0.198556846922,134.12480801063));
#1696 = CARTESIAN_POINT('',(0.194669931296,134.27520762807));
#1697 = CARTESIAN_POINT('',(0.192825864196,134.31609370742));
#1698 = CARTESIAN_POINT('',(0.190941088483,134.32578219339));
#1699 = CARTESIAN_POINT('',(0.189060122404,134.30295947726));
#1700 = CARTESIAN_POINT('',(0.187227714643,134.24881373135));
#1701 = CARTESIAN_POINT('',(0.185484965284,134.1670007096));
#1702 = CARTESIAN_POINT('',(0.18182466503,133.93328219355));
#1703 = CARTESIAN_POINT('',(0.179972950404,133.76821971403));
#1704 = CARTESIAN_POINT('',(0.178319131363,133.57624424323));
#1705 = CARTESIAN_POINT('',(0.17686362574,133.36365730602));
#1706 = CARTESIAN_POINT('',(0.175602523191,133.13566429744));
#1707 = CARTESIAN_POINT('',(0.174529481232,132.8965933226));
#1708 = CARTESIAN_POINT('',(0.172679697535,132.38565022487));
#1709 = CARTESIAN_POINT('',(0.171925532348,132.11146155136));
#1710 = CARTESIAN_POINT('',(0.171364969226,131.8308143649));
#1711 = CARTESIAN_POINT('',(0.170990811542,131.54615565355));
#1712 = CARTESIAN_POINT('',(0.170798542769,131.25938715873));
#1713 = CARTESIAN_POINT('',(0.170786845592,130.97219418332));
#1714 = CARTESIAN_POINT('',(0.171124747972,130.40789543343));
#1715 = CARTESIAN_POINT('',(0.171464729474,130.13105427093));
#1716 = CARTESIAN_POINT('',(0.171979453558,129.85729278749));
#1717 = CARTESIAN_POINT('',(0.17267386617,129.58840220709));
#1718 = CARTESIAN_POINT('',(0.173555594388,129.32671034681));
#1719 = CARTESIAN_POINT('',(0.174633972811,129.0753996679));
#1720 = CARTESIAN_POINT('',(0.177002223504,128.6395223959));
#1721 = CARTESIAN_POINT('',(0.178240972523,128.44912180253));
#1722 = CARTESIAN_POINT('',(0.179636951294,128.27218438819));
#1723 = CARTESIAN_POINT('',(0.181187837237,128.11328646448));
#1724 = CARTESIAN_POINT('',(0.182886973427,127.97714535184));
#1725 = CARTESIAN_POINT('',(0.184722802913,127.86866298333));
#1726 = CARTESIAN_POINT('',(0.188440983431,127.72479237192));
#1727 = CARTESIAN_POINT('',(0.190285050532,127.68390629257));
#1728 = CARTESIAN_POINT('',(0.192169826244,127.6742178066));
#1729 = CARTESIAN_POINT('',(0.194050792323,127.69704052273));
#1730 = CARTESIAN_POINT('',(0.195883200085,127.75118626864));
#1731 = CARTESIAN_POINT('',(0.197625949444,127.83299929039));
#1732 = CARTESIAN_POINT('',(0.200812474592,128.03646618587));
#1733 = CARTESIAN_POINT('',(0.202320201771,128.16035049028));
#1734 = CARTESIAN_POINT('',(0.203751055481,128.30693776627));
#1735 = CARTESIAN_POINT('',(0.205089104603,128.47475753895));
#1736 = CARTESIAN_POINT('',(0.206319769685,128.66198299236));
#1737 = CARTESIAN_POINT('',(0.207430139818,128.86646859696));
#1738 = CARTESIAN_POINT('',(0.2095340044,129.33763874212));
#1739 = CARTESIAN_POINT('',(0.210453076562,129.60171375698));
#1740 = CARTESIAN_POINT('',(0.211176568785,129.87411960235));
#1741 = CARTESIAN_POINT('',(0.211712989149,130.15206648288));
#1742 = CARTESIAN_POINT('',(0.212068589237,130.43347564098));
#1743 = CARTESIAN_POINT('',(0.212246588896,130.71664539169));
#1744 = CARTESIAN_POINT('',(0.212246588896,131.));
#1745 = ( GEOMETRIC_REPRESENTATION_CONTEXT(2) 
PARAMETRIC_REPRESENTATION_CONTEXT() REPRESENTATION_CONTEXT('2D SPACE',''
  ) );
#1746 = PCURVE('',#1747,#1752);
#1747 = CYLINDRICAL_SURFACE('',#1748,3.3);
#1748 = AXIS2_PLACEMENT_3D('',#1749,#1750,#1751);
#1749 = CARTESIAN_POINT('',(139.20637665883,26.996753462592,
    336.55198651616));
#1750 = DIRECTION('',(0.981709285323,0.190386131612,0.));
#1751 = DIRECTION('',(-0.190386131612,0.981709285323,0.));
#1752 = DEFINITIONAL_REPRESENTATION('',(#1753),#1816);
#1753 = B_SPLINE_CURVE_WITH_KNOTS('',7,(#1754,#1755,#1756,#1757,#1758,
    #1759,#1760,#1761,#1762,#1763,#1764,#1765,#1766,#1767,#1768,#1769,
    #1770,#1771,#1772,#1773,#1774,#1775,#1776,#1777,#1778,#1779,#1780,
    #1781,#1782,#1783,#1784,#1785,#1786,#1787,#1788,#1789,#1790,#1791,
    #1792,#1793,#1794,#1795,#1796,#1797,#1798,#1799,#1800,#1801,#1802,
    #1803,#1804,#1805,#1806,#1807,#1808,#1809,#1810,#1811,#1812,#1813,
    #1814,#1815),.UNSPECIFIED.,.F.,.F.,(8,6,6,6,6,6,6,6,6,6,8),(0.,
    0.121838756582,0.224255528839,0.309296617934,0.416501820708,
    0.531426551621,0.643352528002,0.737762073094,0.822920889862,
    0.905356439224,1.),.UNSPECIFIED.);
#1754 = CARTESIAN_POINT('',(0.,17.665858414897));
#1755 = CARTESIAN_POINT('',(9.206438160028E-02,17.665858414897));
#1756 = CARTESIAN_POINT('',(0.184049974831,17.666533690664));
#1757 = CARTESIAN_POINT('',(0.276655580774,17.667882266472));
#1758 = CARTESIAN_POINT('',(0.370513213334,17.669876323366));
#1759 = CARTESIAN_POINT('',(0.466281131711,17.67246000093));
#1760 = CARTESIAN_POINT('',(0.564631929095,17.675528863045));
#1761 = CARTESIAN_POINT('',(0.751942631666,17.681743836743));
#1762 = CARTESIAN_POINT('',(0.840654268426,17.684824728735));
#1763 = CARTESIAN_POINT('',(0.932447707139,17.688027618402));
#1764 = CARTESIAN_POINT('',(1.027356818216,17.691182047688));
#1765 = CARTESIAN_POINT('',(1.125515421887,17.694070138619));
#1766 = CARTESIAN_POINT('',(1.227180314046,17.696450355163));
#1767 = CARTESIAN_POINT('',(1.420494902732,17.699474392961));
#1768 = CARTESIAN_POINT('',(1.510032917625,17.700330584887));
#1769 = CARTESIAN_POINT('',(1.600357560216,17.700544189359));
#1770 = CARTESIAN_POINT('',(1.690589841952,17.700057974478));
#1771 = CARTESIAN_POINT('',(1.779888665335,17.69891970202));
#1772 = CARTESIAN_POINT('',(1.867300530462,17.697270223235));
#1773 = CARTESIAN_POINT('',(2.057859979398,17.692780915839));
#1774 = CARTESIAN_POINT('',(2.15953465969,17.689734547503));
#1775 = CARTESIAN_POINT('',(2.25731799284,17.686414755039));
#1776 = CARTESIAN_POINT('',(2.351685225382,17.683063975476));
#1777 = CARTESIAN_POINT('',(2.443040819333,17.679864203251));
#1778 = CARTESIAN_POINT('',(2.531708592423,17.676945871415));
#1779 = CARTESIAN_POINT('',(2.710492310615,17.671659404494));
#1780 = CARTESIAN_POINT('',(2.800671217902,17.669333657652));
#1781 = CARTESIAN_POINT('',(2.88915599056,17.667520936705));
#1782 = CARTESIAN_POINT('',(2.976490368649,17.666279182917));
#1783 = CARTESIAN_POINT('',(3.063187260385,17.665637584274));
#1784 = CARTESIAN_POINT('',(3.149768340902,17.665604587964));
#1785 = CARTESIAN_POINT('',(3.321545783642,17.666714616659));
#1786 = CARTESIAN_POINT('',(3.406618780611,17.667826301143));
#1787 = CARTESIAN_POINT('',(3.492560227449,17.669487527249));
#1788 = CARTESIAN_POINT('',(3.579879150602,17.671664679302));
#1789 = CARTESIAN_POINT('',(3.669105162711,17.674300282519));
#1790 = CARTESIAN_POINT('',(3.760786415707,17.677296794205));
#1791 = CARTESIAN_POINT('',(3.935558623724,17.6832031489));
#1792 = CARTESIAN_POINT('',(4.018367901317,17.686074118111));
#1793 = CARTESIAN_POINT('',(4.103904346915,17.689005982059));
#1794 = CARTESIAN_POINT('',(4.192153748192,17.691854051389));
#1795 = CARTESIAN_POINT('',(4.283185750389,17.694442211337));
#1796 = CARTESIAN_POINT('',(4.377164957839,17.696581631834));
#1797 = CARTESIAN_POINT('',(4.562087556322,17.699474392961));
#1798 = CARTESIAN_POINT('',(4.651625571214,17.700330584887));
#1799 = CARTESIAN_POINT('',(4.741950213805,17.700544189359));
#1800 = CARTESIAN_POINT('',(4.832182495543,17.700057974478));
#1801 = CARTESIAN_POINT('',(4.921481318925,17.69891970202));
#1802 = CARTESIAN_POINT('',(5.008893184051,17.697270223235));
#1803 = CARTESIAN_POINT('',(5.174787355105,17.693361994421));
#1804 = CARTESIAN_POINT('',(5.256390217827,17.691055675553));
#1805 = CARTESIAN_POINT('',(5.337987137833,17.688449069693));
#1806 = CARTESIAN_POINT('',(5.419584805353,17.685651122721));
#1807 = CARTESIAN_POINT('',(5.501186864635,17.682785762363));
#1808 = CARTESIAN_POINT('',(5.582788767114,17.679979469411));
#1809 = CARTESIAN_POINT('',(5.758068716771,17.674324069676));
#1810 = CARTESIAN_POINT('',(5.849016973739,17.671618223472));
#1811 = CARTESIAN_POINT('',(5.937877782927,17.66935773485));
#1812 = CARTESIAN_POINT('',(6.025203553347,17.667619204653));
#1813 = CARTESIAN_POINT('',(6.11151051254,17.66644585008));
#1814 = CARTESIAN_POINT('',(6.19732027436,17.665858414897));
#1815 = CARTESIAN_POINT('',(6.28318530718,17.665858414897));
#1816 = ( GEOMETRIC_REPRESENTATION_CONTEXT(2) 
PARAMETRIC_REPRESENTATION_CONTEXT() REPRESENTATION_CONTEXT('2D SPACE',''
  ) );
#1817 = FACE_BOUND('',#1818,.F.);
#1818 = EDGE_LOOP('',(#1819,#1966,#1992,#1993,#1994));
#1819 = ORIENTED_EDGE('',*,*,#1820,.F.);
#1820 = EDGE_CURVE('',#1821,#1823,#1825,.T.);
#1821 = VERTEX_POINT('',#1822);
#1822 = CARTESIAN_POINT('',(129.83929581982,92.639123813933,
    253.84839181525));
#1823 = VERTEX_POINT('',#1824);
#1824 = CARTESIAN_POINT('',(116.89738269473,108.51383284688,
    289.40600589097));
#1825 = SURFACE_CURVE('',#1826,(#1869,#1915),.PCURVE_S1.);
#1826 = B_SPLINE_CURVE_WITH_KNOTS('',6,(#1827,#1828,#1829,#1830,#1831,
    #1832,#1833,#1834,#1835,#1836,#1837,#1838,#1839,#1840,#1841,#1842,
    #1843,#1844,#1845,#1846,#1847,#1848,#1849,#1850,#1851,#1852,#1853,
    #1854,#1855,#1856,#1857,#1858,#1859,#1860,#1861,#1862,#1863,#1864,
    #1865,#1866,#1867,#1868),.UNSPECIFIED.,.F.,.F.,(7,5,5,5,5,5,5,5,7),(
    0.,0.12030758632,0.308015000462,0.432127810529,0.483406554419,
    0.561821642119,0.689244499699,0.883585917615,1.),.UNSPECIFIED.);
#1827 = CARTESIAN_POINT('',(129.83929660849,92.639122708618,
    253.84839140253));
#1828 = CARTESIAN_POINT('',(129.23922793736,93.480155005756,
    254.16243802405));
#1829 = CARTESIAN_POINT('',(128.64059204387,94.305352475773,
    254.50822873423));
#1830 = CARTESIAN_POINT('',(128.04507917844,95.11303440682,
    254.88553236482));
#1831 = CARTESIAN_POINT('',(127.45442505553,95.901646748722,
    255.29400054944));
#1832 = CARTESIAN_POINT('',(126.87039815044,96.66974857937,
    255.73316754467));
#1833 = CARTESIAN_POINT('',(125.39670164144,98.580319629622,
    256.93463834024));
#1834 = CARTESIAN_POINT('',(124.51862965334,99.69205993056,
    257.74052211298));
#1835 = CARTESIAN_POINT('',(123.66858894314,100.7444814435,
    258.61705004095));
#1836 = CARTESIAN_POINT('',(122.85424688001,101.73230018129,
    259.56004354818));
#1837 = CARTESIAN_POINT('',(122.08248911369,102.65163899407,
    260.56442922848));
#1838 = CARTESIAN_POINT('',(120.88060714946,104.0609066948,
    262.32537482747));
#1839 = CARTESIAN_POINT('',(120.42352773142,104.5905537646,
    263.05031163907));
#1840 = CARTESIAN_POINT('',(119.9895382168,105.08803324558,
    263.79732070345));
#1841 = CARTESIAN_POINT('',(119.58012974565,105.55279874428,
    264.56427092658));
#1842 = CARTESIAN_POINT('',(119.19646392719,105.98461999438,
    265.3488784635));
#1843 = CARTESIAN_POINT('',(118.69179017152,106.54838283353,
    266.4791901799));
#1844 = CARTESIAN_POINT('',(118.54876931335,106.70759700874,
    266.81226112761));
#1845 = CARTESIAN_POINT('',(118.41032894646,106.86120991389,
    267.14777862675));
#1846 = CARTESIAN_POINT('',(118.27651078977,107.00923894471,
    267.48558130734));
#1847 = CARTESIAN_POINT('',(118.14734700276,107.15170855476,
    267.82550471312));
#1848 = CARTESIAN_POINT('',(117.8324958366,107.49806052278,
    268.69017653059));
#1849 = CARTESIAN_POINT('',(117.65307834965,107.69453277616,
    269.21751113909));
#1850 = CARTESIAN_POINT('',(117.48465835872,107.87821275506,
    269.74886170385));
#1851 = CARTESIAN_POINT('',(117.32724304399,108.04927155109,
    270.28369492572));
#1852 = CARTESIAN_POINT('',(117.18079613168,108.2079056079,
    270.82146762947));
#1853 = CARTESIAN_POINT('',(116.82495862765,108.59228418075,
    272.23937392282));
#1854 = CARTESIAN_POINT('',(116.63348601371,108.79794991292,
    273.12320428614));
#1855 = CARTESIAN_POINT('',(116.47028741646,108.97249239569,
    274.01139611734));
#1856 = CARTESIAN_POINT('',(116.33465963814,109.11709406323,
    274.90223130785));
#1857 = CARTESIAN_POINT('',(116.22573707546,109.23297482764,
    275.79399380877));
#1858 = CARTESIAN_POINT('',(116.01554906333,109.45627749228,
    278.04385455356));
#1859 = CARTESIAN_POINT('',(115.94837880659,109.52726230408,
    279.40056013583));
#1860 = CARTESIAN_POINT('',(115.9370637711,109.53919699113,
    280.75171972009));
#1861 = CARTESIAN_POINT('',(115.97762211079,109.49637082437,
    282.09437604405));
#1862 = CARTESIAN_POINT('',(116.06610591194,109.40268048544,
    283.42588805935));
#1863 = CARTESIAN_POINT('',(116.27805068527,109.17727951729,
    285.53333091837));
#1864 = CARTESIAN_POINT('',(116.37328197149,109.07585460838,
    286.31817492241));
#1865 = CARTESIAN_POINT('',(116.48355674765,108.95817243277,
    287.0980920549));
#1866 = CARTESIAN_POINT('',(116.6081267184,108.8248907713,
    287.87283467834));
#1867 = CARTESIAN_POINT('',(116.74628781938,108.67660098926,
    288.64219547912));
#1868 = CARTESIAN_POINT('',(116.89738291862,108.51383260066,
    289.40600704466));
#1869 = PCURVE('',#162,#1870);
#1870 = DEFINITIONAL_REPRESENTATION('',(#1871),#1914);
#1871 = B_SPLINE_CURVE_WITH_KNOTS('',6,(#1872,#1873,#1874,#1875,#1876,
    #1877,#1878,#1879,#1880,#1881,#1882,#1883,#1884,#1885,#1886,#1887,
    #1888,#1889,#1890,#1891,#1892,#1893,#1894,#1895,#1896,#1897,#1898,
    #1899,#1900,#1901,#1902,#1903,#1904,#1905,#1906,#1907,#1908,#1909,
    #1910,#1911,#1912,#1913),.UNSPECIFIED.,.F.,.F.,(7,5,5,5,5,5,5,5,7),(
    0.,0.12030758632,0.308015000462,0.432127810529,0.483406554419,
    0.561821642119,0.689244499699,0.883585917615,1.),.UNSPECIFIED.);
#1872 = CARTESIAN_POINT('',(0.61972281923,48.296404886354));
#1873 = CARTESIAN_POINT('',(0.626200305777,48.61045150787));
#1874 = CARTESIAN_POINT('',(0.632591758502,48.956242218086));
#1875 = CARTESIAN_POINT('',(0.638882935311,49.333545848664));
#1876 = CARTESIAN_POINT('',(0.645060005648,49.742014033261));
#1877 = CARTESIAN_POINT('',(0.651109507096,50.181181028508));
#1878 = CARTESIAN_POINT('',(0.666237376548,51.382651824083));
#1879 = CARTESIAN_POINT('',(0.675118778804,52.188535596823));
#1880 = CARTESIAN_POINT('',(0.683599799879,53.065063524793));
#1881 = CARTESIAN_POINT('',(0.691625674173,54.008057032016));
#1882 = CARTESIAN_POINT('',(0.699151037234,55.012442712323));
#1883 = CARTESIAN_POINT('',(0.710763425565,56.773388311312));
#1884 = CARTESIAN_POINT('',(0.715149590701,57.498325122912));
#1885 = CARTESIAN_POINT('',(0.719288545823,58.245334187293));
#1886 = CARTESIAN_POINT('',(0.723171702271,59.012284410417));
#1887 = CARTESIAN_POINT('',(0.726793250553,59.796891947341));
#1888 = CARTESIAN_POINT('',(0.731537158067,60.927203663741));
#1889 = CARTESIAN_POINT('',(0.732878967863,61.260274611448));
#1890 = CARTESIAN_POINT('',(0.734175462812,61.595792110585));
#1891 = CARTESIAN_POINT('',(0.735426553078,61.933594791183));
#1892 = CARTESIAN_POINT('',(0.736632220502,62.273518196961));
#1893 = CARTESIAN_POINT('',(0.739566838147,63.138190014432));
#1894 = CARTESIAN_POINT('',(0.741234969858,63.665524622926));
#1895 = CARTESIAN_POINT('',(0.742797385118,64.196875187692));
#1896 = CARTESIAN_POINT('',(0.744254852315,64.731708409561));
#1897 = CARTESIAN_POINT('',(0.745608436842,65.269481113314));
#1898 = CARTESIAN_POINT('',(0.748892454028,66.687387406659));
#1899 = CARTESIAN_POINT('',(0.750654193351,67.571217769979));
#1900 = CARTESIAN_POINT('',(0.752152331539,68.459409601176));
#1901 = CARTESIAN_POINT('',(0.753395300966,69.350244791688));
#1902 = CARTESIAN_POINT('',(0.754392391966,70.242007292607));
#1903 = CARTESIAN_POINT('',(0.75631505305,72.491868037397));
#1904 = CARTESIAN_POINT('',(0.756927763378,73.848573619672));
#1905 = CARTESIAN_POINT('',(0.757030873798,75.199733203927));
#1906 = CARTESIAN_POINT('',(0.756661069632,76.542389527894));
#1907 = CARTESIAN_POINT('',(0.755853114483,77.873901543184));
#1908 = CARTESIAN_POINT('',(0.753913324624,79.981344402209));
#1909 = CARTESIAN_POINT('',(0.753041062275,80.766188407947));
#1910 = CARTESIAN_POINT('',(0.752029934685,81.546105537801));
#1911 = CARTESIAN_POINT('',(0.750886157962,82.320848159806));
#1912 = CARTESIAN_POINT('',(0.749615451929,83.09020896466));
#1913 = CARTESIAN_POINT('',(0.748223047886,83.854020530199));
#1914 = ( GEOMETRIC_REPRESENTATION_CONTEXT(2) 
PARAMETRIC_REPRESENTATION_CONTEXT() REPRESENTATION_CONTEXT('2D SPACE',''
  ) );
#1915 = PCURVE('',#1916,#1921);
#1916 = CYLINDRICAL_SURFACE('',#1917,34.5);
#1917 = AXIS2_PLACEMENT_3D('',#1918,#1919,#1920);
#1918 = CARTESIAN_POINT('',(106.54276641292,75.,276.92181871006));
#1919 = DIRECTION('',(0.939692620786,0.,0.342020143326));
#1920 = DIRECTION('',(-0.342020143326,0.,0.939692620786));
#1921 = DEFINITIONAL_REPRESENTATION('',(#1922),#1965);
#1922 = B_SPLINE_CURVE_WITH_KNOTS('',6,(#1923,#1924,#1925,#1926,#1927,
    #1928,#1929,#1930,#1931,#1932,#1933,#1934,#1935,#1936,#1937,#1938,
    #1939,#1940,#1941,#1942,#1943,#1944,#1945,#1946,#1947,#1948,#1949,
    #1950,#1951,#1952,#1953,#1954,#1955,#1956,#1957,#1958,#1959,#1960,
    #1961,#1962,#1963,#1964),.UNSPECIFIED.,.F.,.F.,(7,5,5,5,5,5,5,5,7),(
    0.,0.12030758632,0.308015000462,0.432127810529,0.483406554419,
    0.561821642119,0.689244499699,0.883585917615,1.),.UNSPECIFIED.);
#1923 = CARTESIAN_POINT('',(3.678264914041,14.0000006));
#1924 = CARTESIAN_POINT('',(3.706630432779,13.543530768275));
#1925 = CARTESIAN_POINT('',(3.735036298954,13.099264424776));
#1926 = CARTESIAN_POINT('',(3.763469950819,12.668710821395));
#1927 = CARTESIAN_POINT('',(3.791920666514,12.253381847775));
#1928 = CARTESIAN_POINT('',(3.820378598345,11.854780033334));
#1929 = CARTESIAN_POINT('',(3.893230455769,10.88088551225));
#1930 = CARTESIAN_POINT('',(3.937643765129,10.331396227976));
#1931 = CARTESIAN_POINT('',(3.981977606978,9.832409452787));
#1932 = CARTESIAN_POINT('',(4.026149382345,9.389700999756));
#1933 = CARTESIAN_POINT('',(4.070086010422,9.008006056045));
#1934 = CARTESIAN_POINT('',(4.142570812176,8.480885309357));
#1935 = CARTESIAN_POINT('',(4.171277073703,8.299314145316));
#1936 = CARTESIAN_POINT('',(4.199808689558,8.146989548197));
#1937 = CARTESIAN_POINT('',(4.228137550224,8.024583854203));
#1938 = CARTESIAN_POINT('',(4.256236340885,7.932407497985));
#1939 = CARTESIAN_POINT('',(4.295580324977,7.844758669126));
#1940 = CARTESIAN_POINT('',(4.307039353342,7.824279997352));
#1941 = CARTESIAN_POINT('',(4.318453004745,7.808942349315));
#1942 = CARTESIAN_POINT('',(4.329819744662,7.798729736179));
#1943 = CARTESIAN_POINT('',(4.341138017487,7.793616130617));
#1944 = CARTESIAN_POINT('',(4.369637541622,7.793487992075));
#1945 = CARTESIAN_POINT('',(4.386750874786,7.805249761921));
#1946 = CARTESIAN_POINT('',(4.403743157569,7.828719335573));
#1947 = CARTESIAN_POINT('',(4.420611036561,7.863721061117));
#1948 = CARTESIAN_POINT('',(4.437350893385,7.910035075502));
#1949 = CARTESIAN_POINT('',(4.480946414025,8.060609712439));
#1950 = CARTESIAN_POINT('',(4.507578951774,8.182972097567));
#1951 = CARTESIAN_POINT('',(4.533860159902,8.333395077417));
#1952 = CARTESIAN_POINT('',(4.559791073716,8.510630234492));
#1953 = CARTESIAN_POINT('',(4.585370236688,8.71327724449));
#1954 = CARTESIAN_POINT('',(4.649064191975,9.285262814907));
#1955 = CARTESIAN_POINT('',(4.686697665193,9.686164058009));
#1956 = CARTESIAN_POINT('',(4.723558525273,10.137655197321));
#1957 = CARTESIAN_POINT('',(4.759698842149,10.6349830782));
#1958 = CARTESIAN_POINT('',(4.795162859446,11.17353458351));
#1959 = CARTESIAN_POINT('',(4.850847723217,12.093485431709));
#1960 = CARTESIAN_POINT('',(4.871484600361,12.45140602243));
#1961 = CARTESIAN_POINT('',(4.891911723444,12.821777792976));
#1962 = CARTESIAN_POINT('',(4.912142131507,13.203812862586));
#1963 = CARTESIAN_POINT('',(4.932188386003,13.596778709088));
#1964 = CARTESIAN_POINT('',(4.952062881775,14.0000006));
#1965 = ( GEOMETRIC_REPRESENTATION_CONTEXT(2) 
PARAMETRIC_REPRESENTATION_CONTEXT() REPRESENTATION_CONTEXT('2D SPACE',''
  ) );
#1966 = ORIENTED_EDGE('',*,*,#1967,.T.);
#1967 = EDGE_CURVE('',#1821,#209,#1968,.T.);
#1968 = SURFACE_CURVE('',#1969,(#1974,#1985),.PCURVE_S1.);
#1969 = ELLIPSE('',#1970,466.34680182601,159.5);
#1970 = AXIS2_PLACEMENT_3D('',#1971,#1972,#1973);
#1971 = CARTESIAN_POINT('',(0.,0.,610.57892523809));
#1972 = DIRECTION('',(0.939692620786,0.,0.342020143326));
#1973 = DIRECTION('',(-0.342020143326,0.,0.939692620786));
#1974 = PCURVE('',#162,#1975);
#1975 = DEFINITIONAL_REPRESENTATION('',(#1976),#1984);
#1976 = B_SPLINE_CURVE_WITH_KNOTS('',6,(#1977,#1978,#1979,#1980,#1981,
    #1982,#1983),.UNSPECIFIED.,.F.,.F.,(7,7),(3.716512816185,
    3.959593587259),.PIECEWISE_BEZIER_KNOTS.);
#1977 = CARTESIAN_POINT('',(0.574920162596,37.254839699926));
#1978 = CARTESIAN_POINT('',(0.615433624441,46.908847664227));
#1979 = CARTESIAN_POINT('',(0.655947086287,57.287222741651));
#1980 = CARTESIAN_POINT('',(0.696460548132,68.361443121219));
#1981 = CARTESIAN_POINT('',(0.736974009978,80.099419660229));
#1982 = CARTESIAN_POINT('',(0.777487471824,92.465778858895));
#1983 = CARTESIAN_POINT('',(0.818000933669,105.42224209367));
#1984 = ( GEOMETRIC_REPRESENTATION_CONTEXT(2) 
PARAMETRIC_REPRESENTATION_CONTEXT() REPRESENTATION_CONTEXT('2D SPACE',''
  ) );
#1985 = PCURVE('',#225,#1986);
#1986 = DEFINITIONAL_REPRESENTATION('',(#1987),#1991);
#1987 = ELLIPSE('',#1988,466.34680182601,159.5);
#1988 = AXIS2_PLACEMENT_2D('',#1989,#1990);
#1989 = CARTESIAN_POINT('',(349.97489311602,75.));
#1990 = DIRECTION('',(1.,0.));
#1991 = ( GEOMETRIC_REPRESENTATION_CONTEXT(2) 
PARAMETRIC_REPRESENTATION_CONTEXT() REPRESENTATION_CONTEXT('2D SPACE',''
  ) );
#1992 = ORIENTED_EDGE('',*,*,#237,.F.);
#1993 = ORIENTED_EDGE('',*,*,#78,.F.);
#1994 = ORIENTED_EDGE('',*,*,#1995,.T.);
#1995 = EDGE_CURVE('',#79,#1823,#1996,.T.);
#1996 = SURFACE_CURVE('',#1997,(#2002,#2013),.PCURVE_S1.);
#1997 = ELLIPSE('',#1998,466.34680182601,159.5);
#1998 = AXIS2_PLACEMENT_3D('',#1999,#2000,#2001);
#1999 = CARTESIAN_POINT('',(0.,0.,610.57892523809));
#2000 = DIRECTION('',(0.939692620786,0.,0.342020143326));
#2001 = DIRECTION('',(-0.342020143326,0.,0.939692620786));
#2002 = PCURVE('',#162,#2003);
#2003 = DEFINITIONAL_REPRESENTATION('',(#2004),#2012);
#2004 = B_SPLINE_CURVE_WITH_KNOTS('',6,(#2005,#2006,#2007,#2008,#2009,
    #2010,#2011),.UNSPECIFIED.,.F.,.F.,(7,7),(3.716512816185,
    3.959593587259),.PIECEWISE_BEZIER_KNOTS.);
#2005 = CARTESIAN_POINT('',(0.574920162596,37.254839699926));
#2006 = CARTESIAN_POINT('',(0.615433624441,46.908847664227));
#2007 = CARTESIAN_POINT('',(0.655947086287,57.287222741651));
#2008 = CARTESIAN_POINT('',(0.696460548132,68.361443121219));
#2009 = CARTESIAN_POINT('',(0.736974009978,80.099419660229));
#2010 = CARTESIAN_POINT('',(0.777487471824,92.465778858895));
#2011 = CARTESIAN_POINT('',(0.818000933669,105.42224209367));
#2012 = ( GEOMETRIC_REPRESENTATION_CONTEXT(2) 
PARAMETRIC_REPRESENTATION_CONTEXT() REPRESENTATION_CONTEXT('2D SPACE',''
  ) );
#2013 = PCURVE('',#225,#2014);
#2014 = DEFINITIONAL_REPRESENTATION('',(#2015),#2019);
#2015 = ELLIPSE('',#2016,466.34680182601,159.5);
#2016 = AXIS2_PLACEMENT_2D('',#2017,#2018);
#2017 = CARTESIAN_POINT('',(349.97489311602,75.));
#2018 = DIRECTION('',(1.,0.));
#2019 = ( GEOMETRIC_REPRESENTATION_CONTEXT(2) 
PARAMETRIC_REPRESENTATION_CONTEXT() REPRESENTATION_CONTEXT('2D SPACE',''
  ) );
#2020 = FACE_BOUND('',#2021,.F.);
#2021 = EDGE_LOOP('',(#2022));
#2022 = ORIENTED_EDGE('',*,*,#2023,.F.);
#2023 = EDGE_CURVE('',#2024,#2024,#2026,.T.);
#2024 = VERTEX_POINT('',#2025);
#2025 = CARTESIAN_POINT('',(113.34716243959,112.21706985522,
    336.55198651616));
#2026 = SURFACE_CURVE('',#2027,(#2090,#2156),.PCURVE_S1.);
#2027 = B_SPLINE_CURVE_WITH_KNOTS('',7,(#2028,#2029,#2030,#2031,#2032,
    #2033,#2034,#2035,#2036,#2037,#2038,#2039,#2040,#2041,#2042,#2043,
    #2044,#2045,#2046,#2047,#2048,#2049,#2050,#2051,#2052,#2053,#2054,
    #2055,#2056,#2057,#2058,#2059,#2060,#2061,#2062,#2063,#2064,#2065,
    #2066,#2067,#2068,#2069,#2070,#2071,#2072,#2073,#2074,#2075,#2076,
    #2077,#2078,#2079,#2080,#2081,#2082,#2083,#2084,#2085,#2086,#2087,
    #2088,#2089),.UNSPECIFIED.,.T.,.F.,(8,6,6,6,6,6,6,6,6,6,8),(0.,
    0.12183875403,0.224255526754,0.309296616236,0.416501819498,
    0.531426550934,0.643352527825,0.737762073346,0.822920890502,
    0.905356440251,1.),.UNSPECIFIED.);
#2028 = CARTESIAN_POINT('',(113.34716243959,112.21706985522,
    336.55198651616));
#2029 = CARTESIAN_POINT('',(113.34716243959,112.21706985522,
    336.24817404926));
#2030 = CARTESIAN_POINT('',(113.32419947033,112.24026407116,
    335.94462125341));
#2031 = CARTESIAN_POINT('',(113.27834143343,112.28658394667,
    335.6432303575));
#2032 = CARTESIAN_POINT('',(113.20907148964,112.3564916225,
    335.34608231474));
#2033 = CARTESIAN_POINT('',(113.1153974077,112.45087089899,
    335.05580801036));
#2034 = CARTESIAN_POINT('',(112.99596692096,112.57088685402,
    334.776041666));
#2035 = CARTESIAN_POINT('',(112.72590340917,112.84126532516,
    334.2901623532));
#2036 = CARTESIAN_POINT('',(112.58219331961,112.98482786855,
    334.07746390019));
#2037 = CARTESIAN_POINT('',(112.41752276563,113.14887349451,
    333.87915388368));
#2038 = CARTESIAN_POINT('',(112.23187785437,113.3331782957,
    333.70073316203));
#2039 = CARTESIAN_POINT('',(112.02581883867,113.53689591444,
    333.5480087254));
#2040 = CARTESIAN_POINT('',(111.80061844424,113.75845657664,
    333.42717850553));
#2041 = CARTESIAN_POINT('',(111.35752808972,114.1920752011,
    333.27677888809));
#2042 = CARTESIAN_POINT('',(111.14690837932,114.39738315916,
    333.23589280873));
#2043 = CARTESIAN_POINT('',(110.93117745511,114.60674965971,
    333.22620432276));
#2044 = CARTESIAN_POINT('',(110.71539597009,114.81519062701,
    333.2490270389));
#2045 = CARTESIAN_POINT('',(110.50472403043,115.01777181216,
    333.30317278481));
#2046 = CARTESIAN_POINT('',(110.30396801208,115.21003140473,
    333.38498580656));
#2047 = CARTESIAN_POINT('',(109.88161208678,115.61309318843,
    333.61870432261));
#2048 = CARTESIAN_POINT('',(109.6674105804,115.81643782859,
    333.78376680213));
#2049 = CARTESIAN_POINT('',(109.47568916213,115.99761582046,
    333.97574227292));
#2050 = CARTESIAN_POINT('',(109.30666331204,116.15675594354,
    334.18832921014));
#2051 = CARTESIAN_POINT('',(109.16001023321,116.2944244628,
    334.41632221872));
#2052 = CARTESIAN_POINT('',(109.03509284047,116.41142042429,
    334.65539319355));
#2053 = CARTESIAN_POINT('',(108.81957700472,116.61291935971,
    335.16633629129));
#2054 = CARTESIAN_POINT('',(108.73159380951,116.6949468737,
    335.44052496479));
#2055 = CARTESIAN_POINT('',(108.66613958634,116.75585553519,
    335.72117215126));
#2056 = CARTESIAN_POINT('',(108.62242936284,116.79648676229,
    336.00583086261));
#2057 = CARTESIAN_POINT('',(108.59996555663,116.81736341745,
    336.29259935742));
#2058 = CARTESIAN_POINT('',(108.59860302516,116.81863792429,
    336.57979233284));
#2059 = CARTESIAN_POINT('',(108.63807003803,116.78193544173,
    337.14409108273));
#2060 = CARTESIAN_POINT('',(108.67777636811,116.74500333797,
    337.42093224522));
#2061 = CARTESIAN_POINT('',(108.73787595178,116.68907299806,
    337.69469372866));
#2062 = CARTESIAN_POINT('',(108.81891250505,116.61357068473,
    337.96358430906));
#2063 = CARTESIAN_POINT('',(108.92172059054,116.51760757063,
    338.22527616934));
#2064 = CARTESIAN_POINT('',(109.04730289438,116.40007610009,
    338.47658684826));
#2065 = CARTESIAN_POINT('',(109.32263523842,116.141471044,
    338.91246412026));
#2066 = CARTESIAN_POINT('',(109.46650238618,116.00604455059,
    339.10286471362));
#2067 = CARTESIAN_POINT('',(109.62842198313,115.85320787551,
    339.27980212797));
#2068 = CARTESIAN_POINT('',(109.80802840411,115.68311386622,
    339.43870005168));
#2069 = CARTESIAN_POINT('',(110.00443736385,115.49637425239,
    339.57484116432));
#2070 = CARTESIAN_POINT('',(110.21619380354,115.29413620478,
    339.68332353283));
#2071 = CARTESIAN_POINT('',(110.64407546896,114.88349604972,
    339.82719414423));
#2072 = CARTESIAN_POINT('',(110.85588688223,114.67941776753,
    339.86808022359));
#2073 = CARTESIAN_POINT('',(111.07191511485,114.47035804897,
    339.87776870956));
#2074 = CARTESIAN_POINT('',(111.28701985481,114.26121877245,
    339.85494599342));
#2075 = CARTESIAN_POINT('',(111.49610747382,114.05700278309,
    339.80080024751));
#2076 = CARTESIAN_POINT('',(111.69456764173,113.862374184,
    339.71898722576));
#2077 = CARTESIAN_POINT('',(112.05681572634,113.50587010062,
    339.51552033027));
#2078 = CARTESIAN_POINT('',(112.22789535691,113.33686183228,
    339.39163602589));
#2079 = CARTESIAN_POINT('',(112.38995842208,113.17617352896,
    339.24504874991));
#2080 = CARTESIAN_POINT('',(112.54125609646,113.02565172395,
    339.0772289772));
#2081 = CARTESIAN_POINT('',(112.68020528049,112.88700320531,
    338.89000352375));
#2082 = CARTESIAN_POINT('',(112.80541614452,112.76175101477,
    338.68551791923));
#2083 = CARTESIAN_POINT('',(113.04241892849,112.5241915738,
    338.21434777791));
#2084 = CARTESIAN_POINT('',(113.14578688492,112.42024764784,
    337.95027274978));
#2085 = CARTESIAN_POINT('',(113.22706535444,112.33833125697,
    337.67786691968));
#2086 = CARTESIAN_POINT('',(113.28728337088,112.27755181449,
    337.3999200389));
#2087 = CARTESIAN_POINT('',(113.32718786807,112.23724563423,
    337.11851086548));
#2088 = CARTESIAN_POINT('',(113.34716243959,112.21706985522,
    336.83534112871));
#2089 = CARTESIAN_POINT('',(113.34716243959,112.21706985522,
    336.55198651616));
#2090 = PCURVE('',#162,#2091);
#2091 = DEFINITIONAL_REPRESENTATION('',(#2092),#2155);
#2092 = B_SPLINE_CURVE_WITH_KNOTS('',7,(#2093,#2094,#2095,#2096,#2097,
    #2098,#2099,#2100,#2101,#2102,#2103,#2104,#2105,#2106,#2107,#2108,
    #2109,#2110,#2111,#2112,#2113,#2114,#2115,#2116,#2117,#2118,#2119,
    #2120,#2121,#2122,#2123,#2124,#2125,#2126,#2127,#2128,#2129,#2130,
    #2131,#2132,#2133,#2134,#2135,#2136,#2137,#2138,#2139,#2140,#2141,
    #2142,#2143,#2144,#2145,#2146,#2147,#2148,#2149,#2150,#2151,#2152,
    #2153,#2154),.UNSPECIFIED.,.T.,.F.,(8,6,6,6,6,6,6,6,6,6,8),(0.,
    0.12183875403,0.224255526754,0.309296616236,0.416501819498,
    0.531426550934,0.643352527825,0.737762073346,0.822920890502,
    0.905356440251,1.),.UNSPECIFIED.);
#2093 = CARTESIAN_POINT('',(0.780388135355,131.));
#2094 = CARTESIAN_POINT('',(0.780388135355,130.6961875331));
#2095 = CARTESIAN_POINT('',(0.780592765249,130.39263473724));
#2096 = CARTESIAN_POINT('',(0.781001420086,130.09124384133));
#2097 = CARTESIAN_POINT('',(0.781618438632,129.79409579857));
#2098 = CARTESIAN_POINT('',(0.782452135473,129.50382149419));
#2099 = CARTESIAN_POINT('',(0.783513667859,129.22405514984));
#2100 = CARTESIAN_POINT('',(0.785909594228,128.73817583703));
#2101 = CARTESIAN_POINT('',(0.787183151112,128.52547738403));
#2102 = CARTESIAN_POINT('',(0.788640439594,128.32716736751));
#2103 = CARTESIAN_POINT('',(0.790280532668,128.14874664586));
#2104 = CARTESIAN_POINT('',(0.792097205649,127.99602220924));
#2105 = CARTESIAN_POINT('',(0.794077877329,127.87519198936));
#2106 = CARTESIAN_POINT('',(0.797964792955,127.72479237192));
#2107 = CARTESIAN_POINT('',(0.799808860055,127.68390629257));
#2108 = CARTESIAN_POINT('',(0.801693635768,127.6742178066));
#2109 = CARTESIAN_POINT('',(0.803574601847,127.69704052273));
#2110 = CARTESIAN_POINT('',(0.805407009608,127.75118626864));
#2111 = CARTESIAN_POINT('',(0.807149758967,127.83299929039));
#2112 = CARTESIAN_POINT('',(0.81081005922,128.06671780644));
#2113 = CARTESIAN_POINT('',(0.812661773847,128.23178028596));
#2114 = CARTESIAN_POINT('',(0.814315592888,128.42375575676));
#2115 = CARTESIAN_POINT('',(0.815771098511,128.63634269397));
#2116 = CARTESIAN_POINT('',(0.81703220106,128.86433570255));
#2117 = CARTESIAN_POINT('',(0.818105243019,129.10340667739));
#2118 = CARTESIAN_POINT('',(0.819955026716,129.61434977512));
#2119 = CARTESIAN_POINT('',(0.820709191903,129.88853844863));
#2120 = CARTESIAN_POINT('',(0.821269755025,130.16918563509));
#2121 = CARTESIAN_POINT('',(0.821643912709,130.45384434644));
#2122 = CARTESIAN_POINT('',(0.821836181482,130.74061284126));
#2123 = CARTESIAN_POINT('',(0.821847878659,131.02780581667));
#2124 = CARTESIAN_POINT('',(0.821509976279,131.59210456656));
#2125 = CARTESIAN_POINT('',(0.821169994777,131.86894572906));
#2126 = CARTESIAN_POINT('',(0.820655270693,132.14270721249));
#2127 = CARTESIAN_POINT('',(0.819960858081,132.4115977929));
#2128 = CARTESIAN_POINT('',(0.819079129863,132.67328965318));
#2129 = CARTESIAN_POINT('',(0.81800075144,132.92460033209));
#2130 = CARTESIAN_POINT('',(0.815632500747,133.36047760409));
#2131 = CARTESIAN_POINT('',(0.814393751728,133.55087819746));
#2132 = CARTESIAN_POINT('',(0.812997772957,133.7278156118));
#2133 = CARTESIAN_POINT('',(0.811446887014,133.88671353551));
#2134 = CARTESIAN_POINT('',(0.809747750824,134.02285464815));
#2135 = CARTESIAN_POINT('',(0.807911921338,134.13133701667));
#2136 = CARTESIAN_POINT('',(0.80419374082,134.27520762807));
#2137 = CARTESIAN_POINT('',(0.802349673719,134.31609370742));
#2138 = CARTESIAN_POINT('',(0.800464898007,134.32578219339));
#2139 = CARTESIAN_POINT('',(0.798583931928,134.30295947726));
#2140 = CARTESIAN_POINT('',(0.796751524166,134.24881373135));
#2141 = CARTESIAN_POINT('',(0.795008774807,134.1670007096));
#2142 = CARTESIAN_POINT('',(0.791822249659,133.9635338141));
#2143 = CARTESIAN_POINT('',(0.79031452248,133.83964950972));
#2144 = CARTESIAN_POINT('',(0.78888366877,133.69306223375));
#2145 = CARTESIAN_POINT('',(0.787545619648,133.52524246103));
#2146 = CARTESIAN_POINT('',(0.786314954566,133.33801700758));
#2147 = CARTESIAN_POINT('',(0.785204584433,133.13353140307));
#2148 = CARTESIAN_POINT('',(0.783100719868,132.66236126175));
#2149 = CARTESIAN_POINT('',(0.782181647661,132.39828623361));
#2150 = CARTESIAN_POINT('',(0.781458155472,132.12588040352));
#2151 = CARTESIAN_POINT('',(0.78092173512,131.84793352273));
#2152 = CARTESIAN_POINT('',(0.780566135001,131.56652434931));
#2153 = CARTESIAN_POINT('',(0.780388135355,131.28335461255));
#2154 = CARTESIAN_POINT('',(0.780388135355,131.));
#2155 = ( GEOMETRIC_REPRESENTATION_CONTEXT(2) 
PARAMETRIC_REPRESENTATION_CONTEXT() REPRESENTATION_CONTEXT('2D SPACE',''
  ) );
#2156 = PCURVE('',#2157,#2162);
#2157 = CYLINDRICAL_SURFACE('',#2158,3.3);
#2158 = AXIS2_PLACEMENT_3D('',#2159,#2160,#2161);
#2159 = CARTESIAN_POINT('',(98.68316966069,101.82765845152,
    336.55198651616));
#2160 = DIRECTION('',(0.695932085054,0.718107605441,0.));
#2161 = DIRECTION('',(0.718107605441,-0.695932085054,0.));
#2162 = DEFINITIONAL_REPRESENTATION('',(#2163),#2226);
#2163 = B_SPLINE_CURVE_WITH_KNOTS('',7,(#2164,#2165,#2166,#2167,#2168,
    #2169,#2170,#2171,#2172,#2173,#2174,#2175,#2176,#2177,#2178,#2179,
    #2180,#2181,#2182,#2183,#2184,#2185,#2186,#2187,#2188,#2189,#2190,
    #2191,#2192,#2193,#2194,#2195,#2196,#2197,#2198,#2199,#2200,#2201,
    #2202,#2203,#2204,#2205,#2206,#2207,#2208,#2209,#2210,#2211,#2212,
    #2213,#2214,#2215,#2216,#2217,#2218,#2219,#2220,#2221,#2222,#2223,
    #2224,#2225),.UNSPECIFIED.,.F.,.F.,(8,6,6,6,6,6,6,6,6,6,8),(0.,
    0.12183875403,0.224255526754,0.309296616236,0.416501819498,
    0.531426550934,0.643352527825,0.737762073346,0.822920890502,
    0.905356440251,1.),.UNSPECIFIED.);
#2164 = CARTESIAN_POINT('',(0.,17.665858414897));
#2165 = CARTESIAN_POINT('',(9.206438390822E-02,17.665858414897));
#2166 = CARTESIAN_POINT('',(0.184049969542,17.666533690689));
#2167 = CARTESIAN_POINT('',(0.276655583671,17.667882266341));
#2168 = CARTESIAN_POINT('',(0.370513217186,17.66987632362));
#2169 = CARTESIAN_POINT('',(0.466281125694,17.672460000701));
#2170 = CARTESIAN_POINT('',(0.56463193169,17.675528863131));
#2171 = CARTESIAN_POINT('',(0.751942631666,17.681743836743));
#2172 = CARTESIAN_POINT('',(0.840654268426,17.684824728735));
#2173 = CARTESIAN_POINT('',(0.932447707139,17.688027618402));
#2174 = CARTESIAN_POINT('',(1.027356818216,17.691182047688));
#2175 = CARTESIAN_POINT('',(1.125515421887,17.694070138619));
#2176 = CARTESIAN_POINT('',(1.227180314046,17.696450355163));
#2177 = CARTESIAN_POINT('',(1.420494902732,17.699474392961));
#2178 = CARTESIAN_POINT('',(1.510032917624,17.700330584887));
#2179 = CARTESIAN_POINT('',(1.600357560215,17.700544189359));
#2180 = CARTESIAN_POINT('',(1.690589841953,17.700057974478));
#2181 = CARTESIAN_POINT('',(1.779888665336,17.698919702019));
#2182 = CARTESIAN_POINT('',(1.867300530461,17.697270223235));
#2183 = CARTESIAN_POINT('',(2.057859979398,17.692780915839));
#2184 = CARTESIAN_POINT('',(2.15953465969,17.689734547503));
#2185 = CARTESIAN_POINT('',(2.25731799284,17.686414755039));
#2186 = CARTESIAN_POINT('',(2.351685225381,17.683063975476));
#2187 = CARTESIAN_POINT('',(2.443040819333,17.679864203251));
#2188 = CARTESIAN_POINT('',(2.531708592423,17.676945871415));
#2189 = CARTESIAN_POINT('',(2.710492310615,17.671659404494));
#2190 = CARTESIAN_POINT('',(2.800671217902,17.669333657653));
#2191 = CARTESIAN_POINT('',(2.88915599056,17.667520936705));
#2192 = CARTESIAN_POINT('',(2.976490368649,17.666279182917));
#2193 = CARTESIAN_POINT('',(3.063187260385,17.665637584274));
#2194 = CARTESIAN_POINT('',(3.149768340902,17.665604587964));
#2195 = CARTESIAN_POINT('',(3.321545783642,17.666714616659));
#2196 = CARTESIAN_POINT('',(3.406618780612,17.667826301143));
#2197 = CARTESIAN_POINT('',(3.492560227449,17.669487527249));
#2198 = CARTESIAN_POINT('',(3.579879150602,17.671664679302));
#2199 = CARTESIAN_POINT('',(3.669105162711,17.674300282519));
#2200 = CARTESIAN_POINT('',(3.760786415707,17.677296794205));
#2201 = CARTESIAN_POINT('',(3.935558623724,17.6832031489));
#2202 = CARTESIAN_POINT('',(4.018367901317,17.686074118111));
#2203 = CARTESIAN_POINT('',(4.103904346915,17.689005982059));
#2204 = CARTESIAN_POINT('',(4.192153748192,17.691854051389));
#2205 = CARTESIAN_POINT('',(4.283185750388,17.694442211337));
#2206 = CARTESIAN_POINT('',(4.377164957839,17.696581631834));
#2207 = CARTESIAN_POINT('',(4.562087556323,17.699474392961));
#2208 = CARTESIAN_POINT('',(4.651625571213,17.700330584887));
#2209 = CARTESIAN_POINT('',(4.741950213804,17.700544189359));
#2210 = CARTESIAN_POINT('',(4.832182495543,17.700057974478));
#2211 = CARTESIAN_POINT('',(4.921481318927,17.69891970202));
#2212 = CARTESIAN_POINT('',(5.00889318405,17.697270223235));
#2213 = CARTESIAN_POINT('',(5.174787355117,17.693361994421));
#2214 = CARTESIAN_POINT('',(5.256390217816,17.691055675553));
#2215 = CARTESIAN_POINT('',(5.337987137822,17.688449069693));
#2216 = CARTESIAN_POINT('',(5.419584805363,17.68565112272));
#2217 = CARTESIAN_POINT('',(5.501186864649,17.682785762362));
#2218 = CARTESIAN_POINT('',(5.582788767101,17.679979469411));
#2219 = CARTESIAN_POINT('',(5.75806871533,17.674324069722));
#2220 = CARTESIAN_POINT('',(5.849016976992,17.671618223395));
#2221 = CARTESIAN_POINT('',(5.937877781078,17.669357734866));
#2222 = CARTESIAN_POINT('',(6.02520355138,17.667619204704));
#2223 = CARTESIAN_POINT('',(6.11151051565,17.666445850045));
#2224 = CARTESIAN_POINT('',(6.197320273074,17.665858414897));
#2225 = CARTESIAN_POINT('',(6.28318530718,17.665858414897));
#2226 = ( GEOMETRIC_REPRESENTATION_CONTEXT(2) 
PARAMETRIC_REPRESENTATION_CONTEXT() REPRESENTATION_CONTEXT('2D SPACE',''
  ) );
#2227 = ADVANCED_FACE('',(#2228),#225,.F.);
#2228 = FACE_BOUND('',#2229,.F.);
#2229 = EDGE_LOOP('',(#2230,#2231,#2253,#2254));
#2230 = ORIENTED_EDGE('',*,*,#1967,.F.);
#2231 = ORIENTED_EDGE('',*,*,#2232,.T.);
#2232 = EDGE_CURVE('',#1821,#1823,#2233,.T.);
#2233 = SURFACE_CURVE('',#2234,(#2239,#2246),.PCURVE_S1.);
#2234 = CIRCLE('',#2235,34.5);
#2235 = AXIS2_PLACEMENT_3D('',#2236,#2237,#2238);
#2236 = CARTESIAN_POINT('',(119.69846310393,75.,281.71010071662));
#2237 = DIRECTION('',(0.939692620786,0.,0.342020143326));
#2238 = DIRECTION('',(-0.342020143326,0.,0.939692620786));
#2239 = PCURVE('',#225,#2240);
#2240 = DEFINITIONAL_REPRESENTATION('',(#2241),#2245);
#2241 = CIRCLE('',#2242,34.5);
#2242 = AXIS2_PLACEMENT_2D('',#2243,#2244);
#2243 = CARTESIAN_POINT('',(0.,0.));
#2244 = DIRECTION('',(1.,0.));
#2245 = ( GEOMETRIC_REPRESENTATION_CONTEXT(2) 
PARAMETRIC_REPRESENTATION_CONTEXT() REPRESENTATION_CONTEXT('2D SPACE',''
  ) );
#2246 = PCURVE('',#1916,#2247);
#2247 = DEFINITIONAL_REPRESENTATION('',(#2248),#2252);
#2248 = LINE('',#2249,#2250);
#2249 = CARTESIAN_POINT('',(0.,14.));
#2250 = VECTOR('',#2251,1.);
#2251 = DIRECTION('',(1.,0.));
#2252 = ( GEOMETRIC_REPRESENTATION_CONTEXT(2) 
PARAMETRIC_REPRESENTATION_CONTEXT() REPRESENTATION_CONTEXT('2D SPACE',''
  ) );
#2253 = ORIENTED_EDGE('',*,*,#1995,.F.);
#2254 = ORIENTED_EDGE('',*,*,#208,.F.);
#2255 = ADVANCED_FACE('',(#2256),#615,.F.);
#2256 = FACE_BOUND('',#2257,.F.);
#2257 = EDGE_LOOP('',(#2258,#2281,#2308,#2309));
#2258 = ORIENTED_EDGE('',*,*,#2259,.T.);
#2259 = EDGE_CURVE('',#599,#2260,#2262,.T.);
#2260 = VERTEX_POINT('',#2261);
#2261 = CARTESIAN_POINT('',(126.2583476689,103.5,287.07740120143));
#2262 = SEAM_CURVE('',#2263,(#2267,#2274),.PCURVE_S1.);
#2263 = LINE('',#2264,#2265);
#2264 = CARTESIAN_POINT('',(115.92172884026,103.5,283.31517962485));
#2265 = VECTOR('',#2266,1.);
#2266 = DIRECTION('',(0.939692620786,0.,0.342020143326));
#2267 = PCURVE('',#615,#2268);
#2268 = DEFINITIONAL_REPRESENTATION('',(#2269),#2273);
#2269 = LINE('',#2270,#2271);
#2270 = CARTESIAN_POINT('',(6.28318530718,-0.));
#2271 = VECTOR('',#2272,1.);
#2272 = DIRECTION('',(0.,1.));
#2273 = ( GEOMETRIC_REPRESENTATION_CONTEXT(2) 
PARAMETRIC_REPRESENTATION_CONTEXT() REPRESENTATION_CONTEXT('2D SPACE',''
  ) );
#2274 = PCURVE('',#615,#2275);
#2275 = DEFINITIONAL_REPRESENTATION('',(#2276),#2280);
#2276 = LINE('',#2277,#2278);
#2277 = CARTESIAN_POINT('',(0.,-0.));
#2278 = VECTOR('',#2279,1.);
#2279 = DIRECTION('',(0.,1.));
#2280 = ( GEOMETRIC_REPRESENTATION_CONTEXT(2) 
PARAMETRIC_REPRESENTATION_CONTEXT() REPRESENTATION_CONTEXT('2D SPACE',''
  ) );
#2281 = ORIENTED_EDGE('',*,*,#2282,.F.);
#2282 = EDGE_CURVE('',#2260,#2260,#2283,.T.);
#2283 = SURFACE_CURVE('',#2284,(#2289,#2296),.PCURVE_S1.);
#2284 = CIRCLE('',#2285,2.8);
#2285 = AXIS2_PLACEMENT_3D('',#2286,#2287,#2288);
#2286 = CARTESIAN_POINT('',(127.21600407021,103.5,284.44626186323));
#2287 = DIRECTION('',(0.939692620786,0.,0.342020143326));
#2288 = DIRECTION('',(-0.342020143326,0.,0.939692620786));
#2289 = PCURVE('',#615,#2290);
#2290 = DEFINITIONAL_REPRESENTATION('',(#2291),#2295);
#2291 = LINE('',#2292,#2293);
#2292 = CARTESIAN_POINT('',(0.,11.));
#2293 = VECTOR('',#2294,1.);
#2294 = DIRECTION('',(1.,0.));
#2295 = ( GEOMETRIC_REPRESENTATION_CONTEXT(2) 
PARAMETRIC_REPRESENTATION_CONTEXT() REPRESENTATION_CONTEXT('2D SPACE',''
  ) );
#2296 = PCURVE('',#2297,#2302);
#2297 = PLANE('',#2298);
#2298 = AXIS2_PLACEMENT_3D('',#2299,#2300,#2301);
#2299 = CARTESIAN_POINT('',(127.21600407021,103.5,284.44626186323));
#2300 = DIRECTION('',(0.939692620786,0.,0.342020143326));
#2301 = DIRECTION('',(-0.342020143326,0.,0.939692620786));
#2302 = DEFINITIONAL_REPRESENTATION('',(#2303),#2307);
#2303 = CIRCLE('',#2304,2.8);
#2304 = AXIS2_PLACEMENT_2D('',#2305,#2306);
#2305 = CARTESIAN_POINT('',(0.,0.));
#2306 = DIRECTION('',(1.,0.));
#2307 = ( GEOMETRIC_REPRESENTATION_CONTEXT(2) 
PARAMETRIC_REPRESENTATION_CONTEXT() REPRESENTATION_CONTEXT('2D SPACE',''
  ) );
#2308 = ORIENTED_EDGE('',*,*,#2259,.F.);
#2309 = ORIENTED_EDGE('',*,*,#598,.T.);
#2310 = ADVANCED_FACE('',(#2311),#646,.F.);
#2311 = FACE_BOUND('',#2312,.F.);
#2312 = EDGE_LOOP('',(#2313,#2336,#2363,#2364));
#2313 = ORIENTED_EDGE('',*,*,#2314,.T.);
#2314 = EDGE_CURVE('',#630,#2315,#2317,.T.);
#2315 = VERTEX_POINT('',#2316);
#2316 = CARTESIAN_POINT('',(132.76088979886,75.,313.06887953276));
#2317 = SEAM_CURVE('',#2318,(#2322,#2329),.PCURVE_S1.);
#2318 = LINE('',#2319,#2320);
#2319 = CARTESIAN_POINT('',(108.32888165843,75.,304.17635580629));
#2320 = VECTOR('',#2321,1.);
#2321 = DIRECTION('',(0.939692620786,0.,0.342020143326));
#2322 = PCURVE('',#646,#2323);
#2323 = DEFINITIONAL_REPRESENTATION('',(#2324),#2328);
#2324 = LINE('',#2325,#2326);
#2325 = CARTESIAN_POINT('',(6.28318530718,-0.));
#2326 = VECTOR('',#2327,1.);
#2327 = DIRECTION('',(0.,1.));
#2328 = ( GEOMETRIC_REPRESENTATION_CONTEXT(2) 
PARAMETRIC_REPRESENTATION_CONTEXT() REPRESENTATION_CONTEXT('2D SPACE',''
  ) );
#2329 = PCURVE('',#646,#2330);
#2330 = DEFINITIONAL_REPRESENTATION('',(#2331),#2335);
#2331 = LINE('',#2332,#2333);
#2332 = CARTESIAN_POINT('',(0.,-0.));
#2333 = VECTOR('',#2334,1.);
#2334 = DIRECTION('',(0.,1.));
#2335 = ( GEOMETRIC_REPRESENTATION_CONTEXT(2) 
PARAMETRIC_REPRESENTATION_CONTEXT() REPRESENTATION_CONTEXT('2D SPACE',''
  ) );
#2336 = ORIENTED_EDGE('',*,*,#2337,.F.);
#2337 = EDGE_CURVE('',#2315,#2315,#2338,.T.);
#2338 = SURFACE_CURVE('',#2339,(#2344,#2351),.PCURVE_S1.);
#2339 = CIRCLE('',#2340,25.);
#2340 = AXIS2_PLACEMENT_3D('',#2341,#2342,#2343);
#2341 = CARTESIAN_POINT('',(141.311393382,75.,289.57656401311));
#2342 = DIRECTION('',(0.939692620786,0.,0.342020143326));
#2343 = DIRECTION('',(-0.342020143326,0.,0.939692620786));
#2344 = PCURVE('',#646,#2345);
#2345 = DEFINITIONAL_REPRESENTATION('',(#2346),#2350);
#2346 = LINE('',#2347,#2348);
#2347 = CARTESIAN_POINT('',(0.,26.));
#2348 = VECTOR('',#2349,1.);
#2349 = DIRECTION('',(1.,0.));
#2350 = ( GEOMETRIC_REPRESENTATION_CONTEXT(2) 
PARAMETRIC_REPRESENTATION_CONTEXT() REPRESENTATION_CONTEXT('2D SPACE',''
  ) );
#2351 = PCURVE('',#2352,#2357);
#2352 = PLANE('',#2353);
#2353 = AXIS2_PLACEMENT_3D('',#2354,#2355,#2356);
#2354 = CARTESIAN_POINT('',(141.311393382,75.,289.57656401311));
#2355 = DIRECTION('',(0.939692620786,0.,0.342020143326));
#2356 = DIRECTION('',(-0.342020143326,0.,0.939692620786));
#2357 = DEFINITIONAL_REPRESENTATION('',(#2358),#2362);
#2358 = CIRCLE('',#2359,25.);
#2359 = AXIS2_PLACEMENT_2D('',#2360,#2361);
#2360 = CARTESIAN_POINT('',(0.,0.));
#2361 = DIRECTION('',(1.,0.));
#2362 = ( GEOMETRIC_REPRESENTATION_CONTEXT(2) 
PARAMETRIC_REPRESENTATION_CONTEXT() REPRESENTATION_CONTEXT('2D SPACE',''
  ) );
#2363 = ORIENTED_EDGE('',*,*,#2314,.F.);
#2364 = ORIENTED_EDGE('',*,*,#629,.T.);
#2365 = ADVANCED_FACE('',(#2366),#677,.F.);
#2366 = FACE_BOUND('',#2367,.F.);
#2367 = EDGE_LOOP('',(#2368,#2391,#2418,#2419));
#2368 = ORIENTED_EDGE('',*,*,#2369,.T.);
#2369 = EDGE_CURVE('',#661,#2370,#2372,.T.);
#2370 = VERTEX_POINT('',#2371);
#2371 = CARTESIAN_POINT('',(126.2583476689,46.5,287.07740120143));
#2372 = SEAM_CURVE('',#2373,(#2377,#2384),.PCURVE_S1.);
#2373 = LINE('',#2374,#2375);
#2374 = CARTESIAN_POINT('',(115.92172884026,46.5,283.31517962485));
#2375 = VECTOR('',#2376,1.);
#2376 = DIRECTION('',(0.939692620786,0.,0.342020143326));
#2377 = PCURVE('',#677,#2378);
#2378 = DEFINITIONAL_REPRESENTATION('',(#2379),#2383);
#2379 = LINE('',#2380,#2381);
#2380 = CARTESIAN_POINT('',(6.28318530718,-0.));
#2381 = VECTOR('',#2382,1.);
#2382 = DIRECTION('',(0.,1.));
#2383 = ( GEOMETRIC_REPRESENTATION_CONTEXT(2) 
PARAMETRIC_REPRESENTATION_CONTEXT() REPRESENTATION_CONTEXT('2D SPACE',''
  ) );
#2384 = PCURVE('',#677,#2385);
#2385 = DEFINITIONAL_REPRESENTATION('',(#2386),#2390);
#2386 = LINE('',#2387,#2388);
#2387 = CARTESIAN_POINT('',(0.,-0.));
#2388 = VECTOR('',#2389,1.);
#2389 = DIRECTION('',(0.,1.));
#2390 = ( GEOMETRIC_REPRESENTATION_CONTEXT(2) 
PARAMETRIC_REPRESENTATION_CONTEXT() REPRESENTATION_CONTEXT('2D SPACE',''
  ) );
#2391 = ORIENTED_EDGE('',*,*,#2392,.F.);
#2392 = EDGE_CURVE('',#2370,#2370,#2393,.T.);
#2393 = SURFACE_CURVE('',#2394,(#2399,#2406),.PCURVE_S1.);
#2394 = CIRCLE('',#2395,2.8);
#2395 = AXIS2_PLACEMENT_3D('',#2396,#2397,#2398);
#2396 = CARTESIAN_POINT('',(127.21600407021,46.5,284.44626186323));
#2397 = DIRECTION('',(0.939692620786,0.,0.342020143326));
#2398 = DIRECTION('',(-0.342020143326,0.,0.939692620786));
#2399 = PCURVE('',#677,#2400);
#2400 = DEFINITIONAL_REPRESENTATION('',(#2401),#2405);
#2401 = LINE('',#2402,#2403);
#2402 = CARTESIAN_POINT('',(0.,11.));
#2403 = VECTOR('',#2404,1.);
#2404 = DIRECTION('',(1.,0.));
#2405 = ( GEOMETRIC_REPRESENTATION_CONTEXT(2) 
PARAMETRIC_REPRESENTATION_CONTEXT() REPRESENTATION_CONTEXT('2D SPACE',''
  ) );
#2406 = PCURVE('',#2407,#2412);
#2407 = PLANE('',#2408);
#2408 = AXIS2_PLACEMENT_3D('',#2409,#2410,#2411);
#2409 = CARTESIAN_POINT('',(127.21600407021,46.5,284.44626186323));
#2410 = DIRECTION('',(0.939692620786,0.,0.342020143326));
#2411 = DIRECTION('',(-0.342020143326,0.,0.939692620786));
#2412 = DEFINITIONAL_REPRESENTATION('',(#2413),#2417);
#2413 = CIRCLE('',#2414,2.8);
#2414 = AXIS2_PLACEMENT_2D('',#2415,#2416);
#2415 = CARTESIAN_POINT('',(0.,0.));
#2416 = DIRECTION('',(1.,0.));
#2417 = ( GEOMETRIC_REPRESENTATION_CONTEXT(2) 
PARAMETRIC_REPRESENTATION_CONTEXT() REPRESENTATION_CONTEXT('2D SPACE',''
  ) );
#2418 = ORIENTED_EDGE('',*,*,#2369,.F.);
#2419 = ORIENTED_EDGE('',*,*,#660,.T.);
#2420 = ADVANCED_FACE('',(#2421),#1026,.T.);
#2421 = FACE_BOUND('',#2422,.T.);
#2422 = EDGE_LOOP('',(#2423,#2446,#3185,#3367,#4101,#4283,#5017,#5199,
    #5933,#6115,#6847,#6848));
#2423 = ORIENTED_EDGE('',*,*,#2424,.T.);
#2424 = EDGE_CURVE('',#693,#2425,#2427,.T.);
#2425 = VERTEX_POINT('',#2426);
#2426 = CARTESIAN_POINT('',(96.751758068562,134.27340507577,
    288.55198651616));
#2427 = SEAM_CURVE('',#2428,(#2432,#2439),.PCURVE_S1.);
#2428 = LINE('',#2429,#2430);
#2429 = CARTESIAN_POINT('',(-34.28571428571,63.312635357552,
    288.55198651616));
#2430 = VECTOR('',#2431,1.);
#2431 = DIRECTION('',(0.879342157744,0.47619047619,1.232595164408E-32));
#2432 = PCURVE('',#1026,#2433);
#2433 = DEFINITIONAL_REPRESENTATION('',(#2434),#2438);
#2434 = LINE('',#2435,#2436);
#2435 = CARTESIAN_POINT('',(6.28318530718,-0.));
#2436 = VECTOR('',#2437,1.);
#2437 = DIRECTION('',(0.,1.));
#2438 = ( GEOMETRIC_REPRESENTATION_CONTEXT(2) 
PARAMETRIC_REPRESENTATION_CONTEXT() REPRESENTATION_CONTEXT('2D SPACE',''
  ) );
#2439 = PCURVE('',#1026,#2440);
#2440 = DEFINITIONAL_REPRESENTATION('',(#2441),#2445);
#2441 = LINE('',#2442,#2443);
#2442 = CARTESIAN_POINT('',(0.,-0.));
#2443 = VECTOR('',#2444,1.);
#2444 = DIRECTION('',(0.,1.));
#2445 = ( GEOMETRIC_REPRESENTATION_CONTEXT(2) 
PARAMETRIC_REPRESENTATION_CONTEXT() REPRESENTATION_CONTEXT('2D SPACE',''
  ) );
#2446 = ORIENTED_EDGE('',*,*,#2447,.F.);
#2447 = EDGE_CURVE('',#2448,#2425,#2450,.T.);
#2448 = VERTEX_POINT('',#2449);
#2449 = CARTESIAN_POINT('',(112.94092448937,120.97354080923,
    239.38199620939));
#2450 = SURFACE_CURVE('',#2451,(#2692,#2936),.PCURVE_S1.);
#2451 = B_SPLINE_CURVE_WITH_KNOTS('',8,(#2452,#2453,#2454,#2455,#2456,
    #2457,#2458,#2459,#2460,#2461,#2462,#2463,#2464,#2465,#2466,#2467,
    #2468,#2469,#2470,#2471,#2472,#2473,#2474,#2475,#2476,#2477,#2478,
    #2479,#2480,#2481,#2482,#2483,#2484,#2485,#2486,#2487,#2488,#2489,
    #2490,#2491,#2492,#2493,#2494,#2495,#2496,#2497,#2498,#2499,#2500,
    #2501,#2502,#2503,#2504,#2505,#2506,#2507,#2508,#2509,#2510,#2511,
    #2512,#2513,#2514,#2515,#2516,#2517,#2518,#2519,#2520,#2521,#2522,
    #2523,#2524,#2525,#2526,#2527,#2528,#2529,#2530,#2531,#2532,#2533,
    #2534,#2535,#2536,#2537,#2538,#2539,#2540,#2541,#2542,#2543,#2544,
    #2545,#2546,#2547,#2548,#2549,#2550,#2551,#2552,#2553,#2554,#2555,
    #2556,#2557,#2558,#2559,#2560,#2561,#2562,#2563,#2564,#2565,#2566,
    #2567,#2568,#2569,#2570,#2571,#2572,#2573,#2574,#2575,#2576,#2577,
    #2578,#2579,#2580,#2581,#2582,#2583,#2584,#2585,#2586,#2587,#2588,
    #2589,#2590,#2591,#2592,#2593,#2594,#2595,#2596,#2597,#2598,#2599,
    #2600,#2601,#2602,#2603,#2604,#2605,#2606,#2607,#2608,#2609,#2610,
    #2611,#2612,#2613,#2614,#2615,#2616,#2617,#2618,#2619,#2620,#2621,
    #2622,#2623,#2624,#2625,#2626,#2627,#2628,#2629,#2630,#2631,#2632,
    #2633,#2634,#2635,#2636,#2637,#2638,#2639,#2640,#2641,#2642,#2643,
    #2644,#2645,#2646,#2647,#2648,#2649,#2650,#2651,#2652,#2653,#2654,
    #2655,#2656,#2657,#2658,#2659,#2660,#2661,#2662,#2663,#2664,#2665,
    #2666,#2667,#2668,#2669,#2670,#2671,#2672,#2673,#2674,#2675,#2676,
    #2677,#2678,#2679,#2680,#2681,#2682,#2683,#2684,#2685,#2686,#2687,
    #2688,#2689,#2690,#2691),.UNSPECIFIED.,.T.,.F.,(9,7,7,7,7,7,7,7,7,7,
    7,7,7,7,7,7,7,7,7,7,7,7,7,7,7,7,7,7,7,7,7,7,7,7,9),(0.,
    0.120742944241,0.138579579596,0.16096003416,0.189903889862,
    0.212796909273,0.224948583728,0.249787424781,0.274626265835,
    0.28677794029,0.309961055946,0.339200780029,0.362383315365,
    0.381035797528,0.443972375174,0.469977667938,0.499771851686,
    0.585359410561,0.596960350775,0.607216655653,0.620774742026,
    0.63862090654,0.66101331778,0.689972636639,0.712877886572,
    0.72503605302,0.749888164143,0.774740275267,0.786898441714,
    0.810093942873,0.839349288181,0.86254420871,0.8812066559,
    0.944176857204,1.),.UNSPECIFIED.);
#2452 = CARTESIAN_POINT('',(96.751758068562,134.27340507577,
    288.55198651616));
#2453 = CARTESIAN_POINT('',(96.751758068562,134.27340507577,
    294.54743189915));
#2454 = CARTESIAN_POINT('',(97.265867146296,133.90296005206,
    300.52525276705));
#2455 = CARTESIAN_POINT('',(98.28879094871,133.16588231672,
    306.45146543031));
#2456 = CARTESIAN_POINT('',(99.808505993995,132.05409942165,
    312.29151678958));
#2457 = CARTESIAN_POINT('',(101.80547115832,130.54903152136,
    318.00677568146));
#2458 = CARTESIAN_POINT('',(104.25192664468,128.62259069828,
    323.55176617661));
#2459 = CARTESIAN_POINT('',(107.11113991495,126.23855490954,
    328.87097537943));
#2460 = CARTESIAN_POINT('',(110.81227488278,122.92802052222,
    334.63582635326));
#2461 = CARTESIAN_POINT('',(111.29685115183,122.49079955162,
    335.37170531171));
#2462 = CARTESIAN_POINT('',(111.78952016818,122.04227490013,
    336.10127539397));
#2463 = CARTESIAN_POINT('',(112.29016775063,121.58225834561,
    336.82433114255));
#2464 = CARTESIAN_POINT('',(112.79867429059,121.11055625737,
    337.54065313938));
#2465 = CARTESIAN_POINT('',(113.31491460604,120.62696944091,
    338.25000803574));
#2466 = CARTESIAN_POINT('',(113.83875779542,120.13129298263,
    338.9521485822));
#2467 = CARTESIAN_POINT('',(115.03672553497,118.985933907,
    340.51844218433));
#2468 = CARTESIAN_POINT('',(115.71514186762,118.32918288473,
    341.3783059738));
#2469 = CARTESIAN_POINT('',(116.40505583871,117.65263686175,
    342.22590047429));
#2470 = CARTESIAN_POINT('',(117.10618565563,116.95586110628,
    343.06067623142));
#2471 = CARTESIAN_POINT('',(117.8182276433,116.23841204824,
    343.88203896738));
#2472 = CARTESIAN_POINT('',(118.54085590356,115.4998370066,
    344.68934965921));
#2473 = CARTESIAN_POINT('',(119.27372197449,114.73967391683,
    345.48192461701));
#2474 = CARTESIAN_POINT('',(120.97700436091,112.94582971345,
    347.26404584924));
#2475 = CARTESIAN_POINT('',(121.95421906223,111.89714109712,
    348.24336205475));
#2476 = CARTESIAN_POINT('',(122.94713740015,110.81051939541,
    349.19521661408));
#2477 = CARTESIAN_POINT('',(123.95471816351,109.68510463908,
    350.11773756863));
#2478 = CARTESIAN_POINT('',(124.97583604285,108.52005016248,
    351.0089430596));
#2479 = CARTESIAN_POINT('',(126.00927865697,107.31453086261,
    351.8667354025));
#2480 = CARTESIAN_POINT('',(127.05374468687,106.06775225829,
    352.68889474233));
#2481 = CARTESIAN_POINT('',(128.94157778142,103.75959587745,
    354.09331418102));
#2482 = CARTESIAN_POINT('',(129.78143660765,102.71382804087,
    354.68986782481));
#2483 = CARTESIAN_POINT('',(130.62637934224,101.64170633477,
    355.261297596));
#2484 = CARTESIAN_POINT('',(131.47534579056,100.54332136511,
    355.80619488276));
#2485 = CARTESIAN_POINT('',(132.32726011956,99.418807302446,
    356.32317629126));
#2486 = CARTESIAN_POINT('',(133.18103516055,98.268344335649,
    356.81088185073));
#2487 = CARTESIAN_POINT('',(134.03557671201,97.092161125655,
    357.26797321849));
#2488 = CARTESIAN_POINT('',(135.3432053398,95.252712174573,
    357.91880721471));
#2489 = CARTESIAN_POINT('',(135.7964760555,94.607794675026,
    358.13545873822));
#2490 = CARTESIAN_POINT('',(136.24937043771,93.955921734336,
    358.34286042565));
#2491 = CARTESIAN_POINT('',(136.70166186247,93.297236065828,
    358.54079669349));
#2492 = CARTESIAN_POINT('',(137.15312688601,92.631886261694,
    358.72906228757));
#2493 = CARTESIAN_POINT('',(137.60354549727,91.960026932332,
    358.9074621662));
#2494 = CARTESIAN_POINT('',(138.05270137032,91.281818845688,
    359.07581138331));
#2495 = CARTESIAN_POINT('',(139.41547171608,89.19849026153,
    359.55715023607));
#2496 = CARTESIAN_POINT('',(140.32469411566,87.773270227387,
    359.83774534421));
#2497 = CARTESIAN_POINT('',(141.22562221415,86.324093158087,
    360.07396367293));
#2498 = CARTESIAN_POINT('',(142.11596229997,84.853421128135,
    360.26439508139));
#2499 = CARTESIAN_POINT('',(142.99357174558,83.363849259682,
    360.40797164959));
#2500 = CARTESIAN_POINT('',(143.85647310528,81.858098880361,
    360.50396518772));
#2501 = CARTESIAN_POINT('',(144.70286461681,80.339008671903,
    360.55198651616));
#2502 = CARTESIAN_POINT('',(146.35938959638,77.280038947134,
    360.55198651616));
#2503 = CARTESIAN_POINT('',(147.16903964545,75.741052121257,
    360.50396518772));
#2504 = CARTESIAN_POINT('',(147.95849561616,74.195528833949,
    360.40797164959));
#2505 = CARTESIAN_POINT('',(148.72636483791,72.646529302463,
    360.26439508139));
#2506 = CARTESIAN_POINT('',(149.47144892885,71.097196741142,
    360.07396367294));
#2507 = CARTESIAN_POINT('',(150.19274546972,69.550743729552,
    359.83774534422));
#2508 = CARTESIAN_POINT('',(150.88944602966,68.010436666841,
    359.55715023607));
#2509 = CARTESIAN_POINT('',(151.88943464805,65.730650762895,
    359.07581138331));
#2510 = CARTESIAN_POINT('',(152.21195564298,64.983866044975,
    358.90746216621));
#2511 = CARTESIAN_POINT('',(152.52846968445,64.239493325586,
    358.72906228757));
#2512 = CARTESIAN_POINT('',(152.83896035326,63.49780162823,
    358.54079669349));
#2513 = CARTESIAN_POINT('',(153.14341840084,62.759059697604,
    358.34286042565));
#2514 = CARTESIAN_POINT('',(153.4418414946,62.023535864306,
    358.13545873822));
#2515 = CARTESIAN_POINT('',(153.73423396325,61.291497909547,
    357.91880721471));
#2516 = CARTESIAN_POINT('',(154.56695170978,59.173781787937,
    357.26258568397));
#2517 = CARTESIAN_POINT('',(155.09125830593,57.798335218051,
    356.7992957164));
#2518 = CARTESIAN_POINT('',(155.59390790571,56.437981466013,
    356.30463088433));
#2519 = CARTESIAN_POINT('',(156.07532507335,55.093797018269,
    355.77998025732));
#2520 = CARTESIAN_POINT('',(156.53597268778,53.766824208628,
    355.22675497486));
#2521 = CARTESIAN_POINT('',(156.97634726837,52.458068824998,
    354.64639014902));
#2522 = CARTESIAN_POINT('',(157.39697430054,51.168497716114,
    354.04034676696));
#2523 = CARTESIAN_POINT('',(158.30470655363,48.297927245462,
    352.61523147445));
#2524 = CARTESIAN_POINT('',(158.78055231678,46.728549489318,
    351.78174120851));
#2525 = CARTESIAN_POINT('',(159.22737829957,45.19166628957,
    350.91205622111));
#2526 = CARTESIAN_POINT('',(159.64660519594,43.687939846458,
    350.00845452388));
#2527 = CARTESIAN_POINT('',(160.03962880107,42.217937860666,
    349.07308585265));
#2528 = CARTESIAN_POINT('',(160.40781322153,40.782140511325,
    348.10797836183));
#2529 = CARTESIAN_POINT('',(160.75248543974,39.380947952066,
    347.1150448752));
#2530 = CARTESIAN_POINT('',(161.33058039531,36.931457786089,
    345.28821555348));
#2531 = CARTESIAN_POINT('',(161.57229281287,35.87003868742,
    344.46387484529));
#2532 = CARTESIAN_POINT('',(161.80073056064,34.830486370296,
    343.62386813917));
#2533 = CARTESIAN_POINT('',(162.01653184342,33.812840798429,
    342.76894612944));
#2534 = CARTESIAN_POINT('',(162.22031151843,32.817126729411,
    341.89980853914));
#2535 = CARTESIAN_POINT('',(162.41266161832,31.84335388606,
    341.01710402494));
#2536 = CARTESIAN_POINT('',(162.5941518743,30.891517127757,
    340.1214300821));
#2537 = CARTESIAN_POINT('',(162.90305897987,29.213390034429,
    338.48268527342));
#2538 = CARTESIAN_POINT('',(163.03411257651,28.479368869118,
    337.74399265155));
#2539 = CARTESIAN_POINT('',(163.15877459774,27.759532203999,
    336.9975477032));
#2540 = CARTESIAN_POINT('',(163.27731896437,27.053877368448,
    336.24362694429));
#2541 = CARTESIAN_POINT('',(163.39001021046,26.362399987531,
    335.48249075202));
#2542 = CARTESIAN_POINT('',(163.4971037444,25.685094026459,
    334.71438332963));
#2543 = CARTESIAN_POINT('',(163.59884610997,25.021951835046,
    333.93953267106));
#2544 = CARTESIAN_POINT('',(164.02151803147,22.183171926352,
    330.52163718483));
#2545 = CARTESIAN_POINT('',(164.28949527628,20.153529406052,
    327.8095584143));
#2546 = CARTESIAN_POINT('',(164.50828507867,18.285077035017,
    325.0312876603));
#2547 = CARTESIAN_POINT('',(164.6857784372,16.578638590358,
    322.19483196754));
#2548 = CARTESIAN_POINT('',(164.8289134334,15.034961380005,
    319.30707444958));
#2549 = CARTESIAN_POINT('',(164.94369770964,13.654838593891,
    316.37398531291));
#2550 = CARTESIAN_POINT('',(165.03521924368,12.439213848854,
    313.40080143482));
#2551 = CARTESIAN_POINT('',(165.13757179944,10.955431959404,
    309.14901467735));
#2552 = CARTESIAN_POINT('',(165.16423191997,10.549969847846,
    307.90005313094));
#2553 = CARTESIAN_POINT('',(165.1879188933,10.172990539345,
    306.64575177235));
#2554 = CARTESIAN_POINT('',(165.20890017162,9.824594525215,
    305.38656326955));
#2555 = CARTESIAN_POINT('',(165.22741707573,9.50487394994,
    304.12293105898));
#2556 = CARTESIAN_POINT('',(165.2436843233,9.2139127198,302.85528936266)
  );
#2557 = CARTESIAN_POINT('',(165.25788955723,8.951786611478,
    301.58406320532));
#2558 = CARTESIAN_POINT('',(165.28428874588,8.451360244163,
    298.84959826809));
#2559 = CARTESIAN_POINT('',(165.29588786849,8.222099374582,
    297.38538953981));
#2560 = CARTESIAN_POINT('',(165.30523067006,8.030895058153,
    295.91774087947));
#2561 = CARTESIAN_POINT('',(165.31251043467,7.877838792373,
    294.44734568447));
#2562 = CARTESIAN_POINT('',(165.31787280002,7.762999424951,
    292.97489215699));
#2563 = CARTESIAN_POINT('',(165.32141525549,7.68642329274,
    291.50106334412));
#2564 = CARTESIAN_POINT('',(165.32318663999,7.648134360668,
    290.02653717804));
#2565 = CARTESIAN_POINT('',(165.32318663999,7.648134360668,
    284.3161533529));
#2566 = CARTESIAN_POINT('',(165.30856951898,7.964094639871,
    280.08389508497));
#2567 = CARTESIAN_POINT('',(165.27937923872,8.595084947189,
    275.86917026821));
#2568 = CARTESIAN_POINT('',(165.23229869714,9.539544303847,
    271.68609399606));
#2569 = CARTESIAN_POINT('',(165.16070494617,10.795146933107,
    267.54940942309));
#2570 = CARTESIAN_POINT('',(165.05480129869,12.358652716329,
    263.47495862974));
#2571 = CARTESIAN_POINT('',(164.90182632469,14.225742175369,
    259.48015282821));
#2572 = CARTESIAN_POINT('',(164.65713167108,16.68430297733,
    255.05639893169));
#2573 = CARTESIAN_POINT('',(164.6267706499,16.983289674622,
    254.53009631955));
#2574 = CARTESIAN_POINT('',(164.59521712218,17.287790221463,
    254.00557402703));
#2575 = CARTESIAN_POINT('',(164.56243040816,17.597799190644,
    253.48287257779));
#2576 = CARTESIAN_POINT('',(164.52836869909,17.913311579472,
    252.96203306519));
#2577 = CARTESIAN_POINT('',(164.49298905728,18.234322809765,
    252.44309715235));
#2578 = CARTESIAN_POINT('',(164.45624741612,18.560828727856,
    251.92610707214));
#2579 = CARTESIAN_POINT('',(164.38437147805,19.186341571713,
    250.95579668365));
#2580 = CARTESIAN_POINT('',(164.34954446213,19.484149366457,
    250.50204225353));
#2581 = CARTESIAN_POINT('',(164.31358630037,19.786246434703,
    250.04987191585));
#2582 = CARTESIAN_POINT('',(164.27646502489,20.092630504392,
    249.59931579947));
#2583 = CARTESIAN_POINT('',(164.23814793189,20.403299585527,
    249.15040458309));
#2584 = CARTESIAN_POINT('',(164.19860158157,20.718251970174,
    248.70316949524));
#2585 = CARTESIAN_POINT('',(164.15779179821,21.03748623246,
    248.25764231423));
#2586 = CARTESIAN_POINT('',(164.06001979854,21.788664437941,
    247.22720142059));
#2587 = CARTESIAN_POINT('',(164.00208733635,22.223805724168,
    246.64359197301));
#2588 = CARTESIAN_POINT('',(163.94180542658,22.666424458272,
    246.06309896697));
#2589 = CARTESIAN_POINT('',(163.87909088224,23.116519991988,
    245.48579783728));
#2590 = CARTESIAN_POINT('',(163.81385818632,23.574091657767,
    244.91176751215));
#2591 = CARTESIAN_POINT('',(163.74601949175,24.039138768781,
    244.34109041316));
#2592 = CARTESIAN_POINT('',(163.67548462147,24.511660618916,
    243.77385245525));
#2593 = CARTESIAN_POINT('',(163.50564713897,25.623462839248,
    242.46814667906));
#2594 = CARTESIAN_POINT('',(163.4043020404,26.26821512397,
    241.73226772062));
#2595 = CARTESIAN_POINT('',(163.29791302975,26.925922126432,
    241.00269763836));
#2596 = CARTESIAN_POINT('',(163.18626007854,27.596591084063,
    240.27964188977));
#2597 = CARTESIAN_POINT('',(163.0691156628,28.280227644739,
    239.56331989294));
#2598 = CARTESIAN_POINT('',(162.94624455322,28.976835829292,
    238.85396499658));
#2599 = CARTESIAN_POINT('',(162.8174036053,29.686417994018,
    238.15182445012));
#2600 = CARTESIAN_POINT('',(162.51287291693,31.315600358566,
    236.58553084799));
#2601 = CARTESIAN_POINT('',(162.33360900431,32.24265757109,
    235.72566705852));
#2602 = CARTESIAN_POINT('',(162.1440506877,33.190161372307,
    234.87807255803));
#2603 = CARTESIAN_POINT('',(161.94367989732,34.158113344221,
    234.0432968009));
#2604 = CARTESIAN_POINT('',(161.73195920314,35.146501572984,
    233.22193406494));
#2605 = CARTESIAN_POINT('',(161.50833140042,36.155300512573,
    232.41462337312));
#2606 = CARTESIAN_POINT('',(161.27221909525,37.184470848478,
    231.62204841531));
#2607 = CARTESIAN_POINT('',(160.70074940244,39.591225988782,
    229.8399271829));
#2608 = CARTESIAN_POINT('',(160.35653891841,40.982705607284,
    228.86061097753));
#2609 = CARTESIAN_POINT('',(159.98914246783,42.408066402237,
    227.90875641835));
#2610 = CARTESIAN_POINT('',(159.59727084676,43.866906352594,
    226.98623546384));
#2611 = CARTESIAN_POINT('',(159.17960003412,45.358745737241,
    226.09502997278));
#2612 = CARTESIAN_POINT('',(158.73477648352,46.883020131406,
    225.23723762974));
#2613 = CARTESIAN_POINT('',(158.26142369022,48.439073893163,
    224.41507828984));
#2614 = CARTESIAN_POINT('',(157.36008787763,51.281448502953,
    223.0106588513));
#2615 = CARTESIAN_POINT('',(156.94326049403,52.556300709412,
    222.41410520751));
#2616 = CARTESIAN_POINT('',(156.50714085001,53.84981253136,
    221.84267543632));
#2617 = CARTESIAN_POINT('',(156.05122544447,55.161046574136,
    221.29777814956));
#2618 = CARTESIAN_POINT('',(155.57503871416,56.489028538984,
    220.78079674106));
#2619 = CARTESIAN_POINT('',(155.07813743995,57.83274948557,
    220.29309118159));
#2620 = CARTESIAN_POINT('',(154.56011515323,59.191168094502,
    219.83599981383));
#2621 = CARTESIAN_POINT('',(153.73423396326,61.291497909537,
    219.18516581761));
#2622 = CARTESIAN_POINT('',(153.4418414946,62.023535864298,
    218.9685142941));
#2623 = CARTESIAN_POINT('',(153.14341840084,62.759059697597,
    218.76111260667));
#2624 = CARTESIAN_POINT('',(152.83896035326,63.497801628222,
    218.56317633883));
#2625 = CARTESIAN_POINT('',(152.52846968446,64.239493325577,
    218.37491074476));
#2626 = CARTESIAN_POINT('',(152.21195564299,64.983866044965,
    218.19651086612));
#2627 = CARTESIAN_POINT('',(151.88943464806,65.730650762886,
    218.02816164901));
#2628 = CARTESIAN_POINT('',(150.88944602967,68.010436666827,
    217.54682279626));
#2629 = CARTESIAN_POINT('',(150.19274546972,69.550743729541,
    217.26622768811));
#2630 = CARTESIAN_POINT('',(149.47144892886,71.097196741134,
    217.03000935938));
#2631 = CARTESIAN_POINT('',(148.72636483792,72.646529302457,
    216.83957795093));
#2632 = CARTESIAN_POINT('',(147.95849561617,74.195528833943,
    216.69600138273));
#2633 = CARTESIAN_POINT('',(147.16903964545,75.741052121248,
    216.6000078446));
#2634 = CARTESIAN_POINT('',(146.35938959638,77.280038947122,
    216.55198651616));
#2635 = CARTESIAN_POINT('',(144.70286461681,80.339008671896,
    216.55198651616));
#2636 = CARTESIAN_POINT('',(143.85647310529,81.858098880354,
    216.6000078446));
#2637 = CARTESIAN_POINT('',(142.99357174558,83.363849259672,
    216.69600138273));
#2638 = CARTESIAN_POINT('',(142.11596229997,84.853421128123,
    216.83957795093));
#2639 = CARTESIAN_POINT('',(141.22562221415,86.324093158078,
    217.03000935939));
#2640 = CARTESIAN_POINT('',(140.32469411567,87.773270227381,
    217.26622768811));
#2641 = CARTESIAN_POINT('',(139.41547171609,89.198490261523,
    217.54682279625));
#2642 = CARTESIAN_POINT('',(138.05270137033,91.281818845678,
    218.02816164901));
#2643 = CARTESIAN_POINT('',(137.60354549727,91.960026932325,
    218.19651086612));
#2644 = CARTESIAN_POINT('',(137.15312688601,92.631886261688,
    218.37491074475));
#2645 = CARTESIAN_POINT('',(136.70166186247,93.29723606582,
    218.56317633883));
#2646 = CARTESIAN_POINT('',(136.24937043772,93.955921734326,
    218.76111260667));
#2647 = CARTESIAN_POINT('',(135.79647605551,94.607794675016,
    218.9685142941));
#2648 = CARTESIAN_POINT('',(135.34320533981,95.252712174566,
    219.18516581761));
#2649 = CARTESIAN_POINT('',(134.02475230148,97.107387888181,
    219.84138734834));
#2650 = CARTESIAN_POINT('',(133.15938464779,98.298139540454,
    220.30467731592));
#2651 = CARTESIAN_POINT('',(132.29482152767,99.462506133175,
    220.799342148));
#2652 = CARTESIAN_POINT('',(131.43219648293,100.60025494159,
    221.32399277502));
#2653 = CARTESIAN_POINT('',(130.57263539206,101.71120399229,
    221.87721805747));
#2654 = CARTESIAN_POINT('',(129.7172519115,102.79521945644,
    222.4575828833));
#2655 = CARTESIAN_POINT('',(128.86714291682,103.85221304307,
    223.06362626535));
#2656 = CARTESIAN_POINT('',(126.95919223134,106.18113486493,
    224.48874155788));
#2657 = CARTESIAN_POINT('',(125.90493014406,107.43728262022,
    225.32223182382));
#2658 = CARTESIAN_POINT('',(124.86202234917,108.651369421,
    226.19191681121));
#2659 = CARTESIAN_POINT('',(123.83179980692,109.82422317137,
    227.09551850843));
#2660 = CARTESIAN_POINT('',(122.81550073037,110.95670256608,
    228.03088717966));
#2661 = CARTESIAN_POINT('',(121.81427271867,112.04968759091,
    228.9959946705));
#2662 = CARTESIAN_POINT('',(120.82917606431,113.10407087402,
    229.98892815713));
#2663 = CARTESIAN_POINT('',(119.09372503884,114.92681758957,
    231.81575747885));
#2664 = CARTESIAN_POINT('',(118.33691201668,115.70929407183,
    232.64009818703));
#2665 = CARTESIAN_POINT('',(117.59115732872,116.46870355954,
    233.48010489315));
#2666 = CARTESIAN_POINT('',(116.85684321284,117.20555868968,
    234.33502690288));
#2667 = CARTESIAN_POINT('',(116.13432641315,117.92036085627,
    235.20416449318));
#2668 = CARTESIAN_POINT('',(115.42393860934,118.61360055477,
    236.08686900739));
#2669 = CARTESIAN_POINT('',(114.725986846,119.28575772651,
    236.98254295022));
#2670 = CARTESIAN_POINT('',(113.48942107451,120.46152948753,
    238.62128775891));
#2671 = CARTESIAN_POINT('',(112.94632016646,120.97241452351,
    239.35998038077));
#2672 = CARTESIAN_POINT('',(112.4116054319,121.47019519472,
    240.10642532912));
#2673 = CARTESIAN_POINT('',(111.88542432795,121.95510236072,
    240.86034608804));
#2674 = CARTESIAN_POINT('',(111.3679177547,122.42735995135,
    241.6214822803));
#2675 = CARTESIAN_POINT('',(110.85922023513,122.88718516108,
    242.3895897027));
#2676 = CARTESIAN_POINT('',(110.35946009499,123.33478864332,
    243.16444036126));
#2677 = CARTESIAN_POINT('',(108.21305468901,125.24011453578,
    246.5823358475));
#2678 = CARTESIAN_POINT('',(106.65973817663,126.57370681839,
    249.29441461803));
#2679 = CARTESIAN_POINT('',(105.21453316019,127.77801811573,
    252.07268537202));
#2680 = CARTESIAN_POINT('',(103.88244184166,128.85920671023,
    254.90914106478));
#2681 = CARTESIAN_POINT('',(102.66788162737,129.82267463537,
    257.79689858276));
#2682 = CARTESIAN_POINT('',(101.57479987708,130.67301963712,
    260.72998771942));
#2683 = CARTESIAN_POINT('',(100.60676734525,131.41398706503,
    263.70317159748));
#2684 = CARTESIAN_POINT('',(99.022640374952,132.61084858842,
    269.37894915468));
#2685 = CARTESIAN_POINT('',(98.379255700256,133.08941372531,
    272.07329422236));
#2686 = CARTESIAN_POINT('',(97.839524700237,133.48583797576,
    274.78999072002));
#2687 = CARTESIAN_POINT('',(97.405565181053,133.80154515288,
    277.52441798185));
#2688 = CARTESIAN_POINT('',(97.078979454195,134.03762313901,
    280.27212743306));
#2689 = CARTESIAN_POINT('',(96.860853197595,134.19479571292,
    283.02879223746));
#2690 = CARTESIAN_POINT('',(96.751758068562,134.27340507577,
    285.79015685593));
#2691 = CARTESIAN_POINT('',(96.751758068562,134.27340507577,
    288.55198651616));
#2692 = PCURVE('',#1026,#2693);
#2693 = DEFINITIONAL_REPRESENTATION('',(#2694),#2935);
#2694 = B_SPLINE_CURVE_WITH_KNOTS('',8,(#2695,#2696,#2697,#2698,#2699,
    #2700,#2701,#2702,#2703,#2704,#2705,#2706,#2707,#2708,#2709,#2710,
    #2711,#2712,#2713,#2714,#2715,#2716,#2717,#2718,#2719,#2720,#2721,
    #2722,#2723,#2724,#2725,#2726,#2727,#2728,#2729,#2730,#2731,#2732,
    #2733,#2734,#2735,#2736,#2737,#2738,#2739,#2740,#2741,#2742,#2743,
    #2744,#2745,#2746,#2747,#2748,#2749,#2750,#2751,#2752,#2753,#2754,
    #2755,#2756,#2757,#2758,#2759,#2760,#2761,#2762,#2763,#2764,#2765,
    #2766,#2767,#2768,#2769,#2770,#2771,#2772,#2773,#2774,#2775,#2776,
    #2777,#2778,#2779,#2780,#2781,#2782,#2783,#2784,#2785,#2786,#2787,
    #2788,#2789,#2790,#2791,#2792,#2793,#2794,#2795,#2796,#2797,#2798,
    #2799,#2800,#2801,#2802,#2803,#2804,#2805,#2806,#2807,#2808,#2809,
    #2810,#2811,#2812,#2813,#2814,#2815,#2816,#2817,#2818,#2819,#2820,
    #2821,#2822,#2823,#2824,#2825,#2826,#2827,#2828,#2829,#2830,#2831,
    #2832,#2833,#2834,#2835,#2836,#2837,#2838,#2839,#2840,#2841,#2842,
    #2843,#2844,#2845,#2846,#2847,#2848,#2849,#2850,#2851,#2852,#2853,
    #2854,#2855,#2856,#2857,#2858,#2859,#2860,#2861,#2862,#2863,#2864,
    #2865,#2866,#2867,#2868,#2869,#2870,#2871,#2872,#2873,#2874,#2875,
    #2876,#2877,#2878,#2879,#2880,#2881,#2882,#2883,#2884,#2885,#2886,
    #2887,#2888,#2889,#2890,#2891,#2892,#2893,#2894,#2895,#2896,#2897,
    #2898,#2899,#2900,#2901,#2902,#2903,#2904,#2905,#2906,#2907,#2908,
    #2909,#2910,#2911,#2912,#2913,#2914,#2915,#2916,#2917,#2918,#2919,
    #2920,#2921,#2922,#2923,#2924,#2925,#2926,#2927,#2928,#2929,#2930,
    #2931,#2932,#2933,#2934),.UNSPECIFIED.,.F.,.F.,(9,7,7,7,7,7,7,7,7,7,
    7,7,7,7,7,7,7,7,7,7,7,7,7,7,7,7,7,7,7,7,7,7,7,7,9),(0.,
    0.120742944241,0.138579579596,0.16096003416,0.189903889862,
    0.212796909273,0.224948583728,0.249787424781,0.274626265835,
    0.28677794029,0.309961055946,0.339200780029,0.362383315365,
    0.381035797528,0.443972375174,0.469977667938,0.499771851686,
    0.585359410561,0.596960350775,0.607216655653,0.620774742026,
    0.63862090654,0.66101331778,0.689972636639,0.712877886572,
    0.72503605302,0.749888164143,0.774740275267,0.786898441714,
    0.810093942873,0.839349288181,0.86254420871,0.8812066559,
    0.944176857204,1.),.UNSPECIFIED.);
#2695 = CARTESIAN_POINT('',(0.,149.01761640826));
#2696 = CARTESIAN_POINT('',(8.327007476378E-02,149.01761640826));
#2697 = CARTESIAN_POINT('',(0.16629537941,149.29329180175));
#2698 = CARTESIAN_POINT('',(0.249483630142,149.84180242757));
#2699 = CARTESIAN_POINT('',(0.333213463725,150.64873150847));
#2700 = CARTESIAN_POINT('',(0.417854842013,151.68804816482));
#2701 = CARTESIAN_POINT('',(0.503788788316,152.92196683815));
#2702 = CARTESIAN_POINT('',(0.59142176267,154.30093846718));
#2703 = CARTESIAN_POINT('',(0.694495156176,155.97905752955));
#2704 = CARTESIAN_POINT('',(0.70781546639,156.19696540938));
#2705 = CARTESIAN_POINT('',(0.721191914099,156.41660687789));
#2706 = CARTESIAN_POINT('',(0.73462693331,156.63779190116));
#2707 = CARTESIAN_POINT('',(0.748122961267,156.86032309722));
#2708 = CARTESIAN_POINT('',(0.761682454334,157.08399553371));
#2709 = CARTESIAN_POINT('',(0.775307903876,157.30859652548));
#2710 = CARTESIAN_POINT('',(0.806184284863,157.81661097885));
#2711 = CARTESIAN_POINT('',(0.82347464804,158.10043247861));
#2712 = CARTESIAN_POINT('',(0.840878210356,158.38493814576));
#2713 = CARTESIAN_POINT('',(0.858400176089,158.66967317303));
#2714 = CARTESIAN_POINT('',(0.876045746014,158.95415930229));
#2715 = CARTESIAN_POINT('',(0.893820178294,159.23789439513));
#2716 = CARTESIAN_POINT('',(0.911728849385,159.52035200357));
#2717 = CARTESIAN_POINT('',(0.953118761408,160.16390848708));
#2718 = CARTESIAN_POINT('',(0.976697975401,160.52383903953));
#2719 = CARTESIAN_POINT('',(1.000523032723,160.87951508768));
#2720 = CARTESIAN_POINT('',(1.024602322799,161.22961154151));
#2721 = CARTESIAN_POINT('',(1.048944581897,161.57273569484));
#2722 = CARTESIAN_POINT('',(1.073558953907,161.90742854359));
#2723 = CARTESIAN_POINT('',(1.09845507866,162.23216745871));
#2724 = CARTESIAN_POINT('',(1.143565651253,162.79309659942));
#2725 = CARTESIAN_POINT('',(1.163673115395,163.03363518779));
#2726 = CARTESIAN_POINT('',(1.183962284792,163.26609480943));
#2727 = CARTESIAN_POINT('',(1.204430364557,163.4895863362));
#2728 = CARTESIAN_POINT('',(1.225075060332,163.70322763349));
#2729 = CARTESIAN_POINT('',(1.245894558282,163.90614851227));
#2730 = CARTESIAN_POINT('',(1.266887505094,164.09749568116));
#2731 = CARTESIAN_POINT('',(1.299287681526,164.37142058831));
#2732 = CARTESIAN_POINT('',(1.310569657593,164.46289706628));
#2733 = CARTESIAN_POINT('',(1.321897136829,164.55073050352));
#2734 = CARTESIAN_POINT('',(1.333268407922,164.63478957874));
#2735 = CARTESIAN_POINT('',(1.344681820607,164.71494856663));
#2736 = CARTESIAN_POINT('',(1.356135778702,164.79108762616));
#2737 = CARTESIAN_POINT('',(1.367628733126,164.86309308899));
#2738 = CARTESIAN_POINT('',(1.40272817459,165.06937327479));
#2739 = CARTESIAN_POINT('',(1.426461433377,165.19021465478));
#2740 = CARTESIAN_POINT('',(1.450330631209,165.29235439416));
#2741 = CARTESIAN_POINT('',(1.474308743827,165.37494795208));
#2742 = CARTESIAN_POINT('',(1.49836970375,165.43734699828));
#2743 = CARTESIAN_POINT('',(1.522488064894,165.4791085517));
#2744 = CARTESIAN_POINT('',(1.546638670843,165.5));
#2745 = CARTESIAN_POINT('',(1.594953982747,165.5));
#2746 = CARTESIAN_POINT('',(1.619104588696,165.4791085517));
#2747 = CARTESIAN_POINT('',(1.643222949839,165.43734699828));
#2748 = CARTESIAN_POINT('',(1.667283909762,165.37494795208));
#2749 = CARTESIAN_POINT('',(1.69126202238,165.29235439416));
#2750 = CARTESIAN_POINT('',(1.715131220212,165.19021465478));
#2751 = CARTESIAN_POINT('',(1.738864479,165.06937327479));
#2752 = CARTESIAN_POINT('',(1.773963920464,164.863093089));
#2753 = CARTESIAN_POINT('',(1.785456874887,164.79108762616));
#2754 = CARTESIAN_POINT('',(1.796910832982,164.71494856663));
#2755 = CARTESIAN_POINT('',(1.808324245668,164.63478957875));
#2756 = CARTESIAN_POINT('',(1.81969551676,164.55073050352));
#2757 = CARTESIAN_POINT('',(1.831022995997,164.46289706628));
#2758 = CARTESIAN_POINT('',(1.842304972064,164.37142058831));
#2759 = CARTESIAN_POINT('',(1.874973353706,164.09522815994));
#2760 = CARTESIAN_POINT('',(1.89622993853,163.90129849643));
#2761 = CARTESIAN_POINT('',(1.917308539349,163.69551197913));
#2762 = CARTESIAN_POINT('',(1.938207813331,163.47875455783));
#2763 = CARTESIAN_POINT('',(1.958925935034,163.25192961095));
#2764 = CARTESIAN_POINT('',(1.9794605759,163.01595269552));
#2765 = CARTESIAN_POINT('',(1.999808883741,162.77174629716));
#2766 = CARTESIAN_POINT('',(2.04539248627,162.20301521589));
#2767 = CARTESIAN_POINT('',(2.070519796503,161.874123715));
#2768 = CARTESIAN_POINT('',(2.09536004883,161.5351874961));
#2769 = CARTESIAN_POINT('',(2.119923268108,161.18777116873));
#2770 = CARTESIAN_POINT('',(2.144218970326,160.83337244809));
#2771 = CARTESIAN_POINT('',(2.168256255697,160.47341950734));
#2772 = CARTESIAN_POINT('',(2.192043872659,160.10926976738));
#2773 = CARTESIAN_POINT('',(2.234258855397,159.45118914444));
#2774 = CARTESIAN_POINT('',(2.252778356285,159.15829939722));
#2775 = CARTESIAN_POINT('',(2.271154934097,158.86414942633));
#2776 = CARTESIAN_POINT('',(2.289394558817,158.56931946252));
#2777 = CARTESIAN_POINT('',(2.307503063805,158.27436196496));
#2778 = CARTESIAN_POINT('',(2.325486217817,157.97980216287));
#2779 = CARTESIAN_POINT('',(2.343349797044,157.68613859698));
#2780 = CARTESIAN_POINT('',(2.375381052334,157.15866549805));
#2781 = CARTESIAN_POINT('',(2.389588877203,156.92437256226));
#2782 = CARTESIAN_POINT('',(2.403726009218,156.69121376866));
#2783 = CARTESIAN_POINT('',(2.41779526434,156.45942871563));
#2784 = CARTESIAN_POINT('',(2.431799416405,156.22924793583));
#2785 = CARTESIAN_POINT('',(2.445741216506,156.00089314691));
#2786 = CARTESIAN_POINT('',(2.459623412369,155.77457750228));
#2787 = CARTESIAN_POINT('',(2.520097816607,154.79445078523));
#2788 = CARTESIAN_POINT('',(2.566121057245,154.06359803566));
#2789 = CARTESIAN_POINT('',(2.611599403067,153.36624990829));
#2790 = CARTESIAN_POINT('',(2.65660906833,152.70973756561));
#2791 = CARTESIAN_POINT('',(2.701223092852,152.10051781613));
#2792 = CARTESIAN_POINT('',(2.745512685488,151.54425114256));
#2793 = CARTESIAN_POINT('',(2.789548386337,151.04586095958));
#2794 = CARTESIAN_POINT('',(2.851520896915,150.42930107231));
#2795 = CARTESIAN_POINT('',(2.869605860648,150.25966724424));
#2796 = CARTESIAN_POINT('',(2.887659075551,150.10098224205));
#2797 = CARTESIAN_POINT('',(2.905683634262,149.95352910073));
#2798 = CARTESIAN_POINT('',(2.923682607666,149.81756390215));
#2799 = CARTESIAN_POINT('',(2.941659067166,149.693315412));
#2800 = CARTESIAN_POINT('',(2.959616106949,149.58098471671));
#2801 = CARTESIAN_POINT('',(2.998111538881,149.36590036607));
#2802 = CARTESIAN_POINT('',(3.01864455082,149.26692812092));
#2803 = CARTESIAN_POINT('',(3.039159594228,149.18409396572));
#2804 = CARTESIAN_POINT('',(3.059660310211,149.11761143355));
#2805 = CARTESIAN_POINT('',(3.080150319508,149.06764137442));
#2806 = CARTESIAN_POINT('',(3.100633253178,149.03429157999));
#2807 = CARTESIAN_POINT('',(3.121112783286,149.01761640826));
#2808 = CARTESIAN_POINT('',(3.200423669746,149.01761640826));
#2809 = CARTESIAN_POINT('',(3.259205072309,149.15522023335));
#2810 = CARTESIAN_POINT('',(3.318053096315,149.43002356423));
#2811 = CARTESIAN_POINT('',(3.377080070435,149.83836621));
#2812 = CARTESIAN_POINT('',(3.436396401373,150.37331682047));
#2813 = CARTESIAN_POINT('',(3.496112778209,151.02471784202));
#2814 = CARTESIAN_POINT('',(3.556342596672,151.77929071689));
#2815 = CARTESIAN_POINT('',(3.625454125945,152.73486363123));
#2816 = CARTESIAN_POINT('',(3.633716519082,152.85054052311));
#2817 = CARTESIAN_POINT('',(3.641992230075,152.96779443637));
#2818 = CARTESIAN_POINT('',(3.650281718068,153.08658701517));
#2819 = CARTESIAN_POINT('',(3.658585454031,153.2068791131));
#2820 = CARTESIAN_POINT('',(3.666903920768,153.32863079315));
#2821 = CARTESIAN_POINT('',(3.675237612908,153.45180132775));
#2822 = CARTESIAN_POINT('',(3.690968700513,153.68646104425));
#2823 = CARTESIAN_POINT('',(3.698362659929,153.79764941651));
#2824 = CARTESIAN_POINT('',(3.70576926536,153.90988563575));
#2825 = CARTESIAN_POINT('',(3.713188874527,154.02314050931));
#2826 = CARTESIAN_POINT('',(3.72062185268,154.13738433176));
#2827 = CARTESIAN_POINT('',(3.728068572593,154.25258688476));
#2828 = CARTESIAN_POINT('',(3.735529414566,154.36871743718));
#2829 = CARTESIAN_POINT('',(3.752886635901,154.64044630339));
#2830 = CARTESIAN_POINT('',(3.762793807744,154.79671398338));
#2831 = CARTESIAN_POINT('',(3.77272722084,154.95447638454));
#2832 = CARTESIAN_POINT('',(3.782687820137,155.11366004833));
#2833 = CARTESIAN_POINT('',(3.792676556644,155.27418945816));
#2834 = CARTESIAN_POINT('',(3.802694387428,155.43598703935));
#2835 = CARTESIAN_POINT('',(3.812742275617,155.59897315915));
#2836 = CARTESIAN_POINT('',(3.836087809766,155.97905752955));
#2837 = CARTESIAN_POINT('',(3.849408119979,156.19696540937));
#2838 = CARTESIAN_POINT('',(3.862784567689,156.41660687789));
#2839 = CARTESIAN_POINT('',(3.8762195869,156.63779190116));
#2840 = CARTESIAN_POINT('',(3.889715614857,156.86032309722));
#2841 = CARTESIAN_POINT('',(3.903275107924,157.08399553371));
#2842 = CARTESIAN_POINT('',(3.916900557466,157.30859652548));
#2843 = CARTESIAN_POINT('',(3.947776938453,157.81661097885));
#2844 = CARTESIAN_POINT('',(3.96506730163,158.10043247861));
#2845 = CARTESIAN_POINT('',(3.982470863946,158.38493814576));
#2846 = CARTESIAN_POINT('',(3.999992829679,158.66967317303));
#2847 = CARTESIAN_POINT('',(4.017638399603,158.95415930229));
#2848 = CARTESIAN_POINT('',(4.035412831884,159.23789439513));
#2849 = CARTESIAN_POINT('',(4.053321502975,159.52035200357));
#2850 = CARTESIAN_POINT('',(4.094711415002,160.16390848714));
#2851 = CARTESIAN_POINT('',(4.118290628992,160.52383903955));
#2852 = CARTESIAN_POINT('',(4.14211568631,160.87951508764));
#2853 = CARTESIAN_POINT('',(4.166194976385,161.22961154145));
#2854 = CARTESIAN_POINT('',(4.190537235485,161.57273569482));
#2855 = CARTESIAN_POINT('',(4.215151607499,161.90742854362));
#2856 = CARTESIAN_POINT('',(4.240047732254,162.23216745877));
#2857 = CARTESIAN_POINT('',(4.285158304843,162.79309659942));
#2858 = CARTESIAN_POINT('',(4.305265768985,163.03363518779));
#2859 = CARTESIAN_POINT('',(4.325554938382,163.26609480943));
#2860 = CARTESIAN_POINT('',(4.346023018147,163.4895863362));
#2861 = CARTESIAN_POINT('',(4.366667713922,163.70322763349));
#2862 = CARTESIAN_POINT('',(4.387487211872,163.90614851227));
#2863 = CARTESIAN_POINT('',(4.408480158684,164.09749568116));
#2864 = CARTESIAN_POINT('',(4.440880335116,164.37142058831));
#2865 = CARTESIAN_POINT('',(4.452162311182,164.46289706628));
#2866 = CARTESIAN_POINT('',(4.463489790419,164.55073050352));
#2867 = CARTESIAN_POINT('',(4.474861061511,164.63478957874));
#2868 = CARTESIAN_POINT('',(4.486274474197,164.71494856663));
#2869 = CARTESIAN_POINT('',(4.497728432292,164.79108762616));
#2870 = CARTESIAN_POINT('',(4.509221386716,164.86309308899));
#2871 = CARTESIAN_POINT('',(4.544320828179,165.06937327479));
#2872 = CARTESIAN_POINT('',(4.568054086967,165.19021465478));
#2873 = CARTESIAN_POINT('',(4.591923284799,165.29235439416));
#2874 = CARTESIAN_POINT('',(4.615901397417,165.37494795208));
#2875 = CARTESIAN_POINT('',(4.639962357341,165.43734699828));
#2876 = CARTESIAN_POINT('',(4.664080718484,165.47910855169));
#2877 = CARTESIAN_POINT('',(4.688231324432,165.5));
#2878 = CARTESIAN_POINT('',(4.736546636337,165.5));
#2879 = CARTESIAN_POINT('',(4.760697242285,165.4791085517));
#2880 = CARTESIAN_POINT('',(4.784815603429,165.43734699828));
#2881 = CARTESIAN_POINT('',(4.808876563353,165.37494795208));
#2882 = CARTESIAN_POINT('',(4.83285467597,165.29235439416));
#2883 = CARTESIAN_POINT('',(4.856723873802,165.19021465478));
#2884 = CARTESIAN_POINT('',(4.88045713259,165.0693732748));
#2885 = CARTESIAN_POINT('',(4.915556574054,164.863093089));
#2886 = CARTESIAN_POINT('',(4.927049528477,164.79108762616));
#2887 = CARTESIAN_POINT('',(4.938503486572,164.71494856663));
#2888 = CARTESIAN_POINT('',(4.949916899258,164.63478957874));
#2889 = CARTESIAN_POINT('',(4.96128817035,164.55073050352));
#2890 = CARTESIAN_POINT('',(4.972615649587,164.46289706628));
#2891 = CARTESIAN_POINT('',(4.983897625654,164.37142058831));
#2892 = CARTESIAN_POINT('',(5.016566007296,164.09522815995));
#2893 = CARTESIAN_POINT('',(5.037822592119,163.90129849643));
#2894 = CARTESIAN_POINT('',(5.058901192939,163.69551197912));
#2895 = CARTESIAN_POINT('',(5.079800466921,163.47875455782));
#2896 = CARTESIAN_POINT('',(5.100518588624,163.25192961095));
#2897 = CARTESIAN_POINT('',(5.12105322949,163.01595269552));
#2898 = CARTESIAN_POINT('',(5.141401537331,162.77174629717));
#2899 = CARTESIAN_POINT('',(5.18698513986,162.20301521589));
#2900 = CARTESIAN_POINT('',(5.212112450093,161.87412371499));
#2901 = CARTESIAN_POINT('',(5.23695270242,161.5351874961));
#2902 = CARTESIAN_POINT('',(5.261515921697,161.18777116874));
#2903 = CARTESIAN_POINT('',(5.285811623916,160.83337244809));
#2904 = CARTESIAN_POINT('',(5.309848909287,160.47341950734));
#2905 = CARTESIAN_POINT('',(5.333636526249,160.10926976738));
#2906 = CARTESIAN_POINT('',(5.375851508987,159.45118914443));
#2907 = CARTESIAN_POINT('',(5.394371009875,159.15829939722));
#2908 = CARTESIAN_POINT('',(5.412747587687,158.86414942633));
#2909 = CARTESIAN_POINT('',(5.430987212407,158.56931946252));
#2910 = CARTESIAN_POINT('',(5.449095717395,158.27436196496));
#2911 = CARTESIAN_POINT('',(5.467078871407,157.97980216287));
#2912 = CARTESIAN_POINT('',(5.484942450634,157.68613859698));
#2913 = CARTESIAN_POINT('',(5.516973705924,157.15866549805));
#2914 = CARTESIAN_POINT('',(5.531181530793,156.92437256226));
#2915 = CARTESIAN_POINT('',(5.545318662807,156.69121376866));
#2916 = CARTESIAN_POINT('',(5.55938791793,156.45942871563));
#2917 = CARTESIAN_POINT('',(5.573392069995,156.22924793583));
#2918 = CARTESIAN_POINT('',(5.587333870096,156.00089314691));
#2919 = CARTESIAN_POINT('',(5.601216065958,155.77457750228));
#2920 = CARTESIAN_POINT('',(5.661690470197,154.79445078523));
#2921 = CARTESIAN_POINT('',(5.707713710835,154.06359803567));
#2922 = CARTESIAN_POINT('',(5.753192056657,153.36624990829));
#2923 = CARTESIAN_POINT('',(5.798201721919,152.70973756561));
#2924 = CARTESIAN_POINT('',(5.842815746442,152.10051781613));
#2925 = CARTESIAN_POINT('',(5.887105339078,151.54425114256));
#2926 = CARTESIAN_POINT('',(5.931141039926,151.04586095958));
#2927 = CARTESIAN_POINT('',(6.013869126909,150.22280539014));
#2928 = CARTESIAN_POINT('',(6.052591102131,149.88493828245));
#2929 = CARTESIAN_POINT('',(6.091186158884,149.59910351289));
#2930 = CARTESIAN_POINT('',(6.129680734348,149.36784136393));
#2931 = CARTESIAN_POINT('',(6.168101260125,149.19307885482));
#2932 = CARTESIAN_POINT('',(6.206474275089,149.07611532449));
#2933 = CARTESIAN_POINT('',(6.244826561899,149.01761640826));
#2934 = CARTESIAN_POINT('',(6.28318530718,149.01761640826));
#2935 = ( GEOMETRIC_REPRESENTATION_CONTEXT(2) 
PARAMETRIC_REPRESENTATION_CONTEXT() REPRESENTATION_CONTEXT('2D SPACE',''
  ) );
#2936 = PCURVE('',#2937,#2942);
#2937 = CYLINDRICAL_SURFACE('',#2938,165.5);
#2938 = AXIS2_PLACEMENT_3D('',#2939,#2940,#2941);
#2939 = CARTESIAN_POINT('',(0.,0.,206.55198651616));
#2940 = DIRECTION('',(0.,0.,1.));
#2941 = DIRECTION('',(1.,0.,-0.));
#2942 = DEFINITIONAL_REPRESENTATION('',(#2943),#3184);
#2943 = B_SPLINE_CURVE_WITH_KNOTS('',8,(#2944,#2945,#2946,#2947,#2948,
    #2949,#2950,#2951,#2952,#2953,#2954,#2955,#2956,#2957,#2958,#2959,
    #2960,#2961,#2962,#2963,#2964,#2965,#2966,#2967,#2968,#2969,#2970,
    #2971,#2972,#2973,#2974,#2975,#2976,#2977,#2978,#2979,#2980,#2981,
    #2982,#2983,#2984,#2985,#2986,#2987,#2988,#2989,#2990,#2991,#2992,
    #2993,#2994,#2995,#2996,#2997,#2998,#2999,#3000,#3001,#3002,#3003,
    #3004,#3005,#3006,#3007,#3008,#3009,#3010,#3011,#3012,#3013,#3014,
    #3015,#3016,#3017,#3018,#3019,#3020,#3021,#3022,#3023,#3024,#3025,
    #3026,#3027,#3028,#3029,#3030,#3031,#3032,#3033,#3034,#3035,#3036,
    #3037,#3038,#3039,#3040,#3041,#3042,#3043,#3044,#3045,#3046,#3047,
    #3048,#3049,#3050,#3051,#3052,#3053,#3054,#3055,#3056,#3057,#3058,
    #3059,#3060,#3061,#3062,#3063,#3064,#3065,#3066,#3067,#3068,#3069,
    #3070,#3071,#3072,#3073,#3074,#3075,#3076,#3077,#3078,#3079,#3080,
    #3081,#3082,#3083,#3084,#3085,#3086,#3087,#3088,#3089,#3090,#3091,
    #3092,#3093,#3094,#3095,#3096,#3097,#3098,#3099,#3100,#3101,#3102,
    #3103,#3104,#3105,#3106,#3107,#3108,#3109,#3110,#3111,#3112,#3113,
    #3114,#3115,#3116,#3117,#3118,#3119,#3120,#3121,#3122,#3123,#3124,
    #3125,#3126,#3127,#3128,#3129,#3130,#3131,#3132,#3133,#3134,#3135,
    #3136,#3137,#3138,#3139,#3140,#3141,#3142,#3143,#3144,#3145,#3146,
    #3147,#3148,#3149,#3150,#3151,#3152,#3153,#3154,#3155,#3156,#3157,
    #3158,#3159,#3160,#3161,#3162,#3163,#3164,#3165,#3166,#3167,#3168,
    #3169,#3170,#3171,#3172,#3173,#3174,#3175,#3176,#3177,#3178,#3179,
    #3180,#3181,#3182,#3183),.UNSPECIFIED.,.T.,.F.,(9,7,7,7,7,7,7,7,7,7,
    7,7,7,7,7,7,7,7,7,7,7,7,7,7,7,7,7,7,7,7,7,7,7,7,9),(0.,
    0.120742944241,0.138579579596,0.16096003416,0.189903889862,
    0.212796909273,0.224948583728,0.249787424781,0.274626265835,
    0.28677794029,0.309961055946,0.339200780029,0.362383315365,
    0.381035797528,0.443972375174,0.469977667938,0.499771851686,
    0.585359410561,0.596960350775,0.607216655653,0.620774742026,
    0.63862090654,0.66101331778,0.689972636639,0.712877886572,
    0.72503605302,0.749888164143,0.774740275267,0.786898441714,
    0.810093942873,0.839349288181,0.86254420871,0.8812066559,
    0.944176857204,1.),.UNSPECIFIED.);
#2944 = CARTESIAN_POINT('',(0.946405967904,82.));
#2945 = CARTESIAN_POINT('',(0.946405967904,87.995445382992));
#2946 = CARTESIAN_POINT('',(0.942577145729,93.973266250885));
#2947 = CARTESIAN_POINT('',(0.934958925524,99.899478914156));
#2948 = CARTESIAN_POINT('',(0.923581721466,105.7395302734));
#2949 = CARTESIAN_POINT('',(0.90847572774,111.45478916531));
#2950 = CARTESIAN_POINT('',(0.889670440874,116.99977966044));
#2951 = CARTESIAN_POINT('',(0.867190160648,122.31898886327));
#2952 = CARTESIAN_POINT('',(0.837186015311,128.0838398371));
#2953 = CARTESIAN_POINT('',(0.833242435091,128.81971879555));
#2954 = CARTESIAN_POINT('',(0.829216786201,129.5492888778));
#2955 = CARTESIAN_POINT('',(0.825108721364,130.27234462639));
#2956 = CARTESIAN_POINT('',(0.820917878732,130.98866662322));
#2957 = CARTESIAN_POINT('',(0.816643880104,131.69802151957));
#2958 = CARTESIAN_POINT('',(0.812286329145,132.40016206603));
#2959 = CARTESIAN_POINT('',(0.802271828807,133.96645566817));
#2960 = CARTESIAN_POINT('',(0.796566621092,134.82631945764));
#2961 = CARTESIAN_POINT('',(0.790728279346,135.67391395813));
#2962 = CARTESIAN_POINT('',(0.784755903036,136.50868971526));
#2963 = CARTESIAN_POINT('',(0.778648591304,137.33005245122));
#2964 = CARTESIAN_POINT('',(0.772405436051,138.13736314304));
#2965 = CARTESIAN_POINT('',(0.766025515024,138.92993810084));
#2966 = CARTESIAN_POINT('',(0.751078862826,140.71205933308));
#2967 = CARTESIAN_POINT('',(0.742418088092,141.69137553859));
#2968 = CARTESIAN_POINT('',(0.733524853285,142.64323009792));
#2969 = CARTESIAN_POINT('',(0.724398599175,143.56575105246));
#2970 = CARTESIAN_POINT('',(0.715038936808,144.45695654343));
#2971 = CARTESIAN_POINT('',(0.705445668446,145.31474888633));
#2972 = CARTESIAN_POINT('',(0.695618807372,146.13690822617));
#2973 = CARTESIAN_POINT('',(0.677601515654,147.54132766485));
#2974 = CARTESIAN_POINT('',(0.669497514695,148.13788130864));
#2975 = CARTESIAN_POINT('',(0.661250038688,148.70931107984));
#2976 = CARTESIAN_POINT('',(0.652862678949,149.25420836659));
#2977 = CARTESIAN_POINT('',(0.644339169252,149.77118977509));
#2978 = CARTESIAN_POINT('',(0.635683381982,150.25889533457));
#2979 = CARTESIAN_POINT('',(0.626899324288,150.71598670232));
#2980 = CARTESIAN_POINT('',(0.613262643702,151.36682069854));
#2981 = CARTESIAN_POINT('',(0.608499738734,151.58347222205));
#2982 = CARTESIAN_POINT('',(0.603703736503,151.79087390948));
#2983 = CARTESIAN_POINT('',(0.598875962212,151.98881017732));
#2984 = CARTESIAN_POINT('',(0.594017749699,152.1770757714));
#2985 = CARTESIAN_POINT('',(0.589130442033,152.35547565004));
#2986 = CARTESIAN_POINT('',(0.584215392121,152.52382486714));
#2987 = CARTESIAN_POINT('',(0.569173349981,153.0051637199));
#2988 = CARTESIAN_POINT('',(0.558959250599,153.28575882805));
#2989 = CARTESIAN_POINT('',(0.548649876059,153.52197715677));
#2990 = CARTESIAN_POINT('',(0.538263543075,153.71240856523));
#2991 = CARTESIAN_POINT('',(0.527818647746,153.85598513342));
#2992 = CARTESIAN_POINT('',(0.517333645474,153.95197867155));
#2993 = CARTESIAN_POINT('',(0.506827037222,154.));
#2994 = CARTESIAN_POINT('',(0.485807687028,154.));
#2995 = CARTESIAN_POINT('',(0.475301078777,153.95197867155));
#2996 = CARTESIAN_POINT('',(0.464816076505,153.85598513343));
#2997 = CARTESIAN_POINT('',(0.454371181177,153.71240856523));
#2998 = CARTESIAN_POINT('',(0.443984848192,153.52197715677));
#2999 = CARTESIAN_POINT('',(0.433675473652,153.28575882805));
#3000 = CARTESIAN_POINT('',(0.42346137427,153.0051637199));
#3001 = CARTESIAN_POINT('',(0.40841933213,152.52382486714));
#3002 = CARTESIAN_POINT('',(0.403504282218,152.35547565004));
#3003 = CARTESIAN_POINT('',(0.398616974552,152.1770757714));
#3004 = CARTESIAN_POINT('',(0.393758762039,151.98881017733));
#3005 = CARTESIAN_POINT('',(0.388930987748,151.79087390949));
#3006 = CARTESIAN_POINT('',(0.384134985517,151.58347222205));
#3007 = CARTESIAN_POINT('',(0.379372080549,151.36682069855));
#3008 = CARTESIAN_POINT('',(0.365622516974,150.7105991678));
#3009 = CARTESIAN_POINT('',(0.356728812463,150.24730920023));
#3010 = CARTESIAN_POINT('',(0.347966743975,149.75264436817));
#3011 = CARTESIAN_POINT('',(0.339340441617,149.22799374115));
#3012 = CARTESIAN_POINT('',(0.33085389396,148.6747684587));
#3013 = CARTESIAN_POINT('',(0.322510943874,148.09440363286));
#3014 = CARTESIAN_POINT('',(0.314315284375,147.48836025079));
#3015 = CARTESIAN_POINT('',(0.296123905971,146.06324495829));
#3016 = CARTESIAN_POINT('',(0.286215652178,145.22975469234));
#3017 = CARTESIAN_POINT('',(0.276545879038,144.36006970495));
#3018 = CARTESIAN_POINT('',(0.267114535922,143.45646800772));
#3019 = CARTESIAN_POINT('',(0.257921355522,142.52109933649));
#3020 = CARTESIAN_POINT('',(0.24896587506,141.55599184566));
#3021 = CARTESIAN_POINT('',(0.240247458796,140.56305835904));
#3022 = CARTESIAN_POINT('',(0.225040311742,138.73622903731));
#3023 = CARTESIAN_POINT('',(0.218462911571,137.91188832913));
#3024 = CARTESIAN_POINT('',(0.212032064982,137.071881623));
#3025 = CARTESIAN_POINT('',(0.205746742752,136.21695961328));
#3026 = CARTESIAN_POINT('',(0.199605934649,135.34782202297));
#3027 = CARTESIAN_POINT('',(0.193608641307,134.46511750877));
#3028 = CARTESIAN_POINT('',(0.187753866092,133.56944356594));
#3029 = CARTESIAN_POINT('',(0.177443764482,131.93069875725));
#3030 = CARTESIAN_POINT('',(0.172938519967,131.19200613539));
#3031 = CARTESIAN_POINT('',(0.168524409894,130.44556118704));
#3032 = CARTESIAN_POINT('',(0.164200995401,129.69164042812));
#3033 = CARTESIAN_POINT('',(0.159967860131,128.93050423585));
#3034 = CARTESIAN_POINT('',(0.155824608048,128.16239681346));
#3035 = CARTESIAN_POINT('',(0.151770861258,127.3875461549));
#3036 = CARTESIAN_POINT('',(0.134429026339,123.96965066867));
#3037 = CARTESIAN_POINT('',(0.122060584077,121.25757189813));
#3038 = CARTESIAN_POINT('',(0.110695605956,118.47930114413));
#3039 = CARTESIAN_POINT('',(0.100330647795,115.64284545137));
#3040 = CARTESIAN_POINT('',(9.096419029619E-02,112.75508793341));
#3041 = CARTESIAN_POINT('',(8.259673078059E-02,109.82199879675));
#3042 = CARTESIAN_POINT('',(7.523092267452E-02,106.84881491866));
#3043 = CARTESIAN_POINT('',(6.62441680898E-02,102.59702816119));
#3044 = CARTESIAN_POINT('',(6.378896824453E-02,101.34806661477));
#3045 = CARTESIAN_POINT('',(6.150667085671E-02,100.09376525619));
#3046 = CARTESIAN_POINT('',(5.939775773425E-02,98.834576753393));
#3047 = CARTESIAN_POINT('',(5.746268231931E-02,97.57094454282));
#3048 = CARTESIAN_POINT('',(5.570186715477E-02,96.303302846496));
#3049 = CARTESIAN_POINT('',(5.411570135061E-02,95.032076689159));
#3050 = CARTESIAN_POINT('',(5.108777260791E-02,92.297611751927));
#3051 = CARTESIAN_POINT('',(4.970074161591E-02,90.83340302365));
#3052 = CARTESIAN_POINT('',(4.854405283789E-02,89.365754363313));
#3053 = CARTESIAN_POINT('',(4.761819721288E-02,87.895359168313));
#3054 = CARTESIAN_POINT('',(4.692354743009E-02,86.422905640826));
#3055 = CARTESIAN_POINT('',(4.646035650352E-02,84.949076827954));
#3056 = CARTESIAN_POINT('',(4.622875634656E-02,83.474550661878));
#3057 = CARTESIAN_POINT('',(4.622875634656E-02,77.764166836742));
#3058 = CARTESIAN_POINT('',(4.813991840451E-02,73.531908568812));
#3059 = CARTESIAN_POINT('',(5.195663957596E-02,69.317183752049));
#3060 = CARTESIAN_POINT('',(5.767038579428E-02,65.134107479896));
#3061 = CARTESIAN_POINT('',(6.526898162528E-02,60.997422906931));
#3062 = CARTESIAN_POINT('',(7.473655466799E-02,56.922972113582));
#3063 = CARTESIAN_POINT('',(8.605413460192E-02,52.928166312045));
#3064 = CARTESIAN_POINT('',(0.100982882219,48.504412415525));
#3065 = CARTESIAN_POINT('',(0.10279873533,47.978109803386));
#3066 = CARTESIAN_POINT('',(0.104648463077,47.453587510874));
#3067 = CARTESIAN_POINT('',(0.106532067168,46.930886061627));
#3068 = CARTESIAN_POINT('',(0.108449554155,46.410046549026));
#3069 = CARTESIAN_POINT('',(0.110400935435,45.89111063619));
#3070 = CARTESIAN_POINT('',(0.112386227246,45.37412055598));
#3071 = CARTESIAN_POINT('',(0.116190631076,44.403810167494));
#3072 = CARTESIAN_POINT('',(0.118002333203,43.950055737372));
#3073 = CARTESIAN_POINT('',(0.119840571784,43.497885399685));
#3074 = CARTESIAN_POINT('',(0.121705364981,43.047329283307));
#3075 = CARTESIAN_POINT('',(0.123596734385,42.598418066932));
#3076 = CARTESIAN_POINT('',(0.125514705022,42.151182979075));
#3077 = CARTESIAN_POINT('',(0.127459305351,41.705655798073));
#3078 = CARTESIAN_POINT('',(0.132036431611,40.675214904427));
#3079 = CARTESIAN_POINT('',(0.134688872352,40.091605456852));
#3080 = CARTESIAN_POINT('',(0.137387975018,39.511112450809));
#3081 = CARTESIAN_POINT('',(0.140133831602,38.933811321122));
#3082 = CARTESIAN_POINT('',(0.142926540551,38.359780995992));
#3083 = CARTESIAN_POINT('',(0.145766206769,37.789103896995));
#3084 = CARTESIAN_POINT('',(0.148652941616,37.221865939084));
#3085 = CARTESIAN_POINT('',(0.15544870894,35.916160162902));
#3086 = CARTESIAN_POINT('',(0.159392289159,35.180281204455));
#3087 = CARTESIAN_POINT('',(0.16341793805,34.450711122196));
#3088 = CARTESIAN_POINT('',(0.167526002887,33.727655373611));
#3089 = CARTESIAN_POINT('',(0.171716845519,33.011333376777));
#3090 = CARTESIAN_POINT('',(0.175990844147,32.301978480419));
#3091 = CARTESIAN_POINT('',(0.180348395106,31.59983793396));
#3092 = CARTESIAN_POINT('',(0.190362895444,30.033544331831));
#3093 = CARTESIAN_POINT('',(0.196068103159,29.17368054236));
#3094 = CARTESIAN_POINT('',(0.201906444905,28.326086041869));
#3095 = CARTESIAN_POINT('',(0.207878821215,27.49131028474));
#3096 = CARTESIAN_POINT('',(0.213986132947,26.669947548778));
#3097 = CARTESIAN_POINT('',(0.2202292882,25.862636856954));
#3098 = CARTESIAN_POINT('',(0.226609209227,25.070061899153));
#3099 = CARTESIAN_POINT('',(0.241555861427,23.287940666734));
#3100 = CARTESIAN_POINT('',(0.250216636159,22.308624461365));
#3101 = CARTESIAN_POINT('',(0.259109870965,21.356769902186));
#3102 = CARTESIAN_POINT('',(0.268236125075,20.434248947679));
#3103 = CARTESIAN_POINT('',(0.277595787442,19.543043456623));
#3104 = CARTESIAN_POINT('',(0.287189055806,18.685251113583));
#3105 = CARTESIAN_POINT('',(0.29701591688,17.863091773681));
#3106 = CARTESIAN_POINT('',(0.315033208597,16.458672335141));
#3107 = CARTESIAN_POINT('',(0.323137209556,15.862118691351));
#3108 = CARTESIAN_POINT('',(0.331384685563,15.290688920156));
#3109 = CARTESIAN_POINT('',(0.339772045302,14.745791633402));
#3110 = CARTESIAN_POINT('',(0.348295554999,14.228810224904));
#3111 = CARTESIAN_POINT('',(0.356951342269,13.741104665426));
#3112 = CARTESIAN_POINT('',(0.365735399963,13.284013297671));
#3113 = CARTESIAN_POINT('',(0.379372080549,12.633179301451));
#3114 = CARTESIAN_POINT('',(0.384134985517,12.416527777943));
#3115 = CARTESIAN_POINT('',(0.388930987748,12.209126090509));
#3116 = CARTESIAN_POINT('',(0.393758762039,12.011189822672));
#3117 = CARTESIAN_POINT('',(0.398616974552,11.822924228594));
#3118 = CARTESIAN_POINT('',(0.403504282218,11.644524349958));
#3119 = CARTESIAN_POINT('',(0.40841933213,11.476175132853));
#3120 = CARTESIAN_POINT('',(0.423461374269,10.994836280097));
#3121 = CARTESIAN_POINT('',(0.433675473651,10.714241171947));
#3122 = CARTESIAN_POINT('',(0.443984848192,10.478022843224));
#3123 = CARTESIAN_POINT('',(0.454371181177,10.287591434767));
#3124 = CARTESIAN_POINT('',(0.464816076505,10.144014866571));
#3125 = CARTESIAN_POINT('',(0.475301078777,10.048021328443));
#3126 = CARTESIAN_POINT('',(0.485807687028,10.));
#3127 = CARTESIAN_POINT('',(0.506827037222,10.));
#3128 = CARTESIAN_POINT('',(0.517333645474,10.048021328441));
#3129 = CARTESIAN_POINT('',(0.527818647746,10.14401486657));
#3130 = CARTESIAN_POINT('',(0.538263543075,10.287591434769));
#3131 = CARTESIAN_POINT('',(0.548649876059,10.478022843226));
#3132 = CARTESIAN_POINT('',(0.558959250599,10.714241171946));
#3133 = CARTESIAN_POINT('',(0.569173349981,10.99483628009));
#3134 = CARTESIAN_POINT('',(0.584215392121,11.476175132851));
#3135 = CARTESIAN_POINT('',(0.589130442033,11.644524349957));
#3136 = CARTESIAN_POINT('',(0.594017749699,11.822924228593));
#3137 = CARTESIAN_POINT('',(0.598875962212,12.011189822671));
#3138 = CARTESIAN_POINT('',(0.603703736503,12.209126090508));
#3139 = CARTESIAN_POINT('',(0.608499738734,12.416527777942));
#3140 = CARTESIAN_POINT('',(0.613262643702,12.633179301449));
#3141 = CARTESIAN_POINT('',(0.627012207277,13.289400832183));
#3142 = CARTESIAN_POINT('',(0.635905911788,13.75269079976));
#3143 = CARTESIAN_POINT('',(0.644667980276,14.247355631834));
#3144 = CARTESIAN_POINT('',(0.653294282634,14.772006258854));
#3145 = CARTESIAN_POINT('',(0.661780830291,15.325231541305));
#3146 = CARTESIAN_POINT('',(0.670123780376,15.905596367135));
#3147 = CARTESIAN_POINT('',(0.678319439876,16.51163974919));
#3148 = CARTESIAN_POINT('',(0.69651081828,17.936755041719));
#3149 = CARTESIAN_POINT('',(0.706419072073,18.770245307661));
#3150 = CARTESIAN_POINT('',(0.716088845213,19.639930295049));
#3151 = CARTESIAN_POINT('',(0.725520188328,20.543531992268));
#3152 = CARTESIAN_POINT('',(0.734713368729,21.478900663502));
#3153 = CARTESIAN_POINT('',(0.743668849191,22.444008154336));
#3154 = CARTESIAN_POINT('',(0.752387265455,23.436941640969));
#3155 = CARTESIAN_POINT('',(0.767594412509,25.263770962685));
#3156 = CARTESIAN_POINT('',(0.77417181268,26.088111670869));
#3157 = CARTESIAN_POINT('',(0.780602659269,26.928118376993));
#3158 = CARTESIAN_POINT('',(0.786887981499,27.783040386721));
#3159 = CARTESIAN_POINT('',(0.793028789602,28.652177977023));
#3160 = CARTESIAN_POINT('',(0.799026082944,29.534882491226));
#3161 = CARTESIAN_POINT('',(0.804880858159,30.430556434059));
#3162 = CARTESIAN_POINT('',(0.815190959769,32.069301242744));
#3163 = CARTESIAN_POINT('',(0.819696204283,32.80799386461));
#3164 = CARTESIAN_POINT('',(0.824110314357,33.554438812959));
#3165 = CARTESIAN_POINT('',(0.82843372885,34.308359571875));
#3166 = CARTESIAN_POINT('',(0.83266686412,35.069495764142));
#3167 = CARTESIAN_POINT('',(0.836810116203,35.837603186534));
#3168 = CARTESIAN_POINT('',(0.840863862993,36.6124538451));
#3169 = CARTESIAN_POINT('',(0.858205697912,40.03034933134));
#3170 = CARTESIAN_POINT('',(0.870574140174,42.742428101865));
#3171 = CARTESIAN_POINT('',(0.881939118295,45.520698855855));
#3172 = CARTESIAN_POINT('',(0.892304076456,48.357154548622));
#3173 = CARTESIAN_POINT('',(0.901670533955,51.244912066598));
#3174 = CARTESIAN_POINT('',(0.91003799347,54.178001203261));
#3175 = CARTESIAN_POINT('',(0.917403801576,57.151185081323));
#3176 = CARTESIAN_POINT('',(0.929400362762,62.826962638518));
#3177 = CARTESIAN_POINT('',(0.934245260265,65.521307706203));
#3178 = CARTESIAN_POINT('',(0.938291525165,68.238004203862));
#3179 = CARTESIAN_POINT('',(0.941534081459,70.972431465685));
#3180 = CARTESIAN_POINT('',(0.943968989145,73.720140916902));
#3181 = CARTESIAN_POINT('',(0.945593483134,76.476805721295));
#3182 = CARTESIAN_POINT('',(0.946405967904,79.238170339773));
#3183 = CARTESIAN_POINT('',(0.946405967904,82.));
#3184 = ( GEOMETRIC_REPRESENTATION_CONTEXT(2) 
PARAMETRIC_REPRESENTATION_CONTEXT() REPRESENTATION_CONTEXT('2D SPACE',''
  ) );
#3185 = ORIENTED_EDGE('',*,*,#3186,.F.);
#3186 = EDGE_CURVE('',#3187,#2448,#3189,.T.);
#3187 = VERTEX_POINT('',#3188);
#3188 = CARTESIAN_POINT('',(114.38165547309,119.61223554376,
    237.44201160318));
#3189 = SURFACE_CURVE('',#3190,(#3247,#3307),.PCURVE_S1.);
#3190 = B_SPLINE_CURVE_WITH_KNOTS('',7,(#3191,#3192,#3193,#3194,#3195,
    #3196,#3197,#3198,#3199,#3200,#3201,#3202,#3203,#3204,#3205,#3206,
    #3207,#3208,#3209,#3210,#3211,#3212,#3213,#3214,#3215,#3216,#3217,
    #3218,#3219,#3220,#3221,#3222,#3223,#3224,#3225,#3226,#3227,#3228,
    #3229,#3230,#3231,#3232,#3233,#3234,#3235,#3236,#3237,#3238,#3239,
    #3240,#3241,#3242,#3243,#3244,#3245,#3246),.UNSPECIFIED.,.F.,.F.,(8,
    6,6,6,6,6,6,6,6,8),(0.,0.274795514335,0.378079722495,0.426526531061,
    0.465286638981,0.495386576462,0.553704880487,0.644670282944,
    0.890760691447,1.),.UNSPECIFIED.);
#3191 = CARTESIAN_POINT('',(121.35805341012,123.44797092225,
    237.49249623836));
#3192 = CARTESIAN_POINT('',(120.65851873821,122.98564829577,
    237.41949393439));
#3193 = CARTESIAN_POINT('',(119.96813555556,122.54168337603,
    237.35845292202));
#3194 = CARTESIAN_POINT('',(119.27209440705,122.10670496887,
    237.30805024313));
#3195 = CARTESIAN_POINT('',(118.56021062423,121.67633774425,
    237.26919376143));
#3196 = CARTESIAN_POINT('',(117.83013989987,121.25303313339,
    237.24503455466));
#3197 = CARTESIAN_POINT('',(117.08846657631,120.84669927655,
    237.24094084414));
#3198 = CARTESIAN_POINT('',(116.07721477664,120.33672691872,
    237.27356232932));
#3199 = CARTESIAN_POINT('',(115.80413869185,120.20357920796,
    237.28632949374));
#3200 = CARTESIAN_POINT('',(115.52879967519,120.07422698594,
    237.30345569333));
#3201 = CARTESIAN_POINT('',(115.24795683792,119.94805690013,
    237.3259422522));
#3202 = CARTESIAN_POINT('',(114.96094874906,119.82637031808,
    237.35524567516));
#3203 = CARTESIAN_POINT('',(114.66989670953,119.71245425044,
    237.39326176971));
#3204 = CARTESIAN_POINT('',(114.24362734385,119.56424407386,
    237.46535577856));
#3205 = CARTESIAN_POINT('',(114.10900214945,119.52023454861,
    237.49059078853));
#3206 = CARTESIAN_POINT('',(113.97305183351,119.47883447906,
    237.51876134916));
#3207 = CARTESIAN_POINT('',(113.83419559506,119.44018873352,
    237.55075533228));
#3208 = CARTESIAN_POINT('',(113.69223178736,119.40532670953,
    237.58758952392));
#3209 = CARTESIAN_POINT('',(113.54837757807,119.37616717113,
    237.63040318651));
#3210 = CARTESIAN_POINT('',(113.29063838586,119.33895055928,
    237.72055214581));
#3211 = CARTESIAN_POINT('',(113.18399569553,119.32891974281,
    237.76265370773));
#3212 = CARTESIAN_POINT('',(113.07425229635,119.32378880697,
    237.81063595776));
#3213 = CARTESIAN_POINT('',(112.9566103628,119.3259274222,
    237.86893216209));
#3214 = CARTESIAN_POINT('',(112.8341842444,119.34118326041,
    237.94132382963));
#3215 = CARTESIAN_POINT('',(112.71645222273,119.37946057262,
    238.03224686655));
#3216 = CARTESIAN_POINT('',(112.54472858206,119.51255729776,
    238.23503021568));
#3217 = CARTESIAN_POINT('',(112.49471450263,119.58326540007,
    238.32309801154));
#3218 = CARTESIAN_POINT('',(112.46602714833,119.66279712325,
    238.40906721282));
#3219 = CARTESIAN_POINT('',(112.4546518371,119.74722038152,
    238.49131340128));
#3220 = CARTESIAN_POINT('',(112.45629257236,119.83236898533,
    238.56810129059));
#3221 = CARTESIAN_POINT('',(112.46640684531,119.9137764778,
    238.63751225472));
#3222 = CARTESIAN_POINT('',(112.5074250471,120.12706471122,
    238.81258401045));
#3223 = CARTESIAN_POINT('',(112.55541845112,120.26844255232,
    238.9189068728));
#3224 = CARTESIAN_POINT('',(112.61468425144,120.40480442289,
    239.01546392183));
#3225 = CARTESIAN_POINT('',(112.67906753206,120.5337376689,
    239.10292714981));
#3226 = CARTESIAN_POINT('',(112.74592282197,120.65598654192,
    239.18319808599));
#3227 = CARTESIAN_POINT('',(112.81632240368,120.77601078052,
    239.25983685576));
#3228 = CARTESIAN_POINT('',(113.01659970202,121.09529963558,
    239.45780897635));
#3229 = CARTESIAN_POINT('',(113.14927701372,121.28786196054,
    239.57180677465));
#3230 = CARTESIAN_POINT('',(113.2879663299,121.47609617274,
    239.67919628928));
#3231 = CARTESIAN_POINT('',(113.42989254073,121.65923095955,
    239.78054629411));
#3232 = CARTESIAN_POINT('',(113.57405693792,121.83792696166,
    239.87690599506));
#3233 = CARTESIAN_POINT('',(113.72115568082,122.01414952302,
    239.9697382137));
#3234 = CARTESIAN_POINT('',(114.28561174452,122.66960006973,
    240.30732417503));
#3235 = CARTESIAN_POINT('',(114.72910234947,123.14498196799,
    240.53701697869));
#3236 = CARTESIAN_POINT('',(115.18571176695,123.60760461979,
    240.7495102946));
#3237 = CARTESIAN_POINT('',(115.64620541105,124.05476907439,
    240.9463947901));
#3238 = CARTESIAN_POINT('',(116.1090575076,124.48911559128,
    241.13066948724));
#3239 = CARTESIAN_POINT('',(116.57915098363,124.91730495368,
    241.30609142314));
#3240 = CARTESIAN_POINT('',(117.28291599713,125.54027583531,
    241.55221533635));
#3241 = CARTESIAN_POINT('',(117.50059438515,125.73058692225,
    241.62617152166));
#3242 = CARTESIAN_POINT('',(117.71943987021,125.91967991089,
    241.69847140563));
#3243 = CARTESIAN_POINT('',(117.9393495518,126.10757354871,
    241.76917136916));
#3244 = CARTESIAN_POINT('',(118.16026986278,126.29431404597,
    241.83833047389));
#3245 = CARTESIAN_POINT('',(118.38219657192,126.47997505864,
    241.90601035328));
#3246 = CARTESIAN_POINT('',(118.60517478646,126.66465767142,
    241.97227510381));
#3247 = PCURVE('',#1026,#3248);
#3248 = DEFINITIONAL_REPRESENTATION('',(#3249),#3306);
#3249 = B_SPLINE_CURVE_WITH_KNOTS('',7,(#3250,#3251,#3252,#3253,#3254,
    #3255,#3256,#3257,#3258,#3259,#3260,#3261,#3262,#3263,#3264,#3265,
    #3266,#3267,#3268,#3269,#3270,#3271,#3272,#3273,#3274,#3275,#3276,
    #3277,#3278,#3279,#3280,#3281,#3282,#3283,#3284,#3285,#3286,#3287,
    #3288,#3289,#3290,#3291,#3292,#3293,#3294,#3295,#3296,#3297,#3298,
    #3299,#3300,#3301,#3302,#3303,#3304,#3305),.UNSPECIFIED.,.F.,.F.,(8,
    6,6,6,6,6,6,6,6,8),(0.,0.274795514335,0.378079722495,0.426526531061,
    0.465286638981,0.495386576462,0.553704880487,0.644670282944,
    0.890760691447,1.),.UNSPECIFIED.);
#3250 = CARTESIAN_POINT('',(5.494879807293,165.5000006));
#3251 = CARTESIAN_POINT('',(5.493441719545,164.66471664053));
#3252 = CARTESIAN_POINT('',(5.492236834907,163.8462217598));
#3253 = CARTESIAN_POINT('',(5.491240489201,163.02703080917));
#3254 = CARTESIAN_POINT('',(5.490471447269,162.19610466753));
#3255 = CARTESIAN_POINT('',(5.489992796281,161.35254904632));
#3256 = CARTESIAN_POINT('',(5.489912044169,160.50687212067));
#3257 = CARTESIAN_POINT('',(5.490557589156,159.37479180121));
#3258 = CARTESIAN_POINT('',(5.490810199916,159.0712608158));
#3259 = CARTESIAN_POINT('',(5.491148982599,158.76754731457));
#3260 = CARTESIAN_POINT('',(5.491593630761,158.46050937481));
#3261 = CARTESIAN_POINT('',(5.492172779701,158.15018507122));
#3262 = CARTESIAN_POINT('',(5.492923512224,157.84000499627));
#3263 = CARTESIAN_POINT('',(5.494345121565,157.39459209791));
#3264 = CARTESIAN_POINT('',(5.494842483825,157.25525357219));
#3265 = CARTESIAN_POINT('',(5.495397407447,157.1159924092));
#3266 = CARTESIAN_POINT('',(5.496027256059,156.97548752888));
#3267 = CARTESIAN_POINT('',(5.496751848002,156.83405180409));
#3268 = CARTESIAN_POINT('',(5.49759325001,156.69366923882));
#3269 = CARTESIAN_POINT('',(5.499362547341,156.44930610529));
#3270 = CARTESIAN_POINT('',(5.500188127459,156.35075411259));
#3271 = CARTESIAN_POINT('',(5.501128279195,156.25180881238));
#3272 = CARTESIAN_POINT('',(5.502269443855,156.1493796889));
#3273 = CARTESIAN_POINT('',(5.50368470208,156.04898992664));
#3274 = CARTESIAN_POINT('',(5.50545883112,155.9636904882));
#3275 = CARTESIAN_POINT('',(5.509403050365,155.8760660444));
#3276 = CARTESIAN_POINT('',(5.511112605228,155.86575708079));
#3277 = CARTESIAN_POINT('',(5.512778052576,155.87840332989));
#3278 = CARTESIAN_POINT('',(5.514368258621,155.90860209073));
#3279 = CARTESIAN_POINT('',(5.515850286723,155.95059181261));
#3280 = CARTESIAN_POINT('',(5.517187948362,155.99825119181));
#3281 = CARTESIAN_POINT('',(5.520558147523,156.13588605132));
#3282 = CARTESIAN_POINT('',(5.522599371247,156.24541145624));
#3283 = CARTESIAN_POINT('',(5.524448712245,156.36246059706));
#3284 = CARTESIAN_POINT('',(5.526120692179,156.48047231377));
#3285 = CARTESIAN_POINT('',(5.527652771009,156.59747473772));
#3286 = CARTESIAN_POINT('',(5.52911342858,156.71653445714));
#3287 = CARTESIAN_POINT('',(5.53288046547,157.04468904073));
#3288 = CARTESIAN_POINT('',(5.535043871364,157.25305413951));
#3289 = CARTESIAN_POINT('',(5.537076993946,157.4646448412));
#3290 = CARTESIAN_POINT('',(5.53899171495,157.67665358301));
#3291 = CARTESIAN_POINT('',(5.540808704398,157.88851674944));
#3292 = CARTESIAN_POINT('',(5.542556054768,158.10178238083));
#3293 = CARTESIAN_POINT('',(5.548899001076,158.91025170179));
#3294 = CARTESIAN_POINT('',(5.553191931009,159.5266040198));
#3295 = CARTESIAN_POINT('',(5.55714505864,160.14841643107));
#3296 = CARTESIAN_POINT('',(5.560793700212,160.76628336026));
#3297 = CARTESIAN_POINT('',(5.564197156283,161.38012039628));
#3298 = CARTESIAN_POINT('',(5.567427049978,161.99739310421));
#3299 = CARTESIAN_POINT('',(5.571944870199,162.9128961505));
#3300 = CARTESIAN_POINT('',(5.573300456051,163.19493426221));
#3301 = CARTESIAN_POINT('',(5.574623866653,163.47741860255));
#3302 = CARTESIAN_POINT('',(5.575916292628,163.76026761563));
#3303 = CARTESIAN_POINT('',(5.577178957986,164.04345620525));
#3304 = CARTESIAN_POINT('',(5.578413118992,164.32701572544));
#3305 = CARTESIAN_POINT('',(5.579620063032,164.61103397106));
#3306 = ( GEOMETRIC_REPRESENTATION_CONTEXT(2) 
PARAMETRIC_REPRESENTATION_CONTEXT() REPRESENTATION_CONTEXT('2D SPACE',''
  ) );
#3307 = PCURVE('',#1540,#3308);
#3308 = DEFINITIONAL_REPRESENTATION('',(#3309),#3366);
#3309 = B_SPLINE_CURVE_WITH_KNOTS('',7,(#3310,#3311,#3312,#3313,#3314,
    #3315,#3316,#3317,#3318,#3319,#3320,#3321,#3322,#3323,#3324,#3325,
    #3326,#3327,#3328,#3329,#3330,#3331,#3332,#3333,#3334,#3335,#3336,
    #3337,#3338,#3339,#3340,#3341,#3342,#3343,#3344,#3345,#3346,#3347,
    #3348,#3349,#3350,#3351,#3352,#3353,#3354,#3355,#3356,#3357,#3358,
    #3359,#3360,#3361,#3362,#3363,#3364,#3365),.UNSPECIFIED.,.F.,.F.,(8,
    6,6,6,6,6,6,6,6,8),(0.,0.274795514335,0.378079722495,0.426526531061,
    0.465286638981,0.495386576462,0.553704880487,0.644670282944,
    0.890760691447,1.),.UNSPECIFIED.);
#3310 = CARTESIAN_POINT('',(1.186648842754,31.305889946647));
#3311 = CARTESIAN_POINT('',(1.2456769822,30.487063929616));
#3312 = CARTESIAN_POINT('',(1.30508963938,29.68778951417));
#3313 = CARTESIAN_POINT('',(1.366528897025,28.891030892074));
#3314 = CARTESIAN_POINT('',(1.431445550257,28.086558098493));
#3315 = CARTESIAN_POINT('',(1.501039837362,27.274500226077));
#3316 = CARTESIAN_POINT('',(1.576344051469,26.466554523179));
#3317 = CARTESIAN_POINT('',(1.689287027,25.396576920999));
#3318 = CARTESIAN_POINT('',(1.720849841231,25.110920128193));
#3319 = CARTESIAN_POINT('',(1.753863388842,24.826414057812));
#3320 = CARTESIAN_POINT('',(1.788987992672,24.5403628183));
#3321 = CARTESIAN_POINT('',(1.82677365749,24.253240620548));
#3322 = CARTESIAN_POINT('',(1.867673982591,23.968884173262));
#3323 = CARTESIAN_POINT('',(1.93294276241,23.565798789802));
#3324 = CARTESIAN_POINT('',(1.954362387748,23.440505222768));
#3325 = CARTESIAN_POINT('',(1.97688461663,23.316163331129));
#3326 = CARTESIAN_POINT('',(2.000971581485,23.191777015785));
#3327 = CARTESIAN_POINT('',(2.027003330974,23.067945162521));
#3328 = CARTESIAN_POINT('',(2.055284885753,22.946892716409));
#3329 = CARTESIAN_POINT('',(2.110720763621,22.740798210959));
#3330 = CARTESIAN_POINT('',(2.135360128717,22.659378935519));
#3331 = CARTESIAN_POINT('',(2.162387877278,22.57932041886));
#3332 = CARTESIAN_POINT('',(2.193835964271,22.498985378619));
#3333 = CARTESIAN_POINT('',(2.230829390005,22.424740448224));
#3334 = CARTESIAN_POINT('',(2.274250496475,22.370294185922));
#3335 = CARTESIAN_POINT('',(2.364017145406,22.346363965196));
#3336 = CARTESIAN_POINT('',(2.401089544821,22.362333588651));
#3337 = CARTESIAN_POINT('',(2.435798735994,22.399481473653));
#3338 = CARTESIAN_POINT('',(2.467889662447,22.452190013429));
#3339 = CARTESIAN_POINT('',(2.497044620922,22.514477713727));
#3340 = CARTESIAN_POINT('',(2.522853799955,22.579975900268));
#3341 = CARTESIAN_POINT('',(2.58699754706,22.761685685542));
#3342 = CARTESIAN_POINT('',(2.624533496327,22.896610338195));
#3343 = CARTESIAN_POINT('',(2.657772348715,23.035777806539));
#3344 = CARTESIAN_POINT('',(2.687346787319,23.173172141812));
#3345 = CARTESIAN_POINT('',(2.714124112115,23.307486728592));
#3346 = CARTESIAN_POINT('',(2.739395530466,23.442670374855));
#3347 = CARTESIAN_POINT('',(2.803918082504,23.811333527826));
#3348 = CARTESIAN_POINT('',(2.840357944829,24.041948396076));
#3349 = CARTESIAN_POINT('',(2.874217263966,24.273639160442));
#3350 = CARTESIAN_POINT('',(2.905853444747,24.503920647499));
#3351 = CARTESIAN_POINT('',(2.935703121663,24.732572235202));
#3352 = CARTESIAN_POINT('',(2.964287834349,24.96148973162));
#3353 = CARTESIAN_POINT('',(3.067738768451,25.824996839534));
#3354 = CARTESIAN_POINT('',(3.137124861696,26.47501153757));
#3355 = CARTESIAN_POINT('',(3.201235473145,27.124993526239));
#3356 = CARTESIAN_POINT('',(3.260950744309,27.766578023858));
#3357 = CARTESIAN_POINT('',(3.317365374964,28.400599185664));
#3358 = CARTESIAN_POINT('',(3.37175547707,29.035238356312));
#3359 = CARTESIAN_POINT('',(3.449450132906,29.972371137611));
#3360 = CARTESIAN_POINT('',(3.472990365094,30.260524349756));
#3361 = CARTESIAN_POINT('',(3.496214153526,30.548615058809));
#3362 = CARTESIAN_POINT('',(3.519149917305,30.836585114167));
#3363 = CARTESIAN_POINT('',(3.541826118795,31.124430417768));
#3364 = CARTESIAN_POINT('',(3.5642719441,31.4122009174));
#3365 = CARTESIAN_POINT('',(3.586517983526,31.7000006));
#3366 = ( GEOMETRIC_REPRESENTATION_CONTEXT(2) 
PARAMETRIC_REPRESENTATION_CONTEXT() REPRESENTATION_CONTEXT('2D SPACE',''
  ) );
#3367 = ORIENTED_EDGE('',*,*,#3368,.F.);
#3368 = EDGE_CURVE('',#3369,#3187,#3371,.T.);
#3369 = VERTEX_POINT('',#3370);
#3370 = CARTESIAN_POINT('',(162.67939480476,30.424735100865,
    237.44201158757));
#3371 = SURFACE_CURVE('',#3372,(#3613,#3857),.PCURVE_S1.);
#3372 = B_SPLINE_CURVE_WITH_KNOTS('',8,(#3373,#3374,#3375,#3376,#3377,
    #3378,#3379,#3380,#3381,#3382,#3383,#3384,#3385,#3386,#3387,#3388,
    #3389,#3390,#3391,#3392,#3393,#3394,#3395,#3396,#3397,#3398,#3399,
    #3400,#3401,#3402,#3403,#3404,#3405,#3406,#3407,#3408,#3409,#3410,
    #3411,#3412,#3413,#3414,#3415,#3416,#3417,#3418,#3419,#3420,#3421,
    #3422,#3423,#3424,#3425,#3426,#3427,#3428,#3429,#3430,#3431,#3432,
    #3433,#3434,#3435,#3436,#3437,#3438,#3439,#3440,#3441,#3442,#3443,
    #3444,#3445,#3446,#3447,#3448,#3449,#3450,#3451,#3452,#3453,#3454,
    #3455,#3456,#3457,#3458,#3459,#3460,#3461,#3462,#3463,#3464,#3465,
    #3466,#3467,#3468,#3469,#3470,#3471,#3472,#3473,#3474,#3475,#3476,
    #3477,#3478,#3479,#3480,#3481,#3482,#3483,#3484,#3485,#3486,#3487,
    #3488,#3489,#3490,#3491,#3492,#3493,#3494,#3495,#3496,#3497,#3498,
    #3499,#3500,#3501,#3502,#3503,#3504,#3505,#3506,#3507,#3508,#3509,
    #3510,#3511,#3512,#3513,#3514,#3515,#3516,#3517,#3518,#3519,#3520,
    #3521,#3522,#3523,#3524,#3525,#3526,#3527,#3528,#3529,#3530,#3531,
    #3532,#3533,#3534,#3535,#3536,#3537,#3538,#3539,#3540,#3541,#3542,
    #3543,#3544,#3545,#3546,#3547,#3548,#3549,#3550,#3551,#3552,#3553,
    #3554,#3555,#3556,#3557,#3558,#3559,#3560,#3561,#3562,#3563,#3564,
    #3565,#3566,#3567,#3568,#3569,#3570,#3571,#3572,#3573,#3574,#3575,
    #3576,#3577,#3578,#3579,#3580,#3581,#3582,#3583,#3584,#3585,#3586,
    #3587,#3588,#3589,#3590,#3591,#3592,#3593,#3594,#3595,#3596,#3597,
    #3598,#3599,#3600,#3601,#3602,#3603,#3604,#3605,#3606,#3607,#3608,
    #3609,#3610,#3611,#3612),.UNSPECIFIED.,.T.,.F.,(9,7,7,7,7,7,7,7,7,7,
    7,7,7,7,7,7,7,7,7,7,7,7,7,7,7,7,7,7,7,7,7,7,7,7,9),(0.,
    0.120742944241,0.138579579596,0.16096003416,0.189903889862,
    0.212796909273,0.224948583728,0.249787424781,0.274626265835,
    0.28677794029,0.309961055946,0.339200780029,0.362383315365,
    0.381035797528,0.443972375174,0.469977667938,0.499771851686,
    0.585359410561,0.596960350775,0.607216655653,0.620774742026,
    0.63862090654,0.66101331778,0.689972636639,0.712877886572,
    0.72503605302,0.749888164143,0.774740275267,0.786898441714,
    0.810093942873,0.839349288181,0.86254420871,0.8812066559,
    0.944176857204,1.),.UNSPECIFIED.);
#3373 = CARTESIAN_POINT('',(96.751758068562,134.27340507577,
    288.55198651616));
#3374 = CARTESIAN_POINT('',(96.751758068562,134.27340507577,
    294.54743189915));
#3375 = CARTESIAN_POINT('',(97.265867146296,133.90296005206,
    300.52525276705));
#3376 = CARTESIAN_POINT('',(98.28879094871,133.16588231672,
    306.45146543031));
#3377 = CARTESIAN_POINT('',(99.808505993995,132.05409942165,
    312.29151678958));
#3378 = CARTESIAN_POINT('',(101.80547115832,130.54903152136,
    318.00677568146));
#3379 = CARTESIAN_POINT('',(104.25192664468,128.62259069828,
    323.55176617661));
#3380 = CARTESIAN_POINT('',(107.11113991495,126.23855490954,
    328.87097537943));
#3381 = CARTESIAN_POINT('',(110.81227488278,122.92802052222,
    334.63582635326));
#3382 = CARTESIAN_POINT('',(111.29685115183,122.49079955162,
    335.37170531171));
#3383 = CARTESIAN_POINT('',(111.78952016818,122.04227490013,
    336.10127539397));
#3384 = CARTESIAN_POINT('',(112.29016775063,121.58225834561,
    336.82433114255));
#3385 = CARTESIAN_POINT('',(112.79867429059,121.11055625737,
    337.54065313938));
#3386 = CARTESIAN_POINT('',(113.31491460604,120.62696944091,
    338.25000803574));
#3387 = CARTESIAN_POINT('',(113.83875779542,120.13129298263,
    338.9521485822));
#3388 = CARTESIAN_POINT('',(115.03672553497,118.985933907,
    340.51844218433));
#3389 = CARTESIAN_POINT('',(115.71514186762,118.32918288473,
    341.3783059738));
#3390 = CARTESIAN_POINT('',(116.40505583871,117.65263686175,
    342.22590047429));
#3391 = CARTESIAN_POINT('',(117.10618565563,116.95586110628,
    343.06067623142));
#3392 = CARTESIAN_POINT('',(117.8182276433,116.23841204824,
    343.88203896738));
#3393 = CARTESIAN_POINT('',(118.54085590356,115.4998370066,
    344.68934965921));
#3394 = CARTESIAN_POINT('',(119.27372197449,114.73967391683,
    345.48192461701));
#3395 = CARTESIAN_POINT('',(120.97700436091,112.94582971345,
    347.26404584924));
#3396 = CARTESIAN_POINT('',(121.95421906223,111.89714109712,
    348.24336205475));
#3397 = CARTESIAN_POINT('',(122.94713740015,110.81051939541,
    349.19521661408));
#3398 = CARTESIAN_POINT('',(123.95471816351,109.68510463908,
    350.11773756863));
#3399 = CARTESIAN_POINT('',(124.97583604285,108.52005016248,
    351.0089430596));
#3400 = CARTESIAN_POINT('',(126.00927865697,107.31453086261,
    351.8667354025));
#3401 = CARTESIAN_POINT('',(127.05374468687,106.06775225829,
    352.68889474233));
#3402 = CARTESIAN_POINT('',(128.94157778142,103.75959587745,
    354.09331418102));
#3403 = CARTESIAN_POINT('',(129.78143660765,102.71382804087,
    354.68986782481));
#3404 = CARTESIAN_POINT('',(130.62637934224,101.64170633477,
    355.261297596));
#3405 = CARTESIAN_POINT('',(131.47534579056,100.54332136511,
    355.80619488276));
#3406 = CARTESIAN_POINT('',(132.32726011956,99.418807302446,
    356.32317629126));
#3407 = CARTESIAN_POINT('',(133.18103516055,98.268344335649,
    356.81088185073));
#3408 = CARTESIAN_POINT('',(134.03557671201,97.092161125655,
    357.26797321849));
#3409 = CARTESIAN_POINT('',(135.3432053398,95.252712174573,
    357.91880721471));
#3410 = CARTESIAN_POINT('',(135.7964760555,94.607794675026,
    358.13545873822));
#3411 = CARTESIAN_POINT('',(136.24937043771,93.955921734336,
    358.34286042565));
#3412 = CARTESIAN_POINT('',(136.70166186247,93.297236065828,
    358.54079669349));
#3413 = CARTESIAN_POINT('',(137.15312688601,92.631886261694,
    358.72906228757));
#3414 = CARTESIAN_POINT('',(137.60354549727,91.960026932332,
    358.9074621662));
#3415 = CARTESIAN_POINT('',(138.05270137032,91.281818845688,
    359.07581138331));
#3416 = CARTESIAN_POINT('',(139.41547171608,89.19849026153,
    359.55715023607));
#3417 = CARTESIAN_POINT('',(140.32469411566,87.773270227387,
    359.83774534421));
#3418 = CARTESIAN_POINT('',(141.22562221415,86.324093158087,
    360.07396367293));
#3419 = CARTESIAN_POINT('',(142.11596229997,84.853421128135,
    360.26439508139));
#3420 = CARTESIAN_POINT('',(142.99357174558,83.363849259682,
    360.40797164959));
#3421 = CARTESIAN_POINT('',(143.85647310528,81.858098880361,
    360.50396518772));
#3422 = CARTESIAN_POINT('',(144.70286461681,80.339008671903,
    360.55198651616));
#3423 = CARTESIAN_POINT('',(146.35938959638,77.280038947134,
    360.55198651616));
#3424 = CARTESIAN_POINT('',(147.16903964545,75.741052121257,
    360.50396518772));
#3425 = CARTESIAN_POINT('',(147.95849561616,74.195528833949,
    360.40797164959));
#3426 = CARTESIAN_POINT('',(148.72636483791,72.646529302463,
    360.26439508139));
#3427 = CARTESIAN_POINT('',(149.47144892885,71.097196741142,
    360.07396367294));
#3428 = CARTESIAN_POINT('',(150.19274546972,69.550743729552,
    359.83774534422));
#3429 = CARTESIAN_POINT('',(150.88944602966,68.010436666841,
    359.55715023607));
#3430 = CARTESIAN_POINT('',(151.88943464805,65.730650762895,
    359.07581138331));
#3431 = CARTESIAN_POINT('',(152.21195564298,64.983866044975,
    358.90746216621));
#3432 = CARTESIAN_POINT('',(152.52846968445,64.239493325586,
    358.72906228757));
#3433 = CARTESIAN_POINT('',(152.83896035326,63.49780162823,
    358.54079669349));
#3434 = CARTESIAN_POINT('',(153.14341840084,62.759059697604,
    358.34286042565));
#3435 = CARTESIAN_POINT('',(153.4418414946,62.023535864306,
    358.13545873822));
#3436 = CARTESIAN_POINT('',(153.73423396325,61.291497909547,
    357.91880721471));
#3437 = CARTESIAN_POINT('',(154.56695170978,59.173781787937,
    357.26258568397));
#3438 = CARTESIAN_POINT('',(155.09125830593,57.798335218051,
    356.7992957164));
#3439 = CARTESIAN_POINT('',(155.59390790571,56.437981466013,
    356.30463088433));
#3440 = CARTESIAN_POINT('',(156.07532507335,55.093797018269,
    355.77998025732));
#3441 = CARTESIAN_POINT('',(156.53597268778,53.766824208628,
    355.22675497486));
#3442 = CARTESIAN_POINT('',(156.97634726837,52.458068824998,
    354.64639014902));
#3443 = CARTESIAN_POINT('',(157.39697430054,51.168497716114,
    354.04034676696));
#3444 = CARTESIAN_POINT('',(158.30470655363,48.297927245462,
    352.61523147445));
#3445 = CARTESIAN_POINT('',(158.78055231678,46.728549489318,
    351.78174120851));
#3446 = CARTESIAN_POINT('',(159.22737829957,45.19166628957,
    350.91205622111));
#3447 = CARTESIAN_POINT('',(159.64660519594,43.687939846458,
    350.00845452388));
#3448 = CARTESIAN_POINT('',(160.03962880107,42.217937860666,
    349.07308585265));
#3449 = CARTESIAN_POINT('',(160.40781322153,40.782140511325,
    348.10797836183));
#3450 = CARTESIAN_POINT('',(160.75248543974,39.380947952066,
    347.1150448752));
#3451 = CARTESIAN_POINT('',(161.33058039531,36.931457786089,
    345.28821555348));
#3452 = CARTESIAN_POINT('',(161.57229281287,35.87003868742,
    344.46387484529));
#3453 = CARTESIAN_POINT('',(161.80073056064,34.830486370296,
    343.62386813917));
#3454 = CARTESIAN_POINT('',(162.01653184342,33.812840798429,
    342.76894612944));
#3455 = CARTESIAN_POINT('',(162.22031151843,32.817126729411,
    341.89980853914));
#3456 = CARTESIAN_POINT('',(162.41266161832,31.84335388606,
    341.01710402494));
#3457 = CARTESIAN_POINT('',(162.5941518743,30.891517127757,
    340.1214300821));
#3458 = CARTESIAN_POINT('',(162.90305897987,29.213390034429,
    338.48268527342));
#3459 = CARTESIAN_POINT('',(163.03411257651,28.479368869118,
    337.74399265155));
#3460 = CARTESIAN_POINT('',(163.15877459774,27.759532203999,
    336.9975477032));
#3461 = CARTESIAN_POINT('',(163.27731896437,27.053877368448,
    336.24362694429));
#3462 = CARTESIAN_POINT('',(163.39001021046,26.362399987531,
    335.48249075202));
#3463 = CARTESIAN_POINT('',(163.4971037444,25.685094026459,
    334.71438332963));
#3464 = CARTESIAN_POINT('',(163.59884610997,25.021951835046,
    333.93953267106));
#3465 = CARTESIAN_POINT('',(164.02151803147,22.183171926352,
    330.52163718483));
#3466 = CARTESIAN_POINT('',(164.28949527628,20.153529406052,
    327.8095584143));
#3467 = CARTESIAN_POINT('',(164.50828507867,18.285077035017,
    325.0312876603));
#3468 = CARTESIAN_POINT('',(164.6857784372,16.578638590358,
    322.19483196754));
#3469 = CARTESIAN_POINT('',(164.8289134334,15.034961380005,
    319.30707444958));
#3470 = CARTESIAN_POINT('',(164.94369770964,13.654838593891,
    316.37398531291));
#3471 = CARTESIAN_POINT('',(165.03521924368,12.439213848854,
    313.40080143482));
#3472 = CARTESIAN_POINT('',(165.13757179944,10.955431959404,
    309.14901467735));
#3473 = CARTESIAN_POINT('',(165.16423191997,10.549969847846,
    307.90005313094));
#3474 = CARTESIAN_POINT('',(165.1879188933,10.172990539345,
    306.64575177235));
#3475 = CARTESIAN_POINT('',(165.20890017162,9.824594525215,
    305.38656326955));
#3476 = CARTESIAN_POINT('',(165.22741707573,9.50487394994,
    304.12293105898));
#3477 = CARTESIAN_POINT('',(165.2436843233,9.2139127198,302.85528936266)
  );
#3478 = CARTESIAN_POINT('',(165.25788955723,8.951786611478,
    301.58406320532));
#3479 = CARTESIAN_POINT('',(165.28428874588,8.451360244163,
    298.84959826809));
#3480 = CARTESIAN_POINT('',(165.29588786849,8.222099374582,
    297.38538953981));
#3481 = CARTESIAN_POINT('',(165.30523067006,8.030895058153,
    295.91774087947));
#3482 = CARTESIAN_POINT('',(165.31251043467,7.877838792373,
    294.44734568447));
#3483 = CARTESIAN_POINT('',(165.31787280002,7.762999424951,
    292.97489215699));
#3484 = CARTESIAN_POINT('',(165.32141525549,7.68642329274,
    291.50106334412));
#3485 = CARTESIAN_POINT('',(165.32318663999,7.648134360668,
    290.02653717804));
#3486 = CARTESIAN_POINT('',(165.32318663999,7.648134360668,
    284.3161533529));
#3487 = CARTESIAN_POINT('',(165.30856951898,7.964094639871,
    280.08389508497));
#3488 = CARTESIAN_POINT('',(165.27937923872,8.595084947189,
    275.86917026821));
#3489 = CARTESIAN_POINT('',(165.23229869714,9.539544303847,
    271.68609399606));
#3490 = CARTESIAN_POINT('',(165.16070494617,10.795146933107,
    267.54940942309));
#3491 = CARTESIAN_POINT('',(165.05480129869,12.358652716329,
    263.47495862974));
#3492 = CARTESIAN_POINT('',(164.90182632469,14.225742175369,
    259.48015282821));
#3493 = CARTESIAN_POINT('',(164.65713167108,16.68430297733,
    255.05639893169));
#3494 = CARTESIAN_POINT('',(164.6267706499,16.983289674622,
    254.53009631955));
#3495 = CARTESIAN_POINT('',(164.59521712218,17.287790221463,
    254.00557402703));
#3496 = CARTESIAN_POINT('',(164.56243040816,17.597799190644,
    253.48287257779));
#3497 = CARTESIAN_POINT('',(164.52836869909,17.913311579472,
    252.96203306519));
#3498 = CARTESIAN_POINT('',(164.49298905728,18.234322809765,
    252.44309715235));
#3499 = CARTESIAN_POINT('',(164.45624741612,18.560828727856,
    251.92610707214));
#3500 = CARTESIAN_POINT('',(164.38437147805,19.186341571713,
    250.95579668365));
#3501 = CARTESIAN_POINT('',(164.34954446213,19.484149366457,
    250.50204225353));
#3502 = CARTESIAN_POINT('',(164.31358630037,19.786246434703,
    250.04987191585));
#3503 = CARTESIAN_POINT('',(164.27646502489,20.092630504392,
    249.59931579947));
#3504 = CARTESIAN_POINT('',(164.23814793189,20.403299585527,
    249.15040458309));
#3505 = CARTESIAN_POINT('',(164.19860158157,20.718251970174,
    248.70316949524));
#3506 = CARTESIAN_POINT('',(164.15779179821,21.03748623246,
    248.25764231423));
#3507 = CARTESIAN_POINT('',(164.06001979854,21.788664437941,
    247.22720142059));
#3508 = CARTESIAN_POINT('',(164.00208733635,22.223805724168,
    246.64359197301));
#3509 = CARTESIAN_POINT('',(163.94180542658,22.666424458272,
    246.06309896697));
#3510 = CARTESIAN_POINT('',(163.87909088224,23.116519991988,
    245.48579783728));
#3511 = CARTESIAN_POINT('',(163.81385818632,23.574091657767,
    244.91176751215));
#3512 = CARTESIAN_POINT('',(163.74601949175,24.039138768781,
    244.34109041316));
#3513 = CARTESIAN_POINT('',(163.67548462147,24.511660618916,
    243.77385245525));
#3514 = CARTESIAN_POINT('',(163.50564713897,25.623462839248,
    242.46814667906));
#3515 = CARTESIAN_POINT('',(163.4043020404,26.26821512397,
    241.73226772062));
#3516 = CARTESIAN_POINT('',(163.29791302975,26.925922126432,
    241.00269763836));
#3517 = CARTESIAN_POINT('',(163.18626007854,27.596591084063,
    240.27964188977));
#3518 = CARTESIAN_POINT('',(163.0691156628,28.280227644739,
    239.56331989294));
#3519 = CARTESIAN_POINT('',(162.94624455322,28.976835829292,
    238.85396499658));
#3520 = CARTESIAN_POINT('',(162.8174036053,29.686417994018,
    238.15182445012));
#3521 = CARTESIAN_POINT('',(162.51287291693,31.315600358566,
    236.58553084799));
#3522 = CARTESIAN_POINT('',(162.33360900431,32.24265757109,
    235.72566705852));
#3523 = CARTESIAN_POINT('',(162.1440506877,33.190161372307,
    234.87807255803));
#3524 = CARTESIAN_POINT('',(161.94367989732,34.158113344221,
    234.0432968009));
#3525 = CARTESIAN_POINT('',(161.73195920314,35.146501572984,
    233.22193406494));
#3526 = CARTESIAN_POINT('',(161.50833140042,36.155300512573,
    232.41462337312));
#3527 = CARTESIAN_POINT('',(161.27221909525,37.184470848478,
    231.62204841531));
#3528 = CARTESIAN_POINT('',(160.70074940244,39.591225988782,
    229.8399271829));
#3529 = CARTESIAN_POINT('',(160.35653891841,40.982705607284,
    228.86061097753));
#3530 = CARTESIAN_POINT('',(159.98914246783,42.408066402237,
    227.90875641835));
#3531 = CARTESIAN_POINT('',(159.59727084676,43.866906352594,
    226.98623546384));
#3532 = CARTESIAN_POINT('',(159.17960003412,45.358745737241,
    226.09502997278));
#3533 = CARTESIAN_POINT('',(158.73477648352,46.883020131406,
    225.23723762974));
#3534 = CARTESIAN_POINT('',(158.26142369022,48.439073893163,
    224.41507828984));
#3535 = CARTESIAN_POINT('',(157.36008787763,51.281448502953,
    223.0106588513));
#3536 = CARTESIAN_POINT('',(156.94326049403,52.556300709412,
    222.41410520751));
#3537 = CARTESIAN_POINT('',(156.50714085001,53.84981253136,
    221.84267543632));
#3538 = CARTESIAN_POINT('',(156.05122544447,55.161046574136,
    221.29777814956));
#3539 = CARTESIAN_POINT('',(155.57503871416,56.489028538984,
    220.78079674106));
#3540 = CARTESIAN_POINT('',(155.07813743995,57.83274948557,
    220.29309118159));
#3541 = CARTESIAN_POINT('',(154.56011515323,59.191168094502,
    219.83599981383));
#3542 = CARTESIAN_POINT('',(153.73423396326,61.291497909537,
    219.18516581761));
#3543 = CARTESIAN_POINT('',(153.4418414946,62.023535864298,
    218.9685142941));
#3544 = CARTESIAN_POINT('',(153.14341840084,62.759059697597,
    218.76111260667));
#3545 = CARTESIAN_POINT('',(152.83896035326,63.497801628222,
    218.56317633883));
#3546 = CARTESIAN_POINT('',(152.52846968446,64.239493325577,
    218.37491074476));
#3547 = CARTESIAN_POINT('',(152.21195564299,64.983866044965,
    218.19651086612));
#3548 = CARTESIAN_POINT('',(151.88943464806,65.730650762886,
    218.02816164901));
#3549 = CARTESIAN_POINT('',(150.88944602967,68.010436666827,
    217.54682279626));
#3550 = CARTESIAN_POINT('',(150.19274546972,69.550743729541,
    217.26622768811));
#3551 = CARTESIAN_POINT('',(149.47144892886,71.097196741134,
    217.03000935938));
#3552 = CARTESIAN_POINT('',(148.72636483792,72.646529302457,
    216.83957795093));
#3553 = CARTESIAN_POINT('',(147.95849561617,74.195528833943,
    216.69600138273));
#3554 = CARTESIAN_POINT('',(147.16903964545,75.741052121248,
    216.6000078446));
#3555 = CARTESIAN_POINT('',(146.35938959638,77.280038947122,
    216.55198651616));
#3556 = CARTESIAN_POINT('',(144.70286461681,80.339008671896,
    216.55198651616));
#3557 = CARTESIAN_POINT('',(143.85647310529,81.858098880354,
    216.6000078446));
#3558 = CARTESIAN_POINT('',(142.99357174558,83.363849259672,
    216.69600138273));
#3559 = CARTESIAN_POINT('',(142.11596229997,84.853421128123,
    216.83957795093));
#3560 = CARTESIAN_POINT('',(141.22562221415,86.324093158078,
    217.03000935939));
#3561 = CARTESIAN_POINT('',(140.32469411567,87.773270227381,
    217.26622768811));
#3562 = CARTESIAN_POINT('',(139.41547171609,89.198490261523,
    217.54682279625));
#3563 = CARTESIAN_POINT('',(138.05270137033,91.281818845678,
    218.02816164901));
#3564 = CARTESIAN_POINT('',(137.60354549727,91.960026932325,
    218.19651086612));
#3565 = CARTESIAN_POINT('',(137.15312688601,92.631886261688,
    218.37491074475));
#3566 = CARTESIAN_POINT('',(136.70166186247,93.29723606582,
    218.56317633883));
#3567 = CARTESIAN_POINT('',(136.24937043772,93.955921734326,
    218.76111260667));
#3568 = CARTESIAN_POINT('',(135.79647605551,94.607794675016,
    218.9685142941));
#3569 = CARTESIAN_POINT('',(135.34320533981,95.252712174566,
    219.18516581761));
#3570 = CARTESIAN_POINT('',(134.02475230148,97.107387888181,
    219.84138734834));
#3571 = CARTESIAN_POINT('',(133.15938464779,98.298139540454,
    220.30467731592));
#3572 = CARTESIAN_POINT('',(132.29482152767,99.462506133175,
    220.799342148));
#3573 = CARTESIAN_POINT('',(131.43219648293,100.60025494159,
    221.32399277502));
#3574 = CARTESIAN_POINT('',(130.57263539206,101.71120399229,
    221.87721805747));
#3575 = CARTESIAN_POINT('',(129.7172519115,102.79521945644,
    222.4575828833));
#3576 = CARTESIAN_POINT('',(128.86714291682,103.85221304307,
    223.06362626535));
#3577 = CARTESIAN_POINT('',(126.95919223134,106.18113486493,
    224.48874155788));
#3578 = CARTESIAN_POINT('',(125.90493014406,107.43728262022,
    225.32223182382));
#3579 = CARTESIAN_POINT('',(124.86202234917,108.651369421,
    226.19191681121));
#3580 = CARTESIAN_POINT('',(123.83179980692,109.82422317137,
    227.09551850843));
#3581 = CARTESIAN_POINT('',(122.81550073037,110.95670256608,
    228.03088717966));
#3582 = CARTESIAN_POINT('',(121.81427271867,112.04968759091,
    228.9959946705));
#3583 = CARTESIAN_POINT('',(120.82917606431,113.10407087402,
    229.98892815713));
#3584 = CARTESIAN_POINT('',(119.09372503884,114.92681758957,
    231.81575747885));
#3585 = CARTESIAN_POINT('',(118.33691201668,115.70929407183,
    232.64009818703));
#3586 = CARTESIAN_POINT('',(117.59115732872,116.46870355954,
    233.48010489315));
#3587 = CARTESIAN_POINT('',(116.85684321284,117.20555868968,
    234.33502690288));
#3588 = CARTESIAN_POINT('',(116.13432641315,117.92036085627,
    235.20416449318));
#3589 = CARTESIAN_POINT('',(115.42393860934,118.61360055477,
    236.08686900739));
#3590 = CARTESIAN_POINT('',(114.725986846,119.28575772651,
    236.98254295022));
#3591 = CARTESIAN_POINT('',(113.48942107451,120.46152948753,
    238.62128775891));
#3592 = CARTESIAN_POINT('',(112.94632016646,120.97241452351,
    239.35998038077));
#3593 = CARTESIAN_POINT('',(112.4116054319,121.47019519472,
    240.10642532912));
#3594 = CARTESIAN_POINT('',(111.88542432795,121.95510236072,
    240.86034608804));
#3595 = CARTESIAN_POINT('',(111.3679177547,122.42735995135,
    241.6214822803));
#3596 = CARTESIAN_POINT('',(110.85922023513,122.88718516108,
    242.3895897027));
#3597 = CARTESIAN_POINT('',(110.35946009499,123.33478864332,
    243.16444036126));
#3598 = CARTESIAN_POINT('',(108.21305468901,125.24011453578,
    246.5823358475));
#3599 = CARTESIAN_POINT('',(106.65973817663,126.57370681839,
    249.29441461803));
#3600 = CARTESIAN_POINT('',(105.21453316019,127.77801811573,
    252.07268537202));
#3601 = CARTESIAN_POINT('',(103.88244184166,128.85920671023,
    254.90914106478));
#3602 = CARTESIAN_POINT('',(102.66788162737,129.82267463537,
    257.79689858276));
#3603 = CARTESIAN_POINT('',(101.57479987708,130.67301963712,
    260.72998771942));
#3604 = CARTESIAN_POINT('',(100.60676734525,131.41398706503,
    263.70317159748));
#3605 = CARTESIAN_POINT('',(99.022640374952,132.61084858842,
    269.37894915468));
#3606 = CARTESIAN_POINT('',(98.379255700256,133.08941372531,
    272.07329422236));
#3607 = CARTESIAN_POINT('',(97.839524700237,133.48583797576,
    274.78999072002));
#3608 = CARTESIAN_POINT('',(97.405565181053,133.80154515288,
    277.52441798185));
#3609 = CARTESIAN_POINT('',(97.078979454195,134.03762313901,
    280.27212743306));
#3610 = CARTESIAN_POINT('',(96.860853197595,134.19479571292,
    283.02879223746));
#3611 = CARTESIAN_POINT('',(96.751758068562,134.27340507577,
    285.79015685593));
#3612 = CARTESIAN_POINT('',(96.751758068562,134.27340507577,
    288.55198651616));
#3613 = PCURVE('',#1026,#3614);
#3614 = DEFINITIONAL_REPRESENTATION('',(#3615),#3856);
#3615 = B_SPLINE_CURVE_WITH_KNOTS('',8,(#3616,#3617,#3618,#3619,#3620,
    #3621,#3622,#3623,#3624,#3625,#3626,#3627,#3628,#3629,#3630,#3631,
    #3632,#3633,#3634,#3635,#3636,#3637,#3638,#3639,#3640,#3641,#3642,
    #3643,#3644,#3645,#3646,#3647,#3648,#3649,#3650,#3651,#3652,#3653,
    #3654,#3655,#3656,#3657,#3658,#3659,#3660,#3661,#3662,#3663,#3664,
    #3665,#3666,#3667,#3668,#3669,#3670,#3671,#3672,#3673,#3674,#3675,
    #3676,#3677,#3678,#3679,#3680,#3681,#3682,#3683,#3684,#3685,#3686,
    #3687,#3688,#3689,#3690,#3691,#3692,#3693,#3694,#3695,#3696,#3697,
    #3698,#3699,#3700,#3701,#3702,#3703,#3704,#3705,#3706,#3707,#3708,
    #3709,#3710,#3711,#3712,#3713,#3714,#3715,#3716,#3717,#3718,#3719,
    #3720,#3721,#3722,#3723,#3724,#3725,#3726,#3727,#3728,#3729,#3730,
    #3731,#3732,#3733,#3734,#3735,#3736,#3737,#3738,#3739,#3740,#3741,
    #3742,#3743,#3744,#3745,#3746,#3747,#3748,#3749,#3750,#3751,#3752,
    #3753,#3754,#3755,#3756,#3757,#3758,#3759,#3760,#3761,#3762,#3763,
    #3764,#3765,#3766,#3767,#3768,#3769,#3770,#3771,#3772,#3773,#3774,
    #3775,#3776,#3777,#3778,#3779,#3780,#3781,#3782,#3783,#3784,#3785,
    #3786,#3787,#3788,#3789,#3790,#3791,#3792,#3793,#3794,#3795,#3796,
    #3797,#3798,#3799,#3800,#3801,#3802,#3803,#3804,#3805,#3806,#3807,
    #3808,#3809,#3810,#3811,#3812,#3813,#3814,#3815,#3816,#3817,#3818,
    #3819,#3820,#3821,#3822,#3823,#3824,#3825,#3826,#3827,#3828,#3829,
    #3830,#3831,#3832,#3833,#3834,#3835,#3836,#3837,#3838,#3839,#3840,
    #3841,#3842,#3843,#3844,#3845,#3846,#3847,#3848,#3849,#3850,#3851,
    #3852,#3853,#3854,#3855),.UNSPECIFIED.,.F.,.F.,(9,7,7,7,7,7,7,7,7,7,
    7,7,7,7,7,7,7,7,7,7,7,7,7,7,7,7,7,7,7,7,7,7,7,7,9),(0.,
    0.120742944241,0.138579579596,0.16096003416,0.189903889862,
    0.212796909273,0.224948583728,0.249787424781,0.274626265835,
    0.28677794029,0.309961055946,0.339200780029,0.362383315365,
    0.381035797528,0.443972375174,0.469977667938,0.499771851686,
    0.585359410561,0.596960350775,0.607216655653,0.620774742026,
    0.63862090654,0.66101331778,0.689972636639,0.712877886572,
    0.72503605302,0.749888164143,0.774740275267,0.786898441714,
    0.810093942873,0.839349288181,0.86254420871,0.8812066559,
    0.944176857204,1.),.UNSPECIFIED.);
#3616 = CARTESIAN_POINT('',(0.,149.01761640826));
#3617 = CARTESIAN_POINT('',(8.327007476378E-02,149.01761640826));
#3618 = CARTESIAN_POINT('',(0.16629537941,149.29329180175));
#3619 = CARTESIAN_POINT('',(0.249483630142,149.84180242757));
#3620 = CARTESIAN_POINT('',(0.333213463725,150.64873150847));
#3621 = CARTESIAN_POINT('',(0.417854842013,151.68804816482));
#3622 = CARTESIAN_POINT('',(0.503788788316,152.92196683815));
#3623 = CARTESIAN_POINT('',(0.59142176267,154.30093846718));
#3624 = CARTESIAN_POINT('',(0.694495156176,155.97905752955));
#3625 = CARTESIAN_POINT('',(0.70781546639,156.19696540938));
#3626 = CARTESIAN_POINT('',(0.721191914099,156.41660687789));
#3627 = CARTESIAN_POINT('',(0.73462693331,156.63779190116));
#3628 = CARTESIAN_POINT('',(0.748122961267,156.86032309722));
#3629 = CARTESIAN_POINT('',(0.761682454334,157.08399553371));
#3630 = CARTESIAN_POINT('',(0.775307903876,157.30859652548));
#3631 = CARTESIAN_POINT('',(0.806184284863,157.81661097885));
#3632 = CARTESIAN_POINT('',(0.82347464804,158.10043247861));
#3633 = CARTESIAN_POINT('',(0.840878210356,158.38493814576));
#3634 = CARTESIAN_POINT('',(0.858400176089,158.66967317303));
#3635 = CARTESIAN_POINT('',(0.876045746014,158.95415930229));
#3636 = CARTESIAN_POINT('',(0.893820178294,159.23789439513));
#3637 = CARTESIAN_POINT('',(0.911728849385,159.52035200357));
#3638 = CARTESIAN_POINT('',(0.953118761408,160.16390848708));
#3639 = CARTESIAN_POINT('',(0.976697975401,160.52383903953));
#3640 = CARTESIAN_POINT('',(1.000523032723,160.87951508768));
#3641 = CARTESIAN_POINT('',(1.024602322799,161.22961154151));
#3642 = CARTESIAN_POINT('',(1.048944581897,161.57273569484));
#3643 = CARTESIAN_POINT('',(1.073558953907,161.90742854359));
#3644 = CARTESIAN_POINT('',(1.09845507866,162.23216745871));
#3645 = CARTESIAN_POINT('',(1.143565651253,162.79309659942));
#3646 = CARTESIAN_POINT('',(1.163673115395,163.03363518779));
#3647 = CARTESIAN_POINT('',(1.183962284792,163.26609480943));
#3648 = CARTESIAN_POINT('',(1.204430364557,163.4895863362));
#3649 = CARTESIAN_POINT('',(1.225075060332,163.70322763349));
#3650 = CARTESIAN_POINT('',(1.245894558282,163.90614851227));
#3651 = CARTESIAN_POINT('',(1.266887505094,164.09749568116));
#3652 = CARTESIAN_POINT('',(1.299287681526,164.37142058831));
#3653 = CARTESIAN_POINT('',(1.310569657593,164.46289706628));
#3654 = CARTESIAN_POINT('',(1.321897136829,164.55073050352));
#3655 = CARTESIAN_POINT('',(1.333268407922,164.63478957874));
#3656 = CARTESIAN_POINT('',(1.344681820607,164.71494856663));
#3657 = CARTESIAN_POINT('',(1.356135778702,164.79108762616));
#3658 = CARTESIAN_POINT('',(1.367628733126,164.86309308899));
#3659 = CARTESIAN_POINT('',(1.40272817459,165.06937327479));
#3660 = CARTESIAN_POINT('',(1.426461433377,165.19021465478));
#3661 = CARTESIAN_POINT('',(1.450330631209,165.29235439416));
#3662 = CARTESIAN_POINT('',(1.474308743827,165.37494795208));
#3663 = CARTESIAN_POINT('',(1.49836970375,165.43734699828));
#3664 = CARTESIAN_POINT('',(1.522488064894,165.4791085517));
#3665 = CARTESIAN_POINT('',(1.546638670843,165.5));
#3666 = CARTESIAN_POINT('',(1.594953982747,165.5));
#3667 = CARTESIAN_POINT('',(1.619104588696,165.4791085517));
#3668 = CARTESIAN_POINT('',(1.643222949839,165.43734699828));
#3669 = CARTESIAN_POINT('',(1.667283909762,165.37494795208));
#3670 = CARTESIAN_POINT('',(1.69126202238,165.29235439416));
#3671 = CARTESIAN_POINT('',(1.715131220212,165.19021465478));
#3672 = CARTESIAN_POINT('',(1.738864479,165.06937327479));
#3673 = CARTESIAN_POINT('',(1.773963920464,164.863093089));
#3674 = CARTESIAN_POINT('',(1.785456874887,164.79108762616));
#3675 = CARTESIAN_POINT('',(1.796910832982,164.71494856663));
#3676 = CARTESIAN_POINT('',(1.808324245668,164.63478957875));
#3677 = CARTESIAN_POINT('',(1.81969551676,164.55073050352));
#3678 = CARTESIAN_POINT('',(1.831022995997,164.46289706628));
#3679 = CARTESIAN_POINT('',(1.842304972064,164.37142058831));
#3680 = CARTESIAN_POINT('',(1.874973353706,164.09522815994));
#3681 = CARTESIAN_POINT('',(1.89622993853,163.90129849643));
#3682 = CARTESIAN_POINT('',(1.917308539349,163.69551197913));
#3683 = CARTESIAN_POINT('',(1.938207813331,163.47875455783));
#3684 = CARTESIAN_POINT('',(1.958925935034,163.25192961095));
#3685 = CARTESIAN_POINT('',(1.9794605759,163.01595269552));
#3686 = CARTESIAN_POINT('',(1.999808883741,162.77174629716));
#3687 = CARTESIAN_POINT('',(2.04539248627,162.20301521589));
#3688 = CARTESIAN_POINT('',(2.070519796503,161.874123715));
#3689 = CARTESIAN_POINT('',(2.09536004883,161.5351874961));
#3690 = CARTESIAN_POINT('',(2.119923268108,161.18777116873));
#3691 = CARTESIAN_POINT('',(2.144218970326,160.83337244809));
#3692 = CARTESIAN_POINT('',(2.168256255697,160.47341950734));
#3693 = CARTESIAN_POINT('',(2.192043872659,160.10926976738));
#3694 = CARTESIAN_POINT('',(2.234258855397,159.45118914444));
#3695 = CARTESIAN_POINT('',(2.252778356285,159.15829939722));
#3696 = CARTESIAN_POINT('',(2.271154934097,158.86414942633));
#3697 = CARTESIAN_POINT('',(2.289394558817,158.56931946252));
#3698 = CARTESIAN_POINT('',(2.307503063805,158.27436196496));
#3699 = CARTESIAN_POINT('',(2.325486217817,157.97980216287));
#3700 = CARTESIAN_POINT('',(2.343349797044,157.68613859698));
#3701 = CARTESIAN_POINT('',(2.375381052334,157.15866549805));
#3702 = CARTESIAN_POINT('',(2.389588877203,156.92437256226));
#3703 = CARTESIAN_POINT('',(2.403726009218,156.69121376866));
#3704 = CARTESIAN_POINT('',(2.41779526434,156.45942871563));
#3705 = CARTESIAN_POINT('',(2.431799416405,156.22924793583));
#3706 = CARTESIAN_POINT('',(2.445741216506,156.00089314691));
#3707 = CARTESIAN_POINT('',(2.459623412369,155.77457750228));
#3708 = CARTESIAN_POINT('',(2.520097816607,154.79445078523));
#3709 = CARTESIAN_POINT('',(2.566121057245,154.06359803566));
#3710 = CARTESIAN_POINT('',(2.611599403067,153.36624990829));
#3711 = CARTESIAN_POINT('',(2.65660906833,152.70973756561));
#3712 = CARTESIAN_POINT('',(2.701223092852,152.10051781613));
#3713 = CARTESIAN_POINT('',(2.745512685488,151.54425114256));
#3714 = CARTESIAN_POINT('',(2.789548386337,151.04586095958));
#3715 = CARTESIAN_POINT('',(2.851520896915,150.42930107231));
#3716 = CARTESIAN_POINT('',(2.869605860648,150.25966724424));
#3717 = CARTESIAN_POINT('',(2.887659075551,150.10098224205));
#3718 = CARTESIAN_POINT('',(2.905683634262,149.95352910073));
#3719 = CARTESIAN_POINT('',(2.923682607666,149.81756390215));
#3720 = CARTESIAN_POINT('',(2.941659067166,149.693315412));
#3721 = CARTESIAN_POINT('',(2.959616106949,149.58098471671));
#3722 = CARTESIAN_POINT('',(2.998111538881,149.36590036607));
#3723 = CARTESIAN_POINT('',(3.01864455082,149.26692812092));
#3724 = CARTESIAN_POINT('',(3.039159594228,149.18409396572));
#3725 = CARTESIAN_POINT('',(3.059660310211,149.11761143355));
#3726 = CARTESIAN_POINT('',(3.080150319508,149.06764137442));
#3727 = CARTESIAN_POINT('',(3.100633253178,149.03429157999));
#3728 = CARTESIAN_POINT('',(3.121112783286,149.01761640826));
#3729 = CARTESIAN_POINT('',(3.200423669746,149.01761640826));
#3730 = CARTESIAN_POINT('',(3.259205072309,149.15522023335));
#3731 = CARTESIAN_POINT('',(3.318053096315,149.43002356423));
#3732 = CARTESIAN_POINT('',(3.377080070435,149.83836621));
#3733 = CARTESIAN_POINT('',(3.436396401373,150.37331682047));
#3734 = CARTESIAN_POINT('',(3.496112778209,151.02471784202));
#3735 = CARTESIAN_POINT('',(3.556342596672,151.77929071689));
#3736 = CARTESIAN_POINT('',(3.625454125945,152.73486363123));
#3737 = CARTESIAN_POINT('',(3.633716519082,152.85054052311));
#3738 = CARTESIAN_POINT('',(3.641992230075,152.96779443637));
#3739 = CARTESIAN_POINT('',(3.650281718068,153.08658701517));
#3740 = CARTESIAN_POINT('',(3.658585454031,153.2068791131));
#3741 = CARTESIAN_POINT('',(3.666903920768,153.32863079315));
#3742 = CARTESIAN_POINT('',(3.675237612908,153.45180132775));
#3743 = CARTESIAN_POINT('',(3.690968700513,153.68646104425));
#3744 = CARTESIAN_POINT('',(3.698362659929,153.79764941651));
#3745 = CARTESIAN_POINT('',(3.70576926536,153.90988563575));
#3746 = CARTESIAN_POINT('',(3.713188874527,154.02314050931));
#3747 = CARTESIAN_POINT('',(3.72062185268,154.13738433176));
#3748 = CARTESIAN_POINT('',(3.728068572593,154.25258688476));
#3749 = CARTESIAN_POINT('',(3.735529414566,154.36871743718));
#3750 = CARTESIAN_POINT('',(3.752886635901,154.64044630339));
#3751 = CARTESIAN_POINT('',(3.762793807744,154.79671398338));
#3752 = CARTESIAN_POINT('',(3.77272722084,154.95447638454));
#3753 = CARTESIAN_POINT('',(3.782687820137,155.11366004833));
#3754 = CARTESIAN_POINT('',(3.792676556644,155.27418945816));
#3755 = CARTESIAN_POINT('',(3.802694387428,155.43598703935));
#3756 = CARTESIAN_POINT('',(3.812742275617,155.59897315915));
#3757 = CARTESIAN_POINT('',(3.836087809766,155.97905752955));
#3758 = CARTESIAN_POINT('',(3.849408119979,156.19696540937));
#3759 = CARTESIAN_POINT('',(3.862784567689,156.41660687789));
#3760 = CARTESIAN_POINT('',(3.8762195869,156.63779190116));
#3761 = CARTESIAN_POINT('',(3.889715614857,156.86032309722));
#3762 = CARTESIAN_POINT('',(3.903275107924,157.08399553371));
#3763 = CARTESIAN_POINT('',(3.916900557466,157.30859652548));
#3764 = CARTESIAN_POINT('',(3.947776938453,157.81661097885));
#3765 = CARTESIAN_POINT('',(3.96506730163,158.10043247861));
#3766 = CARTESIAN_POINT('',(3.982470863946,158.38493814576));
#3767 = CARTESIAN_POINT('',(3.999992829679,158.66967317303));
#3768 = CARTESIAN_POINT('',(4.017638399603,158.95415930229));
#3769 = CARTESIAN_POINT('',(4.035412831884,159.23789439513));
#3770 = CARTESIAN_POINT('',(4.053321502975,159.52035200357));
#3771 = CARTESIAN_POINT('',(4.094711415002,160.16390848714));
#3772 = CARTESIAN_POINT('',(4.118290628992,160.52383903955));
#3773 = CARTESIAN_POINT('',(4.14211568631,160.87951508764));
#3774 = CARTESIAN_POINT('',(4.166194976385,161.22961154145));
#3775 = CARTESIAN_POINT('',(4.190537235485,161.57273569482));
#3776 = CARTESIAN_POINT('',(4.215151607499,161.90742854362));
#3777 = CARTESIAN_POINT('',(4.240047732254,162.23216745877));
#3778 = CARTESIAN_POINT('',(4.285158304843,162.79309659942));
#3779 = CARTESIAN_POINT('',(4.305265768985,163.03363518779));
#3780 = CARTESIAN_POINT('',(4.325554938382,163.26609480943));
#3781 = CARTESIAN_POINT('',(4.346023018147,163.4895863362));
#3782 = CARTESIAN_POINT('',(4.366667713922,163.70322763349));
#3783 = CARTESIAN_POINT('',(4.387487211872,163.90614851227));
#3784 = CARTESIAN_POINT('',(4.408480158684,164.09749568116));
#3785 = CARTESIAN_POINT('',(4.440880335116,164.37142058831));
#3786 = CARTESIAN_POINT('',(4.452162311182,164.46289706628));
#3787 = CARTESIAN_POINT('',(4.463489790419,164.55073050352));
#3788 = CARTESIAN_POINT('',(4.474861061511,164.63478957874));
#3789 = CARTESIAN_POINT('',(4.486274474197,164.71494856663));
#3790 = CARTESIAN_POINT('',(4.497728432292,164.79108762616));
#3791 = CARTESIAN_POINT('',(4.509221386716,164.86309308899));
#3792 = CARTESIAN_POINT('',(4.544320828179,165.06937327479));
#3793 = CARTESIAN_POINT('',(4.568054086967,165.19021465478));
#3794 = CARTESIAN_POINT('',(4.591923284799,165.29235439416));
#3795 = CARTESIAN_POINT('',(4.615901397417,165.37494795208));
#3796 = CARTESIAN_POINT('',(4.639962357341,165.43734699828));
#3797 = CARTESIAN_POINT('',(4.664080718484,165.47910855169));
#3798 = CARTESIAN_POINT('',(4.688231324432,165.5));
#3799 = CARTESIAN_POINT('',(4.736546636337,165.5));
#3800 = CARTESIAN_POINT('',(4.760697242285,165.4791085517));
#3801 = CARTESIAN_POINT('',(4.784815603429,165.43734699828));
#3802 = CARTESIAN_POINT('',(4.808876563353,165.37494795208));
#3803 = CARTESIAN_POINT('',(4.83285467597,165.29235439416));
#3804 = CARTESIAN_POINT('',(4.856723873802,165.19021465478));
#3805 = CARTESIAN_POINT('',(4.88045713259,165.0693732748));
#3806 = CARTESIAN_POINT('',(4.915556574054,164.863093089));
#3807 = CARTESIAN_POINT('',(4.927049528477,164.79108762616));
#3808 = CARTESIAN_POINT('',(4.938503486572,164.71494856663));
#3809 = CARTESIAN_POINT('',(4.949916899258,164.63478957874));
#3810 = CARTESIAN_POINT('',(4.96128817035,164.55073050352));
#3811 = CARTESIAN_POINT('',(4.972615649587,164.46289706628));
#3812 = CARTESIAN_POINT('',(4.983897625654,164.37142058831));
#3813 = CARTESIAN_POINT('',(5.016566007296,164.09522815995));
#3814 = CARTESIAN_POINT('',(5.037822592119,163.90129849643));
#3815 = CARTESIAN_POINT('',(5.058901192939,163.69551197912));
#3816 = CARTESIAN_POINT('',(5.079800466921,163.47875455782));
#3817 = CARTESIAN_POINT('',(5.100518588624,163.25192961095));
#3818 = CARTESIAN_POINT('',(5.12105322949,163.01595269552));
#3819 = CARTESIAN_POINT('',(5.141401537331,162.77174629717));
#3820 = CARTESIAN_POINT('',(5.18698513986,162.20301521589));
#3821 = CARTESIAN_POINT('',(5.212112450093,161.87412371499));
#3822 = CARTESIAN_POINT('',(5.23695270242,161.5351874961));
#3823 = CARTESIAN_POINT('',(5.261515921697,161.18777116874));
#3824 = CARTESIAN_POINT('',(5.285811623916,160.83337244809));
#3825 = CARTESIAN_POINT('',(5.309848909287,160.47341950734));
#3826 = CARTESIAN_POINT('',(5.333636526249,160.10926976738));
#3827 = CARTESIAN_POINT('',(5.375851508987,159.45118914443));
#3828 = CARTESIAN_POINT('',(5.394371009875,159.15829939722));
#3829 = CARTESIAN_POINT('',(5.412747587687,158.86414942633));
#3830 = CARTESIAN_POINT('',(5.430987212407,158.56931946252));
#3831 = CARTESIAN_POINT('',(5.449095717395,158.27436196496));
#3832 = CARTESIAN_POINT('',(5.467078871407,157.97980216287));
#3833 = CARTESIAN_POINT('',(5.484942450634,157.68613859698));
#3834 = CARTESIAN_POINT('',(5.516973705924,157.15866549805));
#3835 = CARTESIAN_POINT('',(5.531181530793,156.92437256226));
#3836 = CARTESIAN_POINT('',(5.545318662807,156.69121376866));
#3837 = CARTESIAN_POINT('',(5.55938791793,156.45942871563));
#3838 = CARTESIAN_POINT('',(5.573392069995,156.22924793583));
#3839 = CARTESIAN_POINT('',(5.587333870096,156.00089314691));
#3840 = CARTESIAN_POINT('',(5.601216065958,155.77457750228));
#3841 = CARTESIAN_POINT('',(5.661690470197,154.79445078523));
#3842 = CARTESIAN_POINT('',(5.707713710835,154.06359803567));
#3843 = CARTESIAN_POINT('',(5.753192056657,153.36624990829));
#3844 = CARTESIAN_POINT('',(5.798201721919,152.70973756561));
#3845 = CARTESIAN_POINT('',(5.842815746442,152.10051781613));
#3846 = CARTESIAN_POINT('',(5.887105339078,151.54425114256));
#3847 = CARTESIAN_POINT('',(5.931141039926,151.04586095958));
#3848 = CARTESIAN_POINT('',(6.013869126909,150.22280539014));
#3849 = CARTESIAN_POINT('',(6.052591102131,149.88493828245));
#3850 = CARTESIAN_POINT('',(6.091186158884,149.59910351289));
#3851 = CARTESIAN_POINT('',(6.129680734348,149.36784136393));
#3852 = CARTESIAN_POINT('',(6.168101260125,149.19307885482));
#3853 = CARTESIAN_POINT('',(6.206474275089,149.07611532449));
#3854 = CARTESIAN_POINT('',(6.244826561899,149.01761640826));
#3855 = CARTESIAN_POINT('',(6.28318530718,149.01761640826));
#3856 = ( GEOMETRIC_REPRESENTATION_CONTEXT(2) 
PARAMETRIC_REPRESENTATION_CONTEXT() REPRESENTATION_CONTEXT('2D SPACE',''
  ) );
#3857 = PCURVE('',#2937,#3858);
#3858 = DEFINITIONAL_REPRESENTATION('',(#3859),#4100);
#3859 = B_SPLINE_CURVE_WITH_KNOTS('',8,(#3860,#3861,#3862,#3863,#3864,
    #3865,#3866,#3867,#3868,#3869,#3870,#3871,#3872,#3873,#3874,#3875,
    #3876,#3877,#3878,#3879,#3880,#3881,#3882,#3883,#3884,#3885,#3886,
    #3887,#3888,#3889,#3890,#3891,#3892,#3893,#3894,#3895,#3896,#3897,
    #3898,#3899,#3900,#3901,#3902,#3903,#3904,#3905,#3906,#3907,#3908,
    #3909,#3910,#3911,#3912,#3913,#3914,#3915,#3916,#3917,#3918,#3919,
    #3920,#3921,#3922,#3923,#3924,#3925,#3926,#3927,#3928,#3929,#3930,
    #3931,#3932,#3933,#3934,#3935,#3936,#3937,#3938,#3939,#3940,#3941,
    #3942,#3943,#3944,#3945,#3946,#3947,#3948,#3949,#3950,#3951,#3952,
    #3953,#3954,#3955,#3956,#3957,#3958,#3959,#3960,#3961,#3962,#3963,
    #3964,#3965,#3966,#3967,#3968,#3969,#3970,#3971,#3972,#3973,#3974,
    #3975,#3976,#3977,#3978,#3979,#3980,#3981,#3982,#3983,#3984,#3985,
    #3986,#3987,#3988,#3989,#3990,#3991,#3992,#3993,#3994,#3995,#3996,
    #3997,#3998,#3999,#4000,#4001,#4002,#4003,#4004,#4005,#4006,#4007,
    #4008,#4009,#4010,#4011,#4012,#4013,#4014,#4015,#4016,#4017,#4018,
    #4019,#4020,#4021,#4022,#4023,#4024,#4025,#4026,#4027,#4028,#4029,
    #4030,#4031,#4032,#4033,#4034,#4035,#4036,#4037,#4038,#4039,#4040,
    #4041,#4042,#4043,#4044,#4045,#4046,#4047,#4048,#4049,#4050,#4051,
    #4052,#4053,#4054,#4055,#4056,#4057,#4058,#4059,#4060,#4061,#4062,
    #4063,#4064,#4065,#4066,#4067,#4068,#4069,#4070,#4071,#4072,#4073,
    #4074,#4075,#4076,#4077,#4078,#4079,#4080,#4081,#4082,#4083,#4084,
    #4085,#4086,#4087,#4088,#4089,#4090,#4091,#4092,#4093,#4094,#4095,
    #4096,#4097,#4098,#4099),.UNSPECIFIED.,.T.,.F.,(9,7,7,7,7,7,7,7,7,7,
    7,7,7,7,7,7,7,7,7,7,7,7,7,7,7,7,7,7,7,7,7,7,7,7,9),(0.,
    0.120742944241,0.138579579596,0.16096003416,0.189903889862,
    0.212796909273,0.224948583728,0.249787424781,0.274626265835,
    0.28677794029,0.309961055946,0.339200780029,0.362383315365,
    0.381035797528,0.443972375174,0.469977667938,0.499771851686,
    0.585359410561,0.596960350775,0.607216655653,0.620774742026,
    0.63862090654,0.66101331778,0.689972636639,0.712877886572,
    0.72503605302,0.749888164143,0.774740275267,0.786898441714,
    0.810093942873,0.839349288181,0.86254420871,0.8812066559,
    0.944176857204,1.),.UNSPECIFIED.);
#3860 = CARTESIAN_POINT('',(0.946405967904,82.));
#3861 = CARTESIAN_POINT('',(0.946405967904,87.995445382992));
#3862 = CARTESIAN_POINT('',(0.942577145729,93.973266250885));
#3863 = CARTESIAN_POINT('',(0.934958925524,99.899478914156));
#3864 = CARTESIAN_POINT('',(0.923581721466,105.7395302734));
#3865 = CARTESIAN_POINT('',(0.90847572774,111.45478916531));
#3866 = CARTESIAN_POINT('',(0.889670440874,116.99977966044));
#3867 = CARTESIAN_POINT('',(0.867190160648,122.31898886327));
#3868 = CARTESIAN_POINT('',(0.837186015311,128.0838398371));
#3869 = CARTESIAN_POINT('',(0.833242435091,128.81971879555));
#3870 = CARTESIAN_POINT('',(0.829216786201,129.5492888778));
#3871 = CARTESIAN_POINT('',(0.825108721364,130.27234462639));
#3872 = CARTESIAN_POINT('',(0.820917878732,130.98866662322));
#3873 = CARTESIAN_POINT('',(0.816643880104,131.69802151957));
#3874 = CARTESIAN_POINT('',(0.812286329145,132.40016206603));
#3875 = CARTESIAN_POINT('',(0.802271828807,133.96645566817));
#3876 = CARTESIAN_POINT('',(0.796566621092,134.82631945764));
#3877 = CARTESIAN_POINT('',(0.790728279346,135.67391395813));
#3878 = CARTESIAN_POINT('',(0.784755903036,136.50868971526));
#3879 = CARTESIAN_POINT('',(0.778648591304,137.33005245122));
#3880 = CARTESIAN_POINT('',(0.772405436051,138.13736314304));
#3881 = CARTESIAN_POINT('',(0.766025515024,138.92993810084));
#3882 = CARTESIAN_POINT('',(0.751078862826,140.71205933308));
#3883 = CARTESIAN_POINT('',(0.742418088092,141.69137553859));
#3884 = CARTESIAN_POINT('',(0.733524853285,142.64323009792));
#3885 = CARTESIAN_POINT('',(0.724398599175,143.56575105246));
#3886 = CARTESIAN_POINT('',(0.715038936808,144.45695654343));
#3887 = CARTESIAN_POINT('',(0.705445668446,145.31474888633));
#3888 = CARTESIAN_POINT('',(0.695618807372,146.13690822617));
#3889 = CARTESIAN_POINT('',(0.677601515654,147.54132766485));
#3890 = CARTESIAN_POINT('',(0.669497514695,148.13788130864));
#3891 = CARTESIAN_POINT('',(0.661250038688,148.70931107984));
#3892 = CARTESIAN_POINT('',(0.652862678949,149.25420836659));
#3893 = CARTESIAN_POINT('',(0.644339169252,149.77118977509));
#3894 = CARTESIAN_POINT('',(0.635683381982,150.25889533457));
#3895 = CARTESIAN_POINT('',(0.626899324288,150.71598670232));
#3896 = CARTESIAN_POINT('',(0.613262643702,151.36682069854));
#3897 = CARTESIAN_POINT('',(0.608499738734,151.58347222205));
#3898 = CARTESIAN_POINT('',(0.603703736503,151.79087390948));
#3899 = CARTESIAN_POINT('',(0.598875962212,151.98881017732));
#3900 = CARTESIAN_POINT('',(0.594017749699,152.1770757714));
#3901 = CARTESIAN_POINT('',(0.589130442033,152.35547565004));
#3902 = CARTESIAN_POINT('',(0.584215392121,152.52382486714));
#3903 = CARTESIAN_POINT('',(0.569173349981,153.0051637199));
#3904 = CARTESIAN_POINT('',(0.558959250599,153.28575882805));
#3905 = CARTESIAN_POINT('',(0.548649876059,153.52197715677));
#3906 = CARTESIAN_POINT('',(0.538263543075,153.71240856523));
#3907 = CARTESIAN_POINT('',(0.527818647746,153.85598513342));
#3908 = CARTESIAN_POINT('',(0.517333645474,153.95197867155));
#3909 = CARTESIAN_POINT('',(0.506827037222,154.));
#3910 = CARTESIAN_POINT('',(0.485807687028,154.));
#3911 = CARTESIAN_POINT('',(0.475301078777,153.95197867155));
#3912 = CARTESIAN_POINT('',(0.464816076505,153.85598513343));
#3913 = CARTESIAN_POINT('',(0.454371181177,153.71240856523));
#3914 = CARTESIAN_POINT('',(0.443984848192,153.52197715677));
#3915 = CARTESIAN_POINT('',(0.433675473652,153.28575882805));
#3916 = CARTESIAN_POINT('',(0.42346137427,153.0051637199));
#3917 = CARTESIAN_POINT('',(0.40841933213,152.52382486714));
#3918 = CARTESIAN_POINT('',(0.403504282218,152.35547565004));
#3919 = CARTESIAN_POINT('',(0.398616974552,152.1770757714));
#3920 = CARTESIAN_POINT('',(0.393758762039,151.98881017733));
#3921 = CARTESIAN_POINT('',(0.388930987748,151.79087390949));
#3922 = CARTESIAN_POINT('',(0.384134985517,151.58347222205));
#3923 = CARTESIAN_POINT('',(0.379372080549,151.36682069855));
#3924 = CARTESIAN_POINT('',(0.365622516974,150.7105991678));
#3925 = CARTESIAN_POINT('',(0.356728812463,150.24730920023));
#3926 = CARTESIAN_POINT('',(0.347966743975,149.75264436817));
#3927 = CARTESIAN_POINT('',(0.339340441617,149.22799374115));
#3928 = CARTESIAN_POINT('',(0.33085389396,148.6747684587));
#3929 = CARTESIAN_POINT('',(0.322510943874,148.09440363286));
#3930 = CARTESIAN_POINT('',(0.314315284375,147.48836025079));
#3931 = CARTESIAN_POINT('',(0.296123905971,146.06324495829));
#3932 = CARTESIAN_POINT('',(0.286215652178,145.22975469234));
#3933 = CARTESIAN_POINT('',(0.276545879038,144.36006970495));
#3934 = CARTESIAN_POINT('',(0.267114535922,143.45646800772));
#3935 = CARTESIAN_POINT('',(0.257921355522,142.52109933649));
#3936 = CARTESIAN_POINT('',(0.24896587506,141.55599184566));
#3937 = CARTESIAN_POINT('',(0.240247458796,140.56305835904));
#3938 = CARTESIAN_POINT('',(0.225040311742,138.73622903731));
#3939 = CARTESIAN_POINT('',(0.218462911571,137.91188832913));
#3940 = CARTESIAN_POINT('',(0.212032064982,137.071881623));
#3941 = CARTESIAN_POINT('',(0.205746742752,136.21695961328));
#3942 = CARTESIAN_POINT('',(0.199605934649,135.34782202297));
#3943 = CARTESIAN_POINT('',(0.193608641307,134.46511750877));
#3944 = CARTESIAN_POINT('',(0.187753866092,133.56944356594));
#3945 = CARTESIAN_POINT('',(0.177443764482,131.93069875725));
#3946 = CARTESIAN_POINT('',(0.172938519967,131.19200613539));
#3947 = CARTESIAN_POINT('',(0.168524409894,130.44556118704));
#3948 = CARTESIAN_POINT('',(0.164200995401,129.69164042812));
#3949 = CARTESIAN_POINT('',(0.159967860131,128.93050423585));
#3950 = CARTESIAN_POINT('',(0.155824608048,128.16239681346));
#3951 = CARTESIAN_POINT('',(0.151770861258,127.3875461549));
#3952 = CARTESIAN_POINT('',(0.134429026339,123.96965066867));
#3953 = CARTESIAN_POINT('',(0.122060584077,121.25757189813));
#3954 = CARTESIAN_POINT('',(0.110695605956,118.47930114413));
#3955 = CARTESIAN_POINT('',(0.100330647795,115.64284545137));
#3956 = CARTESIAN_POINT('',(9.096419029619E-02,112.75508793341));
#3957 = CARTESIAN_POINT('',(8.259673078059E-02,109.82199879675));
#3958 = CARTESIAN_POINT('',(7.523092267452E-02,106.84881491866));
#3959 = CARTESIAN_POINT('',(6.62441680898E-02,102.59702816119));
#3960 = CARTESIAN_POINT('',(6.378896824453E-02,101.34806661477));
#3961 = CARTESIAN_POINT('',(6.150667085671E-02,100.09376525619));
#3962 = CARTESIAN_POINT('',(5.939775773425E-02,98.834576753393));
#3963 = CARTESIAN_POINT('',(5.746268231931E-02,97.57094454282));
#3964 = CARTESIAN_POINT('',(5.570186715477E-02,96.303302846496));
#3965 = CARTESIAN_POINT('',(5.411570135061E-02,95.032076689159));
#3966 = CARTESIAN_POINT('',(5.108777260791E-02,92.297611751927));
#3967 = CARTESIAN_POINT('',(4.970074161591E-02,90.83340302365));
#3968 = CARTESIAN_POINT('',(4.854405283789E-02,89.365754363313));
#3969 = CARTESIAN_POINT('',(4.761819721288E-02,87.895359168313));
#3970 = CARTESIAN_POINT('',(4.692354743009E-02,86.422905640826));
#3971 = CARTESIAN_POINT('',(4.646035650352E-02,84.949076827954));
#3972 = CARTESIAN_POINT('',(4.622875634656E-02,83.474550661878));
#3973 = CARTESIAN_POINT('',(4.622875634656E-02,77.764166836742));
#3974 = CARTESIAN_POINT('',(4.813991840451E-02,73.531908568812));
#3975 = CARTESIAN_POINT('',(5.195663957596E-02,69.317183752049));
#3976 = CARTESIAN_POINT('',(5.767038579428E-02,65.134107479896));
#3977 = CARTESIAN_POINT('',(6.526898162528E-02,60.997422906931));
#3978 = CARTESIAN_POINT('',(7.473655466799E-02,56.922972113582));
#3979 = CARTESIAN_POINT('',(8.605413460192E-02,52.928166312045));
#3980 = CARTESIAN_POINT('',(0.100982882219,48.504412415525));
#3981 = CARTESIAN_POINT('',(0.10279873533,47.978109803386));
#3982 = CARTESIAN_POINT('',(0.104648463077,47.453587510874));
#3983 = CARTESIAN_POINT('',(0.106532067168,46.930886061627));
#3984 = CARTESIAN_POINT('',(0.108449554155,46.410046549026));
#3985 = CARTESIAN_POINT('',(0.110400935435,45.89111063619));
#3986 = CARTESIAN_POINT('',(0.112386227246,45.37412055598));
#3987 = CARTESIAN_POINT('',(0.116190631076,44.403810167494));
#3988 = CARTESIAN_POINT('',(0.118002333203,43.950055737372));
#3989 = CARTESIAN_POINT('',(0.119840571784,43.497885399685));
#3990 = CARTESIAN_POINT('',(0.121705364981,43.047329283307));
#3991 = CARTESIAN_POINT('',(0.123596734385,42.598418066932));
#3992 = CARTESIAN_POINT('',(0.125514705022,42.151182979075));
#3993 = CARTESIAN_POINT('',(0.127459305351,41.705655798073));
#3994 = CARTESIAN_POINT('',(0.132036431611,40.675214904427));
#3995 = CARTESIAN_POINT('',(0.134688872352,40.091605456852));
#3996 = CARTESIAN_POINT('',(0.137387975018,39.511112450809));
#3997 = CARTESIAN_POINT('',(0.140133831602,38.933811321122));
#3998 = CARTESIAN_POINT('',(0.142926540551,38.359780995992));
#3999 = CARTESIAN_POINT('',(0.145766206769,37.789103896995));
#4000 = CARTESIAN_POINT('',(0.148652941616,37.221865939084));
#4001 = CARTESIAN_POINT('',(0.15544870894,35.916160162902));
#4002 = CARTESIAN_POINT('',(0.159392289159,35.180281204455));
#4003 = CARTESIAN_POINT('',(0.16341793805,34.450711122196));
#4004 = CARTESIAN_POINT('',(0.167526002887,33.727655373611));
#4005 = CARTESIAN_POINT('',(0.171716845519,33.011333376777));
#4006 = CARTESIAN_POINT('',(0.175990844147,32.301978480419));
#4007 = CARTESIAN_POINT('',(0.180348395106,31.59983793396));
#4008 = CARTESIAN_POINT('',(0.190362895444,30.033544331831));
#4009 = CARTESIAN_POINT('',(0.196068103159,29.17368054236));
#4010 = CARTESIAN_POINT('',(0.201906444905,28.326086041869));
#4011 = CARTESIAN_POINT('',(0.207878821215,27.49131028474));
#4012 = CARTESIAN_POINT('',(0.213986132947,26.669947548778));
#4013 = CARTESIAN_POINT('',(0.2202292882,25.862636856954));
#4014 = CARTESIAN_POINT('',(0.226609209227,25.070061899153));
#4015 = CARTESIAN_POINT('',(0.241555861427,23.287940666734));
#4016 = CARTESIAN_POINT('',(0.250216636159,22.308624461365));
#4017 = CARTESIAN_POINT('',(0.259109870965,21.356769902186));
#4018 = CARTESIAN_POINT('',(0.268236125075,20.434248947679));
#4019 = CARTESIAN_POINT('',(0.277595787442,19.543043456623));
#4020 = CARTESIAN_POINT('',(0.287189055806,18.685251113583));
#4021 = CARTESIAN_POINT('',(0.29701591688,17.863091773681));
#4022 = CARTESIAN_POINT('',(0.315033208597,16.458672335141));
#4023 = CARTESIAN_POINT('',(0.323137209556,15.862118691351));
#4024 = CARTESIAN_POINT('',(0.331384685563,15.290688920156));
#4025 = CARTESIAN_POINT('',(0.339772045302,14.745791633402));
#4026 = CARTESIAN_POINT('',(0.348295554999,14.228810224904));
#4027 = CARTESIAN_POINT('',(0.356951342269,13.741104665426));
#4028 = CARTESIAN_POINT('',(0.365735399963,13.284013297671));
#4029 = CARTESIAN_POINT('',(0.379372080549,12.633179301451));
#4030 = CARTESIAN_POINT('',(0.384134985517,12.416527777943));
#4031 = CARTESIAN_POINT('',(0.388930987748,12.209126090509));
#4032 = CARTESIAN_POINT('',(0.393758762039,12.011189822672));
#4033 = CARTESIAN_POINT('',(0.398616974552,11.822924228594));
#4034 = CARTESIAN_POINT('',(0.403504282218,11.644524349958));
#4035 = CARTESIAN_POINT('',(0.40841933213,11.476175132853));
#4036 = CARTESIAN_POINT('',(0.423461374269,10.994836280097));
#4037 = CARTESIAN_POINT('',(0.433675473651,10.714241171947));
#4038 = CARTESIAN_POINT('',(0.443984848192,10.478022843224));
#4039 = CARTESIAN_POINT('',(0.454371181177,10.287591434767));
#4040 = CARTESIAN_POINT('',(0.464816076505,10.144014866571));
#4041 = CARTESIAN_POINT('',(0.475301078777,10.048021328443));
#4042 = CARTESIAN_POINT('',(0.485807687028,10.));
#4043 = CARTESIAN_POINT('',(0.506827037222,10.));
#4044 = CARTESIAN_POINT('',(0.517333645474,10.048021328441));
#4045 = CARTESIAN_POINT('',(0.527818647746,10.14401486657));
#4046 = CARTESIAN_POINT('',(0.538263543075,10.287591434769));
#4047 = CARTESIAN_POINT('',(0.548649876059,10.478022843226));
#4048 = CARTESIAN_POINT('',(0.558959250599,10.714241171946));
#4049 = CARTESIAN_POINT('',(0.569173349981,10.99483628009));
#4050 = CARTESIAN_POINT('',(0.584215392121,11.476175132851));
#4051 = CARTESIAN_POINT('',(0.589130442033,11.644524349957));
#4052 = CARTESIAN_POINT('',(0.594017749699,11.822924228593));
#4053 = CARTESIAN_POINT('',(0.598875962212,12.011189822671));
#4054 = CARTESIAN_POINT('',(0.603703736503,12.209126090508));
#4055 = CARTESIAN_POINT('',(0.608499738734,12.416527777942));
#4056 = CARTESIAN_POINT('',(0.613262643702,12.633179301449));
#4057 = CARTESIAN_POINT('',(0.627012207277,13.289400832183));
#4058 = CARTESIAN_POINT('',(0.635905911788,13.75269079976));
#4059 = CARTESIAN_POINT('',(0.644667980276,14.247355631834));
#4060 = CARTESIAN_POINT('',(0.653294282634,14.772006258854));
#4061 = CARTESIAN_POINT('',(0.661780830291,15.325231541305));
#4062 = CARTESIAN_POINT('',(0.670123780376,15.905596367135));
#4063 = CARTESIAN_POINT('',(0.678319439876,16.51163974919));
#4064 = CARTESIAN_POINT('',(0.69651081828,17.936755041719));
#4065 = CARTESIAN_POINT('',(0.706419072073,18.770245307661));
#4066 = CARTESIAN_POINT('',(0.716088845213,19.639930295049));
#4067 = CARTESIAN_POINT('',(0.725520188328,20.543531992268));
#4068 = CARTESIAN_POINT('',(0.734713368729,21.478900663502));
#4069 = CARTESIAN_POINT('',(0.743668849191,22.444008154336));
#4070 = CARTESIAN_POINT('',(0.752387265455,23.436941640969));
#4071 = CARTESIAN_POINT('',(0.767594412509,25.263770962685));
#4072 = CARTESIAN_POINT('',(0.77417181268,26.088111670869));
#4073 = CARTESIAN_POINT('',(0.780602659269,26.928118376993));
#4074 = CARTESIAN_POINT('',(0.786887981499,27.783040386721));
#4075 = CARTESIAN_POINT('',(0.793028789602,28.652177977023));
#4076 = CARTESIAN_POINT('',(0.799026082944,29.534882491226));
#4077 = CARTESIAN_POINT('',(0.804880858159,30.430556434059));
#4078 = CARTESIAN_POINT('',(0.815190959769,32.069301242744));
#4079 = CARTESIAN_POINT('',(0.819696204283,32.80799386461));
#4080 = CARTESIAN_POINT('',(0.824110314357,33.554438812959));
#4081 = CARTESIAN_POINT('',(0.82843372885,34.308359571875));
#4082 = CARTESIAN_POINT('',(0.83266686412,35.069495764142));
#4083 = CARTESIAN_POINT('',(0.836810116203,35.837603186534));
#4084 = CARTESIAN_POINT('',(0.840863862993,36.6124538451));
#4085 = CARTESIAN_POINT('',(0.858205697912,40.03034933134));
#4086 = CARTESIAN_POINT('',(0.870574140174,42.742428101865));
#4087 = CARTESIAN_POINT('',(0.881939118295,45.520698855855));
#4088 = CARTESIAN_POINT('',(0.892304076456,48.357154548622));
#4089 = CARTESIAN_POINT('',(0.901670533955,51.244912066598));
#4090 = CARTESIAN_POINT('',(0.91003799347,54.178001203261));
#4091 = CARTESIAN_POINT('',(0.917403801576,57.151185081323));
#4092 = CARTESIAN_POINT('',(0.929400362762,62.826962638518));
#4093 = CARTESIAN_POINT('',(0.934245260265,65.521307706203));
#4094 = CARTESIAN_POINT('',(0.938291525165,68.238004203862));
#4095 = CARTESIAN_POINT('',(0.941534081459,70.972431465685));
#4096 = CARTESIAN_POINT('',(0.943968989145,73.720140916902));
#4097 = CARTESIAN_POINT('',(0.945593483134,76.476805721295));
#4098 = CARTESIAN_POINT('',(0.946405967904,79.238170339773));
#4099 = CARTESIAN_POINT('',(0.946405967904,82.));
#4100 = ( GEOMETRIC_REPRESENTATION_CONTEXT(2) 
PARAMETRIC_REPRESENTATION_CONTEXT() REPRESENTATION_CONTEXT('2D SPACE',''
  ) );
#4101 = ORIENTED_EDGE('',*,*,#4102,.F.);
#4102 = EDGE_CURVE('',#4103,#3369,#4105,.T.);
#4103 = VERTEX_POINT('',#4104);
#4104 = CARTESIAN_POINT('',(163.0321071476,28.474234652122,
    239.38199622922));
#4105 = SURFACE_CURVE('',#4106,(#4163,#4223),.PCURVE_S1.);
#4106 = B_SPLINE_CURVE_WITH_KNOTS('',7,(#4107,#4108,#4109,#4110,#4111,
    #4112,#4113,#4114,#4115,#4116,#4117,#4118,#4119,#4120,#4121,#4122,
    #4123,#4124,#4125,#4126,#4127,#4128,#4129,#4130,#4131,#4132,#4133,
    #4134,#4135,#4136,#4137,#4138,#4139,#4140,#4141,#4142,#4143,#4144,
    #4145,#4146,#4147,#4148,#4149,#4150,#4151,#4152,#4153,#4154,#4155,
    #4156,#4157,#4158,#4159,#4160,#4161,#4162),.UNSPECIFIED.,.F.,.F.,(8,
    6,6,6,6,6,6,6,6,8),(0.,0.308429320532,0.40933466852,0.467938597188,
    0.499622929022,0.528837639526,0.574905490656,0.655710797587,
    0.844073696536,1.),.UNSPECIFIED.);
#4107 = CARTESIAN_POINT('',(170.89366880992,30.107755631987,
    241.97227510296));
#4108 = CARTESIAN_POINT('',(170.05476430845,29.847423146573,
    241.77124171146));
#4109 = CARTESIAN_POINT('',(169.23665824635,29.607270943417,
    241.56270733987));
#4110 = CARTESIAN_POINT('',(168.41843025203,29.380875650824,
    241.34183910749));
#4111 = CARTESIAN_POINT('',(167.58540765317,29.166198665715,
    241.1030609418));
#4112 = CARTESIAN_POINT('',(166.73451484393,28.966820743709,
    240.84182011214));
#4113 = CARTESIAN_POINT('',(165.87621932183,28.792448819307,
    240.55533522475));
#4114 = CARTESIAN_POINT('',(164.76869334686,28.616946976786,
    240.14302214699));
#4115 = CARTESIAN_POINT('',(164.49998816175,28.578473131373,
    240.03945102135));
#4116 = CARTESIAN_POINT('',(164.23072555776,28.544349394734,
    239.93184756961));
#4117 = CARTESIAN_POINT('',(163.95825333716,28.51503851385,
    239.81845659739));
#4118 = CARTESIAN_POINT('',(163.68249895109,28.491931589101,
    239.69803195541));
#4119 = CARTESIAN_POINT('',(163.4061971975,28.477354132565,
    239.56993262094));
#4120 = CARTESIAN_POINT('',(162.97746678779,28.472924090716,
    239.35529218749));
#4121 = CARTESIAN_POINT('',(162.82656063736,28.475318121056,
    239.27629254999));
#4122 = CARTESIAN_POINT('',(162.67529238473,28.481849537478,
    239.19348871042));
#4123 = CARTESIAN_POINT('',(162.5201919391,28.49378284315,
    239.10399704727));
#4124 = CARTESIAN_POINT('',(162.36186928652,28.513431223757,
    239.00608430198));
#4125 = CARTESIAN_POINT('',(162.20509389214,28.544151079806,
    238.89919744875));
#4126 = CARTESIAN_POINT('',(161.97928008054,28.615329396584,
    238.72134557285));
#4127 = CARTESIAN_POINT('',(161.90060397555,28.645593511223,
    238.6545309417));
#4128 = CARTESIAN_POINT('',(161.82196909411,28.683044747301,
    238.58135016815));
#4129 = CARTESIAN_POINT('',(161.74573728931,28.730106921487,
    238.50083293049));
#4130 = CARTESIAN_POINT('',(161.67709414115,28.789796384641,
    238.41289731381));
#4131 = CARTESIAN_POINT('',(161.62401724324,28.865743661825,
    238.3182845983));
#4132 = CARTESIAN_POINT('',(161.57262119749,29.051074311847,
    238.12655868399));
#4133 = CARTESIAN_POINT('',(161.57513263995,29.140167850803,
    238.048031776));
#4134 = CARTESIAN_POINT('',(161.59599398685,29.22657547756,
    237.98104287464));
#4135 = CARTESIAN_POINT('',(161.62837085852,29.308470373247,
    237.92379541625));
#4136 = CARTESIAN_POINT('',(161.6674252378,29.385049167294,
    237.87459782432));
#4137 = CARTESIAN_POINT('',(161.71032923171,29.456562715136,
    237.83182099025));
#4138 = CARTESIAN_POINT('',(161.82873663611,29.631369003404,
    237.73390304277));
#4139 = CARTESIAN_POINT('',(161.91184811088,29.733741552998,
    237.68331873694));
#4140 = CARTESIAN_POINT('',(162.00018464084,29.830456208003,
    237.64031603868));
#4141 = CARTESIAN_POINT('',(162.09039023193,29.921409730661,
    237.60333549666));
#4142 = CARTESIAN_POINT('',(162.18131692141,30.007593962749,
    237.57093217757));
#4143 = CARTESIAN_POINT('',(162.27400133305,30.09106116628,
    237.54178191478));
#4144 = CARTESIAN_POINT('',(162.54247024761,30.321453973367,
    237.46739830278));
#4145 = CARTESIAN_POINT('',(162.7217023346,30.463179480855,
    237.42841819747));
#4146 = CARTESIAN_POINT('',(162.90451235233,30.599131146109,
    237.39622368187));
#4147 = CARTESIAN_POINT('',(163.08823234018,30.72937810303,
    237.36946170108));
#4148 = CARTESIAN_POINT('',(163.27222728566,30.854830576218,
    237.34702315796));
#4149 = CARTESIAN_POINT('',(163.45782223344,30.977175747232,
    237.32805337324));
#4150 = CARTESIAN_POINT('',(164.09172537396,31.382115150728,
    237.27452881307));
#4151 = CARTESIAN_POINT('',(164.55369379536,31.656645811344,
    237.25344700752));
#4152 = CARTESIAN_POINT('',(165.02177532694,31.920035561703,
    237.24487480579));
#4153 = CARTESIAN_POINT('',(165.48947071266,32.17212801112,
    237.24589081186));
#4154 = CARTESIAN_POINT('',(165.95565385261,32.414631553705,
    237.25450072112));
#4155 = CARTESIAN_POINT('',(166.42401435935,32.650774420671,
    237.26964718636));
#4156 = CARTESIAN_POINT('',(167.29826476059,33.078690446312,
    237.30912532837));
#4157 = CARTESIAN_POINT('',(167.69655495068,33.268914023073,
    237.33122436508));
#4158 = CARTESIAN_POINT('',(168.09620107611,33.455566709905,
    237.35708501121));
#4159 = CARTESIAN_POINT('',(168.49669343513,33.638798707095,
    237.38635159437));
#4160 = CARTESIAN_POINT('',(168.89794827476,33.818877866167,
    237.41876749877));
#4161 = CARTESIAN_POINT('',(169.30025141306,33.996163012932,
    237.45417185631));
#4162 = CARTESIAN_POINT('',(169.70420186142,34.171077270538,
    237.49249623782));
#4163 = PCURVE('',#1026,#4164);
#4164 = DEFINITIONAL_REPRESENTATION('',(#4165),#4222);
#4165 = B_SPLINE_CURVE_WITH_KNOTS('',7,(#4166,#4167,#4168,#4169,#4170,
    #4171,#4172,#4173,#4174,#4175,#4176,#4177,#4178,#4179,#4180,#4181,
    #4182,#4183,#4184,#4185,#4186,#4187,#4188,#4189,#4190,#4191,#4192,
    #4193,#4194,#4195,#4196,#4197,#4198,#4199,#4200,#4201,#4202,#4203,
    #4204,#4205,#4206,#4207,#4208,#4209,#4210,#4211,#4212,#4213,#4214,
    #4215,#4216,#4217,#4218,#4219,#4220,#4221),.UNSPECIFIED.,.F.,.F.,(8,
    6,6,6,6,6,6,6,6,8),(0.,0.308429320532,0.40933466852,0.467938597188,
    0.499622929022,0.528837639526,0.574905490656,0.655710797587,
    0.844073696536,1.),.UNSPECIFIED.);
#4166 = CARTESIAN_POINT('',(3.845157897753,164.61103396745));
#4167 = CARTESIAN_POINT('',(3.848819513495,163.74938202278));
#4168 = CARTESIAN_POINT('',(3.852631028198,162.91562868118));
#4169 = CARTESIAN_POINT('',(3.856682463169,162.08831902837));
#4170 = CARTESIAN_POINT('',(3.861079667141,161.25358000362));
#4171 = CARTESIAN_POINT('',(3.86591248001,160.41041221683));
#4172 = CARTESIAN_POINT('',(3.87124270558,159.57264253079));
#4173 = CARTESIAN_POINT('',(3.87896549201,158.51517594424));
#4174 = CARTESIAN_POINT('',(3.880909244703,158.2605712682));
#4175 = CARTESIAN_POINT('',(3.882932656208,158.00754791061));
#4176 = CARTESIAN_POINT('',(3.88506937662,157.7539940379));
#4177 = CARTESIAN_POINT('',(3.887343982625,157.50050828355));
#4178 = CARTESIAN_POINT('',(3.889770032625,157.25060285738));
#4179 = CARTESIAN_POINT('',(3.893847203674,156.87149259008));
#4180 = CARTESIAN_POINT('',(3.895350271823,156.7399344646));
#4181 = CARTESIAN_POINT('',(3.896928082817,156.61002811122));
#4182 = CARTESIAN_POINT('',(3.898636118385,156.47932427721));
#4183 = CARTESIAN_POINT('',(3.900508511672,156.34946086598));
#4184 = CARTESIAN_POINT('',(3.90255734894,156.22623015529));
#4185 = CARTESIAN_POINT('',(3.905975603648,156.06155698751));
#4186 = CARTESIAN_POINT('',(3.907261363949,156.00678525475));
#4187 = CARTESIAN_POINT('',(3.908671507345,155.95547221037));
#4188 = CARTESIAN_POINT('',(3.910225440844,155.91084892979));
#4189 = CARTESIAN_POINT('',(3.91192575441,155.87891166965));
#4190 = CARTESIAN_POINT('',(3.9137592038,155.86840428581));
#4191 = CARTESIAN_POINT('',(3.917483235281,155.91146226652));
#4192 = CARTESIAN_POINT('',(3.919012160633,155.95609617849));
#4193 = CARTESIAN_POINT('',(3.920318735461,156.01558692922));
#4194 = CARTESIAN_POINT('',(3.921436801791,156.0830548468));
#4195 = CARTESIAN_POINT('',(3.922398665455,156.15386310134));
#4196 = CARTESIAN_POINT('',(3.923235721074,156.22564446232));
#4197 = CARTESIAN_POINT('',(3.9251532463,156.41300617445));
#4198 = CARTESIAN_POINT('',(3.92614543379,156.53483843115));
#4199 = CARTESIAN_POINT('',(3.926989865545,156.65857106363));
#4200 = CARTESIAN_POINT('',(3.927716660841,156.78120384401));
#4201 = CARTESIAN_POINT('',(3.928353944257,156.90219962585));
#4202 = CARTESIAN_POINT('',(3.928927595997,157.02344722377));
#4203 = CARTESIAN_POINT('',(3.930392248216,157.3692341189));
#4204 = CARTESIAN_POINT('',(3.931160806521,157.59432878591));
#4205 = CARTESIAN_POINT('',(3.931796130473,157.81982022957));
#4206 = CARTESIAN_POINT('',(3.932324581372,158.04339532055));
#4207 = CARTESIAN_POINT('',(3.932767881254,158.26492910587));
#4208 = CARTESIAN_POINT('',(3.933142797398,158.48639017296));
#4209 = CARTESIAN_POINT('',(3.934200987269,159.23663621572));
#4210 = CARTESIAN_POINT('',(3.9346184213,159.77359341022));
#4211 = CARTESIAN_POINT('',(3.934788191105,160.31062092485));
#4212 = CARTESIAN_POINT('',(3.934768032039,160.84192921802));
#4213 = CARTESIAN_POINT('',(3.934597551963,161.36734158363));
#4214 = CARTESIAN_POINT('',(3.934297760586,161.8916397065));
#4215 = CARTESIAN_POINT('',(3.933516946397,162.86417447675));
#4216 = CARTESIAN_POINT('',(3.933080009668,163.30499048723));
#4217 = CARTESIAN_POINT('',(3.932568951241,163.74529840557));
#4218 = CARTESIAN_POINT('',(3.931990945852,164.18472155312));
#4219 = CARTESIAN_POINT('',(3.931351219187,164.62331383003));
#4220 = CARTESIAN_POINT('',(3.930653113543,165.06149743749));
#4221 = CARTESIAN_POINT('',(3.929898153487,165.5000006));
#4222 = ( GEOMETRIC_REPRESENTATION_CONTEXT(2) 
PARAMETRIC_REPRESENTATION_CONTEXT() REPRESENTATION_CONTEXT('2D SPACE',''
  ) );
#4223 = PCURVE('',#1333,#4224);
#4224 = DEFINITIONAL_REPRESENTATION('',(#4225),#4282);
#4225 = B_SPLINE_CURVE_WITH_KNOTS('',7,(#4226,#4227,#4228,#4229,#4230,
    #4231,#4232,#4233,#4234,#4235,#4236,#4237,#4238,#4239,#4240,#4241,
    #4242,#4243,#4244,#4245,#4246,#4247,#4248,#4249,#4250,#4251,#4252,
    #4253,#4254,#4255,#4256,#4257,#4258,#4259,#4260,#4261,#4262,#4263,
    #4264,#4265,#4266,#4267,#4268,#4269,#4270,#4271,#4272,#4273,#4274,
    #4275,#4276,#4277,#4278,#4279,#4280,#4281),.UNSPECIFIED.,.F.,.F.,(8,
    6,6,6,6,6,6,6,6,8),(0.,0.308429320532,0.40933466852,0.467938597188,
    0.499622929022,0.528837639526,0.574905490656,0.655710797587,
    0.844073696536,1.),.UNSPECIFIED.);
#4226 = CARTESIAN_POINT('',(2.696667323937,31.7000006));
#4227 = CARTESIAN_POINT('',(2.764157154008,30.826876566576));
#4228 = CARTESIAN_POINT('',(2.831631331927,29.97801259978));
#4229 = CARTESIAN_POINT('',(2.901216853807,29.13164805685));
#4230 = CARTESIAN_POINT('',(2.974837259814,28.272990515365));
#4231 = CARTESIAN_POINT('',(3.054085086484,27.399702352716));
#4232 = CARTESIAN_POINT('',(3.140302112205,26.523907672897));
#4233 = CARTESIAN_POINT('',(3.265790833518,25.403226022647));
#4234 = CARTESIAN_POINT('',(3.297417537745,25.132110760808));
#4235 = CARTESIAN_POINT('',(3.330432234719,24.861276476067));
#4236 = CARTESIAN_POINT('',(3.365451091196,24.588207581893));
#4237 = CARTESIAN_POINT('',(3.402982749689,24.313097702601));
#4238 = CARTESIAN_POINT('',(3.443436660682,24.039074359988));
#4239 = CARTESIAN_POINT('',(3.512566095288,23.617342317348));
#4240 = CARTESIAN_POINT('',(3.538280482956,23.469652138437));
#4241 = CARTESIAN_POINT('',(3.565530183121,23.322394181357));
#4242 = CARTESIAN_POINT('',(3.595362825097,23.172402569632));
#4243 = CARTESIAN_POINT('',(3.628557039122,23.020716530688));
#4244 = CARTESIAN_POINT('',(3.665648008192,22.872657304872));
#4245 = CARTESIAN_POINT('',(3.729479259321,22.664525153661));
#4246 = CARTESIAN_POINT('',(3.753830614778,22.593049958574));
#4247 = CARTESIAN_POINT('',(3.780973188683,22.522983561269));
#4248 = CARTESIAN_POINT('',(3.811502351233,22.45710607595));
#4249 = CARTESIAN_POINT('',(3.845828424005,22.401082506012));
#4250 = CARTESIAN_POINT('',(3.884242800786,22.363435730813));
#4251 = CARTESIAN_POINT('',(3.96640685784,22.348264140998));
#4252 = CARTESIAN_POINT('',(4.001872149179,22.36769182161));
#4253 = CARTESIAN_POINT('',(4.033651156577,22.404622413363));
#4254 = CARTESIAN_POINT('',(4.062034450378,22.45199874131));
#4255 = CARTESIAN_POINT('',(4.08739174794,22.504918328438));
#4256 = CARTESIAN_POINT('',(4.1102211169,22.560652765368));
#4257 = CARTESIAN_POINT('',(4.164266421254,22.710175106723));
#4258 = CARTESIAN_POINT('',(4.194128770134,22.811256726923));
#4259 = CARTESIAN_POINT('',(4.221129677255,22.916390647655));
#4260 = CARTESIAN_POINT('',(4.245673447617,23.02226260335));
#4261 = CARTESIAN_POINT('',(4.268296891305,23.127934461248));
#4262 = CARTESIAN_POINT('',(4.289683081875,23.234814606757));
#4263 = CARTESIAN_POINT('',(4.347323417311,23.542236628295));
#4264 = CARTESIAN_POINT('',(4.381229883389,23.745173003444));
#4265 = CARTESIAN_POINT('',(4.412641867884,23.950522606928));
#4266 = CARTESIAN_POINT('',(4.441906551474,24.15567943919));
#4267 = CARTESIAN_POINT('',(4.469444395587,24.360193396689));
#4268 = CARTESIAN_POINT('',(4.495757282567,24.565686504061));
#4269 = CARTESIAN_POINT('',(4.581203666698,25.265089949674));
#4270 = CARTESIAN_POINT('',(4.636433839616,25.770875468976));
#4271 = CARTESIAN_POINT('',(4.687690941785,26.280541210496));
#4272 = CARTESIAN_POINT('',(4.735581654838,26.787677019612));
#4273 = CARTESIAN_POINT('',(4.780815586433,27.291502648135));
#4274 = CARTESIAN_POINT('',(4.824236115652,27.796254833426));
#4275 = CARTESIAN_POINT('',(4.902023347645,28.735983846802));
#4276 = CARTESIAN_POINT('',(4.93626418787,29.163204955857));
#4277 = CARTESIAN_POINT('',(4.969624497867,29.591077350807));
#4278 = CARTESIAN_POINT('',(5.002214825153,30.019129249102));
#4279 = CARTESIAN_POINT('',(5.0341495576,30.447329425507));
#4280 = CARTESIAN_POINT('',(5.065548168895,30.876026785834));
#4281 = CARTESIAN_POINT('',(5.096536463995,31.30588994067));
#4282 = ( GEOMETRIC_REPRESENTATION_CONTEXT(2) 
PARAMETRIC_REPRESENTATION_CONTEXT() REPRESENTATION_CONTEXT('2D SPACE',''
  ) );
#4283 = ORIENTED_EDGE('',*,*,#4284,.F.);
#4284 = EDGE_CURVE('',#4285,#4103,#4287,.T.);
#4285 = VERTEX_POINT('',#4286);
#4286 = CARTESIAN_POINT('',(163.03210714757,28.474234659773,
    337.72197682293));
#4287 = SURFACE_CURVE('',#4288,(#4529,#4773),.PCURVE_S1.);
#4288 = B_SPLINE_CURVE_WITH_KNOTS('',8,(#4289,#4290,#4291,#4292,#4293,
    #4294,#4295,#4296,#4297,#4298,#4299,#4300,#4301,#4302,#4303,#4304,
    #4305,#4306,#4307,#4308,#4309,#4310,#4311,#4312,#4313,#4314,#4315,
    #4316,#4317,#4318,#4319,#4320,#4321,#4322,#4323,#4324,#4325,#4326,
    #4327,#4328,#4329,#4330,#4331,#4332,#4333,#4334,#4335,#4336,#4337,
    #4338,#4339,#4340,#4341,#4342,#4343,#4344,#4345,#4346,#4347,#4348,
    #4349,#4350,#4351,#4352,#4353,#4354,#4355,#4356,#4357,#4358,#4359,
    #4360,#4361,#4362,#4363,#4364,#4365,#4366,#4367,#4368,#4369,#4370,
    #4371,#4372,#4373,#4374,#4375,#4376,#4377,#4378,#4379,#4380,#4381,
    #4382,#4383,#4384,#4385,#4386,#4387,#4388,#4389,#4390,#4391,#4392,
    #4393,#4394,#4395,#4396,#4397,#4398,#4399,#4400,#4401,#4402,#4403,
    #4404,#4405,#4406,#4407,#4408,#4409,#4410,#4411,#4412,#4413,#4414,
    #4415,#4416,#4417,#4418,#4419,#4420,#4421,#4422,#4423,#4424,#4425,
    #4426,#4427,#4428,#4429,#4430,#4431,#4432,#4433,#4434,#4435,#4436,
    #4437,#4438,#4439,#4440,#4441,#4442,#4443,#4444,#4445,#4446,#4447,
    #4448,#4449,#4450,#4451,#4452,#4453,#4454,#4455,#4456,#4457,#4458,
    #4459,#4460,#4461,#4462,#4463,#4464,#4465,#4466,#4467,#4468,#4469,
    #4470,#4471,#4472,#4473,#4474,#4475,#4476,#4477,#4478,#4479,#4480,
    #4481,#4482,#4483,#4484,#4485,#4486,#4487,#4488,#4489,#4490,#4491,
    #4492,#4493,#4494,#4495,#4496,#4497,#4498,#4499,#4500,#4501,#4502,
    #4503,#4504,#4505,#4506,#4507,#4508,#4509,#4510,#4511,#4512,#4513,
    #4514,#4515,#4516,#4517,#4518,#4519,#4520,#4521,#4522,#4523,#4524,
    #4525,#4526,#4527,#4528),.UNSPECIFIED.,.T.,.F.,(9,7,7,7,7,7,7,7,7,7,
    7,7,7,7,7,7,7,7,7,7,7,7,7,7,7,7,7,7,7,7,7,7,7,7,9),(0.,
    0.120742944241,0.138579579596,0.16096003416,0.189903889862,
    0.212796909273,0.224948583728,0.249787424781,0.274626265835,
    0.28677794029,0.309961055946,0.339200780029,0.362383315365,
    0.381035797528,0.443972375174,0.469977667938,0.499771851686,
    0.585359410561,0.596960350775,0.607216655653,0.620774742026,
    0.63862090654,0.66101331778,0.689972636639,0.712877886572,
    0.72503605302,0.749888164143,0.774740275267,0.786898441714,
    0.810093942873,0.839349288181,0.86254420871,0.8812066559,
    0.944176857204,1.),.UNSPECIFIED.);
#4289 = CARTESIAN_POINT('',(96.751758068562,134.27340507577,
    288.55198651616));
#4290 = CARTESIAN_POINT('',(96.751758068562,134.27340507577,
    294.54743189915));
#4291 = CARTESIAN_POINT('',(97.265867146296,133.90296005206,
    300.52525276705));
#4292 = CARTESIAN_POINT('',(98.28879094871,133.16588231672,
    306.45146543031));
#4293 = CARTESIAN_POINT('',(99.808505993995,132.05409942165,
    312.29151678958));
#4294 = CARTESIAN_POINT('',(101.80547115832,130.54903152136,
    318.00677568146));
#4295 = CARTESIAN_POINT('',(104.25192664468,128.62259069828,
    323.55176617661));
#4296 = CARTESIAN_POINT('',(107.11113991495,126.23855490954,
    328.87097537943));
#4297 = CARTESIAN_POINT('',(110.81227488278,122.92802052222,
    334.63582635326));
#4298 = CARTESIAN_POINT('',(111.29685115183,122.49079955162,
    335.37170531171));
#4299 = CARTESIAN_POINT('',(111.78952016818,122.04227490013,
    336.10127539397));
#4300 = CARTESIAN_POINT('',(112.29016775063,121.58225834561,
    336.82433114255));
#4301 = CARTESIAN_POINT('',(112.79867429059,121.11055625737,
    337.54065313938));
#4302 = CARTESIAN_POINT('',(113.31491460604,120.62696944091,
    338.25000803574));
#4303 = CARTESIAN_POINT('',(113.83875779542,120.13129298263,
    338.9521485822));
#4304 = CARTESIAN_POINT('',(115.03672553497,118.985933907,
    340.51844218433));
#4305 = CARTESIAN_POINT('',(115.71514186762,118.32918288473,
    341.3783059738));
#4306 = CARTESIAN_POINT('',(116.40505583871,117.65263686175,
    342.22590047429));
#4307 = CARTESIAN_POINT('',(117.10618565563,116.95586110628,
    343.06067623142));
#4308 = CARTESIAN_POINT('',(117.8182276433,116.23841204824,
    343.88203896738));
#4309 = CARTESIAN_POINT('',(118.54085590356,115.4998370066,
    344.68934965921));
#4310 = CARTESIAN_POINT('',(119.27372197449,114.73967391683,
    345.48192461701));
#4311 = CARTESIAN_POINT('',(120.97700436091,112.94582971345,
    347.26404584924));
#4312 = CARTESIAN_POINT('',(121.95421906223,111.89714109712,
    348.24336205475));
#4313 = CARTESIAN_POINT('',(122.94713740015,110.81051939541,
    349.19521661408));
#4314 = CARTESIAN_POINT('',(123.95471816351,109.68510463908,
    350.11773756863));
#4315 = CARTESIAN_POINT('',(124.97583604285,108.52005016248,
    351.0089430596));
#4316 = CARTESIAN_POINT('',(126.00927865697,107.31453086261,
    351.8667354025));
#4317 = CARTESIAN_POINT('',(127.05374468687,106.06775225829,
    352.68889474233));
#4318 = CARTESIAN_POINT('',(128.94157778142,103.75959587745,
    354.09331418102));
#4319 = CARTESIAN_POINT('',(129.78143660765,102.71382804087,
    354.68986782481));
#4320 = CARTESIAN_POINT('',(130.62637934224,101.64170633477,
    355.261297596));
#4321 = CARTESIAN_POINT('',(131.47534579056,100.54332136511,
    355.80619488276));
#4322 = CARTESIAN_POINT('',(132.32726011956,99.418807302446,
    356.32317629126));
#4323 = CARTESIAN_POINT('',(133.18103516055,98.268344335649,
    356.81088185073));
#4324 = CARTESIAN_POINT('',(134.03557671201,97.092161125655,
    357.26797321849));
#4325 = CARTESIAN_POINT('',(135.3432053398,95.252712174573,
    357.91880721471));
#4326 = CARTESIAN_POINT('',(135.7964760555,94.607794675026,
    358.13545873822));
#4327 = CARTESIAN_POINT('',(136.24937043771,93.955921734336,
    358.34286042565));
#4328 = CARTESIAN_POINT('',(136.70166186247,93.297236065828,
    358.54079669349));
#4329 = CARTESIAN_POINT('',(137.15312688601,92.631886261694,
    358.72906228757));
#4330 = CARTESIAN_POINT('',(137.60354549727,91.960026932332,
    358.9074621662));
#4331 = CARTESIAN_POINT('',(138.05270137032,91.281818845688,
    359.07581138331));
#4332 = CARTESIAN_POINT('',(139.41547171608,89.19849026153,
    359.55715023607));
#4333 = CARTESIAN_POINT('',(140.32469411566,87.773270227387,
    359.83774534421));
#4334 = CARTESIAN_POINT('',(141.22562221415,86.324093158087,
    360.07396367293));
#4335 = CARTESIAN_POINT('',(142.11596229997,84.853421128135,
    360.26439508139));
#4336 = CARTESIAN_POINT('',(142.99357174558,83.363849259682,
    360.40797164959));
#4337 = CARTESIAN_POINT('',(143.85647310528,81.858098880361,
    360.50396518772));
#4338 = CARTESIAN_POINT('',(144.70286461681,80.339008671903,
    360.55198651616));
#4339 = CARTESIAN_POINT('',(146.35938959638,77.280038947134,
    360.55198651616));
#4340 = CARTESIAN_POINT('',(147.16903964545,75.741052121257,
    360.50396518772));
#4341 = CARTESIAN_POINT('',(147.95849561616,74.195528833949,
    360.40797164959));
#4342 = CARTESIAN_POINT('',(148.72636483791,72.646529302463,
    360.26439508139));
#4343 = CARTESIAN_POINT('',(149.47144892885,71.097196741142,
    360.07396367294));
#4344 = CARTESIAN_POINT('',(150.19274546972,69.550743729552,
    359.83774534422));
#4345 = CARTESIAN_POINT('',(150.88944602966,68.010436666841,
    359.55715023607));
#4346 = CARTESIAN_POINT('',(151.88943464805,65.730650762895,
    359.07581138331));
#4347 = CARTESIAN_POINT('',(152.21195564298,64.983866044975,
    358.90746216621));
#4348 = CARTESIAN_POINT('',(152.52846968445,64.239493325586,
    358.72906228757));
#4349 = CARTESIAN_POINT('',(152.83896035326,63.49780162823,
    358.54079669349));
#4350 = CARTESIAN_POINT('',(153.14341840084,62.759059697604,
    358.34286042565));
#4351 = CARTESIAN_POINT('',(153.4418414946,62.023535864306,
    358.13545873822));
#4352 = CARTESIAN_POINT('',(153.73423396325,61.291497909547,
    357.91880721471));
#4353 = CARTESIAN_POINT('',(154.56695170978,59.173781787937,
    357.26258568397));
#4354 = CARTESIAN_POINT('',(155.09125830593,57.798335218051,
    356.7992957164));
#4355 = CARTESIAN_POINT('',(155.59390790571,56.437981466013,
    356.30463088433));
#4356 = CARTESIAN_POINT('',(156.07532507335,55.093797018269,
    355.77998025732));
#4357 = CARTESIAN_POINT('',(156.53597268778,53.766824208628,
    355.22675497486));
#4358 = CARTESIAN_POINT('',(156.97634726837,52.458068824998,
    354.64639014902));
#4359 = CARTESIAN_POINT('',(157.39697430054,51.168497716114,
    354.04034676696));
#4360 = CARTESIAN_POINT('',(158.30470655363,48.297927245462,
    352.61523147445));
#4361 = CARTESIAN_POINT('',(158.78055231678,46.728549489318,
    351.78174120851));
#4362 = CARTESIAN_POINT('',(159.22737829957,45.19166628957,
    350.91205622111));
#4363 = CARTESIAN_POINT('',(159.64660519594,43.687939846458,
    350.00845452388));
#4364 = CARTESIAN_POINT('',(160.03962880107,42.217937860666,
    349.07308585265));
#4365 = CARTESIAN_POINT('',(160.40781322153,40.782140511325,
    348.10797836183));
#4366 = CARTESIAN_POINT('',(160.75248543974,39.380947952066,
    347.1150448752));
#4367 = CARTESIAN_POINT('',(161.33058039531,36.931457786089,
    345.28821555348));
#4368 = CARTESIAN_POINT('',(161.57229281287,35.87003868742,
    344.46387484529));
#4369 = CARTESIAN_POINT('',(161.80073056064,34.830486370296,
    343.62386813917));
#4370 = CARTESIAN_POINT('',(162.01653184342,33.812840798429,
    342.76894612944));
#4371 = CARTESIAN_POINT('',(162.22031151843,32.817126729411,
    341.89980853914));
#4372 = CARTESIAN_POINT('',(162.41266161832,31.84335388606,
    341.01710402494));
#4373 = CARTESIAN_POINT('',(162.5941518743,30.891517127757,
    340.1214300821));
#4374 = CARTESIAN_POINT('',(162.90305897987,29.213390034429,
    338.48268527342));
#4375 = CARTESIAN_POINT('',(163.03411257651,28.479368869118,
    337.74399265155));
#4376 = CARTESIAN_POINT('',(163.15877459774,27.759532203999,
    336.9975477032));
#4377 = CARTESIAN_POINT('',(163.27731896437,27.053877368448,
    336.24362694429));
#4378 = CARTESIAN_POINT('',(163.39001021046,26.362399987531,
    335.48249075202));
#4379 = CARTESIAN_POINT('',(163.4971037444,25.685094026459,
    334.71438332963));
#4380 = CARTESIAN_POINT('',(163.59884610997,25.021951835046,
    333.93953267106));
#4381 = CARTESIAN_POINT('',(164.02151803147,22.183171926352,
    330.52163718483));
#4382 = CARTESIAN_POINT('',(164.28949527628,20.153529406052,
    327.8095584143));
#4383 = CARTESIAN_POINT('',(164.50828507867,18.285077035017,
    325.0312876603));
#4384 = CARTESIAN_POINT('',(164.6857784372,16.578638590358,
    322.19483196754));
#4385 = CARTESIAN_POINT('',(164.8289134334,15.034961380005,
    319.30707444958));
#4386 = CARTESIAN_POINT('',(164.94369770964,13.654838593891,
    316.37398531291));
#4387 = CARTESIAN_POINT('',(165.03521924368,12.439213848854,
    313.40080143482));
#4388 = CARTESIAN_POINT('',(165.13757179944,10.955431959404,
    309.14901467735));
#4389 = CARTESIAN_POINT('',(165.16423191997,10.549969847846,
    307.90005313094));
#4390 = CARTESIAN_POINT('',(165.1879188933,10.172990539345,
    306.64575177235));
#4391 = CARTESIAN_POINT('',(165.20890017162,9.824594525215,
    305.38656326955));
#4392 = CARTESIAN_POINT('',(165.22741707573,9.50487394994,
    304.12293105898));
#4393 = CARTESIAN_POINT('',(165.2436843233,9.2139127198,302.85528936266)
  );
#4394 = CARTESIAN_POINT('',(165.25788955723,8.951786611478,
    301.58406320532));
#4395 = CARTESIAN_POINT('',(165.28428874588,8.451360244163,
    298.84959826809));
#4396 = CARTESIAN_POINT('',(165.29588786849,8.222099374582,
    297.38538953981));
#4397 = CARTESIAN_POINT('',(165.30523067006,8.030895058153,
    295.91774087947));
#4398 = CARTESIAN_POINT('',(165.31251043467,7.877838792373,
    294.44734568447));
#4399 = CARTESIAN_POINT('',(165.31787280002,7.762999424951,
    292.97489215699));
#4400 = CARTESIAN_POINT('',(165.32141525549,7.68642329274,
    291.50106334412));
#4401 = CARTESIAN_POINT('',(165.32318663999,7.648134360668,
    290.02653717804));
#4402 = CARTESIAN_POINT('',(165.32318663999,7.648134360668,
    284.3161533529));
#4403 = CARTESIAN_POINT('',(165.30856951898,7.964094639871,
    280.08389508497));
#4404 = CARTESIAN_POINT('',(165.27937923872,8.595084947189,
    275.86917026821));
#4405 = CARTESIAN_POINT('',(165.23229869714,9.539544303847,
    271.68609399606));
#4406 = CARTESIAN_POINT('',(165.16070494617,10.795146933107,
    267.54940942309));
#4407 = CARTESIAN_POINT('',(165.05480129869,12.358652716329,
    263.47495862974));
#4408 = CARTESIAN_POINT('',(164.90182632469,14.225742175369,
    259.48015282821));
#4409 = CARTESIAN_POINT('',(164.65713167108,16.68430297733,
    255.05639893169));
#4410 = CARTESIAN_POINT('',(164.6267706499,16.983289674622,
    254.53009631955));
#4411 = CARTESIAN_POINT('',(164.59521712218,17.287790221463,
    254.00557402703));
#4412 = CARTESIAN_POINT('',(164.56243040816,17.597799190644,
    253.48287257779));
#4413 = CARTESIAN_POINT('',(164.52836869909,17.913311579472,
    252.96203306519));
#4414 = CARTESIAN_POINT('',(164.49298905728,18.234322809765,
    252.44309715235));
#4415 = CARTESIAN_POINT('',(164.45624741612,18.560828727856,
    251.92610707214));
#4416 = CARTESIAN_POINT('',(164.38437147805,19.186341571713,
    250.95579668365));
#4417 = CARTESIAN_POINT('',(164.34954446213,19.484149366457,
    250.50204225353));
#4418 = CARTESIAN_POINT('',(164.31358630037,19.786246434703,
    250.04987191585));
#4419 = CARTESIAN_POINT('',(164.27646502489,20.092630504392,
    249.59931579947));
#4420 = CARTESIAN_POINT('',(164.23814793189,20.403299585527,
    249.15040458309));
#4421 = CARTESIAN_POINT('',(164.19860158157,20.718251970174,
    248.70316949524));
#4422 = CARTESIAN_POINT('',(164.15779179821,21.03748623246,
    248.25764231423));
#4423 = CARTESIAN_POINT('',(164.06001979854,21.788664437941,
    247.22720142059));
#4424 = CARTESIAN_POINT('',(164.00208733635,22.223805724168,
    246.64359197301));
#4425 = CARTESIAN_POINT('',(163.94180542658,22.666424458272,
    246.06309896697));
#4426 = CARTESIAN_POINT('',(163.87909088224,23.116519991988,
    245.48579783728));
#4427 = CARTESIAN_POINT('',(163.81385818632,23.574091657767,
    244.91176751215));
#4428 = CARTESIAN_POINT('',(163.74601949175,24.039138768781,
    244.34109041316));
#4429 = CARTESIAN_POINT('',(163.67548462147,24.511660618916,
    243.77385245525));
#4430 = CARTESIAN_POINT('',(163.50564713897,25.623462839248,
    242.46814667906));
#4431 = CARTESIAN_POINT('',(163.4043020404,26.26821512397,
    241.73226772062));
#4432 = CARTESIAN_POINT('',(163.29791302975,26.925922126432,
    241.00269763836));
#4433 = CARTESIAN_POINT('',(163.18626007854,27.596591084063,
    240.27964188977));
#4434 = CARTESIAN_POINT('',(163.0691156628,28.280227644739,
    239.56331989294));
#4435 = CARTESIAN_POINT('',(162.94624455322,28.976835829292,
    238.85396499658));
#4436 = CARTESIAN_POINT('',(162.8174036053,29.686417994018,
    238.15182445012));
#4437 = CARTESIAN_POINT('',(162.51287291693,31.315600358566,
    236.58553084799));
#4438 = CARTESIAN_POINT('',(162.33360900431,32.24265757109,
    235.72566705852));
#4439 = CARTESIAN_POINT('',(162.1440506877,33.190161372307,
    234.87807255803));
#4440 = CARTESIAN_POINT('',(161.94367989732,34.158113344221,
    234.0432968009));
#4441 = CARTESIAN_POINT('',(161.73195920314,35.146501572984,
    233.22193406494));
#4442 = CARTESIAN_POINT('',(161.50833140042,36.155300512573,
    232.41462337312));
#4443 = CARTESIAN_POINT('',(161.27221909525,37.184470848478,
    231.62204841531));
#4444 = CARTESIAN_POINT('',(160.70074940244,39.591225988782,
    229.8399271829));
#4445 = CARTESIAN_POINT('',(160.35653891841,40.982705607284,
    228.86061097753));
#4446 = CARTESIAN_POINT('',(159.98914246783,42.408066402237,
    227.90875641835));
#4447 = CARTESIAN_POINT('',(159.59727084676,43.866906352594,
    226.98623546384));
#4448 = CARTESIAN_POINT('',(159.17960003412,45.358745737241,
    226.09502997278));
#4449 = CARTESIAN_POINT('',(158.73477648352,46.883020131406,
    225.23723762974));
#4450 = CARTESIAN_POINT('',(158.26142369022,48.439073893163,
    224.41507828984));
#4451 = CARTESIAN_POINT('',(157.36008787763,51.281448502953,
    223.0106588513));
#4452 = CARTESIAN_POINT('',(156.94326049403,52.556300709412,
    222.41410520751));
#4453 = CARTESIAN_POINT('',(156.50714085001,53.84981253136,
    221.84267543632));
#4454 = CARTESIAN_POINT('',(156.05122544447,55.161046574136,
    221.29777814956));
#4455 = CARTESIAN_POINT('',(155.57503871416,56.489028538984,
    220.78079674106));
#4456 = CARTESIAN_POINT('',(155.07813743995,57.83274948557,
    220.29309118159));
#4457 = CARTESIAN_POINT('',(154.56011515323,59.191168094502,
    219.83599981383));
#4458 = CARTESIAN_POINT('',(153.73423396326,61.291497909537,
    219.18516581761));
#4459 = CARTESIAN_POINT('',(153.4418414946,62.023535864298,
    218.9685142941));
#4460 = CARTESIAN_POINT('',(153.14341840084,62.759059697597,
    218.76111260667));
#4461 = CARTESIAN_POINT('',(152.83896035326,63.497801628222,
    218.56317633883));
#4462 = CARTESIAN_POINT('',(152.52846968446,64.239493325577,
    218.37491074476));
#4463 = CARTESIAN_POINT('',(152.21195564299,64.983866044965,
    218.19651086612));
#4464 = CARTESIAN_POINT('',(151.88943464806,65.730650762886,
    218.02816164901));
#4465 = CARTESIAN_POINT('',(150.88944602967,68.010436666827,
    217.54682279626));
#4466 = CARTESIAN_POINT('',(150.19274546972,69.550743729541,
    217.26622768811));
#4467 = CARTESIAN_POINT('',(149.47144892886,71.097196741134,
    217.03000935938));
#4468 = CARTESIAN_POINT('',(148.72636483792,72.646529302457,
    216.83957795093));
#4469 = CARTESIAN_POINT('',(147.95849561617,74.195528833943,
    216.69600138273));
#4470 = CARTESIAN_POINT('',(147.16903964545,75.741052121248,
    216.6000078446));
#4471 = CARTESIAN_POINT('',(146.35938959638,77.280038947122,
    216.55198651616));
#4472 = CARTESIAN_POINT('',(144.70286461681,80.339008671896,
    216.55198651616));
#4473 = CARTESIAN_POINT('',(143.85647310529,81.858098880354,
    216.6000078446));
#4474 = CARTESIAN_POINT('',(142.99357174558,83.363849259672,
    216.69600138273));
#4475 = CARTESIAN_POINT('',(142.11596229997,84.853421128123,
    216.83957795093));
#4476 = CARTESIAN_POINT('',(141.22562221415,86.324093158078,
    217.03000935939));
#4477 = CARTESIAN_POINT('',(140.32469411567,87.773270227381,
    217.26622768811));
#4478 = CARTESIAN_POINT('',(139.41547171609,89.198490261523,
    217.54682279625));
#4479 = CARTESIAN_POINT('',(138.05270137033,91.281818845678,
    218.02816164901));
#4480 = CARTESIAN_POINT('',(137.60354549727,91.960026932325,
    218.19651086612));
#4481 = CARTESIAN_POINT('',(137.15312688601,92.631886261688,
    218.37491074475));
#4482 = CARTESIAN_POINT('',(136.70166186247,93.29723606582,
    218.56317633883));
#4483 = CARTESIAN_POINT('',(136.24937043772,93.955921734326,
    218.76111260667));
#4484 = CARTESIAN_POINT('',(135.79647605551,94.607794675016,
    218.9685142941));
#4485 = CARTESIAN_POINT('',(135.34320533981,95.252712174566,
    219.18516581761));
#4486 = CARTESIAN_POINT('',(134.02475230148,97.107387888181,
    219.84138734834));
#4487 = CARTESIAN_POINT('',(133.15938464779,98.298139540454,
    220.30467731592));
#4488 = CARTESIAN_POINT('',(132.29482152767,99.462506133175,
    220.799342148));
#4489 = CARTESIAN_POINT('',(131.43219648293,100.60025494159,
    221.32399277502));
#4490 = CARTESIAN_POINT('',(130.57263539206,101.71120399229,
    221.87721805747));
#4491 = CARTESIAN_POINT('',(129.7172519115,102.79521945644,
    222.4575828833));
#4492 = CARTESIAN_POINT('',(128.86714291682,103.85221304307,
    223.06362626535));
#4493 = CARTESIAN_POINT('',(126.95919223134,106.18113486493,
    224.48874155788));
#4494 = CARTESIAN_POINT('',(125.90493014406,107.43728262022,
    225.32223182382));
#4495 = CARTESIAN_POINT('',(124.86202234917,108.651369421,
    226.19191681121));
#4496 = CARTESIAN_POINT('',(123.83179980692,109.82422317137,
    227.09551850843));
#4497 = CARTESIAN_POINT('',(122.81550073037,110.95670256608,
    228.03088717966));
#4498 = CARTESIAN_POINT('',(121.81427271867,112.04968759091,
    228.9959946705));
#4499 = CARTESIAN_POINT('',(120.82917606431,113.10407087402,
    229.98892815713));
#4500 = CARTESIAN_POINT('',(119.09372503884,114.92681758957,
    231.81575747885));
#4501 = CARTESIAN_POINT('',(118.33691201668,115.70929407183,
    232.64009818703));
#4502 = CARTESIAN_POINT('',(117.59115732872,116.46870355954,
    233.48010489315));
#4503 = CARTESIAN_POINT('',(116.85684321284,117.20555868968,
    234.33502690288));
#4504 = CARTESIAN_POINT('',(116.13432641315,117.92036085627,
    235.20416449318));
#4505 = CARTESIAN_POINT('',(115.42393860934,118.61360055477,
    236.08686900739));
#4506 = CARTESIAN_POINT('',(114.725986846,119.28575772651,
    236.98254295022));
#4507 = CARTESIAN_POINT('',(113.48942107451,120.46152948753,
    238.62128775891));
#4508 = CARTESIAN_POINT('',(112.94632016646,120.97241452351,
    239.35998038077));
#4509 = CARTESIAN_POINT('',(112.4116054319,121.47019519472,
    240.10642532912));
#4510 = CARTESIAN_POINT('',(111.88542432795,121.95510236072,
    240.86034608804));
#4511 = CARTESIAN_POINT('',(111.3679177547,122.42735995135,
    241.6214822803));
#4512 = CARTESIAN_POINT('',(110.85922023513,122.88718516108,
    242.3895897027));
#4513 = CARTESIAN_POINT('',(110.35946009499,123.33478864332,
    243.16444036126));
#4514 = CARTESIAN_POINT('',(108.21305468901,125.24011453578,
    246.5823358475));
#4515 = CARTESIAN_POINT('',(106.65973817663,126.57370681839,
    249.29441461803));
#4516 = CARTESIAN_POINT('',(105.21453316019,127.77801811573,
    252.07268537202));
#4517 = CARTESIAN_POINT('',(103.88244184166,128.85920671023,
    254.90914106478));
#4518 = CARTESIAN_POINT('',(102.66788162737,129.82267463537,
    257.79689858276));
#4519 = CARTESIAN_POINT('',(101.57479987708,130.67301963712,
    260.72998771942));
#4520 = CARTESIAN_POINT('',(100.60676734525,131.41398706503,
    263.70317159748));
#4521 = CARTESIAN_POINT('',(99.022640374952,132.61084858842,
    269.37894915468));
#4522 = CARTESIAN_POINT('',(98.379255700256,133.08941372531,
    272.07329422236));
#4523 = CARTESIAN_POINT('',(97.839524700237,133.48583797576,
    274.78999072002));
#4524 = CARTESIAN_POINT('',(97.405565181053,133.80154515288,
    277.52441798185));
#4525 = CARTESIAN_POINT('',(97.078979454195,134.03762313901,
    280.27212743306));
#4526 = CARTESIAN_POINT('',(96.860853197595,134.19479571292,
    283.02879223746));
#4527 = CARTESIAN_POINT('',(96.751758068562,134.27340507577,
    285.79015685593));
#4528 = CARTESIAN_POINT('',(96.751758068562,134.27340507577,
    288.55198651616));
#4529 = PCURVE('',#1026,#4530);
#4530 = DEFINITIONAL_REPRESENTATION('',(#4531),#4772);
#4531 = B_SPLINE_CURVE_WITH_KNOTS('',8,(#4532,#4533,#4534,#4535,#4536,
    #4537,#4538,#4539,#4540,#4541,#4542,#4543,#4544,#4545,#4546,#4547,
    #4548,#4549,#4550,#4551,#4552,#4553,#4554,#4555,#4556,#4557,#4558,
    #4559,#4560,#4561,#4562,#4563,#4564,#4565,#4566,#4567,#4568,#4569,
    #4570,#4571,#4572,#4573,#4574,#4575,#4576,#4577,#4578,#4579,#4580,
    #4581,#4582,#4583,#4584,#4585,#4586,#4587,#4588,#4589,#4590,#4591,
    #4592,#4593,#4594,#4595,#4596,#4597,#4598,#4599,#4600,#4601,#4602,
    #4603,#4604,#4605,#4606,#4607,#4608,#4609,#4610,#4611,#4612,#4613,
    #4614,#4615,#4616,#4617,#4618,#4619,#4620,#4621,#4622,#4623,#4624,
    #4625,#4626,#4627,#4628,#4629,#4630,#4631,#4632,#4633,#4634,#4635,
    #4636,#4637,#4638,#4639,#4640,#4641,#4642,#4643,#4644,#4645,#4646,
    #4647,#4648,#4649,#4650,#4651,#4652,#4653,#4654,#4655,#4656,#4657,
    #4658,#4659,#4660,#4661,#4662,#4663,#4664,#4665,#4666,#4667,#4668,
    #4669,#4670,#4671,#4672,#4673,#4674,#4675,#4676,#4677,#4678,#4679,
    #4680,#4681,#4682,#4683,#4684,#4685,#4686,#4687,#4688,#4689,#4690,
    #4691,#4692,#4693,#4694,#4695,#4696,#4697,#4698,#4699,#4700,#4701,
    #4702,#4703,#4704,#4705,#4706,#4707,#4708,#4709,#4710,#4711,#4712,
    #4713,#4714,#4715,#4716,#4717,#4718,#4719,#4720,#4721,#4722,#4723,
    #4724,#4725,#4726,#4727,#4728,#4729,#4730,#4731,#4732,#4733,#4734,
    #4735,#4736,#4737,#4738,#4739,#4740,#4741,#4742,#4743,#4744,#4745,
    #4746,#4747,#4748,#4749,#4750,#4751,#4752,#4753,#4754,#4755,#4756,
    #4757,#4758,#4759,#4760,#4761,#4762,#4763,#4764,#4765,#4766,#4767,
    #4768,#4769,#4770,#4771),.UNSPECIFIED.,.F.,.F.,(9,7,7,7,7,7,7,7,7,7,
    7,7,7,7,7,7,7,7,7,7,7,7,7,7,7,7,7,7,7,7,7,7,7,7,9),(0.,
    0.120742944241,0.138579579596,0.16096003416,0.189903889862,
    0.212796909273,0.224948583728,0.249787424781,0.274626265835,
    0.28677794029,0.309961055946,0.339200780029,0.362383315365,
    0.381035797528,0.443972375174,0.469977667938,0.499771851686,
    0.585359410561,0.596960350775,0.607216655653,0.620774742026,
    0.63862090654,0.66101331778,0.689972636639,0.712877886572,
    0.72503605302,0.749888164143,0.774740275267,0.786898441714,
    0.810093942873,0.839349288181,0.86254420871,0.8812066559,
    0.944176857204,1.),.UNSPECIFIED.);
#4532 = CARTESIAN_POINT('',(0.,149.01761640826));
#4533 = CARTESIAN_POINT('',(8.327007476378E-02,149.01761640826));
#4534 = CARTESIAN_POINT('',(0.16629537941,149.29329180175));
#4535 = CARTESIAN_POINT('',(0.249483630142,149.84180242757));
#4536 = CARTESIAN_POINT('',(0.333213463725,150.64873150847));
#4537 = CARTESIAN_POINT('',(0.417854842013,151.68804816482));
#4538 = CARTESIAN_POINT('',(0.503788788316,152.92196683815));
#4539 = CARTESIAN_POINT('',(0.59142176267,154.30093846718));
#4540 = CARTESIAN_POINT('',(0.694495156176,155.97905752955));
#4541 = CARTESIAN_POINT('',(0.70781546639,156.19696540938));
#4542 = CARTESIAN_POINT('',(0.721191914099,156.41660687789));
#4543 = CARTESIAN_POINT('',(0.73462693331,156.63779190116));
#4544 = CARTESIAN_POINT('',(0.748122961267,156.86032309722));
#4545 = CARTESIAN_POINT('',(0.761682454334,157.08399553371));
#4546 = CARTESIAN_POINT('',(0.775307903876,157.30859652548));
#4547 = CARTESIAN_POINT('',(0.806184284863,157.81661097885));
#4548 = CARTESIAN_POINT('',(0.82347464804,158.10043247861));
#4549 = CARTESIAN_POINT('',(0.840878210356,158.38493814576));
#4550 = CARTESIAN_POINT('',(0.858400176089,158.66967317303));
#4551 = CARTESIAN_POINT('',(0.876045746014,158.95415930229));
#4552 = CARTESIAN_POINT('',(0.893820178294,159.23789439513));
#4553 = CARTESIAN_POINT('',(0.911728849385,159.52035200357));
#4554 = CARTESIAN_POINT('',(0.953118761408,160.16390848708));
#4555 = CARTESIAN_POINT('',(0.976697975401,160.52383903953));
#4556 = CARTESIAN_POINT('',(1.000523032723,160.87951508768));
#4557 = CARTESIAN_POINT('',(1.024602322799,161.22961154151));
#4558 = CARTESIAN_POINT('',(1.048944581897,161.57273569484));
#4559 = CARTESIAN_POINT('',(1.073558953907,161.90742854359));
#4560 = CARTESIAN_POINT('',(1.09845507866,162.23216745871));
#4561 = CARTESIAN_POINT('',(1.143565651253,162.79309659942));
#4562 = CARTESIAN_POINT('',(1.163673115395,163.03363518779));
#4563 = CARTESIAN_POINT('',(1.183962284792,163.26609480943));
#4564 = CARTESIAN_POINT('',(1.204430364557,163.4895863362));
#4565 = CARTESIAN_POINT('',(1.225075060332,163.70322763349));
#4566 = CARTESIAN_POINT('',(1.245894558282,163.90614851227));
#4567 = CARTESIAN_POINT('',(1.266887505094,164.09749568116));
#4568 = CARTESIAN_POINT('',(1.299287681526,164.37142058831));
#4569 = CARTESIAN_POINT('',(1.310569657593,164.46289706628));
#4570 = CARTESIAN_POINT('',(1.321897136829,164.55073050352));
#4571 = CARTESIAN_POINT('',(1.333268407922,164.63478957874));
#4572 = CARTESIAN_POINT('',(1.344681820607,164.71494856663));
#4573 = CARTESIAN_POINT('',(1.356135778702,164.79108762616));
#4574 = CARTESIAN_POINT('',(1.367628733126,164.86309308899));
#4575 = CARTESIAN_POINT('',(1.40272817459,165.06937327479));
#4576 = CARTESIAN_POINT('',(1.426461433377,165.19021465478));
#4577 = CARTESIAN_POINT('',(1.450330631209,165.29235439416));
#4578 = CARTESIAN_POINT('',(1.474308743827,165.37494795208));
#4579 = CARTESIAN_POINT('',(1.49836970375,165.43734699828));
#4580 = CARTESIAN_POINT('',(1.522488064894,165.4791085517));
#4581 = CARTESIAN_POINT('',(1.546638670843,165.5));
#4582 = CARTESIAN_POINT('',(1.594953982747,165.5));
#4583 = CARTESIAN_POINT('',(1.619104588696,165.4791085517));
#4584 = CARTESIAN_POINT('',(1.643222949839,165.43734699828));
#4585 = CARTESIAN_POINT('',(1.667283909762,165.37494795208));
#4586 = CARTESIAN_POINT('',(1.69126202238,165.29235439416));
#4587 = CARTESIAN_POINT('',(1.715131220212,165.19021465478));
#4588 = CARTESIAN_POINT('',(1.738864479,165.06937327479));
#4589 = CARTESIAN_POINT('',(1.773963920464,164.863093089));
#4590 = CARTESIAN_POINT('',(1.785456874887,164.79108762616));
#4591 = CARTESIAN_POINT('',(1.796910832982,164.71494856663));
#4592 = CARTESIAN_POINT('',(1.808324245668,164.63478957875));
#4593 = CARTESIAN_POINT('',(1.81969551676,164.55073050352));
#4594 = CARTESIAN_POINT('',(1.831022995997,164.46289706628));
#4595 = CARTESIAN_POINT('',(1.842304972064,164.37142058831));
#4596 = CARTESIAN_POINT('',(1.874973353706,164.09522815994));
#4597 = CARTESIAN_POINT('',(1.89622993853,163.90129849643));
#4598 = CARTESIAN_POINT('',(1.917308539349,163.69551197913));
#4599 = CARTESIAN_POINT('',(1.938207813331,163.47875455783));
#4600 = CARTESIAN_POINT('',(1.958925935034,163.25192961095));
#4601 = CARTESIAN_POINT('',(1.9794605759,163.01595269552));
#4602 = CARTESIAN_POINT('',(1.999808883741,162.77174629716));
#4603 = CARTESIAN_POINT('',(2.04539248627,162.20301521589));
#4604 = CARTESIAN_POINT('',(2.070519796503,161.874123715));
#4605 = CARTESIAN_POINT('',(2.09536004883,161.5351874961));
#4606 = CARTESIAN_POINT('',(2.119923268108,161.18777116873));
#4607 = CARTESIAN_POINT('',(2.144218970326,160.83337244809));
#4608 = CARTESIAN_POINT('',(2.168256255697,160.47341950734));
#4609 = CARTESIAN_POINT('',(2.192043872659,160.10926976738));
#4610 = CARTESIAN_POINT('',(2.234258855397,159.45118914444));
#4611 = CARTESIAN_POINT('',(2.252778356285,159.15829939722));
#4612 = CARTESIAN_POINT('',(2.271154934097,158.86414942633));
#4613 = CARTESIAN_POINT('',(2.289394558817,158.56931946252));
#4614 = CARTESIAN_POINT('',(2.307503063805,158.27436196496));
#4615 = CARTESIAN_POINT('',(2.325486217817,157.97980216287));
#4616 = CARTESIAN_POINT('',(2.343349797044,157.68613859698));
#4617 = CARTESIAN_POINT('',(2.375381052334,157.15866549805));
#4618 = CARTESIAN_POINT('',(2.389588877203,156.92437256226));
#4619 = CARTESIAN_POINT('',(2.403726009218,156.69121376866));
#4620 = CARTESIAN_POINT('',(2.41779526434,156.45942871563));
#4621 = CARTESIAN_POINT('',(2.431799416405,156.22924793583));
#4622 = CARTESIAN_POINT('',(2.445741216506,156.00089314691));
#4623 = CARTESIAN_POINT('',(2.459623412369,155.77457750228));
#4624 = CARTESIAN_POINT('',(2.520097816607,154.79445078523));
#4625 = CARTESIAN_POINT('',(2.566121057245,154.06359803566));
#4626 = CARTESIAN_POINT('',(2.611599403067,153.36624990829));
#4627 = CARTESIAN_POINT('',(2.65660906833,152.70973756561));
#4628 = CARTESIAN_POINT('',(2.701223092852,152.10051781613));
#4629 = CARTESIAN_POINT('',(2.745512685488,151.54425114256));
#4630 = CARTESIAN_POINT('',(2.789548386337,151.04586095958));
#4631 = CARTESIAN_POINT('',(2.851520896915,150.42930107231));
#4632 = CARTESIAN_POINT('',(2.869605860648,150.25966724424));
#4633 = CARTESIAN_POINT('',(2.887659075551,150.10098224205));
#4634 = CARTESIAN_POINT('',(2.905683634262,149.95352910073));
#4635 = CARTESIAN_POINT('',(2.923682607666,149.81756390215));
#4636 = CARTESIAN_POINT('',(2.941659067166,149.693315412));
#4637 = CARTESIAN_POINT('',(2.959616106949,149.58098471671));
#4638 = CARTESIAN_POINT('',(2.998111538881,149.36590036607));
#4639 = CARTESIAN_POINT('',(3.01864455082,149.26692812092));
#4640 = CARTESIAN_POINT('',(3.039159594228,149.18409396572));
#4641 = CARTESIAN_POINT('',(3.059660310211,149.11761143355));
#4642 = CARTESIAN_POINT('',(3.080150319508,149.06764137442));
#4643 = CARTESIAN_POINT('',(3.100633253178,149.03429157999));
#4644 = CARTESIAN_POINT('',(3.121112783286,149.01761640826));
#4645 = CARTESIAN_POINT('',(3.200423669746,149.01761640826));
#4646 = CARTESIAN_POINT('',(3.259205072309,149.15522023335));
#4647 = CARTESIAN_POINT('',(3.318053096315,149.43002356423));
#4648 = CARTESIAN_POINT('',(3.377080070435,149.83836621));
#4649 = CARTESIAN_POINT('',(3.436396401373,150.37331682047));
#4650 = CARTESIAN_POINT('',(3.496112778209,151.02471784202));
#4651 = CARTESIAN_POINT('',(3.556342596672,151.77929071689));
#4652 = CARTESIAN_POINT('',(3.625454125945,152.73486363123));
#4653 = CARTESIAN_POINT('',(3.633716519082,152.85054052311));
#4654 = CARTESIAN_POINT('',(3.641992230075,152.96779443637));
#4655 = CARTESIAN_POINT('',(3.650281718068,153.08658701517));
#4656 = CARTESIAN_POINT('',(3.658585454031,153.2068791131));
#4657 = CARTESIAN_POINT('',(3.666903920768,153.32863079315));
#4658 = CARTESIAN_POINT('',(3.675237612908,153.45180132775));
#4659 = CARTESIAN_POINT('',(3.690968700513,153.68646104425));
#4660 = CARTESIAN_POINT('',(3.698362659929,153.79764941651));
#4661 = CARTESIAN_POINT('',(3.70576926536,153.90988563575));
#4662 = CARTESIAN_POINT('',(3.713188874527,154.02314050931));
#4663 = CARTESIAN_POINT('',(3.72062185268,154.13738433176));
#4664 = CARTESIAN_POINT('',(3.728068572593,154.25258688476));
#4665 = CARTESIAN_POINT('',(3.735529414566,154.36871743718));
#4666 = CARTESIAN_POINT('',(3.752886635901,154.64044630339));
#4667 = CARTESIAN_POINT('',(3.762793807744,154.79671398338));
#4668 = CARTESIAN_POINT('',(3.77272722084,154.95447638454));
#4669 = CARTESIAN_POINT('',(3.782687820137,155.11366004833));
#4670 = CARTESIAN_POINT('',(3.792676556644,155.27418945816));
#4671 = CARTESIAN_POINT('',(3.802694387428,155.43598703935));
#4672 = CARTESIAN_POINT('',(3.812742275617,155.59897315915));
#4673 = CARTESIAN_POINT('',(3.836087809766,155.97905752955));
#4674 = CARTESIAN_POINT('',(3.849408119979,156.19696540937));
#4675 = CARTESIAN_POINT('',(3.862784567689,156.41660687789));
#4676 = CARTESIAN_POINT('',(3.8762195869,156.63779190116));
#4677 = CARTESIAN_POINT('',(3.889715614857,156.86032309722));
#4678 = CARTESIAN_POINT('',(3.903275107924,157.08399553371));
#4679 = CARTESIAN_POINT('',(3.916900557466,157.30859652548));
#4680 = CARTESIAN_POINT('',(3.947776938453,157.81661097885));
#4681 = CARTESIAN_POINT('',(3.96506730163,158.10043247861));
#4682 = CARTESIAN_POINT('',(3.982470863946,158.38493814576));
#4683 = CARTESIAN_POINT('',(3.999992829679,158.66967317303));
#4684 = CARTESIAN_POINT('',(4.017638399603,158.95415930229));
#4685 = CARTESIAN_POINT('',(4.035412831884,159.23789439513));
#4686 = CARTESIAN_POINT('',(4.053321502975,159.52035200357));
#4687 = CARTESIAN_POINT('',(4.094711415002,160.16390848714));
#4688 = CARTESIAN_POINT('',(4.118290628992,160.52383903955));
#4689 = CARTESIAN_POINT('',(4.14211568631,160.87951508764));
#4690 = CARTESIAN_POINT('',(4.166194976385,161.22961154145));
#4691 = CARTESIAN_POINT('',(4.190537235485,161.57273569482));
#4692 = CARTESIAN_POINT('',(4.215151607499,161.90742854362));
#4693 = CARTESIAN_POINT('',(4.240047732254,162.23216745877));
#4694 = CARTESIAN_POINT('',(4.285158304843,162.79309659942));
#4695 = CARTESIAN_POINT('',(4.305265768985,163.03363518779));
#4696 = CARTESIAN_POINT('',(4.325554938382,163.26609480943));
#4697 = CARTESIAN_POINT('',(4.346023018147,163.4895863362));
#4698 = CARTESIAN_POINT('',(4.366667713922,163.70322763349));
#4699 = CARTESIAN_POINT('',(4.387487211872,163.90614851227));
#4700 = CARTESIAN_POINT('',(4.408480158684,164.09749568116));
#4701 = CARTESIAN_POINT('',(4.440880335116,164.37142058831));
#4702 = CARTESIAN_POINT('',(4.452162311182,164.46289706628));
#4703 = CARTESIAN_POINT('',(4.463489790419,164.55073050352));
#4704 = CARTESIAN_POINT('',(4.474861061511,164.63478957874));
#4705 = CARTESIAN_POINT('',(4.486274474197,164.71494856663));
#4706 = CARTESIAN_POINT('',(4.497728432292,164.79108762616));
#4707 = CARTESIAN_POINT('',(4.509221386716,164.86309308899));
#4708 = CARTESIAN_POINT('',(4.544320828179,165.06937327479));
#4709 = CARTESIAN_POINT('',(4.568054086967,165.19021465478));
#4710 = CARTESIAN_POINT('',(4.591923284799,165.29235439416));
#4711 = CARTESIAN_POINT('',(4.615901397417,165.37494795208));
#4712 = CARTESIAN_POINT('',(4.639962357341,165.43734699828));
#4713 = CARTESIAN_POINT('',(4.664080718484,165.47910855169));
#4714 = CARTESIAN_POINT('',(4.688231324432,165.5));
#4715 = CARTESIAN_POINT('',(4.736546636337,165.5));
#4716 = CARTESIAN_POINT('',(4.760697242285,165.4791085517));
#4717 = CARTESIAN_POINT('',(4.784815603429,165.43734699828));
#4718 = CARTESIAN_POINT('',(4.808876563353,165.37494795208));
#4719 = CARTESIAN_POINT('',(4.83285467597,165.29235439416));
#4720 = CARTESIAN_POINT('',(4.856723873802,165.19021465478));
#4721 = CARTESIAN_POINT('',(4.88045713259,165.0693732748));
#4722 = CARTESIAN_POINT('',(4.915556574054,164.863093089));
#4723 = CARTESIAN_POINT('',(4.927049528477,164.79108762616));
#4724 = CARTESIAN_POINT('',(4.938503486572,164.71494856663));
#4725 = CARTESIAN_POINT('',(4.949916899258,164.63478957874));
#4726 = CARTESIAN_POINT('',(4.96128817035,164.55073050352));
#4727 = CARTESIAN_POINT('',(4.972615649587,164.46289706628));
#4728 = CARTESIAN_POINT('',(4.983897625654,164.37142058831));
#4729 = CARTESIAN_POINT('',(5.016566007296,164.09522815995));
#4730 = CARTESIAN_POINT('',(5.037822592119,163.90129849643));
#4731 = CARTESIAN_POINT('',(5.058901192939,163.69551197912));
#4732 = CARTESIAN_POINT('',(5.079800466921,163.47875455782));
#4733 = CARTESIAN_POINT('',(5.100518588624,163.25192961095));
#4734 = CARTESIAN_POINT('',(5.12105322949,163.01595269552));
#4735 = CARTESIAN_POINT('',(5.141401537331,162.77174629717));
#4736 = CARTESIAN_POINT('',(5.18698513986,162.20301521589));
#4737 = CARTESIAN_POINT('',(5.212112450093,161.87412371499));
#4738 = CARTESIAN_POINT('',(5.23695270242,161.5351874961));
#4739 = CARTESIAN_POINT('',(5.261515921697,161.18777116874));
#4740 = CARTESIAN_POINT('',(5.285811623916,160.83337244809));
#4741 = CARTESIAN_POINT('',(5.309848909287,160.47341950734));
#4742 = CARTESIAN_POINT('',(5.333636526249,160.10926976738));
#4743 = CARTESIAN_POINT('',(5.375851508987,159.45118914443));
#4744 = CARTESIAN_POINT('',(5.394371009875,159.15829939722));
#4745 = CARTESIAN_POINT('',(5.412747587687,158.86414942633));
#4746 = CARTESIAN_POINT('',(5.430987212407,158.56931946252));
#4747 = CARTESIAN_POINT('',(5.449095717395,158.27436196496));
#4748 = CARTESIAN_POINT('',(5.467078871407,157.97980216287));
#4749 = CARTESIAN_POINT('',(5.484942450634,157.68613859698));
#4750 = CARTESIAN_POINT('',(5.516973705924,157.15866549805));
#4751 = CARTESIAN_POINT('',(5.531181530793,156.92437256226));
#4752 = CARTESIAN_POINT('',(5.545318662807,156.69121376866));
#4753 = CARTESIAN_POINT('',(5.55938791793,156.45942871563));
#4754 = CARTESIAN_POINT('',(5.573392069995,156.22924793583));
#4755 = CARTESIAN_POINT('',(5.587333870096,156.00089314691));
#4756 = CARTESIAN_POINT('',(5.601216065958,155.77457750228));
#4757 = CARTESIAN_POINT('',(5.661690470197,154.79445078523));
#4758 = CARTESIAN_POINT('',(5.707713710835,154.06359803567));
#4759 = CARTESIAN_POINT('',(5.753192056657,153.36624990829));
#4760 = CARTESIAN_POINT('',(5.798201721919,152.70973756561));
#4761 = CARTESIAN_POINT('',(5.842815746442,152.10051781613));
#4762 = CARTESIAN_POINT('',(5.887105339078,151.54425114256));
#4763 = CARTESIAN_POINT('',(5.931141039926,151.04586095958));
#4764 = CARTESIAN_POINT('',(6.013869126909,150.22280539014));
#4765 = CARTESIAN_POINT('',(6.052591102131,149.88493828245));
#4766 = CARTESIAN_POINT('',(6.091186158884,149.59910351289));
#4767 = CARTESIAN_POINT('',(6.129680734348,149.36784136393));
#4768 = CARTESIAN_POINT('',(6.168101260125,149.19307885482));
#4769 = CARTESIAN_POINT('',(6.206474275089,149.07611532449));
#4770 = CARTESIAN_POINT('',(6.244826561899,149.01761640826));
#4771 = CARTESIAN_POINT('',(6.28318530718,149.01761640826));
#4772 = ( GEOMETRIC_REPRESENTATION_CONTEXT(2) 
PARAMETRIC_REPRESENTATION_CONTEXT() REPRESENTATION_CONTEXT('2D SPACE',''
  ) );
#4773 = PCURVE('',#2937,#4774);
#4774 = DEFINITIONAL_REPRESENTATION('',(#4775),#5016);
#4775 = B_SPLINE_CURVE_WITH_KNOTS('',8,(#4776,#4777,#4778,#4779,#4780,
    #4781,#4782,#4783,#4784,#4785,#4786,#4787,#4788,#4789,#4790,#4791,
    #4792,#4793,#4794,#4795,#4796,#4797,#4798,#4799,#4800,#4801,#4802,
    #4803,#4804,#4805,#4806,#4807,#4808,#4809,#4810,#4811,#4812,#4813,
    #4814,#4815,#4816,#4817,#4818,#4819,#4820,#4821,#4822,#4823,#4824,
    #4825,#4826,#4827,#4828,#4829,#4830,#4831,#4832,#4833,#4834,#4835,
    #4836,#4837,#4838,#4839,#4840,#4841,#4842,#4843,#4844,#4845,#4846,
    #4847,#4848,#4849,#4850,#4851,#4852,#4853,#4854,#4855,#4856,#4857,
    #4858,#4859,#4860,#4861,#4862,#4863,#4864,#4865,#4866,#4867,#4868,
    #4869,#4870,#4871,#4872,#4873,#4874,#4875,#4876,#4877,#4878,#4879,
    #4880,#4881,#4882,#4883,#4884,#4885,#4886,#4887,#4888,#4889,#4890,
    #4891,#4892,#4893,#4894,#4895,#4896,#4897,#4898,#4899,#4900,#4901,
    #4902,#4903,#4904,#4905,#4906,#4907,#4908,#4909,#4910,#4911,#4912,
    #4913,#4914,#4915,#4916,#4917,#4918,#4919,#4920,#4921,#4922,#4923,
    #4924,#4925,#4926,#4927,#4928,#4929,#4930,#4931,#4932,#4933,#4934,
    #4935,#4936,#4937,#4938,#4939,#4940,#4941,#4942,#4943,#4944,#4945,
    #4946,#4947,#4948,#4949,#4950,#4951,#4952,#4953,#4954,#4955,#4956,
    #4957,#4958,#4959,#4960,#4961,#4962,#4963,#4964,#4965,#4966,#4967,
    #4968,#4969,#4970,#4971,#4972,#4973,#4974,#4975,#4976,#4977,#4978,
    #4979,#4980,#4981,#4982,#4983,#4984,#4985,#4986,#4987,#4988,#4989,
    #4990,#4991,#4992,#4993,#4994,#4995,#4996,#4997,#4998,#4999,#5000,
    #5001,#5002,#5003,#5004,#5005,#5006,#5007,#5008,#5009,#5010,#5011,
    #5012,#5013,#5014,#5015),.UNSPECIFIED.,.T.,.F.,(9,7,7,7,7,7,7,7,7,7,
    7,7,7,7,7,7,7,7,7,7,7,7,7,7,7,7,7,7,7,7,7,7,7,7,9),(0.,
    0.120742944241,0.138579579596,0.16096003416,0.189903889862,
    0.212796909273,0.224948583728,0.249787424781,0.274626265835,
    0.28677794029,0.309961055946,0.339200780029,0.362383315365,
    0.381035797528,0.443972375174,0.469977667938,0.499771851686,
    0.585359410561,0.596960350775,0.607216655653,0.620774742026,
    0.63862090654,0.66101331778,0.689972636639,0.712877886572,
    0.72503605302,0.749888164143,0.774740275267,0.786898441714,
    0.810093942873,0.839349288181,0.86254420871,0.8812066559,
    0.944176857204,1.),.UNSPECIFIED.);
#4776 = CARTESIAN_POINT('',(0.946405967904,82.));
#4777 = CARTESIAN_POINT('',(0.946405967904,87.995445382992));
#4778 = CARTESIAN_POINT('',(0.942577145729,93.973266250885));
#4779 = CARTESIAN_POINT('',(0.934958925524,99.899478914156));
#4780 = CARTESIAN_POINT('',(0.923581721466,105.7395302734));
#4781 = CARTESIAN_POINT('',(0.90847572774,111.45478916531));
#4782 = CARTESIAN_POINT('',(0.889670440874,116.99977966044));
#4783 = CARTESIAN_POINT('',(0.867190160648,122.31898886327));
#4784 = CARTESIAN_POINT('',(0.837186015311,128.0838398371));
#4785 = CARTESIAN_POINT('',(0.833242435091,128.81971879555));
#4786 = CARTESIAN_POINT('',(0.829216786201,129.5492888778));
#4787 = CARTESIAN_POINT('',(0.825108721364,130.27234462639));
#4788 = CARTESIAN_POINT('',(0.820917878732,130.98866662322));
#4789 = CARTESIAN_POINT('',(0.816643880104,131.69802151957));
#4790 = CARTESIAN_POINT('',(0.812286329145,132.40016206603));
#4791 = CARTESIAN_POINT('',(0.802271828807,133.96645566817));
#4792 = CARTESIAN_POINT('',(0.796566621092,134.82631945764));
#4793 = CARTESIAN_POINT('',(0.790728279346,135.67391395813));
#4794 = CARTESIAN_POINT('',(0.784755903036,136.50868971526));
#4795 = CARTESIAN_POINT('',(0.778648591304,137.33005245122));
#4796 = CARTESIAN_POINT('',(0.772405436051,138.13736314304));
#4797 = CARTESIAN_POINT('',(0.766025515024,138.92993810084));
#4798 = CARTESIAN_POINT('',(0.751078862826,140.71205933308));
#4799 = CARTESIAN_POINT('',(0.742418088092,141.69137553859));
#4800 = CARTESIAN_POINT('',(0.733524853285,142.64323009792));
#4801 = CARTESIAN_POINT('',(0.724398599175,143.56575105246));
#4802 = CARTESIAN_POINT('',(0.715038936808,144.45695654343));
#4803 = CARTESIAN_POINT('',(0.705445668446,145.31474888633));
#4804 = CARTESIAN_POINT('',(0.695618807372,146.13690822617));
#4805 = CARTESIAN_POINT('',(0.677601515654,147.54132766485));
#4806 = CARTESIAN_POINT('',(0.669497514695,148.13788130864));
#4807 = CARTESIAN_POINT('',(0.661250038688,148.70931107984));
#4808 = CARTESIAN_POINT('',(0.652862678949,149.25420836659));
#4809 = CARTESIAN_POINT('',(0.644339169252,149.77118977509));
#4810 = CARTESIAN_POINT('',(0.635683381982,150.25889533457));
#4811 = CARTESIAN_POINT('',(0.626899324288,150.71598670232));
#4812 = CARTESIAN_POINT('',(0.613262643702,151.36682069854));
#4813 = CARTESIAN_POINT('',(0.608499738734,151.58347222205));
#4814 = CARTESIAN_POINT('',(0.603703736503,151.79087390948));
#4815 = CARTESIAN_POINT('',(0.598875962212,151.98881017732));
#4816 = CARTESIAN_POINT('',(0.594017749699,152.1770757714));
#4817 = CARTESIAN_POINT('',(0.589130442033,152.35547565004));
#4818 = CARTESIAN_POINT('',(0.584215392121,152.52382486714));
#4819 = CARTESIAN_POINT('',(0.569173349981,153.0051637199));
#4820 = CARTESIAN_POINT('',(0.558959250599,153.28575882805));
#4821 = CARTESIAN_POINT('',(0.548649876059,153.52197715677));
#4822 = CARTESIAN_POINT('',(0.538263543075,153.71240856523));
#4823 = CARTESIAN_POINT('',(0.527818647746,153.85598513342));
#4824 = CARTESIAN_POINT('',(0.517333645474,153.95197867155));
#4825 = CARTESIAN_POINT('',(0.506827037222,154.));
#4826 = CARTESIAN_POINT('',(0.485807687028,154.));
#4827 = CARTESIAN_POINT('',(0.475301078777,153.95197867155));
#4828 = CARTESIAN_POINT('',(0.464816076505,153.85598513343));
#4829 = CARTESIAN_POINT('',(0.454371181177,153.71240856523));
#4830 = CARTESIAN_POINT('',(0.443984848192,153.52197715677));
#4831 = CARTESIAN_POINT('',(0.433675473652,153.28575882805));
#4832 = CARTESIAN_POINT('',(0.42346137427,153.0051637199));
#4833 = CARTESIAN_POINT('',(0.40841933213,152.52382486714));
#4834 = CARTESIAN_POINT('',(0.403504282218,152.35547565004));
#4835 = CARTESIAN_POINT('',(0.398616974552,152.1770757714));
#4836 = CARTESIAN_POINT('',(0.393758762039,151.98881017733));
#4837 = CARTESIAN_POINT('',(0.388930987748,151.79087390949));
#4838 = CARTESIAN_POINT('',(0.384134985517,151.58347222205));
#4839 = CARTESIAN_POINT('',(0.379372080549,151.36682069855));
#4840 = CARTESIAN_POINT('',(0.365622516974,150.7105991678));
#4841 = CARTESIAN_POINT('',(0.356728812463,150.24730920023));
#4842 = CARTESIAN_POINT('',(0.347966743975,149.75264436817));
#4843 = CARTESIAN_POINT('',(0.339340441617,149.22799374115));
#4844 = CARTESIAN_POINT('',(0.33085389396,148.6747684587));
#4845 = CARTESIAN_POINT('',(0.322510943874,148.09440363286));
#4846 = CARTESIAN_POINT('',(0.314315284375,147.48836025079));
#4847 = CARTESIAN_POINT('',(0.296123905971,146.06324495829));
#4848 = CARTESIAN_POINT('',(0.286215652178,145.22975469234));
#4849 = CARTESIAN_POINT('',(0.276545879038,144.36006970495));
#4850 = CARTESIAN_POINT('',(0.267114535922,143.45646800772));
#4851 = CARTESIAN_POINT('',(0.257921355522,142.52109933649));
#4852 = CARTESIAN_POINT('',(0.24896587506,141.55599184566));
#4853 = CARTESIAN_POINT('',(0.240247458796,140.56305835904));
#4854 = CARTESIAN_POINT('',(0.225040311742,138.73622903731));
#4855 = CARTESIAN_POINT('',(0.218462911571,137.91188832913));
#4856 = CARTESIAN_POINT('',(0.212032064982,137.071881623));
#4857 = CARTESIAN_POINT('',(0.205746742752,136.21695961328));
#4858 = CARTESIAN_POINT('',(0.199605934649,135.34782202297));
#4859 = CARTESIAN_POINT('',(0.193608641307,134.46511750877));
#4860 = CARTESIAN_POINT('',(0.187753866092,133.56944356594));
#4861 = CARTESIAN_POINT('',(0.177443764482,131.93069875725));
#4862 = CARTESIAN_POINT('',(0.172938519967,131.19200613539));
#4863 = CARTESIAN_POINT('',(0.168524409894,130.44556118704));
#4864 = CARTESIAN_POINT('',(0.164200995401,129.69164042812));
#4865 = CARTESIAN_POINT('',(0.159967860131,128.93050423585));
#4866 = CARTESIAN_POINT('',(0.155824608048,128.16239681346));
#4867 = CARTESIAN_POINT('',(0.151770861258,127.3875461549));
#4868 = CARTESIAN_POINT('',(0.134429026339,123.96965066867));
#4869 = CARTESIAN_POINT('',(0.122060584077,121.25757189813));
#4870 = CARTESIAN_POINT('',(0.110695605956,118.47930114413));
#4871 = CARTESIAN_POINT('',(0.100330647795,115.64284545137));
#4872 = CARTESIAN_POINT('',(9.096419029619E-02,112.75508793341));
#4873 = CARTESIAN_POINT('',(8.259673078059E-02,109.82199879675));
#4874 = CARTESIAN_POINT('',(7.523092267452E-02,106.84881491866));
#4875 = CARTESIAN_POINT('',(6.62441680898E-02,102.59702816119));
#4876 = CARTESIAN_POINT('',(6.378896824453E-02,101.34806661477));
#4877 = CARTESIAN_POINT('',(6.150667085671E-02,100.09376525619));
#4878 = CARTESIAN_POINT('',(5.939775773425E-02,98.834576753393));
#4879 = CARTESIAN_POINT('',(5.746268231931E-02,97.57094454282));
#4880 = CARTESIAN_POINT('',(5.570186715477E-02,96.303302846496));
#4881 = CARTESIAN_POINT('',(5.411570135061E-02,95.032076689159));
#4882 = CARTESIAN_POINT('',(5.108777260791E-02,92.297611751927));
#4883 = CARTESIAN_POINT('',(4.970074161591E-02,90.83340302365));
#4884 = CARTESIAN_POINT('',(4.854405283789E-02,89.365754363313));
#4885 = CARTESIAN_POINT('',(4.761819721288E-02,87.895359168313));
#4886 = CARTESIAN_POINT('',(4.692354743009E-02,86.422905640826));
#4887 = CARTESIAN_POINT('',(4.646035650352E-02,84.949076827954));
#4888 = CARTESIAN_POINT('',(4.622875634656E-02,83.474550661878));
#4889 = CARTESIAN_POINT('',(4.622875634656E-02,77.764166836742));
#4890 = CARTESIAN_POINT('',(4.813991840451E-02,73.531908568812));
#4891 = CARTESIAN_POINT('',(5.195663957596E-02,69.317183752049));
#4892 = CARTESIAN_POINT('',(5.767038579428E-02,65.134107479896));
#4893 = CARTESIAN_POINT('',(6.526898162528E-02,60.997422906931));
#4894 = CARTESIAN_POINT('',(7.473655466799E-02,56.922972113582));
#4895 = CARTESIAN_POINT('',(8.605413460192E-02,52.928166312045));
#4896 = CARTESIAN_POINT('',(0.100982882219,48.504412415525));
#4897 = CARTESIAN_POINT('',(0.10279873533,47.978109803386));
#4898 = CARTESIAN_POINT('',(0.104648463077,47.453587510874));
#4899 = CARTESIAN_POINT('',(0.106532067168,46.930886061627));
#4900 = CARTESIAN_POINT('',(0.108449554155,46.410046549026));
#4901 = CARTESIAN_POINT('',(0.110400935435,45.89111063619));
#4902 = CARTESIAN_POINT('',(0.112386227246,45.37412055598));
#4903 = CARTESIAN_POINT('',(0.116190631076,44.403810167494));
#4904 = CARTESIAN_POINT('',(0.118002333203,43.950055737372));
#4905 = CARTESIAN_POINT('',(0.119840571784,43.497885399685));
#4906 = CARTESIAN_POINT('',(0.121705364981,43.047329283307));
#4907 = CARTESIAN_POINT('',(0.123596734385,42.598418066932));
#4908 = CARTESIAN_POINT('',(0.125514705022,42.151182979075));
#4909 = CARTESIAN_POINT('',(0.127459305351,41.705655798073));
#4910 = CARTESIAN_POINT('',(0.132036431611,40.675214904427));
#4911 = CARTESIAN_POINT('',(0.134688872352,40.091605456852));
#4912 = CARTESIAN_POINT('',(0.137387975018,39.511112450809));
#4913 = CARTESIAN_POINT('',(0.140133831602,38.933811321122));
#4914 = CARTESIAN_POINT('',(0.142926540551,38.359780995992));
#4915 = CARTESIAN_POINT('',(0.145766206769,37.789103896995));
#4916 = CARTESIAN_POINT('',(0.148652941616,37.221865939084));
#4917 = CARTESIAN_POINT('',(0.15544870894,35.916160162902));
#4918 = CARTESIAN_POINT('',(0.159392289159,35.180281204455));
#4919 = CARTESIAN_POINT('',(0.16341793805,34.450711122196));
#4920 = CARTESIAN_POINT('',(0.167526002887,33.727655373611));
#4921 = CARTESIAN_POINT('',(0.171716845519,33.011333376777));
#4922 = CARTESIAN_POINT('',(0.175990844147,32.301978480419));
#4923 = CARTESIAN_POINT('',(0.180348395106,31.59983793396));
#4924 = CARTESIAN_POINT('',(0.190362895444,30.033544331831));
#4925 = CARTESIAN_POINT('',(0.196068103159,29.17368054236));
#4926 = CARTESIAN_POINT('',(0.201906444905,28.326086041869));
#4927 = CARTESIAN_POINT('',(0.207878821215,27.49131028474));
#4928 = CARTESIAN_POINT('',(0.213986132947,26.669947548778));
#4929 = CARTESIAN_POINT('',(0.2202292882,25.862636856954));
#4930 = CARTESIAN_POINT('',(0.226609209227,25.070061899153));
#4931 = CARTESIAN_POINT('',(0.241555861427,23.287940666734));
#4932 = CARTESIAN_POINT('',(0.250216636159,22.308624461365));
#4933 = CARTESIAN_POINT('',(0.259109870965,21.356769902186));
#4934 = CARTESIAN_POINT('',(0.268236125075,20.434248947679));
#4935 = CARTESIAN_POINT('',(0.277595787442,19.543043456623));
#4936 = CARTESIAN_POINT('',(0.287189055806,18.685251113583));
#4937 = CARTESIAN_POINT('',(0.29701591688,17.863091773681));
#4938 = CARTESIAN_POINT('',(0.315033208597,16.458672335141));
#4939 = CARTESIAN_POINT('',(0.323137209556,15.862118691351));
#4940 = CARTESIAN_POINT('',(0.331384685563,15.290688920156));
#4941 = CARTESIAN_POINT('',(0.339772045302,14.745791633402));
#4942 = CARTESIAN_POINT('',(0.348295554999,14.228810224904));
#4943 = CARTESIAN_POINT('',(0.356951342269,13.741104665426));
#4944 = CARTESIAN_POINT('',(0.365735399963,13.284013297671));
#4945 = CARTESIAN_POINT('',(0.379372080549,12.633179301451));
#4946 = CARTESIAN_POINT('',(0.384134985517,12.416527777943));
#4947 = CARTESIAN_POINT('',(0.388930987748,12.209126090509));
#4948 = CARTESIAN_POINT('',(0.393758762039,12.011189822672));
#4949 = CARTESIAN_POINT('',(0.398616974552,11.822924228594));
#4950 = CARTESIAN_POINT('',(0.403504282218,11.644524349958));
#4951 = CARTESIAN_POINT('',(0.40841933213,11.476175132853));
#4952 = CARTESIAN_POINT('',(0.423461374269,10.994836280097));
#4953 = CARTESIAN_POINT('',(0.433675473651,10.714241171947));
#4954 = CARTESIAN_POINT('',(0.443984848192,10.478022843224));
#4955 = CARTESIAN_POINT('',(0.454371181177,10.287591434767));
#4956 = CARTESIAN_POINT('',(0.464816076505,10.144014866571));
#4957 = CARTESIAN_POINT('',(0.475301078777,10.048021328443));
#4958 = CARTESIAN_POINT('',(0.485807687028,10.));
#4959 = CARTESIAN_POINT('',(0.506827037222,10.));
#4960 = CARTESIAN_POINT('',(0.517333645474,10.048021328441));
#4961 = CARTESIAN_POINT('',(0.527818647746,10.14401486657));
#4962 = CARTESIAN_POINT('',(0.538263543075,10.287591434769));
#4963 = CARTESIAN_POINT('',(0.548649876059,10.478022843226));
#4964 = CARTESIAN_POINT('',(0.558959250599,10.714241171946));
#4965 = CARTESIAN_POINT('',(0.569173349981,10.99483628009));
#4966 = CARTESIAN_POINT('',(0.584215392121,11.476175132851));
#4967 = CARTESIAN_POINT('',(0.589130442033,11.644524349957));
#4968 = CARTESIAN_POINT('',(0.594017749699,11.822924228593));
#4969 = CARTESIAN_POINT('',(0.598875962212,12.011189822671));
#4970 = CARTESIAN_POINT('',(0.603703736503,12.209126090508));
#4971 = CARTESIAN_POINT('',(0.608499738734,12.416527777942));
#4972 = CARTESIAN_POINT('',(0.613262643702,12.633179301449));
#4973 = CARTESIAN_POINT('',(0.627012207277,13.289400832183));
#4974 = CARTESIAN_POINT('',(0.635905911788,13.75269079976));
#4975 = CARTESIAN_POINT('',(0.644667980276,14.247355631834));
#4976 = CARTESIAN_POINT('',(0.653294282634,14.772006258854));
#4977 = CARTESIAN_POINT('',(0.661780830291,15.325231541305));
#4978 = CARTESIAN_POINT('',(0.670123780376,15.905596367135));
#4979 = CARTESIAN_POINT('',(0.678319439876,16.51163974919));
#4980 = CARTESIAN_POINT('',(0.69651081828,17.936755041719));
#4981 = CARTESIAN_POINT('',(0.706419072073,18.770245307661));
#4982 = CARTESIAN_POINT('',(0.716088845213,19.639930295049));
#4983 = CARTESIAN_POINT('',(0.725520188328,20.543531992268));
#4984 = CARTESIAN_POINT('',(0.734713368729,21.478900663502));
#4985 = CARTESIAN_POINT('',(0.743668849191,22.444008154336));
#4986 = CARTESIAN_POINT('',(0.752387265455,23.436941640969));
#4987 = CARTESIAN_POINT('',(0.767594412509,25.263770962685));
#4988 = CARTESIAN_POINT('',(0.77417181268,26.088111670869));
#4989 = CARTESIAN_POINT('',(0.780602659269,26.928118376993));
#4990 = CARTESIAN_POINT('',(0.786887981499,27.783040386721));
#4991 = CARTESIAN_POINT('',(0.793028789602,28.652177977023));
#4992 = CARTESIAN_POINT('',(0.799026082944,29.534882491226));
#4993 = CARTESIAN_POINT('',(0.804880858159,30.430556434059));
#4994 = CARTESIAN_POINT('',(0.815190959769,32.069301242744));
#4995 = CARTESIAN_POINT('',(0.819696204283,32.80799386461));
#4996 = CARTESIAN_POINT('',(0.824110314357,33.554438812959));
#4997 = CARTESIAN_POINT('',(0.82843372885,34.308359571875));
#4998 = CARTESIAN_POINT('',(0.83266686412,35.069495764142));
#4999 = CARTESIAN_POINT('',(0.836810116203,35.837603186534));
#5000 = CARTESIAN_POINT('',(0.840863862993,36.6124538451));
#5001 = CARTESIAN_POINT('',(0.858205697912,40.03034933134));
#5002 = CARTESIAN_POINT('',(0.870574140174,42.742428101865));
#5003 = CARTESIAN_POINT('',(0.881939118295,45.520698855855));
#5004 = CARTESIAN_POINT('',(0.892304076456,48.357154548622));
#5005 = CARTESIAN_POINT('',(0.901670533955,51.244912066598));
#5006 = CARTESIAN_POINT('',(0.91003799347,54.178001203261));
#5007 = CARTESIAN_POINT('',(0.917403801576,57.151185081323));
#5008 = CARTESIAN_POINT('',(0.929400362762,62.826962638518));
#5009 = CARTESIAN_POINT('',(0.934245260265,65.521307706203));
#5010 = CARTESIAN_POINT('',(0.938291525165,68.238004203862));
#5011 = CARTESIAN_POINT('',(0.941534081459,70.972431465685));
#5012 = CARTESIAN_POINT('',(0.943968989145,73.720140916902));
#5013 = CARTESIAN_POINT('',(0.945593483134,76.476805721295));
#5014 = CARTESIAN_POINT('',(0.946405967904,79.238170339773));
#5015 = CARTESIAN_POINT('',(0.946405967904,82.));
#5016 = ( GEOMETRIC_REPRESENTATION_CONTEXT(2) 
PARAMETRIC_REPRESENTATION_CONTEXT() REPRESENTATION_CONTEXT('2D SPACE',''
  ) );
#5017 = ORIENTED_EDGE('',*,*,#5018,.F.);
#5018 = EDGE_CURVE('',#5019,#4285,#5021,.T.);
#5019 = VERTEX_POINT('',#5020);
#5020 = CARTESIAN_POINT('',(162.67939481445,30.424735057956,
    339.66196142915));
#5021 = SURFACE_CURVE('',#5022,(#5079,#5139),.PCURVE_S1.);
#5022 = B_SPLINE_CURVE_WITH_KNOTS('',7,(#5023,#5024,#5025,#5026,#5027,
    #5028,#5029,#5030,#5031,#5032,#5033,#5034,#5035,#5036,#5037,#5038,
    #5039,#5040,#5041,#5042,#5043,#5044,#5045,#5046,#5047,#5048,#5049,
    #5050,#5051,#5052,#5053,#5054,#5055,#5056,#5057,#5058,#5059,#5060,
    #5061,#5062,#5063,#5064,#5065,#5066,#5067,#5068,#5069,#5070,#5071,
    #5072,#5073,#5074,#5075,#5076,#5077,#5078),.UNSPECIFIED.,.F.,.F.,(8,
    6,6,6,6,6,6,6,6,8),(0.,0.274795514442,0.378079721977,0.426526531296,
    0.465286643024,0.495386580278,0.553704883861,0.644670285632,
    0.890760692276,1.),.UNSPECIFIED.);
#5023 = CARTESIAN_POINT('',(169.70420186436,34.171077271518,
    339.61147679396));
#5024 = CARTESIAN_POINT('',(168.93473572855,33.837891361181,
    339.68447909881));
#5025 = CARTESIAN_POINT('',(168.18564480787,33.502337346179,
    339.74552010784));
#5026 = CARTESIAN_POINT('',(167.44098765896,33.157133890377,
    339.79592279219));
#5027 = CARTESIAN_POINT('',(166.69153472684,32.796142910969,
    339.8347792694));
#5028 = CARTESIAN_POINT('',(165.93805733403,32.416061175636,
    339.85893847738));
#5029 = CARTESIAN_POINT('',(165.19245196738,32.016988467345,
    339.86303218875));
#5030 = CARTESIAN_POINT('',(164.21273184353,31.448789079709,
    339.83041070285));
#5031 = CARTESIAN_POINT('',(163.95199276095,31.292859671395,
    339.81764353953));
#5032 = CARTESIAN_POINT('',(163.69319558825,31.132960927566,
    339.80051733787));
#5033 = CARTESIAN_POINT('',(163.43405561707,30.96671392889,
    339.77803077967));
#5034 = CARTESIAN_POINT('',(163.17530123895,30.792853567659,
    339.74872735891));
#5035 = CARTESIAN_POINT('',(162.92084442864,30.611360027663,
    339.71071126156));
#5036 = CARTESIAN_POINT('',(162.56377312129,30.335367447958,
    339.63861725376));
#5037 = CARTESIAN_POINT('',(162.45334583598,30.24667361538,
    339.61338224379));
#5038 = CARTESIAN_POINT('',(162.3443797288,30.155444005884,
    339.58521168316));
#5039 = CARTESIAN_POINT('',(162.236132238,30.060275579705,
    339.55321770004));
#5040 = CARTESIAN_POINT('',(162.12935525487,29.960436913414,
    339.51638350841));
#5041 = CARTESIAN_POINT('',(162.02632084844,29.855898770607,
    339.47356984581));
#5042 = CARTESIAN_POINT('',(161.8543024241,29.660388581431,
    339.3834208832));
#5043 = CARTESIAN_POINT('',(161.78762329636,29.576560398377,
    339.34131934541));
#5044 = CARTESIAN_POINT('',(161.72335310183,29.487457610392,
    339.29333702451));
#5045 = CARTESIAN_POINT('',(161.6608545871,29.387767597583,
    339.23504093123));
#5046 = CARTESIAN_POINT('',(161.60672678321,29.276902337131,
    339.16264916269));
#5047 = CARTESIAN_POINT('',(161.57444402338,29.157387524277,
    339.07172617785));
#5048 = CARTESIAN_POINT('',(161.59206393013,28.940838935008,
    338.86894281665));
#5049 = CARTESIAN_POINT('',(161.62394779694,28.860312772107,
    338.78087502078));
#5050 = CARTESIAN_POINT('',(161.67487591119,28.792825095693,
    338.6949058195));
#5051 = CARTESIAN_POINT('',(161.73936130945,28.737162562028,
    338.61265963104));
#5052 = CARTESIAN_POINT('',(161.81156723947,28.692004169528,
    338.53587174173));
#5053 = CARTESIAN_POINT('',(161.88527076921,28.655986562017,
    338.46646077761));
#5054 = CARTESIAN_POINT('',(162.08630883611,28.573779147177,
    338.29138902187));
#5055 = CARTESIAN_POINT('',(162.23093604386,28.536711215528,
    338.18506615952));
#5056 = CARTESIAN_POINT('',(162.37752273164,28.511824717159,
    338.08850911049));
#5057 = CARTESIAN_POINT('',(162.52068480625,28.495283582307,
    338.00104588251));
#5058 = CARTESIAN_POINT('',(162.65959984421,28.484465589243,
    337.92077494634));
#5059 = CARTESIAN_POINT('',(162.79858872365,28.477831559608,
    337.84413617656));
#5060 = CARTESIAN_POINT('',(163.17543174454,28.471070879406,
    337.64616405597));
#5061 = CARTESIAN_POINT('',(163.40920286395,28.476951505659,
    337.53216625767));
#5062 = CARTESIAN_POINT('',(163.64263479613,28.490232247454,
    337.42477674305));
#5063 = CARTESIAN_POINT('',(163.87356503427,28.509010548076,
    337.32342673821));
#5064 = CARTESIAN_POINT('',(164.10200106491,28.532088990191,
    337.22706703727));
#5065 = CARTESIAN_POINT('',(164.32996924298,28.558976553962,
    337.13423481863));
#5066 = CARTESIAN_POINT('',(165.18735549361,28.673496789123,
    336.7966488573));
#5067 = CARTESIAN_POINT('',(165.82783404314,28.785117098479,
    336.56695605363));
#5068 = CARTESIAN_POINT('',(166.46479636053,28.91469674313,
    336.35446273772));
#5069 = CARTESIAN_POINT('',(167.09093559388,29.055976983005,
    336.15757824222));
#5070 = CARTESIAN_POINT('',(167.70762906483,29.206237167077,
    335.97330354508));
#5071 = CARTESIAN_POINT('',(168.32312341861,29.365926574138,
    335.79788160919));
#5072 = CARTESIAN_POINT('',(169.2294392534,29.614863355636,
    335.55175769598));
#5073 = CARTESIAN_POINT('',(169.50777686673,29.693159993015,
    335.47780151066));
#5074 = CARTESIAN_POINT('',(169.78573216218,29.773099710424,
    335.4055016267));
#5075 = CARTESIAN_POINT('',(170.06326460656,29.854586086685,
    335.33480166316));
#5076 = CARTESIAN_POINT('',(170.34038362584,29.937549007772,
    335.26564255843));
#5077 = CARTESIAN_POINT('',(170.61714859229,30.021944678254,
    335.19796267904));
#5078 = CARTESIAN_POINT('',(170.89366881165,30.107755632732,
    335.13169792851));
#5079 = PCURVE('',#1026,#5080);
#5080 = DEFINITIONAL_REPRESENTATION('',(#5081),#5138);
#5081 = B_SPLINE_CURVE_WITH_KNOTS('',7,(#5082,#5083,#5084,#5085,#5086,
    #5087,#5088,#5089,#5090,#5091,#5092,#5093,#5094,#5095,#5096,#5097,
    #5098,#5099,#5100,#5101,#5102,#5103,#5104,#5105,#5106,#5107,#5108,
    #5109,#5110,#5111,#5112,#5113,#5114,#5115,#5116,#5117,#5118,#5119,
    #5120,#5121,#5122,#5123,#5124,#5125,#5126,#5127,#5128,#5129,#5130,
    #5131,#5132,#5133,#5134,#5135,#5136,#5137),.UNSPECIFIED.,.F.,.F.,(8,
    6,6,6,6,6,6,6,6,8),(0.,0.274795514442,0.378079721977,0.426526531296,
    0.465286643024,0.495386580278,0.553704883861,0.644670285632,
    0.890760692276,1.),.UNSPECIFIED.);
#5082 = CARTESIAN_POINT('',(2.353287153703,165.5000006));
#5083 = CARTESIAN_POINT('',(2.351849065938,164.66471663053));
#5084 = CARTESIAN_POINT('',(2.350644181366,163.84622180111));
#5085 = CARTESIAN_POINT('',(2.349647835552,163.02703072864));
#5086 = CARTESIAN_POINT('',(2.348878793709,162.19610475741));
#5087 = CARTESIAN_POINT('',(2.348400142696,161.35254898755));
#5088 = CARTESIAN_POINT('',(2.348319390568,160.50687214043));
#5089 = CARTESIAN_POINT('',(2.348964935569,159.37479179577));
#5090 = CARTESIAN_POINT('',(2.349217546307,159.07126082909));
#5091 = CARTESIAN_POINT('',(2.349556329031,158.76754730587));
#5092 = CARTESIAN_POINT('',(2.350000977181,158.46050936698));
#5093 = CARTESIAN_POINT('',(2.350580126077,158.1501850856));
#5094 = CARTESIAN_POINT('',(2.351330858656,157.84000498973));
#5095 = CARTESIAN_POINT('',(2.352752467976,157.3945920979));
#5096 = CARTESIAN_POINT('',(2.353249830235,157.25525357219));
#5097 = CARTESIAN_POINT('',(2.353804753857,157.11599240919));
#5098 = CARTESIAN_POINT('',(2.354434602469,156.97548752888));
#5099 = CARTESIAN_POINT('',(2.355159194413,156.83405180409));
#5100 = CARTESIAN_POINT('',(2.35600059642,156.69366923882));
#5101 = CARTESIAN_POINT('',(2.357769893816,156.44930609631));
#5102 = CARTESIAN_POINT('',(2.358595473463,156.35075414584));
#5103 = CARTESIAN_POINT('',(2.359535626582,156.25180875527));
#5104 = CARTESIAN_POINT('',(2.360676789076,156.14937974179));
#5105 = CARTESIAN_POINT('',(2.362092049269,156.04898990076));
#5106 = CARTESIAN_POINT('',(2.363866177295,155.96369049342));
#5107 = CARTESIAN_POINT('',(2.367810396775,155.8760660444));
#5108 = CARTESIAN_POINT('',(2.369519951639,155.86575708079));
#5109 = CARTESIAN_POINT('',(2.371185398986,155.87840332989));
#5110 = CARTESIAN_POINT('',(2.372775605032,155.90860209073));
#5111 = CARTESIAN_POINT('',(2.374257633133,155.95059181261));
#5112 = CARTESIAN_POINT('',(2.375595294773,155.99825119181));
#5113 = CARTESIAN_POINT('',(2.378965493933,156.13588605132));
#5114 = CARTESIAN_POINT('',(2.381006717657,156.24541145624));
#5115 = CARTESIAN_POINT('',(2.382856058655,156.36246059706));
#5116 = CARTESIAN_POINT('',(2.384528038589,156.48047231377));
#5117 = CARTESIAN_POINT('',(2.386060117419,156.59747473772));
#5118 = CARTESIAN_POINT('',(2.38752077499,156.71653445714));
#5119 = CARTESIAN_POINT('',(2.39128781188,157.04468904073));
#5120 = CARTESIAN_POINT('',(2.393451217774,157.25305413951));
#5121 = CARTESIAN_POINT('',(2.395484340356,157.4646448412));
#5122 = CARTESIAN_POINT('',(2.39739906136,157.67665358301));
#5123 = CARTESIAN_POINT('',(2.399216050808,157.88851674944));
#5124 = CARTESIAN_POINT('',(2.400963401178,158.10178238083));
#5125 = CARTESIAN_POINT('',(2.407306347486,158.9102517018));
#5126 = CARTESIAN_POINT('',(2.411599277419,159.52660401979));
#5127 = CARTESIAN_POINT('',(2.41555240505,160.14841643106));
#5128 = CARTESIAN_POINT('',(2.419201046623,160.76628336026));
#5129 = CARTESIAN_POINT('',(2.422604502693,161.38012039628));
#5130 = CARTESIAN_POINT('',(2.425834396388,161.9973931042));
#5131 = CARTESIAN_POINT('',(2.430352216609,162.91289615049));
#5132 = CARTESIAN_POINT('',(2.431707802461,163.19493426219));
#5133 = CARTESIAN_POINT('',(2.433031213063,163.47741860254));
#5134 = CARTESIAN_POINT('',(2.434323639038,163.76026761564));
#5135 = CARTESIAN_POINT('',(2.435586304396,164.04345620525));
#5136 = CARTESIAN_POINT('',(2.436820465403,164.32701572544));
#5137 = CARTESIAN_POINT('',(2.438027409442,164.61103397106));
#5138 = ( GEOMETRIC_REPRESENTATION_CONTEXT(2) 
PARAMETRIC_REPRESENTATION_CONTEXT() REPRESENTATION_CONTEXT('2D SPACE',''
  ) );
#5139 = PCURVE('',#1747,#5140);
#5140 = DEFINITIONAL_REPRESENTATION('',(#5141),#5198);
#5141 = B_SPLINE_CURVE_WITH_KNOTS('',7,(#5142,#5143,#5144,#5145,#5146,
    #5147,#5148,#5149,#5150,#5151,#5152,#5153,#5154,#5155,#5156,#5157,
    #5158,#5159,#5160,#5161,#5162,#5163,#5164,#5165,#5166,#5167,#5168,
    #5169,#5170,#5171,#5172,#5173,#5174,#5175,#5176,#5177,#5178,#5179,
    #5180,#5181,#5182,#5183,#5184,#5185,#5186,#5187,#5188,#5189,#5190,
    #5191,#5192,#5193,#5194,#5195,#5196,#5197),.UNSPECIFIED.,.F.,.F.,(8,
    6,6,6,6,6,6,6,6,8),(0.,0.274795514442,0.378079721977,0.426526531296,
    0.465286643024,0.495386580278,0.553704883861,0.644670285632,
    0.890760692276,1.),.UNSPECIFIED.);
#5142 = CARTESIAN_POINT('',(1.186648842754,31.305889946647));
#5143 = CARTESIAN_POINT('',(1.245676982907,30.487063919812));
#5144 = CARTESIAN_POINT('',(1.305089636183,29.687789554324));
#5145 = CARTESIAN_POINT('',(1.366528903695,28.891030814344));
#5146 = CARTESIAN_POINT('',(1.431445542348,28.086558184686));
#5147 = CARTESIAN_POINT('',(1.501039842856,27.274500170098));
#5148 = CARTESIAN_POINT('',(1.576344049498,26.466554541854));
#5149 = CARTESIAN_POINT('',(1.689287027542,25.39657691586));
#5150 = CARTESIAN_POINT('',(1.720849839709,25.11092014059));
#5151 = CARTESIAN_POINT('',(1.753863390012,24.826414049849));
#5152 = CARTESIAN_POINT('',(1.788987993533,24.540362810969));
#5153 = CARTESIAN_POINT('',(1.82677365559,24.253240633739));
#5154 = CARTESIAN_POINT('',(1.867673983549,23.968884167345));
#5155 = CARTESIAN_POINT('',(1.93294276241,23.5657987898));
#5156 = CARTESIAN_POINT('',(1.954362387748,23.44050522277));
#5157 = CARTESIAN_POINT('',(1.976884616631,23.316163331127));
#5158 = CARTESIAN_POINT('',(2.000971581485,23.191777015784));
#5159 = CARTESIAN_POINT('',(2.027003330974,23.067945162523));
#5160 = CARTESIAN_POINT('',(2.055284885753,22.946892716407));
#5161 = CARTESIAN_POINT('',(2.110720765659,22.740798203384));
#5162 = CARTESIAN_POINT('',(2.135360117678,22.659378961051));
#5163 = CARTESIAN_POINT('',(2.16238790209,22.579320379196));
#5164 = CARTESIAN_POINT('',(2.193835935297,22.498985411059));
#5165 = CARTESIAN_POINT('',(2.230829408348,22.424740435324));
#5166 = CARTESIAN_POINT('',(2.274250491129,22.370294187347));
#5167 = CARTESIAN_POINT('',(2.364017145406,22.346363965196));
#5168 = CARTESIAN_POINT('',(2.401089544821,22.362333588651));
#5169 = CARTESIAN_POINT('',(2.435798735994,22.399481473652));
#5170 = CARTESIAN_POINT('',(2.467889662448,22.452190013429));
#5171 = CARTESIAN_POINT('',(2.497044620922,22.514477713727));
#5172 = CARTESIAN_POINT('',(2.522853799955,22.579975900268));
#5173 = CARTESIAN_POINT('',(2.58699754706,22.761685685542));
#5174 = CARTESIAN_POINT('',(2.624533496327,22.896610338194));
#5175 = CARTESIAN_POINT('',(2.657772348714,23.035777806539));
#5176 = CARTESIAN_POINT('',(2.687346787319,23.173172141814));
#5177 = CARTESIAN_POINT('',(2.714124112115,23.30748672859));
#5178 = CARTESIAN_POINT('',(2.739395530466,23.442670374856));
#5179 = CARTESIAN_POINT('',(2.803918082504,23.811333527826));
#5180 = CARTESIAN_POINT('',(2.840357944829,24.041948396076));
#5181 = CARTESIAN_POINT('',(2.874217263966,24.273639160442));
#5182 = CARTESIAN_POINT('',(2.905853444747,24.503920647499));
#5183 = CARTESIAN_POINT('',(2.935703121663,24.732572235202));
#5184 = CARTESIAN_POINT('',(2.964287834349,24.96148973162));
#5185 = CARTESIAN_POINT('',(3.067738768452,25.824996839535));
#5186 = CARTESIAN_POINT('',(3.137124861696,26.475011537569));
#5187 = CARTESIAN_POINT('',(3.201235473144,27.124993526236));
#5188 = CARTESIAN_POINT('',(3.260950744309,27.766578023858));
#5189 = CARTESIAN_POINT('',(3.317365374965,28.400599185668));
#5190 = CARTESIAN_POINT('',(3.371755477069,29.035238356309));
#5191 = CARTESIAN_POINT('',(3.449450132906,29.972371137602));
#5192 = CARTESIAN_POINT('',(3.472990365093,30.260524349744));
#5193 = CARTESIAN_POINT('',(3.496214153526,30.548615058802));
#5194 = CARTESIAN_POINT('',(3.519149917305,30.836585114168));
#5195 = CARTESIAN_POINT('',(3.541826118796,31.124430417773));
#5196 = CARTESIAN_POINT('',(3.564271944101,31.412200917403));
#5197 = CARTESIAN_POINT('',(3.586517983526,31.7000006));
#5198 = ( GEOMETRIC_REPRESENTATION_CONTEXT(2) 
PARAMETRIC_REPRESENTATION_CONTEXT() REPRESENTATION_CONTEXT('2D SPACE',''
  ) );
#5199 = ORIENTED_EDGE('',*,*,#5200,.F.);
#5200 = EDGE_CURVE('',#5201,#5019,#5203,.T.);
#5201 = VERTEX_POINT('',#5202);
#5202 = CARTESIAN_POINT('',(114.38165550373,119.6122355122,
    339.66196144475));
#5203 = SURFACE_CURVE('',#5204,(#5445,#5689),.PCURVE_S1.);
#5204 = B_SPLINE_CURVE_WITH_KNOTS('',8,(#5205,#5206,#5207,#5208,#5209,
    #5210,#5211,#5212,#5213,#5214,#5215,#5216,#5217,#5218,#5219,#5220,
    #5221,#5222,#5223,#5224,#5225,#5226,#5227,#5228,#5229,#5230,#5231,
    #5232,#5233,#5234,#5235,#5236,#5237,#5238,#5239,#5240,#5241,#5242,
    #5243,#5244,#5245,#5246,#5247,#5248,#5249,#5250,#5251,#5252,#5253,
    #5254,#5255,#5256,#5257,#5258,#5259,#5260,#5261,#5262,#5263,#5264,
    #5265,#5266,#5267,#5268,#5269,#5270,#5271,#5272,#5273,#5274,#5275,
    #5276,#5277,#5278,#5279,#5280,#5281,#5282,#5283,#5284,#5285,#5286,
    #5287,#5288,#5289,#5290,#5291,#5292,#5293,#5294,#5295,#5296,#5297,
    #5298,#5299,#5300,#5301,#5302,#5303,#5304,#5305,#5306,#5307,#5308,
    #5309,#5310,#5311,#5312,#5313,#5314,#5315,#5316,#5317,#5318,#5319,
    #5320,#5321,#5322,#5323,#5324,#5325,#5326,#5327,#5328,#5329,#5330,
    #5331,#5332,#5333,#5334,#5335,#5336,#5337,#5338,#5339,#5340,#5341,
    #5342,#5343,#5344,#5345,#5346,#5347,#5348,#5349,#5350,#5351,#5352,
    #5353,#5354,#5355,#5356,#5357,#5358,#5359,#5360,#5361,#5362,#5363,
    #5364,#5365,#5366,#5367,#5368,#5369,#5370,#5371,#5372,#5373,#5374,
    #5375,#5376,#5377,#5378,#5379,#5380,#5381,#5382,#5383,#5384,#5385,
    #5386,#5387,#5388,#5389,#5390,#5391,#5392,#5393,#5394,#5395,#5396,
    #5397,#5398,#5399,#5400,#5401,#5402,#5403,#5404,#5405,#5406,#5407,
    #5408,#5409,#5410,#5411,#5412,#5413,#5414,#5415,#5416,#5417,#5418,
    #5419,#5420,#5421,#5422,#5423,#5424,#5425,#5426,#5427,#5428,#5429,
    #5430,#5431,#5432,#5433,#5434,#5435,#5436,#5437,#5438,#5439,#5440,
    #5441,#5442,#5443,#5444),.UNSPECIFIED.,.T.,.F.,(9,7,7,7,7,7,7,7,7,7,
    7,7,7,7,7,7,7,7,7,7,7,7,7,7,7,7,7,7,7,7,7,7,7,7,9),(0.,
    0.120742944241,0.138579579596,0.16096003416,0.189903889862,
    0.212796909273,0.224948583728,0.249787424781,0.274626265835,
    0.28677794029,0.309961055946,0.339200780029,0.362383315365,
    0.381035797528,0.443972375174,0.469977667938,0.499771851686,
    0.585359410561,0.596960350775,0.607216655653,0.620774742026,
    0.63862090654,0.66101331778,0.689972636639,0.712877886572,
    0.72503605302,0.749888164143,0.774740275267,0.786898441714,
    0.810093942873,0.839349288181,0.86254420871,0.8812066559,
    0.944176857204,1.),.UNSPECIFIED.);
#5205 = CARTESIAN_POINT('',(96.751758068562,134.27340507577,
    288.55198651616));
#5206 = CARTESIAN_POINT('',(96.751758068562,134.27340507577,
    294.54743189915));
#5207 = CARTESIAN_POINT('',(97.265867146296,133.90296005206,
    300.52525276705));
#5208 = CARTESIAN_POINT('',(98.28879094871,133.16588231672,
    306.45146543031));
#5209 = CARTESIAN_POINT('',(99.808505993995,132.05409942165,
    312.29151678958));
#5210 = CARTESIAN_POINT('',(101.80547115832,130.54903152136,
    318.00677568146));
#5211 = CARTESIAN_POINT('',(104.25192664468,128.62259069828,
    323.55176617661));
#5212 = CARTESIAN_POINT('',(107.11113991495,126.23855490954,
    328.87097537943));
#5213 = CARTESIAN_POINT('',(110.81227488278,122.92802052222,
    334.63582635326));
#5214 = CARTESIAN_POINT('',(111.29685115183,122.49079955162,
    335.37170531171));
#5215 = CARTESIAN_POINT('',(111.78952016818,122.04227490013,
    336.10127539397));
#5216 = CARTESIAN_POINT('',(112.29016775063,121.58225834561,
    336.82433114255));
#5217 = CARTESIAN_POINT('',(112.79867429059,121.11055625737,
    337.54065313938));
#5218 = CARTESIAN_POINT('',(113.31491460604,120.62696944091,
    338.25000803574));
#5219 = CARTESIAN_POINT('',(113.83875779542,120.13129298263,
    338.9521485822));
#5220 = CARTESIAN_POINT('',(115.03672553497,118.985933907,
    340.51844218433));
#5221 = CARTESIAN_POINT('',(115.71514186762,118.32918288473,
    341.3783059738));
#5222 = CARTESIAN_POINT('',(116.40505583871,117.65263686175,
    342.22590047429));
#5223 = CARTESIAN_POINT('',(117.10618565563,116.95586110628,
    343.06067623142));
#5224 = CARTESIAN_POINT('',(117.8182276433,116.23841204824,
    343.88203896738));
#5225 = CARTESIAN_POINT('',(118.54085590356,115.4998370066,
    344.68934965921));
#5226 = CARTESIAN_POINT('',(119.27372197449,114.73967391683,
    345.48192461701));
#5227 = CARTESIAN_POINT('',(120.97700436091,112.94582971345,
    347.26404584924));
#5228 = CARTESIAN_POINT('',(121.95421906223,111.89714109712,
    348.24336205475));
#5229 = CARTESIAN_POINT('',(122.94713740015,110.81051939541,
    349.19521661408));
#5230 = CARTESIAN_POINT('',(123.95471816351,109.68510463908,
    350.11773756863));
#5231 = CARTESIAN_POINT('',(124.97583604285,108.52005016248,
    351.0089430596));
#5232 = CARTESIAN_POINT('',(126.00927865697,107.31453086261,
    351.8667354025));
#5233 = CARTESIAN_POINT('',(127.05374468687,106.06775225829,
    352.68889474233));
#5234 = CARTESIAN_POINT('',(128.94157778142,103.75959587745,
    354.09331418102));
#5235 = CARTESIAN_POINT('',(129.78143660765,102.71382804087,
    354.68986782481));
#5236 = CARTESIAN_POINT('',(130.62637934224,101.64170633477,
    355.261297596));
#5237 = CARTESIAN_POINT('',(131.47534579056,100.54332136511,
    355.80619488276));
#5238 = CARTESIAN_POINT('',(132.32726011956,99.418807302446,
    356.32317629126));
#5239 = CARTESIAN_POINT('',(133.18103516055,98.268344335649,
    356.81088185073));
#5240 = CARTESIAN_POINT('',(134.03557671201,97.092161125655,
    357.26797321849));
#5241 = CARTESIAN_POINT('',(135.3432053398,95.252712174573,
    357.91880721471));
#5242 = CARTESIAN_POINT('',(135.7964760555,94.607794675026,
    358.13545873822));
#5243 = CARTESIAN_POINT('',(136.24937043771,93.955921734336,
    358.34286042565));
#5244 = CARTESIAN_POINT('',(136.70166186247,93.297236065828,
    358.54079669349));
#5245 = CARTESIAN_POINT('',(137.15312688601,92.631886261694,
    358.72906228757));
#5246 = CARTESIAN_POINT('',(137.60354549727,91.960026932332,
    358.9074621662));
#5247 = CARTESIAN_POINT('',(138.05270137032,91.281818845688,
    359.07581138331));
#5248 = CARTESIAN_POINT('',(139.41547171608,89.19849026153,
    359.55715023607));
#5249 = CARTESIAN_POINT('',(140.32469411566,87.773270227387,
    359.83774534421));
#5250 = CARTESIAN_POINT('',(141.22562221415,86.324093158087,
    360.07396367293));
#5251 = CARTESIAN_POINT('',(142.11596229997,84.853421128135,
    360.26439508139));
#5252 = CARTESIAN_POINT('',(142.99357174558,83.363849259682,
    360.40797164959));
#5253 = CARTESIAN_POINT('',(143.85647310528,81.858098880361,
    360.50396518772));
#5254 = CARTESIAN_POINT('',(144.70286461681,80.339008671903,
    360.55198651616));
#5255 = CARTESIAN_POINT('',(146.35938959638,77.280038947134,
    360.55198651616));
#5256 = CARTESIAN_POINT('',(147.16903964545,75.741052121257,
    360.50396518772));
#5257 = CARTESIAN_POINT('',(147.95849561616,74.195528833949,
    360.40797164959));
#5258 = CARTESIAN_POINT('',(148.72636483791,72.646529302463,
    360.26439508139));
#5259 = CARTESIAN_POINT('',(149.47144892885,71.097196741142,
    360.07396367294));
#5260 = CARTESIAN_POINT('',(150.19274546972,69.550743729552,
    359.83774534422));
#5261 = CARTESIAN_POINT('',(150.88944602966,68.010436666841,
    359.55715023607));
#5262 = CARTESIAN_POINT('',(151.88943464805,65.730650762895,
    359.07581138331));
#5263 = CARTESIAN_POINT('',(152.21195564298,64.983866044975,
    358.90746216621));
#5264 = CARTESIAN_POINT('',(152.52846968445,64.239493325586,
    358.72906228757));
#5265 = CARTESIAN_POINT('',(152.83896035326,63.49780162823,
    358.54079669349));
#5266 = CARTESIAN_POINT('',(153.14341840084,62.759059697604,
    358.34286042565));
#5267 = CARTESIAN_POINT('',(153.4418414946,62.023535864306,
    358.13545873822));
#5268 = CARTESIAN_POINT('',(153.73423396325,61.291497909547,
    357.91880721471));
#5269 = CARTESIAN_POINT('',(154.56695170978,59.173781787937,
    357.26258568397));
#5270 = CARTESIAN_POINT('',(155.09125830593,57.798335218051,
    356.7992957164));
#5271 = CARTESIAN_POINT('',(155.59390790571,56.437981466013,
    356.30463088433));
#5272 = CARTESIAN_POINT('',(156.07532507335,55.093797018269,
    355.77998025732));
#5273 = CARTESIAN_POINT('',(156.53597268778,53.766824208628,
    355.22675497486));
#5274 = CARTESIAN_POINT('',(156.97634726837,52.458068824998,
    354.64639014902));
#5275 = CARTESIAN_POINT('',(157.39697430054,51.168497716114,
    354.04034676696));
#5276 = CARTESIAN_POINT('',(158.30470655363,48.297927245462,
    352.61523147445));
#5277 = CARTESIAN_POINT('',(158.78055231678,46.728549489318,
    351.78174120851));
#5278 = CARTESIAN_POINT('',(159.22737829957,45.19166628957,
    350.91205622111));
#5279 = CARTESIAN_POINT('',(159.64660519594,43.687939846458,
    350.00845452388));
#5280 = CARTESIAN_POINT('',(160.03962880107,42.217937860666,
    349.07308585265));
#5281 = CARTESIAN_POINT('',(160.40781322153,40.782140511325,
    348.10797836183));
#5282 = CARTESIAN_POINT('',(160.75248543974,39.380947952066,
    347.1150448752));
#5283 = CARTESIAN_POINT('',(161.33058039531,36.931457786089,
    345.28821555348));
#5284 = CARTESIAN_POINT('',(161.57229281287,35.87003868742,
    344.46387484529));
#5285 = CARTESIAN_POINT('',(161.80073056064,34.830486370296,
    343.62386813917));
#5286 = CARTESIAN_POINT('',(162.01653184342,33.812840798429,
    342.76894612944));
#5287 = CARTESIAN_POINT('',(162.22031151843,32.817126729411,
    341.89980853914));
#5288 = CARTESIAN_POINT('',(162.41266161832,31.84335388606,
    341.01710402494));
#5289 = CARTESIAN_POINT('',(162.5941518743,30.891517127757,
    340.1214300821));
#5290 = CARTESIAN_POINT('',(162.90305897987,29.213390034429,
    338.48268527342));
#5291 = CARTESIAN_POINT('',(163.03411257651,28.479368869118,
    337.74399265155));
#5292 = CARTESIAN_POINT('',(163.15877459774,27.759532203999,
    336.9975477032));
#5293 = CARTESIAN_POINT('',(163.27731896437,27.053877368448,
    336.24362694429));
#5294 = CARTESIAN_POINT('',(163.39001021046,26.362399987531,
    335.48249075202));
#5295 = CARTESIAN_POINT('',(163.4971037444,25.685094026459,
    334.71438332963));
#5296 = CARTESIAN_POINT('',(163.59884610997,25.021951835046,
    333.93953267106));
#5297 = CARTESIAN_POINT('',(164.02151803147,22.183171926352,
    330.52163718483));
#5298 = CARTESIAN_POINT('',(164.28949527628,20.153529406052,
    327.8095584143));
#5299 = CARTESIAN_POINT('',(164.50828507867,18.285077035017,
    325.0312876603));
#5300 = CARTESIAN_POINT('',(164.6857784372,16.578638590358,
    322.19483196754));
#5301 = CARTESIAN_POINT('',(164.8289134334,15.034961380005,
    319.30707444958));
#5302 = CARTESIAN_POINT('',(164.94369770964,13.654838593891,
    316.37398531291));
#5303 = CARTESIAN_POINT('',(165.03521924368,12.439213848854,
    313.40080143482));
#5304 = CARTESIAN_POINT('',(165.13757179944,10.955431959404,
    309.14901467735));
#5305 = CARTESIAN_POINT('',(165.16423191997,10.549969847846,
    307.90005313094));
#5306 = CARTESIAN_POINT('',(165.1879188933,10.172990539345,
    306.64575177235));
#5307 = CARTESIAN_POINT('',(165.20890017162,9.824594525215,
    305.38656326955));
#5308 = CARTESIAN_POINT('',(165.22741707573,9.50487394994,
    304.12293105898));
#5309 = CARTESIAN_POINT('',(165.2436843233,9.2139127198,302.85528936266)
  );
#5310 = CARTESIAN_POINT('',(165.25788955723,8.951786611478,
    301.58406320532));
#5311 = CARTESIAN_POINT('',(165.28428874588,8.451360244163,
    298.84959826809));
#5312 = CARTESIAN_POINT('',(165.29588786849,8.222099374582,
    297.38538953981));
#5313 = CARTESIAN_POINT('',(165.30523067006,8.030895058153,
    295.91774087947));
#5314 = CARTESIAN_POINT('',(165.31251043467,7.877838792373,
    294.44734568447));
#5315 = CARTESIAN_POINT('',(165.31787280002,7.762999424951,
    292.97489215699));
#5316 = CARTESIAN_POINT('',(165.32141525549,7.68642329274,
    291.50106334412));
#5317 = CARTESIAN_POINT('',(165.32318663999,7.648134360668,
    290.02653717804));
#5318 = CARTESIAN_POINT('',(165.32318663999,7.648134360668,
    284.3161533529));
#5319 = CARTESIAN_POINT('',(165.30856951898,7.964094639871,
    280.08389508497));
#5320 = CARTESIAN_POINT('',(165.27937923872,8.595084947189,
    275.86917026821));
#5321 = CARTESIAN_POINT('',(165.23229869714,9.539544303847,
    271.68609399606));
#5322 = CARTESIAN_POINT('',(165.16070494617,10.795146933107,
    267.54940942309));
#5323 = CARTESIAN_POINT('',(165.05480129869,12.358652716329,
    263.47495862974));
#5324 = CARTESIAN_POINT('',(164.90182632469,14.225742175369,
    259.48015282821));
#5325 = CARTESIAN_POINT('',(164.65713167108,16.68430297733,
    255.05639893169));
#5326 = CARTESIAN_POINT('',(164.6267706499,16.983289674622,
    254.53009631955));
#5327 = CARTESIAN_POINT('',(164.59521712218,17.287790221463,
    254.00557402703));
#5328 = CARTESIAN_POINT('',(164.56243040816,17.597799190644,
    253.48287257779));
#5329 = CARTESIAN_POINT('',(164.52836869909,17.913311579472,
    252.96203306519));
#5330 = CARTESIAN_POINT('',(164.49298905728,18.234322809765,
    252.44309715235));
#5331 = CARTESIAN_POINT('',(164.45624741612,18.560828727856,
    251.92610707214));
#5332 = CARTESIAN_POINT('',(164.38437147805,19.186341571713,
    250.95579668365));
#5333 = CARTESIAN_POINT('',(164.34954446213,19.484149366457,
    250.50204225353));
#5334 = CARTESIAN_POINT('',(164.31358630037,19.786246434703,
    250.04987191585));
#5335 = CARTESIAN_POINT('',(164.27646502489,20.092630504392,
    249.59931579947));
#5336 = CARTESIAN_POINT('',(164.23814793189,20.403299585527,
    249.15040458309));
#5337 = CARTESIAN_POINT('',(164.19860158157,20.718251970174,
    248.70316949524));
#5338 = CARTESIAN_POINT('',(164.15779179821,21.03748623246,
    248.25764231423));
#5339 = CARTESIAN_POINT('',(164.06001979854,21.788664437941,
    247.22720142059));
#5340 = CARTESIAN_POINT('',(164.00208733635,22.223805724168,
    246.64359197301));
#5341 = CARTESIAN_POINT('',(163.94180542658,22.666424458272,
    246.06309896697));
#5342 = CARTESIAN_POINT('',(163.87909088224,23.116519991988,
    245.48579783728));
#5343 = CARTESIAN_POINT('',(163.81385818632,23.574091657767,
    244.91176751215));
#5344 = CARTESIAN_POINT('',(163.74601949175,24.039138768781,
    244.34109041316));
#5345 = CARTESIAN_POINT('',(163.67548462147,24.511660618916,
    243.77385245525));
#5346 = CARTESIAN_POINT('',(163.50564713897,25.623462839248,
    242.46814667906));
#5347 = CARTESIAN_POINT('',(163.4043020404,26.26821512397,
    241.73226772062));
#5348 = CARTESIAN_POINT('',(163.29791302975,26.925922126432,
    241.00269763836));
#5349 = CARTESIAN_POINT('',(163.18626007854,27.596591084063,
    240.27964188977));
#5350 = CARTESIAN_POINT('',(163.0691156628,28.280227644739,
    239.56331989294));
#5351 = CARTESIAN_POINT('',(162.94624455322,28.976835829292,
    238.85396499658));
#5352 = CARTESIAN_POINT('',(162.8174036053,29.686417994018,
    238.15182445012));
#5353 = CARTESIAN_POINT('',(162.51287291693,31.315600358566,
    236.58553084799));
#5354 = CARTESIAN_POINT('',(162.33360900431,32.24265757109,
    235.72566705852));
#5355 = CARTESIAN_POINT('',(162.1440506877,33.190161372307,
    234.87807255803));
#5356 = CARTESIAN_POINT('',(161.94367989732,34.158113344221,
    234.0432968009));
#5357 = CARTESIAN_POINT('',(161.73195920314,35.146501572984,
    233.22193406494));
#5358 = CARTESIAN_POINT('',(161.50833140042,36.155300512573,
    232.41462337312));
#5359 = CARTESIAN_POINT('',(161.27221909525,37.184470848478,
    231.62204841531));
#5360 = CARTESIAN_POINT('',(160.70074940244,39.591225988782,
    229.8399271829));
#5361 = CARTESIAN_POINT('',(160.35653891841,40.982705607284,
    228.86061097753));
#5362 = CARTESIAN_POINT('',(159.98914246783,42.408066402237,
    227.90875641835));
#5363 = CARTESIAN_POINT('',(159.59727084676,43.866906352594,
    226.98623546384));
#5364 = CARTESIAN_POINT('',(159.17960003412,45.358745737241,
    226.09502997278));
#5365 = CARTESIAN_POINT('',(158.73477648352,46.883020131406,
    225.23723762974));
#5366 = CARTESIAN_POINT('',(158.26142369022,48.439073893163,
    224.41507828984));
#5367 = CARTESIAN_POINT('',(157.36008787763,51.281448502953,
    223.0106588513));
#5368 = CARTESIAN_POINT('',(156.94326049403,52.556300709412,
    222.41410520751));
#5369 = CARTESIAN_POINT('',(156.50714085001,53.84981253136,
    221.84267543632));
#5370 = CARTESIAN_POINT('',(156.05122544447,55.161046574136,
    221.29777814956));
#5371 = CARTESIAN_POINT('',(155.57503871416,56.489028538984,
    220.78079674106));
#5372 = CARTESIAN_POINT('',(155.07813743995,57.83274948557,
    220.29309118159));
#5373 = CARTESIAN_POINT('',(154.56011515323,59.191168094502,
    219.83599981383));
#5374 = CARTESIAN_POINT('',(153.73423396326,61.291497909537,
    219.18516581761));
#5375 = CARTESIAN_POINT('',(153.4418414946,62.023535864298,
    218.9685142941));
#5376 = CARTESIAN_POINT('',(153.14341840084,62.759059697597,
    218.76111260667));
#5377 = CARTESIAN_POINT('',(152.83896035326,63.497801628222,
    218.56317633883));
#5378 = CARTESIAN_POINT('',(152.52846968446,64.239493325577,
    218.37491074476));
#5379 = CARTESIAN_POINT('',(152.21195564299,64.983866044965,
    218.19651086612));
#5380 = CARTESIAN_POINT('',(151.88943464806,65.730650762886,
    218.02816164901));
#5381 = CARTESIAN_POINT('',(150.88944602967,68.010436666827,
    217.54682279626));
#5382 = CARTESIAN_POINT('',(150.19274546972,69.550743729541,
    217.26622768811));
#5383 = CARTESIAN_POINT('',(149.47144892886,71.097196741134,
    217.03000935938));
#5384 = CARTESIAN_POINT('',(148.72636483792,72.646529302457,
    216.83957795093));
#5385 = CARTESIAN_POINT('',(147.95849561617,74.195528833943,
    216.69600138273));
#5386 = CARTESIAN_POINT('',(147.16903964545,75.741052121248,
    216.6000078446));
#5387 = CARTESIAN_POINT('',(146.35938959638,77.280038947122,
    216.55198651616));
#5388 = CARTESIAN_POINT('',(144.70286461681,80.339008671896,
    216.55198651616));
#5389 = CARTESIAN_POINT('',(143.85647310529,81.858098880354,
    216.6000078446));
#5390 = CARTESIAN_POINT('',(142.99357174558,83.363849259672,
    216.69600138273));
#5391 = CARTESIAN_POINT('',(142.11596229997,84.853421128123,
    216.83957795093));
#5392 = CARTESIAN_POINT('',(141.22562221415,86.324093158078,
    217.03000935939));
#5393 = CARTESIAN_POINT('',(140.32469411567,87.773270227381,
    217.26622768811));
#5394 = CARTESIAN_POINT('',(139.41547171609,89.198490261523,
    217.54682279625));
#5395 = CARTESIAN_POINT('',(138.05270137033,91.281818845678,
    218.02816164901));
#5396 = CARTESIAN_POINT('',(137.60354549727,91.960026932325,
    218.19651086612));
#5397 = CARTESIAN_POINT('',(137.15312688601,92.631886261688,
    218.37491074475));
#5398 = CARTESIAN_POINT('',(136.70166186247,93.29723606582,
    218.56317633883));
#5399 = CARTESIAN_POINT('',(136.24937043772,93.955921734326,
    218.76111260667));
#5400 = CARTESIAN_POINT('',(135.79647605551,94.607794675016,
    218.9685142941));
#5401 = CARTESIAN_POINT('',(135.34320533981,95.252712174566,
    219.18516581761));
#5402 = CARTESIAN_POINT('',(134.02475230148,97.107387888181,
    219.84138734834));
#5403 = CARTESIAN_POINT('',(133.15938464779,98.298139540454,
    220.30467731592));
#5404 = CARTESIAN_POINT('',(132.29482152767,99.462506133175,
    220.799342148));
#5405 = CARTESIAN_POINT('',(131.43219648293,100.60025494159,
    221.32399277502));
#5406 = CARTESIAN_POINT('',(130.57263539206,101.71120399229,
    221.87721805747));
#5407 = CARTESIAN_POINT('',(129.7172519115,102.79521945644,
    222.4575828833));
#5408 = CARTESIAN_POINT('',(128.86714291682,103.85221304307,
    223.06362626535));
#5409 = CARTESIAN_POINT('',(126.95919223134,106.18113486493,
    224.48874155788));
#5410 = CARTESIAN_POINT('',(125.90493014406,107.43728262022,
    225.32223182382));
#5411 = CARTESIAN_POINT('',(124.86202234917,108.651369421,
    226.19191681121));
#5412 = CARTESIAN_POINT('',(123.83179980692,109.82422317137,
    227.09551850843));
#5413 = CARTESIAN_POINT('',(122.81550073037,110.95670256608,
    228.03088717966));
#5414 = CARTESIAN_POINT('',(121.81427271867,112.04968759091,
    228.9959946705));
#5415 = CARTESIAN_POINT('',(120.82917606431,113.10407087402,
    229.98892815713));
#5416 = CARTESIAN_POINT('',(119.09372503884,114.92681758957,
    231.81575747885));
#5417 = CARTESIAN_POINT('',(118.33691201668,115.70929407183,
    232.64009818703));
#5418 = CARTESIAN_POINT('',(117.59115732872,116.46870355954,
    233.48010489315));
#5419 = CARTESIAN_POINT('',(116.85684321284,117.20555868968,
    234.33502690288));
#5420 = CARTESIAN_POINT('',(116.13432641315,117.92036085627,
    235.20416449318));
#5421 = CARTESIAN_POINT('',(115.42393860934,118.61360055477,
    236.08686900739));
#5422 = CARTESIAN_POINT('',(114.725986846,119.28575772651,
    236.98254295022));
#5423 = CARTESIAN_POINT('',(113.48942107451,120.46152948753,
    238.62128775891));
#5424 = CARTESIAN_POINT('',(112.94632016646,120.97241452351,
    239.35998038077));
#5425 = CARTESIAN_POINT('',(112.4116054319,121.47019519472,
    240.10642532912));
#5426 = CARTESIAN_POINT('',(111.88542432795,121.95510236072,
    240.86034608804));
#5427 = CARTESIAN_POINT('',(111.3679177547,122.42735995135,
    241.6214822803));
#5428 = CARTESIAN_POINT('',(110.85922023513,122.88718516108,
    242.3895897027));
#5429 = CARTESIAN_POINT('',(110.35946009499,123.33478864332,
    243.16444036126));
#5430 = CARTESIAN_POINT('',(108.21305468901,125.24011453578,
    246.5823358475));
#5431 = CARTESIAN_POINT('',(106.65973817663,126.57370681839,
    249.29441461803));
#5432 = CARTESIAN_POINT('',(105.21453316019,127.77801811573,
    252.07268537202));
#5433 = CARTESIAN_POINT('',(103.88244184166,128.85920671023,
    254.90914106478));
#5434 = CARTESIAN_POINT('',(102.66788162737,129.82267463537,
    257.79689858276));
#5435 = CARTESIAN_POINT('',(101.57479987708,130.67301963712,
    260.72998771942));
#5436 = CARTESIAN_POINT('',(100.60676734525,131.41398706503,
    263.70317159748));
#5437 = CARTESIAN_POINT('',(99.022640374952,132.61084858842,
    269.37894915468));
#5438 = CARTESIAN_POINT('',(98.379255700256,133.08941372531,
    272.07329422236));
#5439 = CARTESIAN_POINT('',(97.839524700237,133.48583797576,
    274.78999072002));
#5440 = CARTESIAN_POINT('',(97.405565181053,133.80154515288,
    277.52441798185));
#5441 = CARTESIAN_POINT('',(97.078979454195,134.03762313901,
    280.27212743306));
#5442 = CARTESIAN_POINT('',(96.860853197595,134.19479571292,
    283.02879223746));
#5443 = CARTESIAN_POINT('',(96.751758068562,134.27340507577,
    285.79015685593));
#5444 = CARTESIAN_POINT('',(96.751758068562,134.27340507577,
    288.55198651616));
#5445 = PCURVE('',#1026,#5446);
#5446 = DEFINITIONAL_REPRESENTATION('',(#5447),#5688);
#5447 = B_SPLINE_CURVE_WITH_KNOTS('',8,(#5448,#5449,#5450,#5451,#5452,
    #5453,#5454,#5455,#5456,#5457,#5458,#5459,#5460,#5461,#5462,#5463,
    #5464,#5465,#5466,#5467,#5468,#5469,#5470,#5471,#5472,#5473,#5474,
    #5475,#5476,#5477,#5478,#5479,#5480,#5481,#5482,#5483,#5484,#5485,
    #5486,#5487,#5488,#5489,#5490,#5491,#5492,#5493,#5494,#5495,#5496,
    #5497,#5498,#5499,#5500,#5501,#5502,#5503,#5504,#5505,#5506,#5507,
    #5508,#5509,#5510,#5511,#5512,#5513,#5514,#5515,#5516,#5517,#5518,
    #5519,#5520,#5521,#5522,#5523,#5524,#5525,#5526,#5527,#5528,#5529,
    #5530,#5531,#5532,#5533,#5534,#5535,#5536,#5537,#5538,#5539,#5540,
    #5541,#5542,#5543,#5544,#5545,#5546,#5547,#5548,#5549,#5550,#5551,
    #5552,#5553,#5554,#5555,#5556,#5557,#5558,#5559,#5560,#5561,#5562,
    #5563,#5564,#5565,#5566,#5567,#5568,#5569,#5570,#5571,#5572,#5573,
    #5574,#5575,#5576,#5577,#5578,#5579,#5580,#5581,#5582,#5583,#5584,
    #5585,#5586,#5587,#5588,#5589,#5590,#5591,#5592,#5593,#5594,#5595,
    #5596,#5597,#5598,#5599,#5600,#5601,#5602,#5603,#5604,#5605,#5606,
    #5607,#5608,#5609,#5610,#5611,#5612,#5613,#5614,#5615,#5616,#5617,
    #5618,#5619,#5620,#5621,#5622,#5623,#5624,#5625,#5626,#5627,#5628,
    #5629,#5630,#5631,#5632,#5633,#5634,#5635,#5636,#5637,#5638,#5639,
    #5640,#5641,#5642,#5643,#5644,#5645,#5646,#5647,#5648,#5649,#5650,
    #5651,#5652,#5653,#5654,#5655,#5656,#5657,#5658,#5659,#5660,#5661,
    #5662,#5663,#5664,#5665,#5666,#5667,#5668,#5669,#5670,#5671,#5672,
    #5673,#5674,#5675,#5676,#5677,#5678,#5679,#5680,#5681,#5682,#5683,
    #5684,#5685,#5686,#5687),.UNSPECIFIED.,.F.,.F.,(9,7,7,7,7,7,7,7,7,7,
    7,7,7,7,7,7,7,7,7,7,7,7,7,7,7,7,7,7,7,7,7,7,7,7,9),(0.,
    0.120742944241,0.138579579596,0.16096003416,0.189903889862,
    0.212796909273,0.224948583728,0.249787424781,0.274626265835,
    0.28677794029,0.309961055946,0.339200780029,0.362383315365,
    0.381035797528,0.443972375174,0.469977667938,0.499771851686,
    0.585359410561,0.596960350775,0.607216655653,0.620774742026,
    0.63862090654,0.66101331778,0.689972636639,0.712877886572,
    0.72503605302,0.749888164143,0.774740275267,0.786898441714,
    0.810093942873,0.839349288181,0.86254420871,0.8812066559,
    0.944176857204,1.),.UNSPECIFIED.);
#5448 = CARTESIAN_POINT('',(0.,149.01761640826));
#5449 = CARTESIAN_POINT('',(8.327007476378E-02,149.01761640826));
#5450 = CARTESIAN_POINT('',(0.16629537941,149.29329180175));
#5451 = CARTESIAN_POINT('',(0.249483630142,149.84180242757));
#5452 = CARTESIAN_POINT('',(0.333213463725,150.64873150847));
#5453 = CARTESIAN_POINT('',(0.417854842013,151.68804816482));
#5454 = CARTESIAN_POINT('',(0.503788788316,152.92196683815));
#5455 = CARTESIAN_POINT('',(0.59142176267,154.30093846718));
#5456 = CARTESIAN_POINT('',(0.694495156176,155.97905752955));
#5457 = CARTESIAN_POINT('',(0.70781546639,156.19696540938));
#5458 = CARTESIAN_POINT('',(0.721191914099,156.41660687789));
#5459 = CARTESIAN_POINT('',(0.73462693331,156.63779190116));
#5460 = CARTESIAN_POINT('',(0.748122961267,156.86032309722));
#5461 = CARTESIAN_POINT('',(0.761682454334,157.08399553371));
#5462 = CARTESIAN_POINT('',(0.775307903876,157.30859652548));
#5463 = CARTESIAN_POINT('',(0.806184284863,157.81661097885));
#5464 = CARTESIAN_POINT('',(0.82347464804,158.10043247861));
#5465 = CARTESIAN_POINT('',(0.840878210356,158.38493814576));
#5466 = CARTESIAN_POINT('',(0.858400176089,158.66967317303));
#5467 = CARTESIAN_POINT('',(0.876045746014,158.95415930229));
#5468 = CARTESIAN_POINT('',(0.893820178294,159.23789439513));
#5469 = CARTESIAN_POINT('',(0.911728849385,159.52035200357));
#5470 = CARTESIAN_POINT('',(0.953118761408,160.16390848708));
#5471 = CARTESIAN_POINT('',(0.976697975401,160.52383903953));
#5472 = CARTESIAN_POINT('',(1.000523032723,160.87951508768));
#5473 = CARTESIAN_POINT('',(1.024602322799,161.22961154151));
#5474 = CARTESIAN_POINT('',(1.048944581897,161.57273569484));
#5475 = CARTESIAN_POINT('',(1.073558953907,161.90742854359));
#5476 = CARTESIAN_POINT('',(1.09845507866,162.23216745871));
#5477 = CARTESIAN_POINT('',(1.143565651253,162.79309659942));
#5478 = CARTESIAN_POINT('',(1.163673115395,163.03363518779));
#5479 = CARTESIAN_POINT('',(1.183962284792,163.26609480943));
#5480 = CARTESIAN_POINT('',(1.204430364557,163.4895863362));
#5481 = CARTESIAN_POINT('',(1.225075060332,163.70322763349));
#5482 = CARTESIAN_POINT('',(1.245894558282,163.90614851227));
#5483 = CARTESIAN_POINT('',(1.266887505094,164.09749568116));
#5484 = CARTESIAN_POINT('',(1.299287681526,164.37142058831));
#5485 = CARTESIAN_POINT('',(1.310569657593,164.46289706628));
#5486 = CARTESIAN_POINT('',(1.321897136829,164.55073050352));
#5487 = CARTESIAN_POINT('',(1.333268407922,164.63478957874));
#5488 = CARTESIAN_POINT('',(1.344681820607,164.71494856663));
#5489 = CARTESIAN_POINT('',(1.356135778702,164.79108762616));
#5490 = CARTESIAN_POINT('',(1.367628733126,164.86309308899));
#5491 = CARTESIAN_POINT('',(1.40272817459,165.06937327479));
#5492 = CARTESIAN_POINT('',(1.426461433377,165.19021465478));
#5493 = CARTESIAN_POINT('',(1.450330631209,165.29235439416));
#5494 = CARTESIAN_POINT('',(1.474308743827,165.37494795208));
#5495 = CARTESIAN_POINT('',(1.49836970375,165.43734699828));
#5496 = CARTESIAN_POINT('',(1.522488064894,165.4791085517));
#5497 = CARTESIAN_POINT('',(1.546638670843,165.5));
#5498 = CARTESIAN_POINT('',(1.594953982747,165.5));
#5499 = CARTESIAN_POINT('',(1.619104588696,165.4791085517));
#5500 = CARTESIAN_POINT('',(1.643222949839,165.43734699828));
#5501 = CARTESIAN_POINT('',(1.667283909762,165.37494795208));
#5502 = CARTESIAN_POINT('',(1.69126202238,165.29235439416));
#5503 = CARTESIAN_POINT('',(1.715131220212,165.19021465478));
#5504 = CARTESIAN_POINT('',(1.738864479,165.06937327479));
#5505 = CARTESIAN_POINT('',(1.773963920464,164.863093089));
#5506 = CARTESIAN_POINT('',(1.785456874887,164.79108762616));
#5507 = CARTESIAN_POINT('',(1.796910832982,164.71494856663));
#5508 = CARTESIAN_POINT('',(1.808324245668,164.63478957875));
#5509 = CARTESIAN_POINT('',(1.81969551676,164.55073050352));
#5510 = CARTESIAN_POINT('',(1.831022995997,164.46289706628));
#5511 = CARTESIAN_POINT('',(1.842304972064,164.37142058831));
#5512 = CARTESIAN_POINT('',(1.874973353706,164.09522815994));
#5513 = CARTESIAN_POINT('',(1.89622993853,163.90129849643));
#5514 = CARTESIAN_POINT('',(1.917308539349,163.69551197913));
#5515 = CARTESIAN_POINT('',(1.938207813331,163.47875455783));
#5516 = CARTESIAN_POINT('',(1.958925935034,163.25192961095));
#5517 = CARTESIAN_POINT('',(1.9794605759,163.01595269552));
#5518 = CARTESIAN_POINT('',(1.999808883741,162.77174629716));
#5519 = CARTESIAN_POINT('',(2.04539248627,162.20301521589));
#5520 = CARTESIAN_POINT('',(2.070519796503,161.874123715));
#5521 = CARTESIAN_POINT('',(2.09536004883,161.5351874961));
#5522 = CARTESIAN_POINT('',(2.119923268108,161.18777116873));
#5523 = CARTESIAN_POINT('',(2.144218970326,160.83337244809));
#5524 = CARTESIAN_POINT('',(2.168256255697,160.47341950734));
#5525 = CARTESIAN_POINT('',(2.192043872659,160.10926976738));
#5526 = CARTESIAN_POINT('',(2.234258855397,159.45118914444));
#5527 = CARTESIAN_POINT('',(2.252778356285,159.15829939722));
#5528 = CARTESIAN_POINT('',(2.271154934097,158.86414942633));
#5529 = CARTESIAN_POINT('',(2.289394558817,158.56931946252));
#5530 = CARTESIAN_POINT('',(2.307503063805,158.27436196496));
#5531 = CARTESIAN_POINT('',(2.325486217817,157.97980216287));
#5532 = CARTESIAN_POINT('',(2.343349797044,157.68613859698));
#5533 = CARTESIAN_POINT('',(2.375381052334,157.15866549805));
#5534 = CARTESIAN_POINT('',(2.389588877203,156.92437256226));
#5535 = CARTESIAN_POINT('',(2.403726009218,156.69121376866));
#5536 = CARTESIAN_POINT('',(2.41779526434,156.45942871563));
#5537 = CARTESIAN_POINT('',(2.431799416405,156.22924793583));
#5538 = CARTESIAN_POINT('',(2.445741216506,156.00089314691));
#5539 = CARTESIAN_POINT('',(2.459623412369,155.77457750228));
#5540 = CARTESIAN_POINT('',(2.520097816607,154.79445078523));
#5541 = CARTESIAN_POINT('',(2.566121057245,154.06359803566));
#5542 = CARTESIAN_POINT('',(2.611599403067,153.36624990829));
#5543 = CARTESIAN_POINT('',(2.65660906833,152.70973756561));
#5544 = CARTESIAN_POINT('',(2.701223092852,152.10051781613));
#5545 = CARTESIAN_POINT('',(2.745512685488,151.54425114256));
#5546 = CARTESIAN_POINT('',(2.789548386337,151.04586095958));
#5547 = CARTESIAN_POINT('',(2.851520896915,150.42930107231));
#5548 = CARTESIAN_POINT('',(2.869605860648,150.25966724424));
#5549 = CARTESIAN_POINT('',(2.887659075551,150.10098224205));
#5550 = CARTESIAN_POINT('',(2.905683634262,149.95352910073));
#5551 = CARTESIAN_POINT('',(2.923682607666,149.81756390215));
#5552 = CARTESIAN_POINT('',(2.941659067166,149.693315412));
#5553 = CARTESIAN_POINT('',(2.959616106949,149.58098471671));
#5554 = CARTESIAN_POINT('',(2.998111538881,149.36590036607));
#5555 = CARTESIAN_POINT('',(3.01864455082,149.26692812092));
#5556 = CARTESIAN_POINT('',(3.039159594228,149.18409396572));
#5557 = CARTESIAN_POINT('',(3.059660310211,149.11761143355));
#5558 = CARTESIAN_POINT('',(3.080150319508,149.06764137442));
#5559 = CARTESIAN_POINT('',(3.100633253178,149.03429157999));
#5560 = CARTESIAN_POINT('',(3.121112783286,149.01761640826));
#5561 = CARTESIAN_POINT('',(3.200423669746,149.01761640826));
#5562 = CARTESIAN_POINT('',(3.259205072309,149.15522023335));
#5563 = CARTESIAN_POINT('',(3.318053096315,149.43002356423));
#5564 = CARTESIAN_POINT('',(3.377080070435,149.83836621));
#5565 = CARTESIAN_POINT('',(3.436396401373,150.37331682047));
#5566 = CARTESIAN_POINT('',(3.496112778209,151.02471784202));
#5567 = CARTESIAN_POINT('',(3.556342596672,151.77929071689));
#5568 = CARTESIAN_POINT('',(3.625454125945,152.73486363123));
#5569 = CARTESIAN_POINT('',(3.633716519082,152.85054052311));
#5570 = CARTESIAN_POINT('',(3.641992230075,152.96779443637));
#5571 = CARTESIAN_POINT('',(3.650281718068,153.08658701517));
#5572 = CARTESIAN_POINT('',(3.658585454031,153.2068791131));
#5573 = CARTESIAN_POINT('',(3.666903920768,153.32863079315));
#5574 = CARTESIAN_POINT('',(3.675237612908,153.45180132775));
#5575 = CARTESIAN_POINT('',(3.690968700513,153.68646104425));
#5576 = CARTESIAN_POINT('',(3.698362659929,153.79764941651));
#5577 = CARTESIAN_POINT('',(3.70576926536,153.90988563575));
#5578 = CARTESIAN_POINT('',(3.713188874527,154.02314050931));
#5579 = CARTESIAN_POINT('',(3.72062185268,154.13738433176));
#5580 = CARTESIAN_POINT('',(3.728068572593,154.25258688476));
#5581 = CARTESIAN_POINT('',(3.735529414566,154.36871743718));
#5582 = CARTESIAN_POINT('',(3.752886635901,154.64044630339));
#5583 = CARTESIAN_POINT('',(3.762793807744,154.79671398338));
#5584 = CARTESIAN_POINT('',(3.77272722084,154.95447638454));
#5585 = CARTESIAN_POINT('',(3.782687820137,155.11366004833));
#5586 = CARTESIAN_POINT('',(3.792676556644,155.27418945816));
#5587 = CARTESIAN_POINT('',(3.802694387428,155.43598703935));
#5588 = CARTESIAN_POINT('',(3.812742275617,155.59897315915));
#5589 = CARTESIAN_POINT('',(3.836087809766,155.97905752955));
#5590 = CARTESIAN_POINT('',(3.849408119979,156.19696540937));
#5591 = CARTESIAN_POINT('',(3.862784567689,156.41660687789));
#5592 = CARTESIAN_POINT('',(3.8762195869,156.63779190116));
#5593 = CARTESIAN_POINT('',(3.889715614857,156.86032309722));
#5594 = CARTESIAN_POINT('',(3.903275107924,157.08399553371));
#5595 = CARTESIAN_POINT('',(3.916900557466,157.30859652548));
#5596 = CARTESIAN_POINT('',(3.947776938453,157.81661097885));
#5597 = CARTESIAN_POINT('',(3.96506730163,158.10043247861));
#5598 = CARTESIAN_POINT('',(3.982470863946,158.38493814576));
#5599 = CARTESIAN_POINT('',(3.999992829679,158.66967317303));
#5600 = CARTESIAN_POINT('',(4.017638399603,158.95415930229));
#5601 = CARTESIAN_POINT('',(4.035412831884,159.23789439513));
#5602 = CARTESIAN_POINT('',(4.053321502975,159.52035200357));
#5603 = CARTESIAN_POINT('',(4.094711415002,160.16390848714));
#5604 = CARTESIAN_POINT('',(4.118290628992,160.52383903955));
#5605 = CARTESIAN_POINT('',(4.14211568631,160.87951508764));
#5606 = CARTESIAN_POINT('',(4.166194976385,161.22961154145));
#5607 = CARTESIAN_POINT('',(4.190537235485,161.57273569482));
#5608 = CARTESIAN_POINT('',(4.215151607499,161.90742854362));
#5609 = CARTESIAN_POINT('',(4.240047732254,162.23216745877));
#5610 = CARTESIAN_POINT('',(4.285158304843,162.79309659942));
#5611 = CARTESIAN_POINT('',(4.305265768985,163.03363518779));
#5612 = CARTESIAN_POINT('',(4.325554938382,163.26609480943));
#5613 = CARTESIAN_POINT('',(4.346023018147,163.4895863362));
#5614 = CARTESIAN_POINT('',(4.366667713922,163.70322763349));
#5615 = CARTESIAN_POINT('',(4.387487211872,163.90614851227));
#5616 = CARTESIAN_POINT('',(4.408480158684,164.09749568116));
#5617 = CARTESIAN_POINT('',(4.440880335116,164.37142058831));
#5618 = CARTESIAN_POINT('',(4.452162311182,164.46289706628));
#5619 = CARTESIAN_POINT('',(4.463489790419,164.55073050352));
#5620 = CARTESIAN_POINT('',(4.474861061511,164.63478957874));
#5621 = CARTESIAN_POINT('',(4.486274474197,164.71494856663));
#5622 = CARTESIAN_POINT('',(4.497728432292,164.79108762616));
#5623 = CARTESIAN_POINT('',(4.509221386716,164.86309308899));
#5624 = CARTESIAN_POINT('',(4.544320828179,165.06937327479));
#5625 = CARTESIAN_POINT('',(4.568054086967,165.19021465478));
#5626 = CARTESIAN_POINT('',(4.591923284799,165.29235439416));
#5627 = CARTESIAN_POINT('',(4.615901397417,165.37494795208));
#5628 = CARTESIAN_POINT('',(4.639962357341,165.43734699828));
#5629 = CARTESIAN_POINT('',(4.664080718484,165.47910855169));
#5630 = CARTESIAN_POINT('',(4.688231324432,165.5));
#5631 = CARTESIAN_POINT('',(4.736546636337,165.5));
#5632 = CARTESIAN_POINT('',(4.760697242285,165.4791085517));
#5633 = CARTESIAN_POINT('',(4.784815603429,165.43734699828));
#5634 = CARTESIAN_POINT('',(4.808876563353,165.37494795208));
#5635 = CARTESIAN_POINT('',(4.83285467597,165.29235439416));
#5636 = CARTESIAN_POINT('',(4.856723873802,165.19021465478));
#5637 = CARTESIAN_POINT('',(4.88045713259,165.0693732748));
#5638 = CARTESIAN_POINT('',(4.915556574054,164.863093089));
#5639 = CARTESIAN_POINT('',(4.927049528477,164.79108762616));
#5640 = CARTESIAN_POINT('',(4.938503486572,164.71494856663));
#5641 = CARTESIAN_POINT('',(4.949916899258,164.63478957874));
#5642 = CARTESIAN_POINT('',(4.96128817035,164.55073050352));
#5643 = CARTESIAN_POINT('',(4.972615649587,164.46289706628));
#5644 = CARTESIAN_POINT('',(4.983897625654,164.37142058831));
#5645 = CARTESIAN_POINT('',(5.016566007296,164.09522815995));
#5646 = CARTESIAN_POINT('',(5.037822592119,163.90129849643));
#5647 = CARTESIAN_POINT('',(5.058901192939,163.69551197912));
#5648 = CARTESIAN_POINT('',(5.079800466921,163.47875455782));
#5649 = CARTESIAN_POINT('',(5.100518588624,163.25192961095));
#5650 = CARTESIAN_POINT('',(5.12105322949,163.01595269552));
#5651 = CARTESIAN_POINT('',(5.141401537331,162.77174629717));
#5652 = CARTESIAN_POINT('',(5.18698513986,162.20301521589));
#5653 = CARTESIAN_POINT('',(5.212112450093,161.87412371499));
#5654 = CARTESIAN_POINT('',(5.23695270242,161.5351874961));
#5655 = CARTESIAN_POINT('',(5.261515921697,161.18777116874));
#5656 = CARTESIAN_POINT('',(5.285811623916,160.83337244809));
#5657 = CARTESIAN_POINT('',(5.309848909287,160.47341950734));
#5658 = CARTESIAN_POINT('',(5.333636526249,160.10926976738));
#5659 = CARTESIAN_POINT('',(5.375851508987,159.45118914443));
#5660 = CARTESIAN_POINT('',(5.394371009875,159.15829939722));
#5661 = CARTESIAN_POINT('',(5.412747587687,158.86414942633));
#5662 = CARTESIAN_POINT('',(5.430987212407,158.56931946252));
#5663 = CARTESIAN_POINT('',(5.449095717395,158.27436196496));
#5664 = CARTESIAN_POINT('',(5.467078871407,157.97980216287));
#5665 = CARTESIAN_POINT('',(5.484942450634,157.68613859698));
#5666 = CARTESIAN_POINT('',(5.516973705924,157.15866549805));
#5667 = CARTESIAN_POINT('',(5.531181530793,156.92437256226));
#5668 = CARTESIAN_POINT('',(5.545318662807,156.69121376866));
#5669 = CARTESIAN_POINT('',(5.55938791793,156.45942871563));
#5670 = CARTESIAN_POINT('',(5.573392069995,156.22924793583));
#5671 = CARTESIAN_POINT('',(5.587333870096,156.00089314691));
#5672 = CARTESIAN_POINT('',(5.601216065958,155.77457750228));
#5673 = CARTESIAN_POINT('',(5.661690470197,154.79445078523));
#5674 = CARTESIAN_POINT('',(5.707713710835,154.06359803567));
#5675 = CARTESIAN_POINT('',(5.753192056657,153.36624990829));
#5676 = CARTESIAN_POINT('',(5.798201721919,152.70973756561));
#5677 = CARTESIAN_POINT('',(5.842815746442,152.10051781613));
#5678 = CARTESIAN_POINT('',(5.887105339078,151.54425114256));
#5679 = CARTESIAN_POINT('',(5.931141039926,151.04586095958));
#5680 = CARTESIAN_POINT('',(6.013869126909,150.22280539014));
#5681 = CARTESIAN_POINT('',(6.052591102131,149.88493828245));
#5682 = CARTESIAN_POINT('',(6.091186158884,149.59910351289));
#5683 = CARTESIAN_POINT('',(6.129680734348,149.36784136393));
#5684 = CARTESIAN_POINT('',(6.168101260125,149.19307885482));
#5685 = CARTESIAN_POINT('',(6.206474275089,149.07611532449));
#5686 = CARTESIAN_POINT('',(6.244826561899,149.01761640826));
#5687 = CARTESIAN_POINT('',(6.28318530718,149.01761640826));
#5688 = ( GEOMETRIC_REPRESENTATION_CONTEXT(2) 
PARAMETRIC_REPRESENTATION_CONTEXT() REPRESENTATION_CONTEXT('2D SPACE',''
  ) );
#5689 = PCURVE('',#2937,#5690);
#5690 = DEFINITIONAL_REPRESENTATION('',(#5691),#5932);
#5691 = B_SPLINE_CURVE_WITH_KNOTS('',8,(#5692,#5693,#5694,#5695,#5696,
    #5697,#5698,#5699,#5700,#5701,#5702,#5703,#5704,#5705,#5706,#5707,
    #5708,#5709,#5710,#5711,#5712,#5713,#5714,#5715,#5716,#5717,#5718,
    #5719,#5720,#5721,#5722,#5723,#5724,#5725,#5726,#5727,#5728,#5729,
    #5730,#5731,#5732,#5733,#5734,#5735,#5736,#5737,#5738,#5739,#5740,
    #5741,#5742,#5743,#5744,#5745,#5746,#5747,#5748,#5749,#5750,#5751,
    #5752,#5753,#5754,#5755,#5756,#5757,#5758,#5759,#5760,#5761,#5762,
    #5763,#5764,#5765,#5766,#5767,#5768,#5769,#5770,#5771,#5772,#5773,
    #5774,#5775,#5776,#5777,#5778,#5779,#5780,#5781,#5782,#5783,#5784,
    #5785,#5786,#5787,#5788,#5789,#5790,#5791,#5792,#5793,#5794,#5795,
    #5796,#5797,#5798,#5799,#5800,#5801,#5802,#5803,#5804,#5805,#5806,
    #5807,#5808,#5809,#5810,#5811,#5812,#5813,#5814,#5815,#5816,#5817,
    #5818,#5819,#5820,#5821,#5822,#5823,#5824,#5825,#5826,#5827,#5828,
    #5829,#5830,#5831,#5832,#5833,#5834,#5835,#5836,#5837,#5838,#5839,
    #5840,#5841,#5842,#5843,#5844,#5845,#5846,#5847,#5848,#5849,#5850,
    #5851,#5852,#5853,#5854,#5855,#5856,#5857,#5858,#5859,#5860,#5861,
    #5862,#5863,#5864,#5865,#5866,#5867,#5868,#5869,#5870,#5871,#5872,
    #5873,#5874,#5875,#5876,#5877,#5878,#5879,#5880,#5881,#5882,#5883,
    #5884,#5885,#5886,#5887,#5888,#5889,#5890,#5891,#5892,#5893,#5894,
    #5895,#5896,#5897,#5898,#5899,#5900,#5901,#5902,#5903,#5904,#5905,
    #5906,#5907,#5908,#5909,#5910,#5911,#5912,#5913,#5914,#5915,#5916,
    #5917,#5918,#5919,#5920,#5921,#5922,#5923,#5924,#5925,#5926,#5927,
    #5928,#5929,#5930,#5931),.UNSPECIFIED.,.T.,.F.,(9,7,7,7,7,7,7,7,7,7,
    7,7,7,7,7,7,7,7,7,7,7,7,7,7,7,7,7,7,7,7,7,7,7,7,9),(0.,
    0.120742944241,0.138579579596,0.16096003416,0.189903889862,
    0.212796909273,0.224948583728,0.249787424781,0.274626265835,
    0.28677794029,0.309961055946,0.339200780029,0.362383315365,
    0.381035797528,0.443972375174,0.469977667938,0.499771851686,
    0.585359410561,0.596960350775,0.607216655653,0.620774742026,
    0.63862090654,0.66101331778,0.689972636639,0.712877886572,
    0.72503605302,0.749888164143,0.774740275267,0.786898441714,
    0.810093942873,0.839349288181,0.86254420871,0.8812066559,
    0.944176857204,1.),.UNSPECIFIED.);
#5692 = CARTESIAN_POINT('',(0.946405967904,82.));
#5693 = CARTESIAN_POINT('',(0.946405967904,87.995445382992));
#5694 = CARTESIAN_POINT('',(0.942577145729,93.973266250885));
#5695 = CARTESIAN_POINT('',(0.934958925524,99.899478914156));
#5696 = CARTESIAN_POINT('',(0.923581721466,105.7395302734));
#5697 = CARTESIAN_POINT('',(0.90847572774,111.45478916531));
#5698 = CARTESIAN_POINT('',(0.889670440874,116.99977966044));
#5699 = CARTESIAN_POINT('',(0.867190160648,122.31898886327));
#5700 = CARTESIAN_POINT('',(0.837186015311,128.0838398371));
#5701 = CARTESIAN_POINT('',(0.833242435091,128.81971879555));
#5702 = CARTESIAN_POINT('',(0.829216786201,129.5492888778));
#5703 = CARTESIAN_POINT('',(0.825108721364,130.27234462639));
#5704 = CARTESIAN_POINT('',(0.820917878732,130.98866662322));
#5705 = CARTESIAN_POINT('',(0.816643880104,131.69802151957));
#5706 = CARTESIAN_POINT('',(0.812286329145,132.40016206603));
#5707 = CARTESIAN_POINT('',(0.802271828807,133.96645566817));
#5708 = CARTESIAN_POINT('',(0.796566621092,134.82631945764));
#5709 = CARTESIAN_POINT('',(0.790728279346,135.67391395813));
#5710 = CARTESIAN_POINT('',(0.784755903036,136.50868971526));
#5711 = CARTESIAN_POINT('',(0.778648591304,137.33005245122));
#5712 = CARTESIAN_POINT('',(0.772405436051,138.13736314304));
#5713 = CARTESIAN_POINT('',(0.766025515024,138.92993810084));
#5714 = CARTESIAN_POINT('',(0.751078862826,140.71205933308));
#5715 = CARTESIAN_POINT('',(0.742418088092,141.69137553859));
#5716 = CARTESIAN_POINT('',(0.733524853285,142.64323009792));
#5717 = CARTESIAN_POINT('',(0.724398599175,143.56575105246));
#5718 = CARTESIAN_POINT('',(0.715038936808,144.45695654343));
#5719 = CARTESIAN_POINT('',(0.705445668446,145.31474888633));
#5720 = CARTESIAN_POINT('',(0.695618807372,146.13690822617));
#5721 = CARTESIAN_POINT('',(0.677601515654,147.54132766485));
#5722 = CARTESIAN_POINT('',(0.669497514695,148.13788130864));
#5723 = CARTESIAN_POINT('',(0.661250038688,148.70931107984));
#5724 = CARTESIAN_POINT('',(0.652862678949,149.25420836659));
#5725 = CARTESIAN_POINT('',(0.644339169252,149.77118977509));
#5726 = CARTESIAN_POINT('',(0.635683381982,150.25889533457));
#5727 = CARTESIAN_POINT('',(0.626899324288,150.71598670232));
#5728 = CARTESIAN_POINT('',(0.613262643702,151.36682069854));
#5729 = CARTESIAN_POINT('',(0.608499738734,151.58347222205));
#5730 = CARTESIAN_POINT('',(0.603703736503,151.79087390948));
#5731 = CARTESIAN_POINT('',(0.598875962212,151.98881017732));
#5732 = CARTESIAN_POINT('',(0.594017749699,152.1770757714));
#5733 = CARTESIAN_POINT('',(0.589130442033,152.35547565004));
#5734 = CARTESIAN_POINT('',(0.584215392121,152.52382486714));
#5735 = CARTESIAN_POINT('',(0.569173349981,153.0051637199));
#5736 = CARTESIAN_POINT('',(0.558959250599,153.28575882805));
#5737 = CARTESIAN_POINT('',(0.548649876059,153.52197715677));
#5738 = CARTESIAN_POINT('',(0.538263543075,153.71240856523));
#5739 = CARTESIAN_POINT('',(0.527818647746,153.85598513342));
#5740 = CARTESIAN_POINT('',(0.517333645474,153.95197867155));
#5741 = CARTESIAN_POINT('',(0.506827037222,154.));
#5742 = CARTESIAN_POINT('',(0.485807687028,154.));
#5743 = CARTESIAN_POINT('',(0.475301078777,153.95197867155));
#5744 = CARTESIAN_POINT('',(0.464816076505,153.85598513343));
#5745 = CARTESIAN_POINT('',(0.454371181177,153.71240856523));
#5746 = CARTESIAN_POINT('',(0.443984848192,153.52197715677));
#5747 = CARTESIAN_POINT('',(0.433675473652,153.28575882805));
#5748 = CARTESIAN_POINT('',(0.42346137427,153.0051637199));
#5749 = CARTESIAN_POINT('',(0.40841933213,152.52382486714));
#5750 = CARTESIAN_POINT('',(0.403504282218,152.35547565004));
#5751 = CARTESIAN_POINT('',(0.398616974552,152.1770757714));
#5752 = CARTESIAN_POINT('',(0.393758762039,151.98881017733));
#5753 = CARTESIAN_POINT('',(0.388930987748,151.79087390949));
#5754 = CARTESIAN_POINT('',(0.384134985517,151.58347222205));
#5755 = CARTESIAN_POINT('',(0.379372080549,151.36682069855));
#5756 = CARTESIAN_POINT('',(0.365622516974,150.7105991678));
#5757 = CARTESIAN_POINT('',(0.356728812463,150.24730920023));
#5758 = CARTESIAN_POINT('',(0.347966743975,149.75264436817));
#5759 = CARTESIAN_POINT('',(0.339340441617,149.22799374115));
#5760 = CARTESIAN_POINT('',(0.33085389396,148.6747684587));
#5761 = CARTESIAN_POINT('',(0.322510943874,148.09440363286));
#5762 = CARTESIAN_POINT('',(0.314315284375,147.48836025079));
#5763 = CARTESIAN_POINT('',(0.296123905971,146.06324495829));
#5764 = CARTESIAN_POINT('',(0.286215652178,145.22975469234));
#5765 = CARTESIAN_POINT('',(0.276545879038,144.36006970495));
#5766 = CARTESIAN_POINT('',(0.267114535922,143.45646800772));
#5767 = CARTESIAN_POINT('',(0.257921355522,142.52109933649));
#5768 = CARTESIAN_POINT('',(0.24896587506,141.55599184566));
#5769 = CARTESIAN_POINT('',(0.240247458796,140.56305835904));
#5770 = CARTESIAN_POINT('',(0.225040311742,138.73622903731));
#5771 = CARTESIAN_POINT('',(0.218462911571,137.91188832913));
#5772 = CARTESIAN_POINT('',(0.212032064982,137.071881623));
#5773 = CARTESIAN_POINT('',(0.205746742752,136.21695961328));
#5774 = CARTESIAN_POINT('',(0.199605934649,135.34782202297));
#5775 = CARTESIAN_POINT('',(0.193608641307,134.46511750877));
#5776 = CARTESIAN_POINT('',(0.187753866092,133.56944356594));
#5777 = CARTESIAN_POINT('',(0.177443764482,131.93069875725));
#5778 = CARTESIAN_POINT('',(0.172938519967,131.19200613539));
#5779 = CARTESIAN_POINT('',(0.168524409894,130.44556118704));
#5780 = CARTESIAN_POINT('',(0.164200995401,129.69164042812));
#5781 = CARTESIAN_POINT('',(0.159967860131,128.93050423585));
#5782 = CARTESIAN_POINT('',(0.155824608048,128.16239681346));
#5783 = CARTESIAN_POINT('',(0.151770861258,127.3875461549));
#5784 = CARTESIAN_POINT('',(0.134429026339,123.96965066867));
#5785 = CARTESIAN_POINT('',(0.122060584077,121.25757189813));
#5786 = CARTESIAN_POINT('',(0.110695605956,118.47930114413));
#5787 = CARTESIAN_POINT('',(0.100330647795,115.64284545137));
#5788 = CARTESIAN_POINT('',(9.096419029619E-02,112.75508793341));
#5789 = CARTESIAN_POINT('',(8.259673078059E-02,109.82199879675));
#5790 = CARTESIAN_POINT('',(7.523092267452E-02,106.84881491866));
#5791 = CARTESIAN_POINT('',(6.62441680898E-02,102.59702816119));
#5792 = CARTESIAN_POINT('',(6.378896824453E-02,101.34806661477));
#5793 = CARTESIAN_POINT('',(6.150667085671E-02,100.09376525619));
#5794 = CARTESIAN_POINT('',(5.939775773425E-02,98.834576753393));
#5795 = CARTESIAN_POINT('',(5.746268231931E-02,97.57094454282));
#5796 = CARTESIAN_POINT('',(5.570186715477E-02,96.303302846496));
#5797 = CARTESIAN_POINT('',(5.411570135061E-02,95.032076689159));
#5798 = CARTESIAN_POINT('',(5.108777260791E-02,92.297611751927));
#5799 = CARTESIAN_POINT('',(4.970074161591E-02,90.83340302365));
#5800 = CARTESIAN_POINT('',(4.854405283789E-02,89.365754363313));
#5801 = CARTESIAN_POINT('',(4.761819721288E-02,87.895359168313));
#5802 = CARTESIAN_POINT('',(4.692354743009E-02,86.422905640826));
#5803 = CARTESIAN_POINT('',(4.646035650352E-02,84.949076827954));
#5804 = CARTESIAN_POINT('',(4.622875634656E-02,83.474550661878));
#5805 = CARTESIAN_POINT('',(4.622875634656E-02,77.764166836742));
#5806 = CARTESIAN_POINT('',(4.813991840451E-02,73.531908568812));
#5807 = CARTESIAN_POINT('',(5.195663957596E-02,69.317183752049));
#5808 = CARTESIAN_POINT('',(5.767038579428E-02,65.134107479896));
#5809 = CARTESIAN_POINT('',(6.526898162528E-02,60.997422906931));
#5810 = CARTESIAN_POINT('',(7.473655466799E-02,56.922972113582));
#5811 = CARTESIAN_POINT('',(8.605413460192E-02,52.928166312045));
#5812 = CARTESIAN_POINT('',(0.100982882219,48.504412415525));
#5813 = CARTESIAN_POINT('',(0.10279873533,47.978109803386));
#5814 = CARTESIAN_POINT('',(0.104648463077,47.453587510874));
#5815 = CARTESIAN_POINT('',(0.106532067168,46.930886061627));
#5816 = CARTESIAN_POINT('',(0.108449554155,46.410046549026));
#5817 = CARTESIAN_POINT('',(0.110400935435,45.89111063619));
#5818 = CARTESIAN_POINT('',(0.112386227246,45.37412055598));
#5819 = CARTESIAN_POINT('',(0.116190631076,44.403810167494));
#5820 = CARTESIAN_POINT('',(0.118002333203,43.950055737372));
#5821 = CARTESIAN_POINT('',(0.119840571784,43.497885399685));
#5822 = CARTESIAN_POINT('',(0.121705364981,43.047329283307));
#5823 = CARTESIAN_POINT('',(0.123596734385,42.598418066932));
#5824 = CARTESIAN_POINT('',(0.125514705022,42.151182979075));
#5825 = CARTESIAN_POINT('',(0.127459305351,41.705655798073));
#5826 = CARTESIAN_POINT('',(0.132036431611,40.675214904427));
#5827 = CARTESIAN_POINT('',(0.134688872352,40.091605456852));
#5828 = CARTESIAN_POINT('',(0.137387975018,39.511112450809));
#5829 = CARTESIAN_POINT('',(0.140133831602,38.933811321122));
#5830 = CARTESIAN_POINT('',(0.142926540551,38.359780995992));
#5831 = CARTESIAN_POINT('',(0.145766206769,37.789103896995));
#5832 = CARTESIAN_POINT('',(0.148652941616,37.221865939084));
#5833 = CARTESIAN_POINT('',(0.15544870894,35.916160162902));
#5834 = CARTESIAN_POINT('',(0.159392289159,35.180281204455));
#5835 = CARTESIAN_POINT('',(0.16341793805,34.450711122196));
#5836 = CARTESIAN_POINT('',(0.167526002887,33.727655373611));
#5837 = CARTESIAN_POINT('',(0.171716845519,33.011333376777));
#5838 = CARTESIAN_POINT('',(0.175990844147,32.301978480419));
#5839 = CARTESIAN_POINT('',(0.180348395106,31.59983793396));
#5840 = CARTESIAN_POINT('',(0.190362895444,30.033544331831));
#5841 = CARTESIAN_POINT('',(0.196068103159,29.17368054236));
#5842 = CARTESIAN_POINT('',(0.201906444905,28.326086041869));
#5843 = CARTESIAN_POINT('',(0.207878821215,27.49131028474));
#5844 = CARTESIAN_POINT('',(0.213986132947,26.669947548778));
#5845 = CARTESIAN_POINT('',(0.2202292882,25.862636856954));
#5846 = CARTESIAN_POINT('',(0.226609209227,25.070061899153));
#5847 = CARTESIAN_POINT('',(0.241555861427,23.287940666734));
#5848 = CARTESIAN_POINT('',(0.250216636159,22.308624461365));
#5849 = CARTESIAN_POINT('',(0.259109870965,21.356769902186));
#5850 = CARTESIAN_POINT('',(0.268236125075,20.434248947679));
#5851 = CARTESIAN_POINT('',(0.277595787442,19.543043456623));
#5852 = CARTESIAN_POINT('',(0.287189055806,18.685251113583));
#5853 = CARTESIAN_POINT('',(0.29701591688,17.863091773681));
#5854 = CARTESIAN_POINT('',(0.315033208597,16.458672335141));
#5855 = CARTESIAN_POINT('',(0.323137209556,15.862118691351));
#5856 = CARTESIAN_POINT('',(0.331384685563,15.290688920156));
#5857 = CARTESIAN_POINT('',(0.339772045302,14.745791633402));
#5858 = CARTESIAN_POINT('',(0.348295554999,14.228810224904));
#5859 = CARTESIAN_POINT('',(0.356951342269,13.741104665426));
#5860 = CARTESIAN_POINT('',(0.365735399963,13.284013297671));
#5861 = CARTESIAN_POINT('',(0.379372080549,12.633179301451));
#5862 = CARTESIAN_POINT('',(0.384134985517,12.416527777943));
#5863 = CARTESIAN_POINT('',(0.388930987748,12.209126090509));
#5864 = CARTESIAN_POINT('',(0.393758762039,12.011189822672));
#5865 = CARTESIAN_POINT('',(0.398616974552,11.822924228594));
#5866 = CARTESIAN_POINT('',(0.403504282218,11.644524349958));
#5867 = CARTESIAN_POINT('',(0.40841933213,11.476175132853));
#5868 = CARTESIAN_POINT('',(0.423461374269,10.994836280097));
#5869 = CARTESIAN_POINT('',(0.433675473651,10.714241171947));
#5870 = CARTESIAN_POINT('',(0.443984848192,10.478022843224));
#5871 = CARTESIAN_POINT('',(0.454371181177,10.287591434767));
#5872 = CARTESIAN_POINT('',(0.464816076505,10.144014866571));
#5873 = CARTESIAN_POINT('',(0.475301078777,10.048021328443));
#5874 = CARTESIAN_POINT('',(0.485807687028,10.));
#5875 = CARTESIAN_POINT('',(0.506827037222,10.));
#5876 = CARTESIAN_POINT('',(0.517333645474,10.048021328441));
#5877 = CARTESIAN_POINT('',(0.527818647746,10.14401486657));
#5878 = CARTESIAN_POINT('',(0.538263543075,10.287591434769));
#5879 = CARTESIAN_POINT('',(0.548649876059,10.478022843226));
#5880 = CARTESIAN_POINT('',(0.558959250599,10.714241171946));
#5881 = CARTESIAN_POINT('',(0.569173349981,10.99483628009));
#5882 = CARTESIAN_POINT('',(0.584215392121,11.476175132851));
#5883 = CARTESIAN_POINT('',(0.589130442033,11.644524349957));
#5884 = CARTESIAN_POINT('',(0.594017749699,11.822924228593));
#5885 = CARTESIAN_POINT('',(0.598875962212,12.011189822671));
#5886 = CARTESIAN_POINT('',(0.603703736503,12.209126090508));
#5887 = CARTESIAN_POINT('',(0.608499738734,12.416527777942));
#5888 = CARTESIAN_POINT('',(0.613262643702,12.633179301449));
#5889 = CARTESIAN_POINT('',(0.627012207277,13.289400832183));
#5890 = CARTESIAN_POINT('',(0.635905911788,13.75269079976));
#5891 = CARTESIAN_POINT('',(0.644667980276,14.247355631834));
#5892 = CARTESIAN_POINT('',(0.653294282634,14.772006258854));
#5893 = CARTESIAN_POINT('',(0.661780830291,15.325231541305));
#5894 = CARTESIAN_POINT('',(0.670123780376,15.905596367135));
#5895 = CARTESIAN_POINT('',(0.678319439876,16.51163974919));
#5896 = CARTESIAN_POINT('',(0.69651081828,17.936755041719));
#5897 = CARTESIAN_POINT('',(0.706419072073,18.770245307661));
#5898 = CARTESIAN_POINT('',(0.716088845213,19.639930295049));
#5899 = CARTESIAN_POINT('',(0.725520188328,20.543531992268));
#5900 = CARTESIAN_POINT('',(0.734713368729,21.478900663502));
#5901 = CARTESIAN_POINT('',(0.743668849191,22.444008154336));
#5902 = CARTESIAN_POINT('',(0.752387265455,23.436941640969));
#5903 = CARTESIAN_POINT('',(0.767594412509,25.263770962685));
#5904 = CARTESIAN_POINT('',(0.77417181268,26.088111670869));
#5905 = CARTESIAN_POINT('',(0.780602659269,26.928118376993));
#5906 = CARTESIAN_POINT('',(0.786887981499,27.783040386721));
#5907 = CARTESIAN_POINT('',(0.793028789602,28.652177977023));
#5908 = CARTESIAN_POINT('',(0.799026082944,29.534882491226));
#5909 = CARTESIAN_POINT('',(0.804880858159,30.430556434059));
#5910 = CARTESIAN_POINT('',(0.815190959769,32.069301242744));
#5911 = CARTESIAN_POINT('',(0.819696204283,32.80799386461));
#5912 = CARTESIAN_POINT('',(0.824110314357,33.554438812959));
#5913 = CARTESIAN_POINT('',(0.82843372885,34.308359571875));
#5914 = CARTESIAN_POINT('',(0.83266686412,35.069495764142));
#5915 = CARTESIAN_POINT('',(0.836810116203,35.837603186534));
#5916 = CARTESIAN_POINT('',(0.840863862993,36.6124538451));
#5917 = CARTESIAN_POINT('',(0.858205697912,40.03034933134));
#5918 = CARTESIAN_POINT('',(0.870574140174,42.742428101865));
#5919 = CARTESIAN_POINT('',(0.881939118295,45.520698855855));
#5920 = CARTESIAN_POINT('',(0.892304076456,48.357154548622));
#5921 = CARTESIAN_POINT('',(0.901670533955,51.244912066598));
#5922 = CARTESIAN_POINT('',(0.91003799347,54.178001203261));
#5923 = CARTESIAN_POINT('',(0.917403801576,57.151185081323));
#5924 = CARTESIAN_POINT('',(0.929400362762,62.826962638518));
#5925 = CARTESIAN_POINT('',(0.934245260265,65.521307706203));
#5926 = CARTESIAN_POINT('',(0.938291525165,68.238004203862));
#5927 = CARTESIAN_POINT('',(0.941534081459,70.972431465685));
#5928 = CARTESIAN_POINT('',(0.943968989145,73.720140916902));
#5929 = CARTESIAN_POINT('',(0.945593483134,76.476805721295));
#5930 = CARTESIAN_POINT('',(0.946405967904,79.238170339773));
#5931 = CARTESIAN_POINT('',(0.946405967904,82.));
#5932 = ( GEOMETRIC_REPRESENTATION_CONTEXT(2) 
PARAMETRIC_REPRESENTATION_CONTEXT() REPRESENTATION_CONTEXT('2D SPACE',''
  ) );
#5933 = ORIENTED_EDGE('',*,*,#5934,.F.);
#5934 = EDGE_CURVE('',#5935,#5201,#5937,.T.);
#5935 = VERTEX_POINT('',#5936);
#5936 = CARTESIAN_POINT('',(112.94092448298,120.97354081344,
    337.7219768031));
#5937 = SURFACE_CURVE('',#5938,(#5995,#6055),.PCURVE_S1.);
#5938 = B_SPLINE_CURVE_WITH_KNOTS('',7,(#5939,#5940,#5941,#5942,#5943,
    #5944,#5945,#5946,#5947,#5948,#5949,#5950,#5951,#5952,#5953,#5954,
    #5955,#5956,#5957,#5958,#5959,#5960,#5961,#5962,#5963,#5964,#5965,
    #5966,#5967,#5968,#5969,#5970,#5971,#5972,#5973,#5974,#5975,#5976,
    #5977,#5978,#5979,#5980,#5981,#5982,#5983,#5984,#5985,#5986,#5987,
    #5988,#5989,#5990,#5991,#5992,#5993,#5994),.UNSPECIFIED.,.F.,.F.,(8,
    6,6,6,6,6,6,6,6,8),(0.,0.308429291796,0.409334631714,0.467938556706,
    0.499622886548,0.528837595216,0.574905447441,0.655710762496,
    0.844073680654,1.),.UNSPECIFIED.);
#5939 = CARTESIAN_POINT('',(118.60517478489,126.66465767039,
    335.13169792936));
#5940 = CARTESIAN_POINT('',(117.92870552587,126.10436925612,
    335.33273132086));
#5941 = CARTESIAN_POINT('',(117.28050266263,125.55047065749,
    335.54126569244));
#5942 = CARTESIAN_POINT('',(116.64375414748,124.98895199555,
    335.76213392483));
#5943 = CARTESIAN_POINT('',(116.00873431501,124.40863943274,
    336.00091209053));
#5944 = CARTESIAN_POINT('',(115.37676116283,123.80500041526,
    336.26215292018));
#5945 = CARTESIAN_POINT('',(114.76168427798,123.18149644811,
    336.54863780758));
#5946 = CARTESIAN_POINT('',(114.00946035059,122.34988725312,
    336.96095088667));
#5947 = CARTESIAN_POINT('',(113.83039629344,122.14588046431,
    337.06452200729));
#5948 = CARTESIAN_POINT('',(113.65467067777,121.9390295629,
    337.17212546552));
#5949 = CARTESIAN_POINT('',(113.48122167944,121.7268605659,337.285516437
    ));
#5950 = CARTESIAN_POINT('',(113.31117465437,121.50855249846,
    337.40594107235));
#5951 = CARTESIAN_POINT('',(113.14797164613,121.28512477531,
    337.53404041374));
#5952 = CARTESIAN_POINT('',(112.90996677752,120.92849742366,
    337.74868084482));
#5953 = CARTESIAN_POINT('',(112.82950371605,120.80080994043,
    337.82768048235));
#5954 = CARTESIAN_POINT('',(112.75230770257,120.67055818752,
    337.9104843219));
#5955 = CARTESIAN_POINT('',(112.67754136532,120.53414503994,
    337.99997598502));
#5956 = CARTESIAN_POINT('',(112.60747527341,120.39081721999,
    338.09788873038));
#5957 = CARTESIAN_POINT('',(112.54752674972,120.24273478239,
    338.20477558355));
#5958 = CARTESIAN_POINT('',(112.48373244397,120.01472487724,
    338.38262745947));
#5959 = CARTESIAN_POINT('',(112.46608236161,119.93229720759,
    338.44944209063));
#5960 = CARTESIAN_POINT('',(112.45447379672,119.84597640543,
    338.52262286417));
#5961 = CARTESIAN_POINT('',(112.45222733785,119.75641586879,
    338.60314010184));
#5962 = CARTESIAN_POINT('',(112.46470292753,119.6663099674,
    338.69107571851));
#5963 = CARTESIAN_POINT('',(112.49930065428,119.58035565799,
    338.78568843402));
#5964 = CARTESIAN_POINT('',(112.62642209537,119.43603260865,
    338.97741434833));
#5965 = CARTESIAN_POINT('',(112.70240761384,119.38944755729,
    339.05594125632));
#5966 = CARTESIAN_POINT('',(112.78617171716,119.35969778836,
    339.12293015768));
#5967 = CARTESIAN_POINT('',(112.87244961392,119.34205805227,
    339.18017761607));
#5968 = CARTESIAN_POINT('',(112.95792460132,119.33291569113,
    339.229375208));
#5969 = CARTESIAN_POINT('',(113.04126136111,119.32976534422,
    339.27215204208));
#5970 = CARTESIAN_POINT('',(113.25236407235,119.33339878198,
    339.37006999474));
#5971 = CARTESIAN_POINT('',(113.38351704091,119.34705695039,
    339.42065428586));
#5972 = CARTESIAN_POINT('',(113.51278718883,119.36818290332,
    339.46365699728));
#5973 = CARTESIAN_POINT('',(113.63825394677,119.39402250306,
    339.50063754165));
#5974 = CARTESIAN_POINT('',(113.76012060365,119.42307234302,
    339.53304084808));
#5975 = CARTESIAN_POINT('',(113.88067247241,119.45507904952,
    339.56219111956));
#5976 = CARTESIAN_POINT('',(114.220333538,119.55400709237,
    339.63657472963));
#5977 = CARTESIAN_POINT('',(114.43697191013,119.62665745782,
    339.67555483471));
#5978 = CARTESIAN_POINT('',(114.65073015892,119.7054595489,
    339.7077493505));
#5979 = CARTESIAN_POINT('',(114.86020817699,119.78814125005,
    339.73451133133));
#5980 = CARTESIAN_POINT('',(115.06582122384,119.87367333384,
    339.75694987427));
#5981 = CARTESIAN_POINT('',(115.26970638228,119.96224346524,
    339.77591965911));
#5982 = CARTESIAN_POINT('',(115.95524918965,120.27182410235,
    339.82944421925));
#5983 = CARTESIAN_POINT('',(116.43761896426,120.508681246,339.8505260248
    ));
#5984 = CARTESIAN_POINT('',(116.91399929965,120.75674627148,
    339.85909822653));
#5985 = CARTESIAN_POINT('',(117.38070747585,121.01066172034,
    339.85808222046));
#5986 = CARTESIAN_POINT('',(117.83855882246,121.2685509069,
    339.8494723112));
#5987 = CARTESIAN_POINT('',(118.29227320101,121.53173958551,
    339.83432584597));
#5988 = CARTESIAN_POINT('',(119.12840444647,122.03004715058,
    339.79484770396));
#5989 = CARTESIAN_POINT('',(119.50537046055,122.25964834598,
    339.77274866724));
#5990 = CARTESIAN_POINT('',(119.88008696469,122.49233653355,
    339.74688802111));
#5991 = CARTESIAN_POINT('',(120.25240120241,122.72760277174,
    339.71762143794));
#5992 = CARTESIAN_POINT('',(120.62249172119,122.96523054311,
    339.68520553355));
#5993 = CARTESIAN_POINT('',(120.99081522182,123.20526311837,
    339.64980117601));
#5994 = CARTESIAN_POINT('',(121.35805340769,123.44797092032,
    339.6114767945));
#5995 = PCURVE('',#1026,#5996);
#5996 = DEFINITIONAL_REPRESENTATION('',(#5997),#6054);
#5997 = B_SPLINE_CURVE_WITH_KNOTS('',7,(#5998,#5999,#6000,#6001,#6002,
    #6003,#6004,#6005,#6006,#6007,#6008,#6009,#6010,#6011,#6012,#6013,
    #6014,#6015,#6016,#6017,#6018,#6019,#6020,#6021,#6022,#6023,#6024,
    #6025,#6026,#6027,#6028,#6029,#6030,#6031,#6032,#6033,#6034,#6035,
    #6036,#6037,#6038,#6039,#6040,#6041,#6042,#6043,#6044,#6045,#6046,
    #6047,#6048,#6049,#6050,#6051,#6052,#6053),.UNSPECIFIED.,.F.,.F.,(8,
    6,6,6,6,6,6,6,6,8),(0.,0.308429291796,0.409334631714,0.467938556706,
    0.499622886548,0.528837595216,0.574905447441,0.655710762496,
    0.844073680654,1.),.UNSPECIFIED.);
#5998 = CARTESIAN_POINT('',(0.703565244163,164.61103396745));
#5999 = CARTESIAN_POINT('',(0.707226859905,163.74938202278));
#6000 = CARTESIAN_POINT('',(0.711038374608,162.9156286812));
#6001 = CARTESIAN_POINT('',(0.71508980958,162.08831902837));
#6002 = CARTESIAN_POINT('',(0.719487013552,161.25358000359));
#6003 = CARTESIAN_POINT('',(0.72431982642,160.41041221685));
#6004 = CARTESIAN_POINT('',(0.72965005199,159.57264253079));
#6005 = CARTESIAN_POINT('',(0.737372838445,158.51517594081));
#6006 = CARTESIAN_POINT('',(0.739316591044,158.26057127651));
#6007 = CARTESIAN_POINT('',(0.741340002671,158.00754790521));
#6008 = CARTESIAN_POINT('',(0.743476723069,157.75399403304));
#6009 = CARTESIAN_POINT('',(0.745751328949,157.50050829251));
#6010 = CARTESIAN_POINT('',(0.74817737908,157.25060285322));
#6011 = CARTESIAN_POINT('',(0.752254550084,156.8714925901));
#6012 = CARTESIAN_POINT('',(0.753757618234,156.73993446456));
#6013 = CARTESIAN_POINT('',(0.755335429227,156.61002811126));
#6014 = CARTESIAN_POINT('',(0.757043464795,156.47932427722));
#6015 = CARTESIAN_POINT('',(0.758915858082,156.34946086595));
#6016 = CARTESIAN_POINT('',(0.76096469535,156.2262301553));
#6017 = CARTESIAN_POINT('',(0.764382950059,156.06155698751));
#6018 = CARTESIAN_POINT('',(0.765668710359,156.00678525475));
#6019 = CARTESIAN_POINT('',(0.767078853755,155.95547221037));
#6020 = CARTESIAN_POINT('',(0.768632787254,155.91084892979));
#6021 = CARTESIAN_POINT('',(0.770333100821,155.87891166965));
#6022 = CARTESIAN_POINT('',(0.77216655021,155.86840428581));
#6023 = CARTESIAN_POINT('',(0.775890581691,155.91146226652));
#6024 = CARTESIAN_POINT('',(0.777419507043,155.95609617849));
#6025 = CARTESIAN_POINT('',(0.778726081871,156.01558692922));
#6026 = CARTESIAN_POINT('',(0.779844148201,156.0830548468));
#6027 = CARTESIAN_POINT('',(0.780806011865,156.15386310134));
#6028 = CARTESIAN_POINT('',(0.781643067484,156.22564446232));
#6029 = CARTESIAN_POINT('',(0.783560592811,156.41300618438));
#6030 = CARTESIAN_POINT('',(0.784552780014,156.53483840847));
#6031 = CARTESIAN_POINT('',(0.785397212027,156.65857107686));
#6032 = CARTESIAN_POINT('',(0.786124007369,156.78120385782));
#6033 = CARTESIAN_POINT('',(0.786761290537,156.90219960396));
#6034 = CARTESIAN_POINT('',(0.787334942447,157.02344723317));
#6035 = CARTESIAN_POINT('',(0.788799594628,157.36923411931));
#6036 = CARTESIAN_POINT('',(0.789568152928,157.59432878503));
#6037 = CARTESIAN_POINT('',(0.790203476884,157.81982023003));
#6038 = CARTESIAN_POINT('',(0.790731927785,158.04339532108));
#6039 = CARTESIAN_POINT('',(0.791175227662,158.26492910508));
#6040 = CARTESIAN_POINT('',(0.791550143808,158.48639017328));
#6041 = CARTESIAN_POINT('',(0.792608333679,159.23663621574));
#6042 = CARTESIAN_POINT('',(0.79302576771,159.7735934102));
#6043 = CARTESIAN_POINT('',(0.793195537515,160.31062092484));
#6044 = CARTESIAN_POINT('',(0.793175378449,160.84192921804));
#6045 = CARTESIAN_POINT('',(0.793004898373,161.36734158365));
#6046 = CARTESIAN_POINT('',(0.792705106996,161.89163970648));
#6047 = CARTESIAN_POINT('',(0.791924292807,162.86417447671));
#6048 = CARTESIAN_POINT('',(0.791487356079,163.30499048722));
#6049 = CARTESIAN_POINT('',(0.790976297652,163.7452984056));
#6050 = CARTESIAN_POINT('',(0.790398292262,164.18472155316));
#6051 = CARTESIAN_POINT('',(0.789758565598,164.62331383002));
#6052 = CARTESIAN_POINT('',(0.789060459953,165.06149743743));
#6053 = CARTESIAN_POINT('',(0.788305499897,165.5000006));
#6054 = ( GEOMETRIC_REPRESENTATION_CONTEXT(2) 
PARAMETRIC_REPRESENTATION_CONTEXT() REPRESENTATION_CONTEXT('2D SPACE',''
  ) );
#6055 = PCURVE('',#2157,#6056);
#6056 = DEFINITIONAL_REPRESENTATION('',(#6057),#6114);
#6057 = B_SPLINE_CURVE_WITH_KNOTS('',7,(#6058,#6059,#6060,#6061,#6062,
    #6063,#6064,#6065,#6066,#6067,#6068,#6069,#6070,#6071,#6072,#6073,
    #6074,#6075,#6076,#6077,#6078,#6079,#6080,#6081,#6082,#6083,#6084,
    #6085,#6086,#6087,#6088,#6089,#6090,#6091,#6092,#6093,#6094,#6095,
    #6096,#6097,#6098,#6099,#6100,#6101,#6102,#6103,#6104,#6105,#6106,
    #6107,#6108,#6109,#6110,#6111,#6112,#6113),.UNSPECIFIED.,.F.,.F.,(8,
    6,6,6,6,6,6,6,6,8),(0.,0.308429291796,0.409334631714,0.467938556706,
    0.499622886548,0.528837595216,0.574905447441,0.655710762496,
    0.844073680654,1.),.UNSPECIFIED.);
#6058 = CARTESIAN_POINT('',(2.696667323937,31.7000006));
#6059 = CARTESIAN_POINT('',(2.764157154009,30.826876566569));
#6060 = CARTESIAN_POINT('',(2.831631331925,29.9780125998));
#6061 = CARTESIAN_POINT('',(2.901216853806,29.131648056852));
#6062 = CARTESIAN_POINT('',(2.974837259817,28.272990515329));
#6063 = CARTESIAN_POINT('',(3.054085086482,27.399702352741));
#6064 = CARTESIAN_POINT('',(3.140302112205,26.523907672895));
#6065 = CARTESIAN_POINT('',(3.265790833926,25.403226019002));
#6066 = CARTESIAN_POINT('',(3.297417536601,25.132110769745));
#6067 = CARTESIAN_POINT('',(3.33043223561,24.861276470137));
#6068 = CARTESIAN_POINT('',(3.365451091832,24.588207576693));
#6069 = CARTESIAN_POINT('',(3.402982748238,24.313097712425));
#6070 = CARTESIAN_POINT('',(3.443436661442,24.039074355355));
#6071 = CARTESIAN_POINT('',(3.512566095286,23.617342317365));
#6072 = CARTESIAN_POINT('',(3.538280482963,23.469652138393));
#6073 = CARTESIAN_POINT('',(3.56553018312,23.322394181389));
#6074 = CARTESIAN_POINT('',(3.595362825087,23.172402569651));
#6075 = CARTESIAN_POINT('',(3.628557039135,23.020716530648));
#6076 = CARTESIAN_POINT('',(3.665648008186,22.87265730489));
#6077 = CARTESIAN_POINT('',(3.72947925932,22.664525153661));
#6078 = CARTESIAN_POINT('',(3.753830614778,22.593049958574));
#6079 = CARTESIAN_POINT('',(3.780973188682,22.522983561269));
#6080 = CARTESIAN_POINT('',(3.811502351233,22.45710607595));
#6081 = CARTESIAN_POINT('',(3.845828424005,22.401082506012));
#6082 = CARTESIAN_POINT('',(3.884242800786,22.363435730813));
#6083 = CARTESIAN_POINT('',(3.96640685784,22.348264140998));
#6084 = CARTESIAN_POINT('',(4.001872149179,22.36769182161));
#6085 = CARTESIAN_POINT('',(4.033651156577,22.404622413364));
#6086 = CARTESIAN_POINT('',(4.062034450378,22.45199874131));
#6087 = CARTESIAN_POINT('',(4.08739174794,22.504918328438));
#6088 = CARTESIAN_POINT('',(4.1102211169,22.560652765368));
#6089 = CARTESIAN_POINT('',(4.164266424119,22.710175114649));
#6090 = CARTESIAN_POINT('',(4.19412876452,22.811256708133));
#6091 = CARTESIAN_POINT('',(4.221129679771,22.91639065918));
#6092 = CARTESIAN_POINT('',(4.24567345111,23.022262614733));
#6093 = CARTESIAN_POINT('',(4.268296886885,23.127934442364));
#6094 = CARTESIAN_POINT('',(4.289683083442,23.234814615116));
#6095 = CARTESIAN_POINT('',(4.347323417379,23.542236628662));
#6096 = CARTESIAN_POINT('',(4.381229883256,23.745173002652));
#6097 = CARTESIAN_POINT('',(4.412641867942,23.950522607355));
#6098 = CARTESIAN_POINT('',(4.441906551555,24.155679439667));
#6099 = CARTESIAN_POINT('',(4.469444395483,24.360193395959));
#6100 = CARTESIAN_POINT('',(4.495757282604,24.565686504361));
#6101 = CARTESIAN_POINT('',(4.5812036667,25.265089949685));
#6102 = CARTESIAN_POINT('',(4.636433839615,25.770875468961));
#6103 = CARTESIAN_POINT('',(4.687690941784,26.280541210485));
#6104 = CARTESIAN_POINT('',(4.735581654839,26.787677019624));
#6105 = CARTESIAN_POINT('',(4.780815586434,27.291502648149));
#6106 = CARTESIAN_POINT('',(4.824236115651,27.796254833408));
#6107 = CARTESIAN_POINT('',(4.902023347642,28.735983846762));
#6108 = CARTESIAN_POINT('',(4.936264187869,29.163204955847));
#6109 = CARTESIAN_POINT('',(4.969624497869,29.591077350838));
#6110 = CARTESIAN_POINT('',(5.002214825155,30.01912924914));
#6111 = CARTESIAN_POINT('',(5.0341495576,30.447329425504));
#6112 = CARTESIAN_POINT('',(5.065548168891,30.876026785779));
#6113 = CARTESIAN_POINT('',(5.096536463995,31.30588994067));
#6114 = ( GEOMETRIC_REPRESENTATION_CONTEXT(2) 
PARAMETRIC_REPRESENTATION_CONTEXT() REPRESENTATION_CONTEXT('2D SPACE',''
  ) );
#6115 = ORIENTED_EDGE('',*,*,#6116,.F.);
#6116 = EDGE_CURVE('',#2425,#5935,#6117,.T.);
#6117 = SURFACE_CURVE('',#6118,(#6359,#6603),.PCURVE_S1.);
#6118 = B_SPLINE_CURVE_WITH_KNOTS('',8,(#6119,#6120,#6121,#6122,#6123,
    #6124,#6125,#6126,#6127,#6128,#6129,#6130,#6131,#6132,#6133,#6134,
    #6135,#6136,#6137,#6138,#6139,#6140,#6141,#6142,#6143,#6144,#6145,
    #6146,#6147,#6148,#6149,#6150,#6151,#6152,#6153,#6154,#6155,#6156,
    #6157,#6158,#6159,#6160,#6161,#6162,#6163,#6164,#6165,#6166,#6167,
    #6168,#6169,#6170,#6171,#6172,#6173,#6174,#6175,#6176,#6177,#6178,
    #6179,#6180,#6181,#6182,#6183,#6184,#6185,#6186,#6187,#6188,#6189,
    #6190,#6191,#6192,#6193,#6194,#6195,#6196,#6197,#6198,#6199,#6200,
    #6201,#6202,#6203,#6204,#6205,#6206,#6207,#6208,#6209,#6210,#6211,
    #6212,#6213,#6214,#6215,#6216,#6217,#6218,#6219,#6220,#6221,#6222,
    #6223,#6224,#6225,#6226,#6227,#6228,#6229,#6230,#6231,#6232,#6233,
    #6234,#6235,#6236,#6237,#6238,#6239,#6240,#6241,#6242,#6243,#6244,
    #6245,#6246,#6247,#6248,#6249,#6250,#6251,#6252,#6253,#6254,#6255,
    #6256,#6257,#6258,#6259,#6260,#6261,#6262,#6263,#6264,#6265,#6266,
    #6267,#6268,#6269,#6270,#6271,#6272,#6273,#6274,#6275,#6276,#6277,
    #6278,#6279,#6280,#6281,#6282,#6283,#6284,#6285,#6286,#6287,#6288,
    #6289,#6290,#6291,#6292,#6293,#6294,#6295,#6296,#6297,#6298,#6299,
    #6300,#6301,#6302,#6303,#6304,#6305,#6306,#6307,#6308,#6309,#6310,
    #6311,#6312,#6313,#6314,#6315,#6316,#6317,#6318,#6319,#6320,#6321,
    #6322,#6323,#6324,#6325,#6326,#6327,#6328,#6329,#6330,#6331,#6332,
    #6333,#6334,#6335,#6336,#6337,#6338,#6339,#6340,#6341,#6342,#6343,
    #6344,#6345,#6346,#6347,#6348,#6349,#6350,#6351,#6352,#6353,#6354,
    #6355,#6356,#6357,#6358),.UNSPECIFIED.,.T.,.F.,(9,7,7,7,7,7,7,7,7,7,
    7,7,7,7,7,7,7,7,7,7,7,7,7,7,7,7,7,7,7,7,7,7,7,7,9),(0.,
    0.120742944241,0.138579579596,0.16096003416,0.189903889862,
    0.212796909273,0.224948583728,0.249787424781,0.274626265835,
    0.28677794029,0.309961055946,0.339200780029,0.362383315365,
    0.381035797528,0.443972375174,0.469977667938,0.499771851686,
    0.585359410561,0.596960350775,0.607216655653,0.620774742026,
    0.63862090654,0.66101331778,0.689972636639,0.712877886572,
    0.72503605302,0.749888164143,0.774740275267,0.786898441714,
    0.810093942873,0.839349288181,0.86254420871,0.8812066559,
    0.944176857204,1.),.UNSPECIFIED.);
#6119 = CARTESIAN_POINT('',(96.751758068562,134.27340507577,
    288.55198651616));
#6120 = CARTESIAN_POINT('',(96.751758068562,134.27340507577,
    294.54743189915));
#6121 = CARTESIAN_POINT('',(97.265867146296,133.90296005206,
    300.52525276705));
#6122 = CARTESIAN_POINT('',(98.28879094871,133.16588231672,
    306.45146543031));
#6123 = CARTESIAN_POINT('',(99.808505993995,132.05409942165,
    312.29151678958));
#6124 = CARTESIAN_POINT('',(101.80547115832,130.54903152136,
    318.00677568146));
#6125 = CARTESIAN_POINT('',(104.25192664468,128.62259069828,
    323.55176617661));
#6126 = CARTESIAN_POINT('',(107.11113991495,126.23855490954,
    328.87097537943));
#6127 = CARTESIAN_POINT('',(110.81227488278,122.92802052222,
    334.63582635326));
#6128 = CARTESIAN_POINT('',(111.29685115183,122.49079955162,
    335.37170531171));
#6129 = CARTESIAN_POINT('',(111.78952016818,122.04227490013,
    336.10127539397));
#6130 = CARTESIAN_POINT('',(112.29016775063,121.58225834561,
    336.82433114255));
#6131 = CARTESIAN_POINT('',(112.79867429059,121.11055625737,
    337.54065313938));
#6132 = CARTESIAN_POINT('',(113.31491460604,120.62696944091,
    338.25000803574));
#6133 = CARTESIAN_POINT('',(113.83875779542,120.13129298263,
    338.9521485822));
#6134 = CARTESIAN_POINT('',(115.03672553497,118.985933907,
    340.51844218433));
#6135 = CARTESIAN_POINT('',(115.71514186762,118.32918288473,
    341.3783059738));
#6136 = CARTESIAN_POINT('',(116.40505583871,117.65263686175,
    342.22590047429));
#6137 = CARTESIAN_POINT('',(117.10618565563,116.95586110628,
    343.06067623142));
#6138 = CARTESIAN_POINT('',(117.8182276433,116.23841204824,
    343.88203896738));
#6139 = CARTESIAN_POINT('',(118.54085590356,115.4998370066,
    344.68934965921));
#6140 = CARTESIAN_POINT('',(119.27372197449,114.73967391683,
    345.48192461701));
#6141 = CARTESIAN_POINT('',(120.97700436091,112.94582971345,
    347.26404584924));
#6142 = CARTESIAN_POINT('',(121.95421906223,111.89714109712,
    348.24336205475));
#6143 = CARTESIAN_POINT('',(122.94713740015,110.81051939541,
    349.19521661408));
#6144 = CARTESIAN_POINT('',(123.95471816351,109.68510463908,
    350.11773756863));
#6145 = CARTESIAN_POINT('',(124.97583604285,108.52005016248,
    351.0089430596));
#6146 = CARTESIAN_POINT('',(126.00927865697,107.31453086261,
    351.8667354025));
#6147 = CARTESIAN_POINT('',(127.05374468687,106.06775225829,
    352.68889474233));
#6148 = CARTESIAN_POINT('',(128.94157778142,103.75959587745,
    354.09331418102));
#6149 = CARTESIAN_POINT('',(129.78143660765,102.71382804087,
    354.68986782481));
#6150 = CARTESIAN_POINT('',(130.62637934224,101.64170633477,
    355.261297596));
#6151 = CARTESIAN_POINT('',(131.47534579056,100.54332136511,
    355.80619488276));
#6152 = CARTESIAN_POINT('',(132.32726011956,99.418807302446,
    356.32317629126));
#6153 = CARTESIAN_POINT('',(133.18103516055,98.268344335649,
    356.81088185073));
#6154 = CARTESIAN_POINT('',(134.03557671201,97.092161125655,
    357.26797321849));
#6155 = CARTESIAN_POINT('',(135.3432053398,95.252712174573,
    357.91880721471));
#6156 = CARTESIAN_POINT('',(135.7964760555,94.607794675026,
    358.13545873822));
#6157 = CARTESIAN_POINT('',(136.24937043771,93.955921734336,
    358.34286042565));
#6158 = CARTESIAN_POINT('',(136.70166186247,93.297236065828,
    358.54079669349));
#6159 = CARTESIAN_POINT('',(137.15312688601,92.631886261694,
    358.72906228757));
#6160 = CARTESIAN_POINT('',(137.60354549727,91.960026932332,
    358.9074621662));
#6161 = CARTESIAN_POINT('',(138.05270137032,91.281818845688,
    359.07581138331));
#6162 = CARTESIAN_POINT('',(139.41547171608,89.19849026153,
    359.55715023607));
#6163 = CARTESIAN_POINT('',(140.32469411566,87.773270227387,
    359.83774534421));
#6164 = CARTESIAN_POINT('',(141.22562221415,86.324093158087,
    360.07396367293));
#6165 = CARTESIAN_POINT('',(142.11596229997,84.853421128135,
    360.26439508139));
#6166 = CARTESIAN_POINT('',(142.99357174558,83.363849259682,
    360.40797164959));
#6167 = CARTESIAN_POINT('',(143.85647310528,81.858098880361,
    360.50396518772));
#6168 = CARTESIAN_POINT('',(144.70286461681,80.339008671903,
    360.55198651616));
#6169 = CARTESIAN_POINT('',(146.35938959638,77.280038947134,
    360.55198651616));
#6170 = CARTESIAN_POINT('',(147.16903964545,75.741052121257,
    360.50396518772));
#6171 = CARTESIAN_POINT('',(147.95849561616,74.195528833949,
    360.40797164959));
#6172 = CARTESIAN_POINT('',(148.72636483791,72.646529302463,
    360.26439508139));
#6173 = CARTESIAN_POINT('',(149.47144892885,71.097196741142,
    360.07396367294));
#6174 = CARTESIAN_POINT('',(150.19274546972,69.550743729552,
    359.83774534422));
#6175 = CARTESIAN_POINT('',(150.88944602966,68.010436666841,
    359.55715023607));
#6176 = CARTESIAN_POINT('',(151.88943464805,65.730650762895,
    359.07581138331));
#6177 = CARTESIAN_POINT('',(152.21195564298,64.983866044975,
    358.90746216621));
#6178 = CARTESIAN_POINT('',(152.52846968445,64.239493325586,
    358.72906228757));
#6179 = CARTESIAN_POINT('',(152.83896035326,63.49780162823,
    358.54079669349));
#6180 = CARTESIAN_POINT('',(153.14341840084,62.759059697604,
    358.34286042565));
#6181 = CARTESIAN_POINT('',(153.4418414946,62.023535864306,
    358.13545873822));
#6182 = CARTESIAN_POINT('',(153.73423396325,61.291497909547,
    357.91880721471));
#6183 = CARTESIAN_POINT('',(154.56695170978,59.173781787937,
    357.26258568397));
#6184 = CARTESIAN_POINT('',(155.09125830593,57.798335218051,
    356.7992957164));
#6185 = CARTESIAN_POINT('',(155.59390790571,56.437981466013,
    356.30463088433));
#6186 = CARTESIAN_POINT('',(156.07532507335,55.093797018269,
    355.77998025732));
#6187 = CARTESIAN_POINT('',(156.53597268778,53.766824208628,
    355.22675497486));
#6188 = CARTESIAN_POINT('',(156.97634726837,52.458068824998,
    354.64639014902));
#6189 = CARTESIAN_POINT('',(157.39697430054,51.168497716114,
    354.04034676696));
#6190 = CARTESIAN_POINT('',(158.30470655363,48.297927245462,
    352.61523147445));
#6191 = CARTESIAN_POINT('',(158.78055231678,46.728549489318,
    351.78174120851));
#6192 = CARTESIAN_POINT('',(159.22737829957,45.19166628957,
    350.91205622111));
#6193 = CARTESIAN_POINT('',(159.64660519594,43.687939846458,
    350.00845452388));
#6194 = CARTESIAN_POINT('',(160.03962880107,42.217937860666,
    349.07308585265));
#6195 = CARTESIAN_POINT('',(160.40781322153,40.782140511325,
    348.10797836183));
#6196 = CARTESIAN_POINT('',(160.75248543974,39.380947952066,
    347.1150448752));
#6197 = CARTESIAN_POINT('',(161.33058039531,36.931457786089,
    345.28821555348));
#6198 = CARTESIAN_POINT('',(161.57229281287,35.87003868742,
    344.46387484529));
#6199 = CARTESIAN_POINT('',(161.80073056064,34.830486370296,
    343.62386813917));
#6200 = CARTESIAN_POINT('',(162.01653184342,33.812840798429,
    342.76894612944));
#6201 = CARTESIAN_POINT('',(162.22031151843,32.817126729411,
    341.89980853914));
#6202 = CARTESIAN_POINT('',(162.41266161832,31.84335388606,
    341.01710402494));
#6203 = CARTESIAN_POINT('',(162.5941518743,30.891517127757,
    340.1214300821));
#6204 = CARTESIAN_POINT('',(162.90305897987,29.213390034429,
    338.48268527342));
#6205 = CARTESIAN_POINT('',(163.03411257651,28.479368869118,
    337.74399265155));
#6206 = CARTESIAN_POINT('',(163.15877459774,27.759532203999,
    336.9975477032));
#6207 = CARTESIAN_POINT('',(163.27731896437,27.053877368448,
    336.24362694429));
#6208 = CARTESIAN_POINT('',(163.39001021046,26.362399987531,
    335.48249075202));
#6209 = CARTESIAN_POINT('',(163.4971037444,25.685094026459,
    334.71438332963));
#6210 = CARTESIAN_POINT('',(163.59884610997,25.021951835046,
    333.93953267106));
#6211 = CARTESIAN_POINT('',(164.02151803147,22.183171926352,
    330.52163718483));
#6212 = CARTESIAN_POINT('',(164.28949527628,20.153529406052,
    327.8095584143));
#6213 = CARTESIAN_POINT('',(164.50828507867,18.285077035017,
    325.0312876603));
#6214 = CARTESIAN_POINT('',(164.6857784372,16.578638590358,
    322.19483196754));
#6215 = CARTESIAN_POINT('',(164.8289134334,15.034961380005,
    319.30707444958));
#6216 = CARTESIAN_POINT('',(164.94369770964,13.654838593891,
    316.37398531291));
#6217 = CARTESIAN_POINT('',(165.03521924368,12.439213848854,
    313.40080143482));
#6218 = CARTESIAN_POINT('',(165.13757179944,10.955431959404,
    309.14901467735));
#6219 = CARTESIAN_POINT('',(165.16423191997,10.549969847846,
    307.90005313094));
#6220 = CARTESIAN_POINT('',(165.1879188933,10.172990539345,
    306.64575177235));
#6221 = CARTESIAN_POINT('',(165.20890017162,9.824594525215,
    305.38656326955));
#6222 = CARTESIAN_POINT('',(165.22741707573,9.50487394994,
    304.12293105898));
#6223 = CARTESIAN_POINT('',(165.2436843233,9.2139127198,302.85528936266)
  );
#6224 = CARTESIAN_POINT('',(165.25788955723,8.951786611478,
    301.58406320532));
#6225 = CARTESIAN_POINT('',(165.28428874588,8.451360244163,
    298.84959826809));
#6226 = CARTESIAN_POINT('',(165.29588786849,8.222099374582,
    297.38538953981));
#6227 = CARTESIAN_POINT('',(165.30523067006,8.030895058153,
    295.91774087947));
#6228 = CARTESIAN_POINT('',(165.31251043467,7.877838792373,
    294.44734568447));
#6229 = CARTESIAN_POINT('',(165.31787280002,7.762999424951,
    292.97489215699));
#6230 = CARTESIAN_POINT('',(165.32141525549,7.68642329274,
    291.50106334412));
#6231 = CARTESIAN_POINT('',(165.32318663999,7.648134360668,
    290.02653717804));
#6232 = CARTESIAN_POINT('',(165.32318663999,7.648134360668,
    284.3161533529));
#6233 = CARTESIAN_POINT('',(165.30856951898,7.964094639871,
    280.08389508497));
#6234 = CARTESIAN_POINT('',(165.27937923872,8.595084947189,
    275.86917026821));
#6235 = CARTESIAN_POINT('',(165.23229869714,9.539544303847,
    271.68609399606));
#6236 = CARTESIAN_POINT('',(165.16070494617,10.795146933107,
    267.54940942309));
#6237 = CARTESIAN_POINT('',(165.05480129869,12.358652716329,
    263.47495862974));
#6238 = CARTESIAN_POINT('',(164.90182632469,14.225742175369,
    259.48015282821));
#6239 = CARTESIAN_POINT('',(164.65713167108,16.68430297733,
    255.05639893169));
#6240 = CARTESIAN_POINT('',(164.6267706499,16.983289674622,
    254.53009631955));
#6241 = CARTESIAN_POINT('',(164.59521712218,17.287790221463,
    254.00557402703));
#6242 = CARTESIAN_POINT('',(164.56243040816,17.597799190644,
    253.48287257779));
#6243 = CARTESIAN_POINT('',(164.52836869909,17.913311579472,
    252.96203306519));
#6244 = CARTESIAN_POINT('',(164.49298905728,18.234322809765,
    252.44309715235));
#6245 = CARTESIAN_POINT('',(164.45624741612,18.560828727856,
    251.92610707214));
#6246 = CARTESIAN_POINT('',(164.38437147805,19.186341571713,
    250.95579668365));
#6247 = CARTESIAN_POINT('',(164.34954446213,19.484149366457,
    250.50204225353));
#6248 = CARTESIAN_POINT('',(164.31358630037,19.786246434703,
    250.04987191585));
#6249 = CARTESIAN_POINT('',(164.27646502489,20.092630504392,
    249.59931579947));
#6250 = CARTESIAN_POINT('',(164.23814793189,20.403299585527,
    249.15040458309));
#6251 = CARTESIAN_POINT('',(164.19860158157,20.718251970174,
    248.70316949524));
#6252 = CARTESIAN_POINT('',(164.15779179821,21.03748623246,
    248.25764231423));
#6253 = CARTESIAN_POINT('',(164.06001979854,21.788664437941,
    247.22720142059));
#6254 = CARTESIAN_POINT('',(164.00208733635,22.223805724168,
    246.64359197301));
#6255 = CARTESIAN_POINT('',(163.94180542658,22.666424458272,
    246.06309896697));
#6256 = CARTESIAN_POINT('',(163.87909088224,23.116519991988,
    245.48579783728));
#6257 = CARTESIAN_POINT('',(163.81385818632,23.574091657767,
    244.91176751215));
#6258 = CARTESIAN_POINT('',(163.74601949175,24.039138768781,
    244.34109041316));
#6259 = CARTESIAN_POINT('',(163.67548462147,24.511660618916,
    243.77385245525));
#6260 = CARTESIAN_POINT('',(163.50564713897,25.623462839248,
    242.46814667906));
#6261 = CARTESIAN_POINT('',(163.4043020404,26.26821512397,
    241.73226772062));
#6262 = CARTESIAN_POINT('',(163.29791302975,26.925922126432,
    241.00269763836));
#6263 = CARTESIAN_POINT('',(163.18626007854,27.596591084063,
    240.27964188977));
#6264 = CARTESIAN_POINT('',(163.0691156628,28.280227644739,
    239.56331989294));
#6265 = CARTESIAN_POINT('',(162.94624455322,28.976835829292,
    238.85396499658));
#6266 = CARTESIAN_POINT('',(162.8174036053,29.686417994018,
    238.15182445012));
#6267 = CARTESIAN_POINT('',(162.51287291693,31.315600358566,
    236.58553084799));
#6268 = CARTESIAN_POINT('',(162.33360900431,32.24265757109,
    235.72566705852));
#6269 = CARTESIAN_POINT('',(162.1440506877,33.190161372307,
    234.87807255803));
#6270 = CARTESIAN_POINT('',(161.94367989732,34.158113344221,
    234.0432968009));
#6271 = CARTESIAN_POINT('',(161.73195920314,35.146501572984,
    233.22193406494));
#6272 = CARTESIAN_POINT('',(161.50833140042,36.155300512573,
    232.41462337312));
#6273 = CARTESIAN_POINT('',(161.27221909525,37.184470848478,
    231.62204841531));
#6274 = CARTESIAN_POINT('',(160.70074940244,39.591225988782,
    229.8399271829));
#6275 = CARTESIAN_POINT('',(160.35653891841,40.982705607284,
    228.86061097753));
#6276 = CARTESIAN_POINT('',(159.98914246783,42.408066402237,
    227.90875641835));
#6277 = CARTESIAN_POINT('',(159.59727084676,43.866906352594,
    226.98623546384));
#6278 = CARTESIAN_POINT('',(159.17960003412,45.358745737241,
    226.09502997278));
#6279 = CARTESIAN_POINT('',(158.73477648352,46.883020131406,
    225.23723762974));
#6280 = CARTESIAN_POINT('',(158.26142369022,48.439073893163,
    224.41507828984));
#6281 = CARTESIAN_POINT('',(157.36008787763,51.281448502953,
    223.0106588513));
#6282 = CARTESIAN_POINT('',(156.94326049403,52.556300709412,
    222.41410520751));
#6283 = CARTESIAN_POINT('',(156.50714085001,53.84981253136,
    221.84267543632));
#6284 = CARTESIAN_POINT('',(156.05122544447,55.161046574136,
    221.29777814956));
#6285 = CARTESIAN_POINT('',(155.57503871416,56.489028538984,
    220.78079674106));
#6286 = CARTESIAN_POINT('',(155.07813743995,57.83274948557,
    220.29309118159));
#6287 = CARTESIAN_POINT('',(154.56011515323,59.191168094502,
    219.83599981383));
#6288 = CARTESIAN_POINT('',(153.73423396326,61.291497909537,
    219.18516581761));
#6289 = CARTESIAN_POINT('',(153.4418414946,62.023535864298,
    218.9685142941));
#6290 = CARTESIAN_POINT('',(153.14341840084,62.759059697597,
    218.76111260667));
#6291 = CARTESIAN_POINT('',(152.83896035326,63.497801628222,
    218.56317633883));
#6292 = CARTESIAN_POINT('',(152.52846968446,64.239493325577,
    218.37491074476));
#6293 = CARTESIAN_POINT('',(152.21195564299,64.983866044965,
    218.19651086612));
#6294 = CARTESIAN_POINT('',(151.88943464806,65.730650762886,
    218.02816164901));
#6295 = CARTESIAN_POINT('',(150.88944602967,68.010436666827,
    217.54682279626));
#6296 = CARTESIAN_POINT('',(150.19274546972,69.550743729541,
    217.26622768811));
#6297 = CARTESIAN_POINT('',(149.47144892886,71.097196741134,
    217.03000935938));
#6298 = CARTESIAN_POINT('',(148.72636483792,72.646529302457,
    216.83957795093));
#6299 = CARTESIAN_POINT('',(147.95849561617,74.195528833943,
    216.69600138273));
#6300 = CARTESIAN_POINT('',(147.16903964545,75.741052121248,
    216.6000078446));
#6301 = CARTESIAN_POINT('',(146.35938959638,77.280038947122,
    216.55198651616));
#6302 = CARTESIAN_POINT('',(144.70286461681,80.339008671896,
    216.55198651616));
#6303 = CARTESIAN_POINT('',(143.85647310529,81.858098880354,
    216.6000078446));
#6304 = CARTESIAN_POINT('',(142.99357174558,83.363849259672,
    216.69600138273));
#6305 = CARTESIAN_POINT('',(142.11596229997,84.853421128123,
    216.83957795093));
#6306 = CARTESIAN_POINT('',(141.22562221415,86.324093158078,
    217.03000935939));
#6307 = CARTESIAN_POINT('',(140.32469411567,87.773270227381,
    217.26622768811));
#6308 = CARTESIAN_POINT('',(139.41547171609,89.198490261523,
    217.54682279625));
#6309 = CARTESIAN_POINT('',(138.05270137033,91.281818845678,
    218.02816164901));
#6310 = CARTESIAN_POINT('',(137.60354549727,91.960026932325,
    218.19651086612));
#6311 = CARTESIAN_POINT('',(137.15312688601,92.631886261688,
    218.37491074475));
#6312 = CARTESIAN_POINT('',(136.70166186247,93.29723606582,
    218.56317633883));
#6313 = CARTESIAN_POINT('',(136.24937043772,93.955921734326,
    218.76111260667));
#6314 = CARTESIAN_POINT('',(135.79647605551,94.607794675016,
    218.9685142941));
#6315 = CARTESIAN_POINT('',(135.34320533981,95.252712174566,
    219.18516581761));
#6316 = CARTESIAN_POINT('',(134.02475230148,97.107387888181,
    219.84138734834));
#6317 = CARTESIAN_POINT('',(133.15938464779,98.298139540454,
    220.30467731592));
#6318 = CARTESIAN_POINT('',(132.29482152767,99.462506133175,
    220.799342148));
#6319 = CARTESIAN_POINT('',(131.43219648293,100.60025494159,
    221.32399277502));
#6320 = CARTESIAN_POINT('',(130.57263539206,101.71120399229,
    221.87721805747));
#6321 = CARTESIAN_POINT('',(129.7172519115,102.79521945644,
    222.4575828833));
#6322 = CARTESIAN_POINT('',(128.86714291682,103.85221304307,
    223.06362626535));
#6323 = CARTESIAN_POINT('',(126.95919223134,106.18113486493,
    224.48874155788));
#6324 = CARTESIAN_POINT('',(125.90493014406,107.43728262022,
    225.32223182382));
#6325 = CARTESIAN_POINT('',(124.86202234917,108.651369421,
    226.19191681121));
#6326 = CARTESIAN_POINT('',(123.83179980692,109.82422317137,
    227.09551850843));
#6327 = CARTESIAN_POINT('',(122.81550073037,110.95670256608,
    228.03088717966));
#6328 = CARTESIAN_POINT('',(121.81427271867,112.04968759091,
    228.9959946705));
#6329 = CARTESIAN_POINT('',(120.82917606431,113.10407087402,
    229.98892815713));
#6330 = CARTESIAN_POINT('',(119.09372503884,114.92681758957,
    231.81575747885));
#6331 = CARTESIAN_POINT('',(118.33691201668,115.70929407183,
    232.64009818703));
#6332 = CARTESIAN_POINT('',(117.59115732872,116.46870355954,
    233.48010489315));
#6333 = CARTESIAN_POINT('',(116.85684321284,117.20555868968,
    234.33502690288));
#6334 = CARTESIAN_POINT('',(116.13432641315,117.92036085627,
    235.20416449318));
#6335 = CARTESIAN_POINT('',(115.42393860934,118.61360055477,
    236.08686900739));
#6336 = CARTESIAN_POINT('',(114.725986846,119.28575772651,
    236.98254295022));
#6337 = CARTESIAN_POINT('',(113.48942107451,120.46152948753,
    238.62128775891));
#6338 = CARTESIAN_POINT('',(112.94632016646,120.97241452351,
    239.35998038077));
#6339 = CARTESIAN_POINT('',(112.4116054319,121.47019519472,
    240.10642532912));
#6340 = CARTESIAN_POINT('',(111.88542432795,121.95510236072,
    240.86034608804));
#6341 = CARTESIAN_POINT('',(111.3679177547,122.42735995135,
    241.6214822803));
#6342 = CARTESIAN_POINT('',(110.85922023513,122.88718516108,
    242.3895897027));
#6343 = CARTESIAN_POINT('',(110.35946009499,123.33478864332,
    243.16444036126));
#6344 = CARTESIAN_POINT('',(108.21305468901,125.24011453578,
    246.5823358475));
#6345 = CARTESIAN_POINT('',(106.65973817663,126.57370681839,
    249.29441461803));
#6346 = CARTESIAN_POINT('',(105.21453316019,127.77801811573,
    252.07268537202));
#6347 = CARTESIAN_POINT('',(103.88244184166,128.85920671023,
    254.90914106478));
#6348 = CARTESIAN_POINT('',(102.66788162737,129.82267463537,
    257.79689858276));
#6349 = CARTESIAN_POINT('',(101.57479987708,130.67301963712,
    260.72998771942));
#6350 = CARTESIAN_POINT('',(100.60676734525,131.41398706503,
    263.70317159748));
#6351 = CARTESIAN_POINT('',(99.022640374952,132.61084858842,
    269.37894915468));
#6352 = CARTESIAN_POINT('',(98.379255700256,133.08941372531,
    272.07329422236));
#6353 = CARTESIAN_POINT('',(97.839524700237,133.48583797576,
    274.78999072002));
#6354 = CARTESIAN_POINT('',(97.405565181053,133.80154515288,
    277.52441798185));
#6355 = CARTESIAN_POINT('',(97.078979454195,134.03762313901,
    280.27212743306));
#6356 = CARTESIAN_POINT('',(96.860853197595,134.19479571292,
    283.02879223746));
#6357 = CARTESIAN_POINT('',(96.751758068562,134.27340507577,
    285.79015685593));
#6358 = CARTESIAN_POINT('',(96.751758068562,134.27340507577,
    288.55198651616));
#6359 = PCURVE('',#1026,#6360);
#6360 = DEFINITIONAL_REPRESENTATION('',(#6361),#6602);
#6361 = B_SPLINE_CURVE_WITH_KNOTS('',8,(#6362,#6363,#6364,#6365,#6366,
    #6367,#6368,#6369,#6370,#6371,#6372,#6373,#6374,#6375,#6376,#6377,
    #6378,#6379,#6380,#6381,#6382,#6383,#6384,#6385,#6386,#6387,#6388,
    #6389,#6390,#6391,#6392,#6393,#6394,#6395,#6396,#6397,#6398,#6399,
    #6400,#6401,#6402,#6403,#6404,#6405,#6406,#6407,#6408,#6409,#6410,
    #6411,#6412,#6413,#6414,#6415,#6416,#6417,#6418,#6419,#6420,#6421,
    #6422,#6423,#6424,#6425,#6426,#6427,#6428,#6429,#6430,#6431,#6432,
    #6433,#6434,#6435,#6436,#6437,#6438,#6439,#6440,#6441,#6442,#6443,
    #6444,#6445,#6446,#6447,#6448,#6449,#6450,#6451,#6452,#6453,#6454,
    #6455,#6456,#6457,#6458,#6459,#6460,#6461,#6462,#6463,#6464,#6465,
    #6466,#6467,#6468,#6469,#6470,#6471,#6472,#6473,#6474,#6475,#6476,
    #6477,#6478,#6479,#6480,#6481,#6482,#6483,#6484,#6485,#6486,#6487,
    #6488,#6489,#6490,#6491,#6492,#6493,#6494,#6495,#6496,#6497,#6498,
    #6499,#6500,#6501,#6502,#6503,#6504,#6505,#6506,#6507,#6508,#6509,
    #6510,#6511,#6512,#6513,#6514,#6515,#6516,#6517,#6518,#6519,#6520,
    #6521,#6522,#6523,#6524,#6525,#6526,#6527,#6528,#6529,#6530,#6531,
    #6532,#6533,#6534,#6535,#6536,#6537,#6538,#6539,#6540,#6541,#6542,
    #6543,#6544,#6545,#6546,#6547,#6548,#6549,#6550,#6551,#6552,#6553,
    #6554,#6555,#6556,#6557,#6558,#6559,#6560,#6561,#6562,#6563,#6564,
    #6565,#6566,#6567,#6568,#6569,#6570,#6571,#6572,#6573,#6574,#6575,
    #6576,#6577,#6578,#6579,#6580,#6581,#6582,#6583,#6584,#6585,#6586,
    #6587,#6588,#6589,#6590,#6591,#6592,#6593,#6594,#6595,#6596,#6597,
    #6598,#6599,#6600,#6601),.UNSPECIFIED.,.F.,.F.,(9,7,7,7,7,7,7,7,7,7,
    7,7,7,7,7,7,7,7,7,7,7,7,7,7,7,7,7,7,7,7,7,7,7,7,9),(0.,
    0.120742944241,0.138579579596,0.16096003416,0.189903889862,
    0.212796909273,0.224948583728,0.249787424781,0.274626265835,
    0.28677794029,0.309961055946,0.339200780029,0.362383315365,
    0.381035797528,0.443972375174,0.469977667938,0.499771851686,
    0.585359410561,0.596960350775,0.607216655653,0.620774742026,
    0.63862090654,0.66101331778,0.689972636639,0.712877886572,
    0.72503605302,0.749888164143,0.774740275267,0.786898441714,
    0.810093942873,0.839349288181,0.86254420871,0.8812066559,
    0.944176857204,1.),.UNSPECIFIED.);
#6362 = CARTESIAN_POINT('',(0.,149.01761640826));
#6363 = CARTESIAN_POINT('',(8.327007476378E-02,149.01761640826));
#6364 = CARTESIAN_POINT('',(0.16629537941,149.29329180175));
#6365 = CARTESIAN_POINT('',(0.249483630142,149.84180242757));
#6366 = CARTESIAN_POINT('',(0.333213463725,150.64873150847));
#6367 = CARTESIAN_POINT('',(0.417854842013,151.68804816482));
#6368 = CARTESIAN_POINT('',(0.503788788316,152.92196683815));
#6369 = CARTESIAN_POINT('',(0.59142176267,154.30093846718));
#6370 = CARTESIAN_POINT('',(0.694495156176,155.97905752955));
#6371 = CARTESIAN_POINT('',(0.70781546639,156.19696540938));
#6372 = CARTESIAN_POINT('',(0.721191914099,156.41660687789));
#6373 = CARTESIAN_POINT('',(0.73462693331,156.63779190116));
#6374 = CARTESIAN_POINT('',(0.748122961267,156.86032309722));
#6375 = CARTESIAN_POINT('',(0.761682454334,157.08399553371));
#6376 = CARTESIAN_POINT('',(0.775307903876,157.30859652548));
#6377 = CARTESIAN_POINT('',(0.806184284863,157.81661097885));
#6378 = CARTESIAN_POINT('',(0.82347464804,158.10043247861));
#6379 = CARTESIAN_POINT('',(0.840878210356,158.38493814576));
#6380 = CARTESIAN_POINT('',(0.858400176089,158.66967317303));
#6381 = CARTESIAN_POINT('',(0.876045746014,158.95415930229));
#6382 = CARTESIAN_POINT('',(0.893820178294,159.23789439513));
#6383 = CARTESIAN_POINT('',(0.911728849385,159.52035200357));
#6384 = CARTESIAN_POINT('',(0.953118761408,160.16390848708));
#6385 = CARTESIAN_POINT('',(0.976697975401,160.52383903953));
#6386 = CARTESIAN_POINT('',(1.000523032723,160.87951508768));
#6387 = CARTESIAN_POINT('',(1.024602322799,161.22961154151));
#6388 = CARTESIAN_POINT('',(1.048944581897,161.57273569484));
#6389 = CARTESIAN_POINT('',(1.073558953907,161.90742854359));
#6390 = CARTESIAN_POINT('',(1.09845507866,162.23216745871));
#6391 = CARTESIAN_POINT('',(1.143565651253,162.79309659942));
#6392 = CARTESIAN_POINT('',(1.163673115395,163.03363518779));
#6393 = CARTESIAN_POINT('',(1.183962284792,163.26609480943));
#6394 = CARTESIAN_POINT('',(1.204430364557,163.4895863362));
#6395 = CARTESIAN_POINT('',(1.225075060332,163.70322763349));
#6396 = CARTESIAN_POINT('',(1.245894558282,163.90614851227));
#6397 = CARTESIAN_POINT('',(1.266887505094,164.09749568116));
#6398 = CARTESIAN_POINT('',(1.299287681526,164.37142058831));
#6399 = CARTESIAN_POINT('',(1.310569657593,164.46289706628));
#6400 = CARTESIAN_POINT('',(1.321897136829,164.55073050352));
#6401 = CARTESIAN_POINT('',(1.333268407922,164.63478957874));
#6402 = CARTESIAN_POINT('',(1.344681820607,164.71494856663));
#6403 = CARTESIAN_POINT('',(1.356135778702,164.79108762616));
#6404 = CARTESIAN_POINT('',(1.367628733126,164.86309308899));
#6405 = CARTESIAN_POINT('',(1.40272817459,165.06937327479));
#6406 = CARTESIAN_POINT('',(1.426461433377,165.19021465478));
#6407 = CARTESIAN_POINT('',(1.450330631209,165.29235439416));
#6408 = CARTESIAN_POINT('',(1.474308743827,165.37494795208));
#6409 = CARTESIAN_POINT('',(1.49836970375,165.43734699828));
#6410 = CARTESIAN_POINT('',(1.522488064894,165.4791085517));
#6411 = CARTESIAN_POINT('',(1.546638670843,165.5));
#6412 = CARTESIAN_POINT('',(1.594953982747,165.5));
#6413 = CARTESIAN_POINT('',(1.619104588696,165.4791085517));
#6414 = CARTESIAN_POINT('',(1.643222949839,165.43734699828));
#6415 = CARTESIAN_POINT('',(1.667283909762,165.37494795208));
#6416 = CARTESIAN_POINT('',(1.69126202238,165.29235439416));
#6417 = CARTESIAN_POINT('',(1.715131220212,165.19021465478));
#6418 = CARTESIAN_POINT('',(1.738864479,165.06937327479));
#6419 = CARTESIAN_POINT('',(1.773963920464,164.863093089));
#6420 = CARTESIAN_POINT('',(1.785456874887,164.79108762616));
#6421 = CARTESIAN_POINT('',(1.796910832982,164.71494856663));
#6422 = CARTESIAN_POINT('',(1.808324245668,164.63478957875));
#6423 = CARTESIAN_POINT('',(1.81969551676,164.55073050352));
#6424 = CARTESIAN_POINT('',(1.831022995997,164.46289706628));
#6425 = CARTESIAN_POINT('',(1.842304972064,164.37142058831));
#6426 = CARTESIAN_POINT('',(1.874973353706,164.09522815994));
#6427 = CARTESIAN_POINT('',(1.89622993853,163.90129849643));
#6428 = CARTESIAN_POINT('',(1.917308539349,163.69551197913));
#6429 = CARTESIAN_POINT('',(1.938207813331,163.47875455783));
#6430 = CARTESIAN_POINT('',(1.958925935034,163.25192961095));
#6431 = CARTESIAN_POINT('',(1.9794605759,163.01595269552));
#6432 = CARTESIAN_POINT('',(1.999808883741,162.77174629716));
#6433 = CARTESIAN_POINT('',(2.04539248627,162.20301521589));
#6434 = CARTESIAN_POINT('',(2.070519796503,161.874123715));
#6435 = CARTESIAN_POINT('',(2.09536004883,161.5351874961));
#6436 = CARTESIAN_POINT('',(2.119923268108,161.18777116873));
#6437 = CARTESIAN_POINT('',(2.144218970326,160.83337244809));
#6438 = CARTESIAN_POINT('',(2.168256255697,160.47341950734));
#6439 = CARTESIAN_POINT('',(2.192043872659,160.10926976738));
#6440 = CARTESIAN_POINT('',(2.234258855397,159.45118914444));
#6441 = CARTESIAN_POINT('',(2.252778356285,159.15829939722));
#6442 = CARTESIAN_POINT('',(2.271154934097,158.86414942633));
#6443 = CARTESIAN_POINT('',(2.289394558817,158.56931946252));
#6444 = CARTESIAN_POINT('',(2.307503063805,158.27436196496));
#6445 = CARTESIAN_POINT('',(2.325486217817,157.97980216287));
#6446 = CARTESIAN_POINT('',(2.343349797044,157.68613859698));
#6447 = CARTESIAN_POINT('',(2.375381052334,157.15866549805));
#6448 = CARTESIAN_POINT('',(2.389588877203,156.92437256226));
#6449 = CARTESIAN_POINT('',(2.403726009218,156.69121376866));
#6450 = CARTESIAN_POINT('',(2.41779526434,156.45942871563));
#6451 = CARTESIAN_POINT('',(2.431799416405,156.22924793583));
#6452 = CARTESIAN_POINT('',(2.445741216506,156.00089314691));
#6453 = CARTESIAN_POINT('',(2.459623412369,155.77457750228));
#6454 = CARTESIAN_POINT('',(2.520097816607,154.79445078523));
#6455 = CARTESIAN_POINT('',(2.566121057245,154.06359803566));
#6456 = CARTESIAN_POINT('',(2.611599403067,153.36624990829));
#6457 = CARTESIAN_POINT('',(2.65660906833,152.70973756561));
#6458 = CARTESIAN_POINT('',(2.701223092852,152.10051781613));
#6459 = CARTESIAN_POINT('',(2.745512685488,151.54425114256));
#6460 = CARTESIAN_POINT('',(2.789548386337,151.04586095958));
#6461 = CARTESIAN_POINT('',(2.851520896915,150.42930107231));
#6462 = CARTESIAN_POINT('',(2.869605860648,150.25966724424));
#6463 = CARTESIAN_POINT('',(2.887659075551,150.10098224205));
#6464 = CARTESIAN_POINT('',(2.905683634262,149.95352910073));
#6465 = CARTESIAN_POINT('',(2.923682607666,149.81756390215));
#6466 = CARTESIAN_POINT('',(2.941659067166,149.693315412));
#6467 = CARTESIAN_POINT('',(2.959616106949,149.58098471671));
#6468 = CARTESIAN_POINT('',(2.998111538881,149.36590036607));
#6469 = CARTESIAN_POINT('',(3.01864455082,149.26692812092));
#6470 = CARTESIAN_POINT('',(3.039159594228,149.18409396572));
#6471 = CARTESIAN_POINT('',(3.059660310211,149.11761143355));
#6472 = CARTESIAN_POINT('',(3.080150319508,149.06764137442));
#6473 = CARTESIAN_POINT('',(3.100633253178,149.03429157999));
#6474 = CARTESIAN_POINT('',(3.121112783286,149.01761640826));
#6475 = CARTESIAN_POINT('',(3.200423669746,149.01761640826));
#6476 = CARTESIAN_POINT('',(3.259205072309,149.15522023335));
#6477 = CARTESIAN_POINT('',(3.318053096315,149.43002356423));
#6478 = CARTESIAN_POINT('',(3.377080070435,149.83836621));
#6479 = CARTESIAN_POINT('',(3.436396401373,150.37331682047));
#6480 = CARTESIAN_POINT('',(3.496112778209,151.02471784202));
#6481 = CARTESIAN_POINT('',(3.556342596672,151.77929071689));
#6482 = CARTESIAN_POINT('',(3.625454125945,152.73486363123));
#6483 = CARTESIAN_POINT('',(3.633716519082,152.85054052311));
#6484 = CARTESIAN_POINT('',(3.641992230075,152.96779443637));
#6485 = CARTESIAN_POINT('',(3.650281718068,153.08658701517));
#6486 = CARTESIAN_POINT('',(3.658585454031,153.2068791131));
#6487 = CARTESIAN_POINT('',(3.666903920768,153.32863079315));
#6488 = CARTESIAN_POINT('',(3.675237612908,153.45180132775));
#6489 = CARTESIAN_POINT('',(3.690968700513,153.68646104425));
#6490 = CARTESIAN_POINT('',(3.698362659929,153.79764941651));
#6491 = CARTESIAN_POINT('',(3.70576926536,153.90988563575));
#6492 = CARTESIAN_POINT('',(3.713188874527,154.02314050931));
#6493 = CARTESIAN_POINT('',(3.72062185268,154.13738433176));
#6494 = CARTESIAN_POINT('',(3.728068572593,154.25258688476));
#6495 = CARTESIAN_POINT('',(3.735529414566,154.36871743718));
#6496 = CARTESIAN_POINT('',(3.752886635901,154.64044630339));
#6497 = CARTESIAN_POINT('',(3.762793807744,154.79671398338));
#6498 = CARTESIAN_POINT('',(3.77272722084,154.95447638454));
#6499 = CARTESIAN_POINT('',(3.782687820137,155.11366004833));
#6500 = CARTESIAN_POINT('',(3.792676556644,155.27418945816));
#6501 = CARTESIAN_POINT('',(3.802694387428,155.43598703935));
#6502 = CARTESIAN_POINT('',(3.812742275617,155.59897315915));
#6503 = CARTESIAN_POINT('',(3.836087809766,155.97905752955));
#6504 = CARTESIAN_POINT('',(3.849408119979,156.19696540937));
#6505 = CARTESIAN_POINT('',(3.862784567689,156.41660687789));
#6506 = CARTESIAN_POINT('',(3.8762195869,156.63779190116));
#6507 = CARTESIAN_POINT('',(3.889715614857,156.86032309722));
#6508 = CARTESIAN_POINT('',(3.903275107924,157.08399553371));
#6509 = CARTESIAN_POINT('',(3.916900557466,157.30859652548));
#6510 = CARTESIAN_POINT('',(3.947776938453,157.81661097885));
#6511 = CARTESIAN_POINT('',(3.96506730163,158.10043247861));
#6512 = CARTESIAN_POINT('',(3.982470863946,158.38493814576));
#6513 = CARTESIAN_POINT('',(3.999992829679,158.66967317303));
#6514 = CARTESIAN_POINT('',(4.017638399603,158.95415930229));
#6515 = CARTESIAN_POINT('',(4.035412831884,159.23789439513));
#6516 = CARTESIAN_POINT('',(4.053321502975,159.52035200357));
#6517 = CARTESIAN_POINT('',(4.094711415002,160.16390848714));
#6518 = CARTESIAN_POINT('',(4.118290628992,160.52383903955));
#6519 = CARTESIAN_POINT('',(4.14211568631,160.87951508764));
#6520 = CARTESIAN_POINT('',(4.166194976385,161.22961154145));
#6521 = CARTESIAN_POINT('',(4.190537235485,161.57273569482));
#6522 = CARTESIAN_POINT('',(4.215151607499,161.90742854362));
#6523 = CARTESIAN_POINT('',(4.240047732254,162.23216745877));
#6524 = CARTESIAN_POINT('',(4.285158304843,162.79309659942));
#6525 = CARTESIAN_POINT('',(4.305265768985,163.03363518779));
#6526 = CARTESIAN_POINT('',(4.325554938382,163.26609480943));
#6527 = CARTESIAN_POINT('',(4.346023018147,163.4895863362));
#6528 = CARTESIAN_POINT('',(4.366667713922,163.70322763349));
#6529 = CARTESIAN_POINT('',(4.387487211872,163.90614851227));
#6530 = CARTESIAN_POINT('',(4.408480158684,164.09749568116));
#6531 = CARTESIAN_POINT('',(4.440880335116,164.37142058831));
#6532 = CARTESIAN_POINT('',(4.452162311182,164.46289706628));
#6533 = CARTESIAN_POINT('',(4.463489790419,164.55073050352));
#6534 = CARTESIAN_POINT('',(4.474861061511,164.63478957874));
#6535 = CARTESIAN_POINT('',(4.486274474197,164.71494856663));
#6536 = CARTESIAN_POINT('',(4.497728432292,164.79108762616));
#6537 = CARTESIAN_POINT('',(4.509221386716,164.86309308899));
#6538 = CARTESIAN_POINT('',(4.544320828179,165.06937327479));
#6539 = CARTESIAN_POINT('',(4.568054086967,165.19021465478));
#6540 = CARTESIAN_POINT('',(4.591923284799,165.29235439416));
#6541 = CARTESIAN_POINT('',(4.615901397417,165.37494795208));
#6542 = CARTESIAN_POINT('',(4.639962357341,165.43734699828));
#6543 = CARTESIAN_POINT('',(4.664080718484,165.47910855169));
#6544 = CARTESIAN_POINT('',(4.688231324432,165.5));
#6545 = CARTESIAN_POINT('',(4.736546636337,165.5));
#6546 = CARTESIAN_POINT('',(4.760697242285,165.4791085517));
#6547 = CARTESIAN_POINT('',(4.784815603429,165.43734699828));
#6548 = CARTESIAN_POINT('',(4.808876563353,165.37494795208));
#6549 = CARTESIAN_POINT('',(4.83285467597,165.29235439416));
#6550 = CARTESIAN_POINT('',(4.856723873802,165.19021465478));
#6551 = CARTESIAN_POINT('',(4.88045713259,165.0693732748));
#6552 = CARTESIAN_POINT('',(4.915556574054,164.863093089));
#6553 = CARTESIAN_POINT('',(4.927049528477,164.79108762616));
#6554 = CARTESIAN_POINT('',(4.938503486572,164.71494856663));
#6555 = CARTESIAN_POINT('',(4.949916899258,164.63478957874));
#6556 = CARTESIAN_POINT('',(4.96128817035,164.55073050352));
#6557 = CARTESIAN_POINT('',(4.972615649587,164.46289706628));
#6558 = CARTESIAN_POINT('',(4.983897625654,164.37142058831));
#6559 = CARTESIAN_POINT('',(5.016566007296,164.09522815995));
#6560 = CARTESIAN_POINT('',(5.037822592119,163.90129849643));
#6561 = CARTESIAN_POINT('',(5.058901192939,163.69551197912));
#6562 = CARTESIAN_POINT('',(5.079800466921,163.47875455782));
#6563 = CARTESIAN_POINT('',(5.100518588624,163.25192961095));
#6564 = CARTESIAN_POINT('',(5.12105322949,163.01595269552));
#6565 = CARTESIAN_POINT('',(5.141401537331,162.77174629717));
#6566 = CARTESIAN_POINT('',(5.18698513986,162.20301521589));
#6567 = CARTESIAN_POINT('',(5.212112450093,161.87412371499));
#6568 = CARTESIAN_POINT('',(5.23695270242,161.5351874961));
#6569 = CARTESIAN_POINT('',(5.261515921697,161.18777116874));
#6570 = CARTESIAN_POINT('',(5.285811623916,160.83337244809));
#6571 = CARTESIAN_POINT('',(5.309848909287,160.47341950734));
#6572 = CARTESIAN_POINT('',(5.333636526249,160.10926976738));
#6573 = CARTESIAN_POINT('',(5.375851508987,159.45118914443));
#6574 = CARTESIAN_POINT('',(5.394371009875,159.15829939722));
#6575 = CARTESIAN_POINT('',(5.412747587687,158.86414942633));
#6576 = CARTESIAN_POINT('',(5.430987212407,158.56931946252));
#6577 = CARTESIAN_POINT('',(5.449095717395,158.27436196496));
#6578 = CARTESIAN_POINT('',(5.467078871407,157.97980216287));
#6579 = CARTESIAN_POINT('',(5.484942450634,157.68613859698));
#6580 = CARTESIAN_POINT('',(5.516973705924,157.15866549805));
#6581 = CARTESIAN_POINT('',(5.531181530793,156.92437256226));
#6582 = CARTESIAN_POINT('',(5.545318662807,156.69121376866));
#6583 = CARTESIAN_POINT('',(5.55938791793,156.45942871563));
#6584 = CARTESIAN_POINT('',(5.573392069995,156.22924793583));
#6585 = CARTESIAN_POINT('',(5.587333870096,156.00089314691));
#6586 = CARTESIAN_POINT('',(5.601216065958,155.77457750228));
#6587 = CARTESIAN_POINT('',(5.661690470197,154.79445078523));
#6588 = CARTESIAN_POINT('',(5.707713710835,154.06359803567));
#6589 = CARTESIAN_POINT('',(5.753192056657,153.36624990829));
#6590 = CARTESIAN_POINT('',(5.798201721919,152.70973756561));
#6591 = CARTESIAN_POINT('',(5.842815746442,152.10051781613));
#6592 = CARTESIAN_POINT('',(5.887105339078,151.54425114256));
#6593 = CARTESIAN_POINT('',(5.931141039926,151.04586095958));
#6594 = CARTESIAN_POINT('',(6.013869126909,150.22280539014));
#6595 = CARTESIAN_POINT('',(6.052591102131,149.88493828245));
#6596 = CARTESIAN_POINT('',(6.091186158884,149.59910351289));
#6597 = CARTESIAN_POINT('',(6.129680734348,149.36784136393));
#6598 = CARTESIAN_POINT('',(6.168101260125,149.19307885482));
#6599 = CARTESIAN_POINT('',(6.206474275089,149.07611532449));
#6600 = CARTESIAN_POINT('',(6.244826561899,149.01761640826));
#6601 = CARTESIAN_POINT('',(6.28318530718,149.01761640826));
#6602 = ( GEOMETRIC_REPRESENTATION_CONTEXT(2) 
PARAMETRIC_REPRESENTATION_CONTEXT() REPRESENTATION_CONTEXT('2D SPACE',''
  ) );
#6603 = PCURVE('',#2937,#6604);
#6604 = DEFINITIONAL_REPRESENTATION('',(#6605),#6846);
#6605 = B_SPLINE_CURVE_WITH_KNOTS('',8,(#6606,#6607,#6608,#6609,#6610,
    #6611,#6612,#6613,#6614,#6615,#6616,#6617,#6618,#6619,#6620,#6621,
    #6622,#6623,#6624,#6625,#6626,#6627,#6628,#6629,#6630,#6631,#6632,
    #6633,#6634,#6635,#6636,#6637,#6638,#6639,#6640,#6641,#6642,#6643,
    #6644,#6645,#6646,#6647,#6648,#6649,#6650,#6651,#6652,#6653,#6654,
    #6655,#6656,#6657,#6658,#6659,#6660,#6661,#6662,#6663,#6664,#6665,
    #6666,#6667,#6668,#6669,#6670,#6671,#6672,#6673,#6674,#6675,#6676,
    #6677,#6678,#6679,#6680,#6681,#6682,#6683,#6684,#6685,#6686,#6687,
    #6688,#6689,#6690,#6691,#6692,#6693,#6694,#6695,#6696,#6697,#6698,
    #6699,#6700,#6701,#6702,#6703,#6704,#6705,#6706,#6707,#6708,#6709,
    #6710,#6711,#6712,#6713,#6714,#6715,#6716,#6717,#6718,#6719,#6720,
    #6721,#6722,#6723,#6724,#6725,#6726,#6727,#6728,#6729,#6730,#6731,
    #6732,#6733,#6734,#6735,#6736,#6737,#6738,#6739,#6740,#6741,#6742,
    #6743,#6744,#6745,#6746,#6747,#6748,#6749,#6750,#6751,#6752,#6753,
    #6754,#6755,#6756,#6757,#6758,#6759,#6760,#6761,#6762,#6763,#6764,
    #6765,#6766,#6767,#6768,#6769,#6770,#6771,#6772,#6773,#6774,#6775,
    #6776,#6777,#6778,#6779,#6780,#6781,#6782,#6783,#6784,#6785,#6786,
    #6787,#6788,#6789,#6790,#6791,#6792,#6793,#6794,#6795,#6796,#6797,
    #6798,#6799,#6800,#6801,#6802,#6803,#6804,#6805,#6806,#6807,#6808,
    #6809,#6810,#6811,#6812,#6813,#6814,#6815,#6816,#6817,#6818,#6819,
    #6820,#6821,#6822,#6823,#6824,#6825,#6826,#6827,#6828,#6829,#6830,
    #6831,#6832,#6833,#6834,#6835,#6836,#6837,#6838,#6839,#6840,#6841,
    #6842,#6843,#6844,#6845),.UNSPECIFIED.,.T.,.F.,(9,7,7,7,7,7,7,7,7,7,
    7,7,7,7,7,7,7,7,7,7,7,7,7,7,7,7,7,7,7,7,7,7,7,7,9),(0.,
    0.120742944241,0.138579579596,0.16096003416,0.189903889862,
    0.212796909273,0.224948583728,0.249787424781,0.274626265835,
    0.28677794029,0.309961055946,0.339200780029,0.362383315365,
    0.381035797528,0.443972375174,0.469977667938,0.499771851686,
    0.585359410561,0.596960350775,0.607216655653,0.620774742026,
    0.63862090654,0.66101331778,0.689972636639,0.712877886572,
    0.72503605302,0.749888164143,0.774740275267,0.786898441714,
    0.810093942873,0.839349288181,0.86254420871,0.8812066559,
    0.944176857204,1.),.UNSPECIFIED.);
#6606 = CARTESIAN_POINT('',(0.946405967904,82.));
#6607 = CARTESIAN_POINT('',(0.946405967904,87.995445382992));
#6608 = CARTESIAN_POINT('',(0.942577145729,93.973266250885));
#6609 = CARTESIAN_POINT('',(0.934958925524,99.899478914156));
#6610 = CARTESIAN_POINT('',(0.923581721466,105.7395302734));
#6611 = CARTESIAN_POINT('',(0.90847572774,111.45478916531));
#6612 = CARTESIAN_POINT('',(0.889670440874,116.99977966044));
#6613 = CARTESIAN_POINT('',(0.867190160648,122.31898886327));
#6614 = CARTESIAN_POINT('',(0.837186015311,128.0838398371));
#6615 = CARTESIAN_POINT('',(0.833242435091,128.81971879555));
#6616 = CARTESIAN_POINT('',(0.829216786201,129.5492888778));
#6617 = CARTESIAN_POINT('',(0.825108721364,130.27234462639));
#6618 = CARTESIAN_POINT('',(0.820917878732,130.98866662322));
#6619 = CARTESIAN_POINT('',(0.816643880104,131.69802151957));
#6620 = CARTESIAN_POINT('',(0.812286329145,132.40016206603));
#6621 = CARTESIAN_POINT('',(0.802271828807,133.96645566817));
#6622 = CARTESIAN_POINT('',(0.796566621092,134.82631945764));
#6623 = CARTESIAN_POINT('',(0.790728279346,135.67391395813));
#6624 = CARTESIAN_POINT('',(0.784755903036,136.50868971526));
#6625 = CARTESIAN_POINT('',(0.778648591304,137.33005245122));
#6626 = CARTESIAN_POINT('',(0.772405436051,138.13736314304));
#6627 = CARTESIAN_POINT('',(0.766025515024,138.92993810084));
#6628 = CARTESIAN_POINT('',(0.751078862826,140.71205933308));
#6629 = CARTESIAN_POINT('',(0.742418088092,141.69137553859));
#6630 = CARTESIAN_POINT('',(0.733524853285,142.64323009792));
#6631 = CARTESIAN_POINT('',(0.724398599175,143.56575105246));
#6632 = CARTESIAN_POINT('',(0.715038936808,144.45695654343));
#6633 = CARTESIAN_POINT('',(0.705445668446,145.31474888633));
#6634 = CARTESIAN_POINT('',(0.695618807372,146.13690822617));
#6635 = CARTESIAN_POINT('',(0.677601515654,147.54132766485));
#6636 = CARTESIAN_POINT('',(0.669497514695,148.13788130864));
#6637 = CARTESIAN_POINT('',(0.661250038688,148.70931107984));
#6638 = CARTESIAN_POINT('',(0.652862678949,149.25420836659));
#6639 = CARTESIAN_POINT('',(0.644339169252,149.77118977509));
#6640 = CARTESIAN_POINT('',(0.635683381982,150.25889533457));
#6641 = CARTESIAN_POINT('',(0.626899324288,150.71598670232));
#6642 = CARTESIAN_POINT('',(0.613262643702,151.36682069854));
#6643 = CARTESIAN_POINT('',(0.608499738734,151.58347222205));
#6644 = CARTESIAN_POINT('',(0.603703736503,151.79087390948));
#6645 = CARTESIAN_POINT('',(0.598875962212,151.98881017732));
#6646 = CARTESIAN_POINT('',(0.594017749699,152.1770757714));
#6647 = CARTESIAN_POINT('',(0.589130442033,152.35547565004));
#6648 = CARTESIAN_POINT('',(0.584215392121,152.52382486714));
#6649 = CARTESIAN_POINT('',(0.569173349981,153.0051637199));
#6650 = CARTESIAN_POINT('',(0.558959250599,153.28575882805));
#6651 = CARTESIAN_POINT('',(0.548649876059,153.52197715677));
#6652 = CARTESIAN_POINT('',(0.538263543075,153.71240856523));
#6653 = CARTESIAN_POINT('',(0.527818647746,153.85598513342));
#6654 = CARTESIAN_POINT('',(0.517333645474,153.95197867155));
#6655 = CARTESIAN_POINT('',(0.506827037222,154.));
#6656 = CARTESIAN_POINT('',(0.485807687028,154.));
#6657 = CARTESIAN_POINT('',(0.475301078777,153.95197867155));
#6658 = CARTESIAN_POINT('',(0.464816076505,153.85598513343));
#6659 = CARTESIAN_POINT('',(0.454371181177,153.71240856523));
#6660 = CARTESIAN_POINT('',(0.443984848192,153.52197715677));
#6661 = CARTESIAN_POINT('',(0.433675473652,153.28575882805));
#6662 = CARTESIAN_POINT('',(0.42346137427,153.0051637199));
#6663 = CARTESIAN_POINT('',(0.40841933213,152.52382486714));
#6664 = CARTESIAN_POINT('',(0.403504282218,152.35547565004));
#6665 = CARTESIAN_POINT('',(0.398616974552,152.1770757714));
#6666 = CARTESIAN_POINT('',(0.393758762039,151.98881017733));
#6667 = CARTESIAN_POINT('',(0.388930987748,151.79087390949));
#6668 = CARTESIAN_POINT('',(0.384134985517,151.58347222205));
#6669 = CARTESIAN_POINT('',(0.379372080549,151.36682069855));
#6670 = CARTESIAN_POINT('',(0.365622516974,150.7105991678));
#6671 = CARTESIAN_POINT('',(0.356728812463,150.24730920023));
#6672 = CARTESIAN_POINT('',(0.347966743975,149.75264436817));
#6673 = CARTESIAN_POINT('',(0.339340441617,149.22799374115));
#6674 = CARTESIAN_POINT('',(0.33085389396,148.6747684587));
#6675 = CARTESIAN_POINT('',(0.322510943874,148.09440363286));
#6676 = CARTESIAN_POINT('',(0.314315284375,147.48836025079));
#6677 = CARTESIAN_POINT('',(0.296123905971,146.06324495829));
#6678 = CARTESIAN_POINT('',(0.286215652178,145.22975469234));
#6679 = CARTESIAN_POINT('',(0.276545879038,144.36006970495));
#6680 = CARTESIAN_POINT('',(0.267114535922,143.45646800772));
#6681 = CARTESIAN_POINT('',(0.257921355522,142.52109933649));
#6682 = CARTESIAN_POINT('',(0.24896587506,141.55599184566));
#6683 = CARTESIAN_POINT('',(0.240247458796,140.56305835904));
#6684 = CARTESIAN_POINT('',(0.225040311742,138.73622903731));
#6685 = CARTESIAN_POINT('',(0.218462911571,137.91188832913));
#6686 = CARTESIAN_POINT('',(0.212032064982,137.071881623));
#6687 = CARTESIAN_POINT('',(0.205746742752,136.21695961328));
#6688 = CARTESIAN_POINT('',(0.199605934649,135.34782202297));
#6689 = CARTESIAN_POINT('',(0.193608641307,134.46511750877));
#6690 = CARTESIAN_POINT('',(0.187753866092,133.56944356594));
#6691 = CARTESIAN_POINT('',(0.177443764482,131.93069875725));
#6692 = CARTESIAN_POINT('',(0.172938519967,131.19200613539));
#6693 = CARTESIAN_POINT('',(0.168524409894,130.44556118704));
#6694 = CARTESIAN_POINT('',(0.164200995401,129.69164042812));
#6695 = CARTESIAN_POINT('',(0.159967860131,128.93050423585));
#6696 = CARTESIAN_POINT('',(0.155824608048,128.16239681346));
#6697 = CARTESIAN_POINT('',(0.151770861258,127.3875461549));
#6698 = CARTESIAN_POINT('',(0.134429026339,123.96965066867));
#6699 = CARTESIAN_POINT('',(0.122060584077,121.25757189813));
#6700 = CARTESIAN_POINT('',(0.110695605956,118.47930114413));
#6701 = CARTESIAN_POINT('',(0.100330647795,115.64284545137));
#6702 = CARTESIAN_POINT('',(9.096419029619E-02,112.75508793341));
#6703 = CARTESIAN_POINT('',(8.259673078059E-02,109.82199879675));
#6704 = CARTESIAN_POINT('',(7.523092267452E-02,106.84881491866));
#6705 = CARTESIAN_POINT('',(6.62441680898E-02,102.59702816119));
#6706 = CARTESIAN_POINT('',(6.378896824453E-02,101.34806661477));
#6707 = CARTESIAN_POINT('',(6.150667085671E-02,100.09376525619));
#6708 = CARTESIAN_POINT('',(5.939775773425E-02,98.834576753393));
#6709 = CARTESIAN_POINT('',(5.746268231931E-02,97.57094454282));
#6710 = CARTESIAN_POINT('',(5.570186715477E-02,96.303302846496));
#6711 = CARTESIAN_POINT('',(5.411570135061E-02,95.032076689159));
#6712 = CARTESIAN_POINT('',(5.108777260791E-02,92.297611751927));
#6713 = CARTESIAN_POINT('',(4.970074161591E-02,90.83340302365));
#6714 = CARTESIAN_POINT('',(4.854405283789E-02,89.365754363313));
#6715 = CARTESIAN_POINT('',(4.761819721288E-02,87.895359168313));
#6716 = CARTESIAN_POINT('',(4.692354743009E-02,86.422905640826));
#6717 = CARTESIAN_POINT('',(4.646035650352E-02,84.949076827954));
#6718 = CARTESIAN_POINT('',(4.622875634656E-02,83.474550661878));
#6719 = CARTESIAN_POINT('',(4.622875634656E-02,77.764166836742));
#6720 = CARTESIAN_POINT('',(4.813991840451E-02,73.531908568812));
#6721 = CARTESIAN_POINT('',(5.195663957596E-02,69.317183752049));
#6722 = CARTESIAN_POINT('',(5.767038579428E-02,65.134107479896));
#6723 = CARTESIAN_POINT('',(6.526898162528E-02,60.997422906931));
#6724 = CARTESIAN_POINT('',(7.473655466799E-02,56.922972113582));
#6725 = CARTESIAN_POINT('',(8.605413460192E-02,52.928166312045));
#6726 = CARTESIAN_POINT('',(0.100982882219,48.504412415525));
#6727 = CARTESIAN_POINT('',(0.10279873533,47.978109803386));
#6728 = CARTESIAN_POINT('',(0.104648463077,47.453587510874));
#6729 = CARTESIAN_POINT('',(0.106532067168,46.930886061627));
#6730 = CARTESIAN_POINT('',(0.108449554155,46.410046549026));
#6731 = CARTESIAN_POINT('',(0.110400935435,45.89111063619));
#6732 = CARTESIAN_POINT('',(0.112386227246,45.37412055598));
#6733 = CARTESIAN_POINT('',(0.116190631076,44.403810167494));
#6734 = CARTESIAN_POINT('',(0.118002333203,43.950055737372));
#6735 = CARTESIAN_POINT('',(0.119840571784,43.497885399685));
#6736 = CARTESIAN_POINT('',(0.121705364981,43.047329283307));
#6737 = CARTESIAN_POINT('',(0.123596734385,42.598418066932));
#6738 = CARTESIAN_POINT('',(0.125514705022,42.151182979075));
#6739 = CARTESIAN_POINT('',(0.127459305351,41.705655798073));
#6740 = CARTESIAN_POINT('',(0.132036431611,40.675214904427));
#6741 = CARTESIAN_POINT('',(0.134688872352,40.091605456852));
#6742 = CARTESIAN_POINT('',(0.137387975018,39.511112450809));
#6743 = CARTESIAN_POINT('',(0.140133831602,38.933811321122));
#6744 = CARTESIAN_POINT('',(0.142926540551,38.359780995992));
#6745 = CARTESIAN_POINT('',(0.145766206769,37.789103896995));
#6746 = CARTESIAN_POINT('',(0.148652941616,37.221865939084));
#6747 = CARTESIAN_POINT('',(0.15544870894,35.916160162902));
#6748 = CARTESIAN_POINT('',(0.159392289159,35.180281204455));
#6749 = CARTESIAN_POINT('',(0.16341793805,34.450711122196));
#6750 = CARTESIAN_POINT('',(0.167526002887,33.727655373611));
#6751 = CARTESIAN_POINT('',(0.171716845519,33.011333376777));
#6752 = CARTESIAN_POINT('',(0.175990844147,32.301978480419));
#6753 = CARTESIAN_POINT('',(0.180348395106,31.59983793396));
#6754 = CARTESIAN_POINT('',(0.190362895444,30.033544331831));
#6755 = CARTESIAN_POINT('',(0.196068103159,29.17368054236));
#6756 = CARTESIAN_POINT('',(0.201906444905,28.326086041869));
#6757 = CARTESIAN_POINT('',(0.207878821215,27.49131028474));
#6758 = CARTESIAN_POINT('',(0.213986132947,26.669947548778));
#6759 = CARTESIAN_POINT('',(0.2202292882,25.862636856954));
#6760 = CARTESIAN_POINT('',(0.226609209227,25.070061899153));
#6761 = CARTESIAN_POINT('',(0.241555861427,23.287940666734));
#6762 = CARTESIAN_POINT('',(0.250216636159,22.308624461365));
#6763 = CARTESIAN_POINT('',(0.259109870965,21.356769902186));
#6764 = CARTESIAN_POINT('',(0.268236125075,20.434248947679));
#6765 = CARTESIAN_POINT('',(0.277595787442,19.543043456623));
#6766 = CARTESIAN_POINT('',(0.287189055806,18.685251113583));
#6767 = CARTESIAN_POINT('',(0.29701591688,17.863091773681));
#6768 = CARTESIAN_POINT('',(0.315033208597,16.458672335141));
#6769 = CARTESIAN_POINT('',(0.323137209556,15.862118691351));
#6770 = CARTESIAN_POINT('',(0.331384685563,15.290688920156));
#6771 = CARTESIAN_POINT('',(0.339772045302,14.745791633402));
#6772 = CARTESIAN_POINT('',(0.348295554999,14.228810224904));
#6773 = CARTESIAN_POINT('',(0.356951342269,13.741104665426));
#6774 = CARTESIAN_POINT('',(0.365735399963,13.284013297671));
#6775 = CARTESIAN_POINT('',(0.379372080549,12.633179301451));
#6776 = CARTESIAN_POINT('',(0.384134985517,12.416527777943));
#6777 = CARTESIAN_POINT('',(0.388930987748,12.209126090509));
#6778 = CARTESIAN_POINT('',(0.393758762039,12.011189822672));
#6779 = CARTESIAN_POINT('',(0.398616974552,11.822924228594));
#6780 = CARTESIAN_POINT('',(0.403504282218,11.644524349958));
#6781 = CARTESIAN_POINT('',(0.40841933213,11.476175132853));
#6782 = CARTESIAN_POINT('',(0.423461374269,10.994836280097));
#6783 = CARTESIAN_POINT('',(0.433675473651,10.714241171947));
#6784 = CARTESIAN_POINT('',(0.443984848192,10.478022843224));
#6785 = CARTESIAN_POINT('',(0.454371181177,10.287591434767));
#6786 = CARTESIAN_POINT('',(0.464816076505,10.144014866571));
#6787 = CARTESIAN_POINT('',(0.475301078777,10.048021328443));
#6788 = CARTESIAN_POINT('',(0.485807687028,10.));
#6789 = CARTESIAN_POINT('',(0.506827037222,10.));
#6790 = CARTESIAN_POINT('',(0.517333645474,10.048021328441));
#6791 = CARTESIAN_POINT('',(0.527818647746,10.14401486657));
#6792 = CARTESIAN_POINT('',(0.538263543075,10.287591434769));
#6793 = CARTESIAN_POINT('',(0.548649876059,10.478022843226));
#6794 = CARTESIAN_POINT('',(0.558959250599,10.714241171946));
#6795 = CARTESIAN_POINT('',(0.569173349981,10.99483628009));
#6796 = CARTESIAN_POINT('',(0.584215392121,11.476175132851));
#6797 = CARTESIAN_POINT('',(0.589130442033,11.644524349957));
#6798 = CARTESIAN_POINT('',(0.594017749699,11.822924228593));
#6799 = CARTESIAN_POINT('',(0.598875962212,12.011189822671));
#6800 = CARTESIAN_POINT('',(0.603703736503,12.209126090508));
#6801 = CARTESIAN_POINT('',(0.608499738734,12.416527777942));
#6802 = CARTESIAN_POINT('',(0.613262643702,12.633179301449));
#6803 = CARTESIAN_POINT('',(0.627012207277,13.289400832183));
#6804 = CARTESIAN_POINT('',(0.635905911788,13.75269079976));
#6805 = CARTESIAN_POINT('',(0.644667980276,14.247355631834));
#6806 = CARTESIAN_POINT('',(0.653294282634,14.772006258854));
#6807 = CARTESIAN_POINT('',(0.661780830291,15.325231541305));
#6808 = CARTESIAN_POINT('',(0.670123780376,15.905596367135));
#6809 = CARTESIAN_POINT('',(0.678319439876,16.51163974919));
#6810 = CARTESIAN_POINT('',(0.69651081828,17.936755041719));
#6811 = CARTESIAN_POINT('',(0.706419072073,18.770245307661));
#6812 = CARTESIAN_POINT('',(0.716088845213,19.639930295049));
#6813 = CARTESIAN_POINT('',(0.725520188328,20.543531992268));
#6814 = CARTESIAN_POINT('',(0.734713368729,21.478900663502));
#6815 = CARTESIAN_POINT('',(0.743668849191,22.444008154336));
#6816 = CARTESIAN_POINT('',(0.752387265455,23.436941640969));
#6817 = CARTESIAN_POINT('',(0.767594412509,25.263770962685));
#6818 = CARTESIAN_POINT('',(0.77417181268,26.088111670869));
#6819 = CARTESIAN_POINT('',(0.780602659269,26.928118376993));
#6820 = CARTESIAN_POINT('',(0.786887981499,27.783040386721));
#6821 = CARTESIAN_POINT('',(0.793028789602,28.652177977023));
#6822 = CARTESIAN_POINT('',(0.799026082944,29.534882491226));
#6823 = CARTESIAN_POINT('',(0.804880858159,30.430556434059));
#6824 = CARTESIAN_POINT('',(0.815190959769,32.069301242744));
#6825 = CARTESIAN_POINT('',(0.819696204283,32.80799386461));
#6826 = CARTESIAN_POINT('',(0.824110314357,33.554438812959));
#6827 = CARTESIAN_POINT('',(0.82843372885,34.308359571875));
#6828 = CARTESIAN_POINT('',(0.83266686412,35.069495764142));
#6829 = CARTESIAN_POINT('',(0.836810116203,35.837603186534));
#6830 = CARTESIAN_POINT('',(0.840863862993,36.6124538451));
#6831 = CARTESIAN_POINT('',(0.858205697912,40.03034933134));
#6832 = CARTESIAN_POINT('',(0.870574140174,42.742428101865));
#6833 = CARTESIAN_POINT('',(0.881939118295,45.520698855855));
#6834 = CARTESIAN_POINT('',(0.892304076456,48.357154548622));
#6835 = CARTESIAN_POINT('',(0.901670533955,51.244912066598));
#6836 = CARTESIAN_POINT('',(0.91003799347,54.178001203261));
#6837 = CARTESIAN_POINT('',(0.917403801576,57.151185081323));
#6838 = CARTESIAN_POINT('',(0.929400362762,62.826962638518));
#6839 = CARTESIAN_POINT('',(0.934245260265,65.521307706203));
#6840 = CARTESIAN_POINT('',(0.938291525165,68.238004203862));
#6841 = CARTESIAN_POINT('',(0.941534081459,70.972431465685));
#6842 = CARTESIAN_POINT('',(0.943968989145,73.720140916902));
#6843 = CARTESIAN_POINT('',(0.945593483134,76.476805721295));
#6844 = CARTESIAN_POINT('',(0.946405967904,79.238170339773));
#6845 = CARTESIAN_POINT('',(0.946405967904,82.));
#6846 = ( GEOMETRIC_REPRESENTATION_CONTEXT(2) 
PARAMETRIC_REPRESENTATION_CONTEXT() REPRESENTATION_CONTEXT('2D SPACE',''
  ) );
#6847 = ORIENTED_EDGE('',*,*,#2424,.F.);
#6848 = ORIENTED_EDGE('',*,*,#692,.T.);
#6849 = ADVANCED_FACE('',(#6850),#1333,.F.);
#6850 = FACE_BOUND('',#6851,.F.);
#6851 = EDGE_LOOP('',(#6852,#7052,#7073,#7074,#7075,#7273));
#6852 = ORIENTED_EDGE('',*,*,#6853,.F.);
#6853 = EDGE_CURVE('',#6854,#4103,#6856,.T.);
#6854 = VERTEX_POINT('',#6855);
#6855 = CARTESIAN_POINT('',(161.81231074358,34.742281039395,
    240.55198651616));
#6856 = SURFACE_CURVE('',#6857,(#6920,#6986),.PCURVE_S1.);
#6857 = B_SPLINE_CURVE_WITH_KNOTS('',7,(#6858,#6859,#6860,#6861,#6862,
    #6863,#6864,#6865,#6866,#6867,#6868,#6869,#6870,#6871,#6872,#6873,
    #6874,#6875,#6876,#6877,#6878,#6879,#6880,#6881,#6882,#6883,#6884,
    #6885,#6886,#6887,#6888,#6889,#6890,#6891,#6892,#6893,#6894,#6895,
    #6896,#6897,#6898,#6899,#6900,#6901,#6902,#6903,#6904,#6905,#6906,
    #6907,#6908,#6909,#6910,#6911,#6912,#6913,#6914,#6915,#6916,#6917,
    #6918,#6919),.UNSPECIFIED.,.T.,.F.,(8,6,6,6,6,6,6,6,6,6,8),(0.,
    0.121838942749,0.224255541183,0.309296701437,0.416501677199,
    0.531426642235,0.643352702738,0.737762068162,0.822920944334,
    0.905356353825,1.),.UNSPECIFIED.);
#6858 = CARTESIAN_POINT('',(161.81231074358,34.742281039395,
    240.55198651616));
#6859 = CARTESIAN_POINT('',(161.81231074358,34.742281039395,
    240.85579844936));
#6860 = CARTESIAN_POINT('',(161.81916218238,34.710370423071,
    241.15935070797));
#6861 = CARTESIAN_POINT('',(161.83284482352,34.646643535717,
    241.46074121672));
#6862 = CARTESIAN_POINT('',(161.85346426028,34.55041509623,
    241.75788915779));
#6863 = CARTESIAN_POINT('',(161.88122043215,34.420371394965,
    242.04816370981));
#6864 = CARTESIAN_POINT('',(161.9163538176,34.254743808001,
    242.32793061703));
#6865 = CARTESIAN_POINT('',(161.99498045753,33.880772800572,
    242.81381058765));
#6866 = CARTESIAN_POINT('',(162.0365645092,33.681943859092,
    243.02650926514));
#6867 = CARTESIAN_POINT('',(162.08384360091,33.454366534918,
    243.2248195083));
#6868 = CARTESIAN_POINT('',(162.13662868737,33.198152753951,
    243.4032403525));
#6869 = CARTESIAN_POINT('',(162.1945248551,32.914235927137,
    243.55596473442));
#6870 = CARTESIAN_POINT('',(162.25692152456,32.60454176784,
    243.67679470608));
#6871 = CARTESIAN_POINT('',(162.37781345699,31.996481022695,
    243.82719416825));
#6872 = CARTESIAN_POINT('',(162.43462137559,31.707890094846,
    243.86808018475));
#6873 = CARTESIAN_POINT('',(162.49205784581,31.41280528484,
    243.87776866344));
#6874 = CARTESIAN_POINT('',(162.54871648883,31.118188749754,
    243.85494602731));
#6875 = CARTESIAN_POINT('',(162.60328327202,30.831057954967,
    243.80080041565));
#6876 = CARTESIAN_POINT('',(162.65464320141,30.55787526231,
    243.71898747068));
#6877 = CARTESIAN_POINT('',(162.7615434137,29.983928635301,
    243.48526878601));
#6878 = CARTESIAN_POINT('',(162.81488867427,29.693437654201,
    243.32020632087));
#6879 = CARTESIAN_POINT('',(162.86196485631,29.433888552177,
    243.12823072245));
#6880 = CARTESIAN_POINT('',(162.90298890885,29.205389893657,
    242.91564355634));
#6881 = CARTESIAN_POINT('',(162.93825215947,29.007360744192,
    242.68765034154));
#6882 = CARTESIAN_POINT('',(162.96807097459,28.838830042362,
    242.44857937564));
#6883 = CARTESIAN_POINT('',(163.01923202271,28.548262493176,
    241.93763613921));
#6884 = CARTESIAN_POINT('',(163.03992879159,28.42976850465,
    241.66344708196));
#6885 = CARTESIAN_POINT('',(163.05523264033,28.341679600809,
    241.3827998154));
#6886 = CARTESIAN_POINT('',(163.06541721407,28.282878026169,
    241.09814126616));
#6887 = CARTESIAN_POINT('',(163.07064744783,28.252661037334,
    240.81137307918));
#6888 = CARTESIAN_POINT('',(163.07097137566,28.250823706205,
    240.52418045662));
#6889 = CARTESIAN_POINT('',(163.06176282647,28.303925717242,
    239.95988254406));
#6890 = CARTESIAN_POINT('',(163.05249271597,28.357353537164,
    239.68304187954));
#6891 = CARTESIAN_POINT('',(163.03843723577,28.438238462132,
    239.40928069376));
#6892 = CARTESIAN_POINT('',(163.01941421475,28.547349697468,
    239.14039013726));
#6893 = CARTESIAN_POINT('',(162.99513739167,28.685872412312,
    238.87869801023));
#6894 = CARTESIAN_POINT('',(162.96523062957,28.855252381373,
    238.6273868236));
#6895 = CARTESIAN_POINT('',(162.89891169308,29.227118236866,
    238.19150890205));
#6896 = CARTESIAN_POINT('',(162.86401528828,29.421591395495,
    238.00110812324));
#6897 = CARTESIAN_POINT('',(162.82440161219,29.640697026847,
    237.82417051147));
#6898 = CARTESIAN_POINT('',(162.78000403292,29.884046279765,
    237.66527250792));
#6899 = CARTESIAN_POINT('',(162.73085790127,30.150565355942,
    237.52913148592));
#6900 = CARTESIAN_POINT('',(162.67713551951,30.438409917564,
    237.42064932877));
#6901 = CARTESIAN_POINT('',(162.56696541244,31.021135657766,
    237.27677886464));
#6902 = CARTESIAN_POINT('',(162.51177760875,31.310040787924,
    237.2358928473));
#6903 = CARTESIAN_POINT('',(162.45474533086,31.60520397528,
    237.22620436813));
#6904 = CARTESIAN_POINT('',(162.39716665645,31.899642085484,
    237.24902700532));
#6905 = CARTESIAN_POINT('',(162.34044599442,32.18635518039,
    237.30317261768));
#6906 = CARTESIAN_POINT('',(162.28596486613,32.458932560932,
    237.38498556078));
#6907 = CARTESIAN_POINT('',(162.18550606991,32.9571558028,
    237.58845270033));
#6908 = CARTESIAN_POINT('',(162.13754151747,33.192806091802,
    237.71233700441));
#6909 = CARTESIAN_POINT('',(162.09162794605,33.416360626647,
    237.85892428302));
#6910 = CARTESIAN_POINT('',(162.04835218696,33.625344960358,
    238.02674405762));
#6911 = CARTESIAN_POINT('',(162.00827407071,33.817499706552,
    238.21396950991));
#6912 = CARTESIAN_POINT('',(161.97190507203,33.990827737769,
    238.41845511205));
#6913 = CARTESIAN_POINT('',(161.90267623539,34.319172395025,
    238.88962591404));
#6914 = CARTESIAN_POINT('',(161.87221182117,34.462562445347,
    239.15370141151));
#6915 = CARTESIAN_POINT('',(161.84810739595,34.575412218406,
    239.42610743301));
#6916 = CARTESIAN_POINT('',(161.83017671479,34.659069797102,
    239.70405421458));
#6917 = CARTESIAN_POINT('',(161.81827058423,34.714523225093,
    239.98546305821));
#6918 = CARTESIAN_POINT('',(161.81231074358,34.742281039395,
    240.26863234647));
#6919 = CARTESIAN_POINT('',(161.81231074358,34.742281039395,
    240.55198651616));
#6920 = PCURVE('',#1333,#6921);
#6921 = DEFINITIONAL_REPRESENTATION('',(#6922),#6985);
#6922 = B_SPLINE_CURVE_WITH_KNOTS('',7,(#6923,#6924,#6925,#6926,#6927,
    #6928,#6929,#6930,#6931,#6932,#6933,#6934,#6935,#6936,#6937,#6938,
    #6939,#6940,#6941,#6942,#6943,#6944,#6945,#6946,#6947,#6948,#6949,
    #6950,#6951,#6952,#6953,#6954,#6955,#6956,#6957,#6958,#6959,#6960,
    #6961,#6962,#6963,#6964,#6965,#6966,#6967,#6968,#6969,#6970,#6971,
    #6972,#6973,#6974,#6975,#6976,#6977,#6978,#6979,#6980,#6981,#6982,
    #6983,#6984),.UNSPECIFIED.,.F.,.F.,(8,6,6,6,6,6,6,6,6,6,8),(0.,
    0.121838942749,0.224255541183,0.309296701437,0.416501677199,
    0.531426642235,0.643352702738,0.737762068162,0.822920944334,
    0.905356353825,1.),.UNSPECIFIED.);
#6923 = CARTESIAN_POINT('',(0.,23.667096427054));
#6924 = CARTESIAN_POINT('',(9.206422218299E-02,23.667096427054));
#6925 = CARTESIAN_POINT('',(0.18404964501,23.66774720934));
#6926 = CARTESIAN_POINT('',(0.276655135121,23.669046869631));
#6927 = CARTESIAN_POINT('',(0.370512717524,23.670968601811));
#6928 = CARTESIAN_POINT('',(0.466280673782,23.673458576232));
#6929 = CARTESIAN_POINT('',(0.56463164283,23.676416151385));
#6930 = CARTESIAN_POINT('',(0.751942596401,23.682405760436));
#6931 = CARTESIAN_POINT('',(0.840654316281,23.685374937063));
#6932 = CARTESIAN_POINT('',(0.932447856419,23.688461694008));
#6933 = CARTESIAN_POINT('',(1.027357069735,23.691501752888));
#6934 = CARTESIAN_POINT('',(1.125515728711,23.694285131978));
#6935 = CARTESIAN_POINT('',(1.22718054449,23.696579048791));
#6936 = CARTESIAN_POINT('',(1.420494933608,23.699493448321));
#6937 = CARTESIAN_POINT('',(1.510032891715,23.700318599116));
#6938 = CARTESIAN_POINT('',(1.600357452885,23.700524459776));
#6939 = CARTESIAN_POINT('',(1.690589654244,23.700055873295));
#6940 = CARTESIAN_POINT('',(1.779888428607,23.698958869737));
#6941 = CARTESIAN_POINT('',(1.867300330772,23.69736919324));
#6942 = CARTESIAN_POINT('',(2.057859917194,23.693042646176));
#6943 = CARTESIAN_POINT('',(2.159534624274,23.690106729649));
#6944 = CARTESIAN_POINT('',(2.257318032954,23.68690730517));
#6945 = CARTESIAN_POINT('',(2.351685352474,23.683678022798));
#6946 = CARTESIAN_POINT('',(2.443041003344,23.680594279655));
#6947 = CARTESIAN_POINT('',(2.531708754477,23.677781778951));
#6948 = CARTESIAN_POINT('',(2.710492521199,23.672687023279));
#6949 = CARTESIAN_POINT('',(2.800671536266,23.670445621369));
#6950 = CARTESIAN_POINT('',(2.889156318618,23.668698646137));
#6951 = CARTESIAN_POINT('',(2.976490641005,23.667501932418));
#6952 = CARTESIAN_POINT('',(3.063187440361,23.666883605847));
#6953 = CARTESIAN_POINT('',(3.149768414832,23.666851806441));
#6954 = CARTESIAN_POINT('',(3.321545602682,23.667921574656));
#6955 = CARTESIAN_POINT('',(3.40661844464,23.668992937067));
#6956 = CARTESIAN_POINT('',(3.492559788546,23.670593909608));
#6957 = CARTESIAN_POINT('',(3.579878681727,23.67269209925));
#6958 = CARTESIAN_POINT('',(3.669104751846,23.67523212044));
#6959 = CARTESIAN_POINT('',(3.760786159276,23.678119971469));
#6960 = CARTESIAN_POINT('',(3.935558627738,23.683812157433));
#6961 = CARTESIAN_POINT('',(4.018367979816,23.686579025185));
#6962 = CARTESIAN_POINT('',(4.103904528235,23.689404585116));
#6963 = CARTESIAN_POINT('',(4.192154011988,23.692149392186));
#6964 = CARTESIAN_POINT('',(4.283186038153,23.694643714329));
#6965 = CARTESIAN_POINT('',(4.377165177267,23.696705565913));
#6966 = CARTESIAN_POINT('',(4.562087586466,23.69949344831));
#6967 = CARTESIAN_POINT('',(4.651625547049,23.700318599122));
#6968 = CARTESIAN_POINT('',(4.741950105433,23.70052445979));
#6969 = CARTESIAN_POINT('',(4.83218230677,23.700055873289));
#6970 = CARTESIAN_POINT('',(4.921481083914,23.698958869719));
#6971 = CARTESIAN_POINT('',(5.008892983659,23.697369193256));
#6972 = CARTESIAN_POINT('',(5.174787353713,23.693602655906));
#6973 = CARTESIAN_POINT('',(5.256390216929,23.691379956348));
#6974 = CARTESIAN_POINT('',(5.337987138384,23.688867860056));
#6975 = CARTESIAN_POINT('',(5.419584806498,23.686171364391));
#6976 = CARTESIAN_POINT('',(5.501186865057,23.683409904327));
#6977 = CARTESIAN_POINT('',(5.582788766714,23.680705373993));
#6978 = CARTESIAN_POINT('',(5.758068960717,23.675255051379));
#6979 = CARTESIAN_POINT('',(5.849017358788,23.672647330064));
#6980 = CARTESIAN_POINT('',(5.937878200754,23.670468823751));
#6981 = CARTESIAN_POINT('',(6.02520392628,23.668793350347));
#6982 = CARTESIAN_POINT('',(6.111510785756,23.667662555068));
#6983 = CARTESIAN_POINT('',(6.197320407274,23.667096427054));
#6984 = CARTESIAN_POINT('',(6.28318530718,23.667096427054));
#6985 = ( GEOMETRIC_REPRESENTATION_CONTEXT(2) 
PARAMETRIC_REPRESENTATION_CONTEXT() REPRESENTATION_CONTEXT('2D SPACE',''
  ) );
#6986 = PCURVE('',#2937,#6987);
#6987 = DEFINITIONAL_REPRESENTATION('',(#6988),#7051);
#6988 = B_SPLINE_CURVE_WITH_KNOTS('',7,(#6989,#6990,#6991,#6992,#6993,
    #6994,#6995,#6996,#6997,#6998,#6999,#7000,#7001,#7002,#7003,#7004,
    #7005,#7006,#7007,#7008,#7009,#7010,#7011,#7012,#7013,#7014,#7015,
    #7016,#7017,#7018,#7019,#7020,#7021,#7022,#7023,#7024,#7025,#7026,
    #7027,#7028,#7029,#7030,#7031,#7032,#7033,#7034,#7035,#7036,#7037,
    #7038,#7039,#7040,#7041,#7042,#7043,#7044,#7045,#7046,#7047,#7048,
    #7049,#7050),.UNSPECIFIED.,.T.,.F.,(8,6,6,6,6,6,6,6,6,6,8),(0.,
    0.121838942749,0.224255541183,0.309296701437,0.416501677199,
    0.531426642235,0.643352702738,0.737762068162,0.822920944334,
    0.905356353825,1.),.UNSPECIFIED.);
#6989 = CARTESIAN_POINT('',(0.211496355925,34.));
#6990 = CARTESIAN_POINT('',(0.211496355925,34.303811933204));
#6991 = CARTESIAN_POINT('',(0.211299148337,34.607364191813));
#6992 = CARTESIAN_POINT('',(0.210905316177,34.908754700564));
#6993 = CARTESIAN_POINT('',(0.210310677147,35.205902641631));
#6994 = CARTESIAN_POINT('',(0.20950721656,35.496177193652));
#6995 = CARTESIAN_POINT('',(0.208484179639,35.775944100866));
#6996 = CARTESIAN_POINT('',(0.206175133268,36.261824071487));
#6997 = CARTESIAN_POINT('',(0.204947756682,36.474522748974));
#6998 = CARTESIAN_POINT('',(0.203543308161,36.672832992143));
#6999 = CARTESIAN_POINT('',(0.201962680374,36.85125383634));
#7000 = CARTESIAN_POINT('',(0.20021187287,37.00397821826));
#7001 = CARTESIAN_POINT('',(0.198303012584,37.124808189922));
#7002 = CARTESIAN_POINT('',(0.194557019369,37.275207652093));
#7003 = CARTESIAN_POINT('',(0.192779808036,37.316093668584));
#7004 = CARTESIAN_POINT('',(0.19096336374,37.325782147279));
#7005 = CARTESIAN_POINT('',(0.189150591016,37.302959511149));
#7006 = CARTESIAN_POINT('',(0.18738461632,37.248813899485));
#7007 = CARTESIAN_POINT('',(0.185705049158,37.167000954517));
#7008 = CARTESIAN_POINT('',(0.182177453492,36.933282269847));
#7009 = CARTESIAN_POINT('',(0.180392876224,36.768219804705));
#7010 = CARTESIAN_POINT('',(0.178799021566,36.576244206293));
#7011 = CARTESIAN_POINT('',(0.177396292502,36.363657040182));
#7012 = CARTESIAN_POINT('',(0.176180920187,36.135663825375));
#7013 = CARTESIAN_POINT('',(0.175146791512,35.896592859476));
#7014 = CARTESIAN_POINT('',(0.173364089356,35.385649623051));
#7015 = CARTESIAN_POINT('',(0.17263727485,35.111460565802));
#7016 = CARTESIAN_POINT('',(0.172097042951,34.830813299235));
#7017 = CARTESIAN_POINT('',(0.171736456459,34.546154750003));
#7018 = CARTESIAN_POINT('',(0.171551161655,34.259386563024));
#7019 = CARTESIAN_POINT('',(0.171539888777,33.972193940462));
#7020 = CARTESIAN_POINT('',(0.171865535517,33.407896027899));
#7021 = CARTESIAN_POINT('',(0.172193185497,33.131055363382));
#7022 = CARTESIAN_POINT('',(0.172689240233,32.857294177598));
#7023 = CARTESIAN_POINT('',(0.173358467272,32.588403621103));
#7024 = CARTESIAN_POINT('',(0.174208218502,32.326711494073));
#7025 = CARTESIAN_POINT('',(0.175247491684,32.075400307434));
#7026 = CARTESIAN_POINT('',(0.177529867878,31.639522385893));
#7027 = CARTESIAN_POINT('',(0.178723699627,31.449121607082));
#7028 = CARTESIAN_POINT('',(0.180069062469,31.272183995308));
#7029 = CARTESIAN_POINT('',(0.181563717935,31.113285991756));
#7030 = CARTESIAN_POINT('',(0.18320124996,30.977144969758));
#7031 = CARTESIAN_POINT('',(0.184970519614,30.868662812614));
#7032 = CARTESIAN_POINT('',(0.188553895344,30.724792348477));
#7033 = CARTESIAN_POINT('',(0.190331106725,30.683906331135));
#7034 = CARTESIAN_POINT('',(0.192147550968,30.674217851971));
#7035 = CARTESIAN_POINT('',(0.193960323691,30.697040489157));
#7036 = CARTESIAN_POINT('',(0.19572629844,30.751186101516));
#7037 = CARTESIAN_POINT('',(0.197405865556,30.832999044621));
#7038 = CARTESIAN_POINT('',(0.200476864354,31.036466184171));
#7039 = CARTESIAN_POINT('',(0.20192992617,31.160350488254));
#7040 = CARTESIAN_POINT('',(0.203308899903,31.306937766861));
#7041 = CARTESIAN_POINT('',(0.204598432009,31.474757541456));
#7042 = CARTESIAN_POINT('',(0.20578447193,31.661982993752));
#7043 = CARTESIAN_POINT('',(0.206854577417,31.866468595887));
#7044 = CARTESIAN_POINT('',(0.208882151284,32.337639397875));
#7045 = CARTESIAN_POINT('',(0.209767893695,32.601714895354));
#7046 = CARTESIAN_POINT('',(0.210465146376,32.87412091685));
#7047 = CARTESIAN_POINT('',(0.210982110625,33.152067698423));
#7048 = CARTESIAN_POINT('',(0.21132481259,33.433476542045));
#7049 = CARTESIAN_POINT('',(0.211496355925,33.71664583031));
#7050 = CARTESIAN_POINT('',(0.211496355925,34.));
#7051 = ( GEOMETRIC_REPRESENTATION_CONTEXT(2) 
PARAMETRIC_REPRESENTATION_CONTEXT() REPRESENTATION_CONTEXT('2D SPACE',''
  ) );
#7052 = ORIENTED_EDGE('',*,*,#7053,.F.);
#7053 = EDGE_CURVE('',#1200,#6854,#7054,.T.);
#7054 = SEAM_CURVE('',#7055,(#7059,#7066),.PCURVE_S1.);
#7055 = LINE('',#7056,#7057);
#7056 = CARTESIAN_POINT('',(138.57810242451,30.236394104158,
    240.55198651616));
#7057 = VECTOR('',#7058,1.);
#7058 = DIRECTION('',(0.981709285323,0.190386131612,0.));
#7059 = PCURVE('',#1333,#7060);
#7060 = DEFINITIONAL_REPRESENTATION('',(#7061),#7065);
#7061 = LINE('',#7062,#7063);
#7062 = CARTESIAN_POINT('',(6.28318530718,-0.));
#7063 = VECTOR('',#7064,1.);
#7064 = DIRECTION('',(0.,1.));
#7065 = ( GEOMETRIC_REPRESENTATION_CONTEXT(2) 
PARAMETRIC_REPRESENTATION_CONTEXT() REPRESENTATION_CONTEXT('2D SPACE',''
  ) );
#7066 = PCURVE('',#1333,#7067);
#7067 = DEFINITIONAL_REPRESENTATION('',(#7068),#7072);
#7068 = LINE('',#7069,#7070);
#7069 = CARTESIAN_POINT('',(0.,-0.));
#7070 = VECTOR('',#7071,1.);
#7071 = DIRECTION('',(0.,1.));
#7072 = ( GEOMETRIC_REPRESENTATION_CONTEXT(2) 
PARAMETRIC_REPRESENTATION_CONTEXT() REPRESENTATION_CONTEXT('2D SPACE',''
  ) );
#7073 = ORIENTED_EDGE('',*,*,#1199,.T.);
#7074 = ORIENTED_EDGE('',*,*,#7053,.T.);
#7075 = ORIENTED_EDGE('',*,*,#7076,.F.);
#7076 = EDGE_CURVE('',#3369,#6854,#7077,.T.);
#7077 = SURFACE_CURVE('',#7078,(#7141,#7207),.PCURVE_S1.);
#7078 = B_SPLINE_CURVE_WITH_KNOTS('',7,(#7079,#7080,#7081,#7082,#7083,
    #7084,#7085,#7086,#7087,#7088,#7089,#7090,#7091,#7092,#7093,#7094,
    #7095,#7096,#7097,#7098,#7099,#7100,#7101,#7102,#7103,#7104,#7105,
    #7106,#7107,#7108,#7109,#7110,#7111,#7112,#7113,#7114,#7115,#7116,
    #7117,#7118,#7119,#7120,#7121,#7122,#7123,#7124,#7125,#7126,#7127,
    #7128,#7129,#7130,#7131,#7132,#7133,#7134,#7135,#7136,#7137,#7138,
    #7139,#7140),.UNSPECIFIED.,.T.,.F.,(8,6,6,6,6,6,6,6,6,6,8),(0.,
    0.121838942749,0.224255541183,0.309296701437,0.416501677199,
    0.531426642235,0.643352702738,0.737762068162,0.822920944334,
    0.905356353825,1.),.UNSPECIFIED.);
#7079 = CARTESIAN_POINT('',(161.81231074358,34.742281039395,
    240.55198651616));
#7080 = CARTESIAN_POINT('',(161.81231074358,34.742281039395,
    240.85579844936));
#7081 = CARTESIAN_POINT('',(161.81916218238,34.710370423071,
    241.15935070797));
#7082 = CARTESIAN_POINT('',(161.83284482352,34.646643535717,
    241.46074121672));
#7083 = CARTESIAN_POINT('',(161.85346426028,34.55041509623,
    241.75788915779));
#7084 = CARTESIAN_POINT('',(161.88122043215,34.420371394965,
    242.04816370981));
#7085 = CARTESIAN_POINT('',(161.9163538176,34.254743808001,
    242.32793061703));
#7086 = CARTESIAN_POINT('',(161.99498045753,33.880772800572,
    242.81381058765));
#7087 = CARTESIAN_POINT('',(162.0365645092,33.681943859092,
    243.02650926514));
#7088 = CARTESIAN_POINT('',(162.08384360091,33.454366534918,
    243.2248195083));
#7089 = CARTESIAN_POINT('',(162.13662868737,33.198152753951,
    243.4032403525));
#7090 = CARTESIAN_POINT('',(162.1945248551,32.914235927137,
    243.55596473442));
#7091 = CARTESIAN_POINT('',(162.25692152456,32.60454176784,
    243.67679470608));
#7092 = CARTESIAN_POINT('',(162.37781345699,31.996481022695,
    243.82719416825));
#7093 = CARTESIAN_POINT('',(162.43462137559,31.707890094846,
    243.86808018475));
#7094 = CARTESIAN_POINT('',(162.49205784581,31.41280528484,
    243.87776866344));
#7095 = CARTESIAN_POINT('',(162.54871648883,31.118188749754,
    243.85494602731));
#7096 = CARTESIAN_POINT('',(162.60328327202,30.831057954967,
    243.80080041565));
#7097 = CARTESIAN_POINT('',(162.65464320141,30.55787526231,
    243.71898747068));
#7098 = CARTESIAN_POINT('',(162.7615434137,29.983928635301,
    243.48526878601));
#7099 = CARTESIAN_POINT('',(162.81488867427,29.693437654201,
    243.32020632087));
#7100 = CARTESIAN_POINT('',(162.86196485631,29.433888552177,
    243.12823072245));
#7101 = CARTESIAN_POINT('',(162.90298890885,29.205389893657,
    242.91564355634));
#7102 = CARTESIAN_POINT('',(162.93825215947,29.007360744192,
    242.68765034154));
#7103 = CARTESIAN_POINT('',(162.96807097459,28.838830042362,
    242.44857937564));
#7104 = CARTESIAN_POINT('',(163.01923202271,28.548262493176,
    241.93763613921));
#7105 = CARTESIAN_POINT('',(163.03992879159,28.42976850465,
    241.66344708196));
#7106 = CARTESIAN_POINT('',(163.05523264033,28.341679600809,
    241.3827998154));
#7107 = CARTESIAN_POINT('',(163.06541721407,28.282878026169,
    241.09814126616));
#7108 = CARTESIAN_POINT('',(163.07064744783,28.252661037334,
    240.81137307918));
#7109 = CARTESIAN_POINT('',(163.07097137566,28.250823706205,
    240.52418045662));
#7110 = CARTESIAN_POINT('',(163.06176282647,28.303925717242,
    239.95988254406));
#7111 = CARTESIAN_POINT('',(163.05249271597,28.357353537164,
    239.68304187954));
#7112 = CARTESIAN_POINT('',(163.03843723577,28.438238462132,
    239.40928069376));
#7113 = CARTESIAN_POINT('',(163.01941421475,28.547349697468,
    239.14039013726));
#7114 = CARTESIAN_POINT('',(162.99513739167,28.685872412312,
    238.87869801023));
#7115 = CARTESIAN_POINT('',(162.96523062957,28.855252381373,
    238.6273868236));
#7116 = CARTESIAN_POINT('',(162.89891169308,29.227118236866,
    238.19150890205));
#7117 = CARTESIAN_POINT('',(162.86401528828,29.421591395495,
    238.00110812324));
#7118 = CARTESIAN_POINT('',(162.82440161219,29.640697026847,
    237.82417051147));
#7119 = CARTESIAN_POINT('',(162.78000403292,29.884046279765,
    237.66527250792));
#7120 = CARTESIAN_POINT('',(162.73085790127,30.150565355942,
    237.52913148592));
#7121 = CARTESIAN_POINT('',(162.67713551951,30.438409917564,
    237.42064932877));
#7122 = CARTESIAN_POINT('',(162.56696541244,31.021135657766,
    237.27677886464));
#7123 = CARTESIAN_POINT('',(162.51177760875,31.310040787924,
    237.2358928473));
#7124 = CARTESIAN_POINT('',(162.45474533086,31.60520397528,
    237.22620436813));
#7125 = CARTESIAN_POINT('',(162.39716665645,31.899642085484,
    237.24902700532));
#7126 = CARTESIAN_POINT('',(162.34044599442,32.18635518039,
    237.30317261768));
#7127 = CARTESIAN_POINT('',(162.28596486613,32.458932560932,
    237.38498556078));
#7128 = CARTESIAN_POINT('',(162.18550606991,32.9571558028,
    237.58845270033));
#7129 = CARTESIAN_POINT('',(162.13754151747,33.192806091802,
    237.71233700441));
#7130 = CARTESIAN_POINT('',(162.09162794605,33.416360626647,
    237.85892428302));
#7131 = CARTESIAN_POINT('',(162.04835218696,33.625344960358,
    238.02674405762));
#7132 = CARTESIAN_POINT('',(162.00827407071,33.817499706552,
    238.21396950991));
#7133 = CARTESIAN_POINT('',(161.97190507203,33.990827737769,
    238.41845511205));
#7134 = CARTESIAN_POINT('',(161.90267623539,34.319172395025,
    238.88962591404));
#7135 = CARTESIAN_POINT('',(161.87221182117,34.462562445347,
    239.15370141151));
#7136 = CARTESIAN_POINT('',(161.84810739595,34.575412218406,
    239.42610743301));
#7137 = CARTESIAN_POINT('',(161.83017671479,34.659069797102,
    239.70405421458));
#7138 = CARTESIAN_POINT('',(161.81827058423,34.714523225093,
    239.98546305821));
#7139 = CARTESIAN_POINT('',(161.81231074358,34.742281039395,
    240.26863234647));
#7140 = CARTESIAN_POINT('',(161.81231074358,34.742281039395,
    240.55198651616));
#7141 = PCURVE('',#1333,#7142);
#7142 = DEFINITIONAL_REPRESENTATION('',(#7143),#7206);
#7143 = B_SPLINE_CURVE_WITH_KNOTS('',7,(#7144,#7145,#7146,#7147,#7148,
    #7149,#7150,#7151,#7152,#7153,#7154,#7155,#7156,#7157,#7158,#7159,
    #7160,#7161,#7162,#7163,#7164,#7165,#7166,#7167,#7168,#7169,#7170,
    #7171,#7172,#7173,#7174,#7175,#7176,#7177,#7178,#7179,#7180,#7181,
    #7182,#7183,#7184,#7185,#7186,#7187,#7188,#7189,#7190,#7191,#7192,
    #7193,#7194,#7195,#7196,#7197,#7198,#7199,#7200,#7201,#7202,#7203,
    #7204,#7205),.UNSPECIFIED.,.F.,.F.,(8,6,6,6,6,6,6,6,6,6,8),(0.,
    0.121838942749,0.224255541183,0.309296701437,0.416501677199,
    0.531426642235,0.643352702738,0.737762068162,0.822920944334,
    0.905356353825,1.),.UNSPECIFIED.);
#7144 = CARTESIAN_POINT('',(0.,23.667096427054));
#7145 = CARTESIAN_POINT('',(9.206422218299E-02,23.667096427054));
#7146 = CARTESIAN_POINT('',(0.18404964501,23.66774720934));
#7147 = CARTESIAN_POINT('',(0.276655135121,23.669046869631));
#7148 = CARTESIAN_POINT('',(0.370512717524,23.670968601811));
#7149 = CARTESIAN_POINT('',(0.466280673782,23.673458576232));
#7150 = CARTESIAN_POINT('',(0.56463164283,23.676416151385));
#7151 = CARTESIAN_POINT('',(0.751942596401,23.682405760436));
#7152 = CARTESIAN_POINT('',(0.840654316281,23.685374937063));
#7153 = CARTESIAN_POINT('',(0.932447856419,23.688461694008));
#7154 = CARTESIAN_POINT('',(1.027357069735,23.691501752888));
#7155 = CARTESIAN_POINT('',(1.125515728711,23.694285131978));
#7156 = CARTESIAN_POINT('',(1.22718054449,23.696579048791));
#7157 = CARTESIAN_POINT('',(1.420494933608,23.699493448321));
#7158 = CARTESIAN_POINT('',(1.510032891715,23.700318599116));
#7159 = CARTESIAN_POINT('',(1.600357452885,23.700524459776));
#7160 = CARTESIAN_POINT('',(1.690589654244,23.700055873295));
#7161 = CARTESIAN_POINT('',(1.779888428607,23.698958869737));
#7162 = CARTESIAN_POINT('',(1.867300330772,23.69736919324));
#7163 = CARTESIAN_POINT('',(2.057859917194,23.693042646176));
#7164 = CARTESIAN_POINT('',(2.159534624274,23.690106729649));
#7165 = CARTESIAN_POINT('',(2.257318032954,23.68690730517));
#7166 = CARTESIAN_POINT('',(2.351685352474,23.683678022798));
#7167 = CARTESIAN_POINT('',(2.443041003344,23.680594279655));
#7168 = CARTESIAN_POINT('',(2.531708754477,23.677781778951));
#7169 = CARTESIAN_POINT('',(2.710492521199,23.672687023279));
#7170 = CARTESIAN_POINT('',(2.800671536266,23.670445621369));
#7171 = CARTESIAN_POINT('',(2.889156318618,23.668698646137));
#7172 = CARTESIAN_POINT('',(2.976490641005,23.667501932418));
#7173 = CARTESIAN_POINT('',(3.063187440361,23.666883605847));
#7174 = CARTESIAN_POINT('',(3.149768414832,23.666851806441));
#7175 = CARTESIAN_POINT('',(3.321545602682,23.667921574656));
#7176 = CARTESIAN_POINT('',(3.40661844464,23.668992937067));
#7177 = CARTESIAN_POINT('',(3.492559788546,23.670593909608));
#7178 = CARTESIAN_POINT('',(3.579878681727,23.67269209925));
#7179 = CARTESIAN_POINT('',(3.669104751846,23.67523212044));
#7180 = CARTESIAN_POINT('',(3.760786159276,23.678119971469));
#7181 = CARTESIAN_POINT('',(3.935558627738,23.683812157433));
#7182 = CARTESIAN_POINT('',(4.018367979816,23.686579025185));
#7183 = CARTESIAN_POINT('',(4.103904528235,23.689404585116));
#7184 = CARTESIAN_POINT('',(4.192154011988,23.692149392186));
#7185 = CARTESIAN_POINT('',(4.283186038153,23.694643714329));
#7186 = CARTESIAN_POINT('',(4.377165177267,23.696705565913));
#7187 = CARTESIAN_POINT('',(4.562087586466,23.69949344831));
#7188 = CARTESIAN_POINT('',(4.651625547049,23.700318599122));
#7189 = CARTESIAN_POINT('',(4.741950105433,23.70052445979));
#7190 = CARTESIAN_POINT('',(4.83218230677,23.700055873289));
#7191 = CARTESIAN_POINT('',(4.921481083914,23.698958869719));
#7192 = CARTESIAN_POINT('',(5.008892983659,23.697369193256));
#7193 = CARTESIAN_POINT('',(5.174787353713,23.693602655906));
#7194 = CARTESIAN_POINT('',(5.256390216929,23.691379956348));
#7195 = CARTESIAN_POINT('',(5.337987138384,23.688867860056));
#7196 = CARTESIAN_POINT('',(5.419584806498,23.686171364391));
#7197 = CARTESIAN_POINT('',(5.501186865057,23.683409904327));
#7198 = CARTESIAN_POINT('',(5.582788766714,23.680705373993));
#7199 = CARTESIAN_POINT('',(5.758068960717,23.675255051379));
#7200 = CARTESIAN_POINT('',(5.849017358788,23.672647330064));
#7201 = CARTESIAN_POINT('',(5.937878200754,23.670468823751));
#7202 = CARTESIAN_POINT('',(6.02520392628,23.668793350347));
#7203 = CARTESIAN_POINT('',(6.111510785756,23.667662555068));
#7204 = CARTESIAN_POINT('',(6.197320407274,23.667096427054));
#7205 = CARTESIAN_POINT('',(6.28318530718,23.667096427054));
#7206 = ( GEOMETRIC_REPRESENTATION_CONTEXT(2) 
PARAMETRIC_REPRESENTATION_CONTEXT() REPRESENTATION_CONTEXT('2D SPACE',''
  ) );
#7207 = PCURVE('',#2937,#7208);
#7208 = DEFINITIONAL_REPRESENTATION('',(#7209),#7272);
#7209 = B_SPLINE_CURVE_WITH_KNOTS('',7,(#7210,#7211,#7212,#7213,#7214,
    #7215,#7216,#7217,#7218,#7219,#7220,#7221,#7222,#7223,#7224,#7225,
    #7226,#7227,#7228,#7229,#7230,#7231,#7232,#7233,#7234,#7235,#7236,
    #7237,#7238,#7239,#7240,#7241,#7242,#7243,#7244,#7245,#7246,#7247,
    #7248,#7249,#7250,#7251,#7252,#7253,#7254,#7255,#7256,#7257,#7258,
    #7259,#7260,#7261,#7262,#7263,#7264,#7265,#7266,#7267,#7268,#7269,
    #7270,#7271),.UNSPECIFIED.,.T.,.F.,(8,6,6,6,6,6,6,6,6,6,8),(0.,
    0.121838942749,0.224255541183,0.309296701437,0.416501677199,
    0.531426642235,0.643352702738,0.737762068162,0.822920944334,
    0.905356353825,1.),.UNSPECIFIED.);
#7210 = CARTESIAN_POINT('',(0.211496355925,34.));
#7211 = CARTESIAN_POINT('',(0.211496355925,34.303811933204));
#7212 = CARTESIAN_POINT('',(0.211299148337,34.607364191813));
#7213 = CARTESIAN_POINT('',(0.210905316177,34.908754700564));
#7214 = CARTESIAN_POINT('',(0.210310677147,35.205902641631));
#7215 = CARTESIAN_POINT('',(0.20950721656,35.496177193652));
#7216 = CARTESIAN_POINT('',(0.208484179639,35.775944100866));
#7217 = CARTESIAN_POINT('',(0.206175133268,36.261824071487));
#7218 = CARTESIAN_POINT('',(0.204947756682,36.474522748974));
#7219 = CARTESIAN_POINT('',(0.203543308161,36.672832992143));
#7220 = CARTESIAN_POINT('',(0.201962680374,36.85125383634));
#7221 = CARTESIAN_POINT('',(0.20021187287,37.00397821826));
#7222 = CARTESIAN_POINT('',(0.198303012584,37.124808189922));
#7223 = CARTESIAN_POINT('',(0.194557019369,37.275207652093));
#7224 = CARTESIAN_POINT('',(0.192779808036,37.316093668584));
#7225 = CARTESIAN_POINT('',(0.19096336374,37.325782147279));
#7226 = CARTESIAN_POINT('',(0.189150591016,37.302959511149));
#7227 = CARTESIAN_POINT('',(0.18738461632,37.248813899485));
#7228 = CARTESIAN_POINT('',(0.185705049158,37.167000954517));
#7229 = CARTESIAN_POINT('',(0.182177453492,36.933282269847));
#7230 = CARTESIAN_POINT('',(0.180392876224,36.768219804705));
#7231 = CARTESIAN_POINT('',(0.178799021566,36.576244206293));
#7232 = CARTESIAN_POINT('',(0.177396292502,36.363657040182));
#7233 = CARTESIAN_POINT('',(0.176180920187,36.135663825375));
#7234 = CARTESIAN_POINT('',(0.175146791512,35.896592859476));
#7235 = CARTESIAN_POINT('',(0.173364089356,35.385649623051));
#7236 = CARTESIAN_POINT('',(0.17263727485,35.111460565802));
#7237 = CARTESIAN_POINT('',(0.172097042951,34.830813299235));
#7238 = CARTESIAN_POINT('',(0.171736456459,34.546154750003));
#7239 = CARTESIAN_POINT('',(0.171551161655,34.259386563024));
#7240 = CARTESIAN_POINT('',(0.171539888777,33.972193940462));
#7241 = CARTESIAN_POINT('',(0.171865535517,33.407896027899));
#7242 = CARTESIAN_POINT('',(0.172193185497,33.131055363382));
#7243 = CARTESIAN_POINT('',(0.172689240233,32.857294177598));
#7244 = CARTESIAN_POINT('',(0.173358467272,32.588403621103));
#7245 = CARTESIAN_POINT('',(0.174208218502,32.326711494073));
#7246 = CARTESIAN_POINT('',(0.175247491684,32.075400307434));
#7247 = CARTESIAN_POINT('',(0.177529867878,31.639522385893));
#7248 = CARTESIAN_POINT('',(0.178723699627,31.449121607082));
#7249 = CARTESIAN_POINT('',(0.180069062469,31.272183995308));
#7250 = CARTESIAN_POINT('',(0.181563717935,31.113285991756));
#7251 = CARTESIAN_POINT('',(0.18320124996,30.977144969758));
#7252 = CARTESIAN_POINT('',(0.184970519614,30.868662812614));
#7253 = CARTESIAN_POINT('',(0.188553895344,30.724792348477));
#7254 = CARTESIAN_POINT('',(0.190331106725,30.683906331135));
#7255 = CARTESIAN_POINT('',(0.192147550968,30.674217851971));
#7256 = CARTESIAN_POINT('',(0.193960323691,30.697040489157));
#7257 = CARTESIAN_POINT('',(0.19572629844,30.751186101516));
#7258 = CARTESIAN_POINT('',(0.197405865556,30.832999044621));
#7259 = CARTESIAN_POINT('',(0.200476864354,31.036466184171));
#7260 = CARTESIAN_POINT('',(0.20192992617,31.160350488254));
#7261 = CARTESIAN_POINT('',(0.203308899903,31.306937766861));
#7262 = CARTESIAN_POINT('',(0.204598432009,31.474757541456));
#7263 = CARTESIAN_POINT('',(0.20578447193,31.661982993752));
#7264 = CARTESIAN_POINT('',(0.206854577417,31.866468595887));
#7265 = CARTESIAN_POINT('',(0.208882151284,32.337639397875));
#7266 = CARTESIAN_POINT('',(0.209767893695,32.601714895354));
#7267 = CARTESIAN_POINT('',(0.210465146376,32.87412091685));
#7268 = CARTESIAN_POINT('',(0.210982110625,33.152067698423));
#7269 = CARTESIAN_POINT('',(0.21132481259,33.433476542045));
#7270 = CARTESIAN_POINT('',(0.211496355925,33.71664583031));
#7271 = CARTESIAN_POINT('',(0.211496355925,34.));
#7272 = ( GEOMETRIC_REPRESENTATION_CONTEXT(2) 
PARAMETRIC_REPRESENTATION_CONTEXT() REPRESENTATION_CONTEXT('2D SPACE',''
  ) );
#7273 = ORIENTED_EDGE('',*,*,#4102,.F.);
#7274 = ADVANCED_FACE('',(#7275),#1540,.F.);
#7275 = FACE_BOUND('',#7276,.F.);
#7276 = EDGE_LOOP('',(#7277,#7477,#7498,#7499,#7500,#7698));
#7277 = ORIENTED_EDGE('',*,*,#7278,.F.);
#7278 = EDGE_CURVE('',#7279,#3187,#7281,.T.);
#7279 = VERTEX_POINT('',#7280);
#7280 = CARTESIAN_POINT('',(117.5236165223,116.52660451381,
    240.55198651616));
#7281 = SURFACE_CURVE('',#7282,(#7345,#7411),.PCURVE_S1.);
#7282 = B_SPLINE_CURVE_WITH_KNOTS('',7,(#7283,#7284,#7285,#7286,#7287,
    #7288,#7289,#7290,#7291,#7292,#7293,#7294,#7295,#7296,#7297,#7298,
    #7299,#7300,#7301,#7302,#7303,#7304,#7305,#7306,#7307,#7308,#7309,
    #7310,#7311,#7312,#7313,#7314,#7315,#7316,#7317,#7318,#7319,#7320,
    #7321,#7322,#7323,#7324,#7325,#7326,#7327,#7328,#7329,#7330,#7331,
    #7332,#7333,#7334,#7335,#7336,#7337,#7338,#7339,#7340,#7341,#7342,
    #7343,#7344),.UNSPECIFIED.,.T.,.F.,(8,6,6,6,6,6,6,6,6,6,8),(0.,
    0.121838943319,0.224255542232,0.309296702884,0.416501679148,
    0.531426644721,0.643352705747,0.737762070905,0.82292094619,
    0.90535635481,1.),.UNSPECIFIED.);
#7283 = CARTESIAN_POINT('',(117.5236165223,116.52660451381,
    240.55198651616));
#7284 = CARTESIAN_POINT('',(117.5236165223,116.52660451381,
    240.24817458296));
#7285 = CARTESIAN_POINT('',(117.50063658956,116.54978106098,
    239.94462232435));
#7286 = CARTESIAN_POINT('',(117.45474467638,116.59606564962,
    239.6432318156));
#7287 = CARTESIAN_POINT('',(117.38542458645,116.66592120681,
    239.34608387453));
#7288 = CARTESIAN_POINT('',(117.29168539301,116.76023309858,
    239.05580932251));
#7289 = CARTESIAN_POINT('',(117.1721773468,116.88016924503,
    238.7760424153));
#7290 = CARTESIAN_POINT('',(116.90195662509,117.15038624018,
    238.29016244467));
#7291 = CARTESIAN_POINT('',(116.75816867696,117.29386866871,
    238.07746376719));
#7292 = CARTESIAN_POINT('',(116.59341711297,117.45783108255,
    237.87915352402));
#7293 = CARTESIAN_POINT('',(116.40769235709,117.64205399634,
    237.70073267982));
#7294 = CARTESIAN_POINT('',(116.2015602974,117.84569658706,
    237.5480082979));
#7295 = CARTESIAN_POINT('',(115.97629998589,118.06719513947,
    237.42717832624));
#7296 = CARTESIAN_POINT('',(115.53313379018,118.50073458645,
    237.27677886407));
#7297 = CARTESIAN_POINT('',(115.32249260496,118.70602012988,
    237.23589284758));
#7298 = CARTESIAN_POINT('',(115.10675649075,118.91538087652,
    237.22620436888));
#7299 = CARTESIAN_POINT('',(114.89098747103,119.12383431186,
    237.24902700501));
#7300 = CARTESIAN_POINT('',(114.68034435412,119.32644503329,
    237.30317261668));
#7301 = CARTESIAN_POINT('',(114.47962983813,119.51874768274,
    237.38498556164));
#7302 = CARTESIAN_POINT('',(114.05738688049,119.921926639,
    237.61870424631));
#7303 = CARTESIAN_POINT('',(113.84326216853,120.12535066574,
    237.78376671146));
#7304 = CARTESIAN_POINT('',(113.65162435347,120.30661525443,
    237.97574230987));
#7305 = CARTESIAN_POINT('',(113.48268291407,120.46584276425,
    238.18832947598));
#7306 = CARTESIAN_POINT('',(113.33611054213,120.60359464506,
    238.41632269079));
#7307 = CARTESIAN_POINT('',(113.21126689366,120.72066651457,
    238.65539365669));
#7308 = CARTESIAN_POINT('',(112.99588441841,120.92230317503,
    239.16633689311));
#7309 = CARTESIAN_POINT('',(112.90795988845,121.00439128983,
    239.44052595036));
#7310 = CARTESIAN_POINT('',(112.84255151453,121.06534707206,
    239.72117321693));
#7311 = CARTESIAN_POINT('',(112.79887275442,121.10601052786,
    240.00583176616));
#7312 = CARTESIAN_POINT('',(112.77642521707,121.12690382406,
    240.29259995314));
#7313 = CARTESIAN_POINT('',(112.7750635315,121.12817917787,
    240.5797925757));
#7314 = CARTESIAN_POINT('',(112.81450246839,121.0914478396,
    241.14409048826));
#7315 = CARTESIAN_POINT('',(112.8541806177,121.05448689591,
    241.42093115278));
#7316 = CARTESIAN_POINT('',(112.91423809964,120.99851345156,
    241.69469233856));
#7317 = CARTESIAN_POINT('',(112.99521954582,120.92295458457,
    241.96358289506));
#7318 = CARTESIAN_POINT('',(113.09796106075,120.82692288264,
    242.22527502209));
#7319 = CARTESIAN_POINT('',(113.22346788223,120.70931324825,
    242.47658620873));
#7320 = CARTESIAN_POINT('',(113.49865158261,120.45055400516,
    242.91246412877));
#7321 = CARTESIAN_POINT('',(113.64244640297,120.31505263934,
    243.1028649119));
#7322 = CARTESIAN_POINT('',(113.804292221,120.16213943122,
    243.27980251974));
#7323 = CARTESIAN_POINT('',(113.98382698663,119.99197106676,
    243.43870052262));
#7324 = CARTESIAN_POINT('',(114.18017074508,119.80516396712,
    243.57484154842));
#7325 = CARTESIAN_POINT('',(114.39187306719,119.60287034734,
    243.68332370297));
#7326 = CARTESIAN_POINT('',(114.81968130993,119.19215529888,
    243.82719416768));
#7327 = CARTESIAN_POINT('',(115.03147099868,118.98805484407,
    243.86808018503));
#7328 = CARTESIAN_POINT('',(115.24749363662,118.7789897638,
    243.87776866419));
#7329 = CARTESIAN_POINT('',(115.46261044748,118.56986333752,
    243.854946027));
#7330 = CARTESIAN_POINT('',(115.67172669077,118.36567707676,
    243.80080041465));
#7331 = CARTESIAN_POINT('',(115.87022858761,118.17109131501,
    243.71898747154));
#7332 = CARTESIAN_POINT('',(116.2325757176,117.81468855713,
    243.51552033201));
#7333 = CARTESIAN_POINT('',(116.403713543,117.64574033502,243.3916360279
    ));
#7334 = CARTESIAN_POINT('',(116.56584238345,117.4851198968,
    243.24504874927));
#7335 = CARTESIAN_POINT('',(116.71721066173,117.33467094409,
    243.07722897472));
#7336 = CARTESIAN_POINT('',(116.85623215158,117.19609703872,
    242.89000352245));
#7337 = CARTESIAN_POINT('',(116.98151383462,117.07091792552,
    242.68551792024));
#7338 = CARTESIAN_POINT('',(117.21865967613,116.83350542456,
    242.21434711829));
#7339 = CARTESIAN_POINT('',(117.32209600492,116.72963188149,
    241.95027162081));
#7340 = CARTESIAN_POINT('',(117.403431447,116.64777444166,
    241.67786559931));
#7341 = CARTESIAN_POINT('',(117.46369319952,116.58704042331,
    241.39991881774));
#7342 = CARTESIAN_POINT('',(117.50362718611,116.54676493032,
    241.11850997412));
#7343 = CARTESIAN_POINT('',(117.5236165223,116.52660451381,
    240.83534068585));
#7344 = CARTESIAN_POINT('',(117.5236165223,116.52660451381,
    240.55198651616));
#7345 = PCURVE('',#1540,#7346);
#7346 = DEFINITIONAL_REPRESENTATION('',(#7347),#7410);
#7347 = B_SPLINE_CURVE_WITH_KNOTS('',7,(#7348,#7349,#7350,#7351,#7352,
    #7353,#7354,#7355,#7356,#7357,#7358,#7359,#7360,#7361,#7362,#7363,
    #7364,#7365,#7366,#7367,#7368,#7369,#7370,#7371,#7372,#7373,#7374,
    #7375,#7376,#7377,#7378,#7379,#7380,#7381,#7382,#7383,#7384,#7385,
    #7386,#7387,#7388,#7389,#7390,#7391,#7392,#7393,#7394,#7395,#7396,
    #7397,#7398,#7399,#7400,#7401,#7402,#7403,#7404,#7405,#7406,#7407,
    #7408,#7409),.UNSPECIFIED.,.F.,.F.,(8,6,6,6,6,6,6,6,6,6,8),(0.,
    0.121838943319,0.224255542232,0.309296702884,0.416501679148,
    0.531426644721,0.643352705747,0.737762070905,0.82292094619,
    0.90535635481,1.),.UNSPECIFIED.);
#7348 = CARTESIAN_POINT('',(0.,23.667096427054));
#7349 = CARTESIAN_POINT('',(9.206422218312E-02,23.667096427054));
#7350 = CARTESIAN_POINT('',(0.18404964501,23.66774720934));
#7351 = CARTESIAN_POINT('',(0.276655135122,23.669046869631));
#7352 = CARTESIAN_POINT('',(0.370512717524,23.670968601811));
#7353 = CARTESIAN_POINT('',(0.466280673782,23.673458576232));
#7354 = CARTESIAN_POINT('',(0.56463164283,23.676416151385));
#7355 = CARTESIAN_POINT('',(0.751942596401,23.682405760436));
#7356 = CARTESIAN_POINT('',(0.840654316281,23.685374937062));
#7357 = CARTESIAN_POINT('',(0.932447856419,23.688461694008));
#7358 = CARTESIAN_POINT('',(1.027357069735,23.691501752888));
#7359 = CARTESIAN_POINT('',(1.125515728711,23.694285131978));
#7360 = CARTESIAN_POINT('',(1.22718054449,23.696579048791));
#7361 = CARTESIAN_POINT('',(1.420494933609,23.699493448321));
#7362 = CARTESIAN_POINT('',(1.510032891714,23.700318599116));
#7363 = CARTESIAN_POINT('',(1.600357452884,23.700524459776));
#7364 = CARTESIAN_POINT('',(1.690589654245,23.700055873295));
#7365 = CARTESIAN_POINT('',(1.779888428608,23.698958869737));
#7366 = CARTESIAN_POINT('',(1.867300330771,23.69736919324));
#7367 = CARTESIAN_POINT('',(2.057859917194,23.693042646176));
#7368 = CARTESIAN_POINT('',(2.159534624274,23.690106729649));
#7369 = CARTESIAN_POINT('',(2.257318032954,23.68690730517));
#7370 = CARTESIAN_POINT('',(2.351685352474,23.683678022799));
#7371 = CARTESIAN_POINT('',(2.443041003344,23.680594279655));
#7372 = CARTESIAN_POINT('',(2.531708754477,23.677781778951));
#7373 = CARTESIAN_POINT('',(2.710492521199,23.672687023279));
#7374 = CARTESIAN_POINT('',(2.800671536266,23.670445621369));
#7375 = CARTESIAN_POINT('',(2.889156318618,23.668698646137));
#7376 = CARTESIAN_POINT('',(2.976490641005,23.667501932418));
#7377 = CARTESIAN_POINT('',(3.063187440361,23.666883605847));
#7378 = CARTESIAN_POINT('',(3.149768414832,23.666851806441));
#7379 = CARTESIAN_POINT('',(3.321545602682,23.667921574656));
#7380 = CARTESIAN_POINT('',(3.40661844464,23.668992937067));
#7381 = CARTESIAN_POINT('',(3.492559788547,23.670593909608));
#7382 = CARTESIAN_POINT('',(3.579878681726,23.67269209925));
#7383 = CARTESIAN_POINT('',(3.669104751846,23.67523212044));
#7384 = CARTESIAN_POINT('',(3.760786159276,23.678119971469));
#7385 = CARTESIAN_POINT('',(3.935558627139,23.683812157413));
#7386 = CARTESIAN_POINT('',(4.018367981299,23.686579025226));
#7387 = CARTESIAN_POINT('',(4.103904527262,23.689404585097));
#7388 = CARTESIAN_POINT('',(4.192154011119,23.692149392161));
#7389 = CARTESIAN_POINT('',(4.283186039762,23.694643714362));
#7390 = CARTESIAN_POINT('',(4.377165176528,23.696705565902));
#7391 = CARTESIAN_POINT('',(4.562087586466,23.69949344831));
#7392 = CARTESIAN_POINT('',(4.651625547049,23.700318599122));
#7393 = CARTESIAN_POINT('',(4.741950105433,23.700524459789));
#7394 = CARTESIAN_POINT('',(4.83218230677,23.700055873289));
#7395 = CARTESIAN_POINT('',(4.921481083913,23.698958869719));
#7396 = CARTESIAN_POINT('',(5.00889298366,23.697369193255));
#7397 = CARTESIAN_POINT('',(5.174787353701,23.693602655906));
#7398 = CARTESIAN_POINT('',(5.256390216941,23.691379956347));
#7399 = CARTESIAN_POINT('',(5.337987138396,23.688867860056));
#7400 = CARTESIAN_POINT('',(5.419584806488,23.686171364391));
#7401 = CARTESIAN_POINT('',(5.501186865043,23.683409904327));
#7402 = CARTESIAN_POINT('',(5.582788766727,23.680705373992));
#7403 = CARTESIAN_POINT('',(5.758068960716,23.675255051379));
#7404 = CARTESIAN_POINT('',(5.849017358789,23.672647330063));
#7405 = CARTESIAN_POINT('',(5.937878200754,23.670468823751));
#7406 = CARTESIAN_POINT('',(6.025203926279,23.668793350347));
#7407 = CARTESIAN_POINT('',(6.111510785756,23.667662555068));
#7408 = CARTESIAN_POINT('',(6.197320407273,23.667096427054));
#7409 = CARTESIAN_POINT('',(6.28318530718,23.667096427054));
#7410 = ( GEOMETRIC_REPRESENTATION_CONTEXT(2) 
PARAMETRIC_REPRESENTATION_CONTEXT() REPRESENTATION_CONTEXT('2D SPACE',''
  ) );
#7411 = PCURVE('',#2937,#7412);
#7412 = DEFINITIONAL_REPRESENTATION('',(#7413),#7476);
#7413 = B_SPLINE_CURVE_WITH_KNOTS('',7,(#7414,#7415,#7416,#7417,#7418,
    #7419,#7420,#7421,#7422,#7423,#7424,#7425,#7426,#7427,#7428,#7429,
    #7430,#7431,#7432,#7433,#7434,#7435,#7436,#7437,#7438,#7439,#7440,
    #7441,#7442,#7443,#7444,#7445,#7446,#7447,#7448,#7449,#7450,#7451,
    #7452,#7453,#7454,#7455,#7456,#7457,#7458,#7459,#7460,#7461,#7462,
    #7463,#7464,#7465,#7466,#7467,#7468,#7469,#7470,#7471,#7472,#7473,
    #7474,#7475),.UNSPECIFIED.,.T.,.F.,(8,6,6,6,6,6,6,6,6,6,8),(0.,
    0.121838943319,0.224255542232,0.309296702884,0.416501679148,
    0.531426644721,0.643352705747,0.737762070905,0.82292094619,
    0.90535635481,1.),.UNSPECIFIED.);
#7414 = CARTESIAN_POINT('',(0.781138368326,34.));
#7415 = CARTESIAN_POINT('',(0.781138368326,33.696188066796));
#7416 = CARTESIAN_POINT('',(0.781335575914,33.392635808188));
#7417 = CARTESIAN_POINT('',(0.781729408074,33.091245299435));
#7418 = CARTESIAN_POINT('',(0.782324047104,32.79409735837));
#7419 = CARTESIAN_POINT('',(0.783127507691,32.503822806347));
#7420 = CARTESIAN_POINT('',(0.784150544612,32.224055899134));
#7421 = CARTESIAN_POINT('',(0.786459590983,31.738175928513));
#7422 = CARTESIAN_POINT('',(0.787686967569,31.525477251026));
#7423 = CARTESIAN_POINT('',(0.78909141609,31.327167007857));
#7424 = CARTESIAN_POINT('',(0.790672043877,31.14874616366));
#7425 = CARTESIAN_POINT('',(0.792422851381,30.99602178174));
#7426 = CARTESIAN_POINT('',(0.794331711667,30.875191810078));
#7427 = CARTESIAN_POINT('',(0.798077704882,30.724792347907));
#7428 = CARTESIAN_POINT('',(0.799854916215,30.683906331417));
#7429 = CARTESIAN_POINT('',(0.801671360511,30.67421785272));
#7430 = CARTESIAN_POINT('',(0.803484133235,30.697040488851));
#7431 = CARTESIAN_POINT('',(0.805250107931,30.751186100516));
#7432 = CARTESIAN_POINT('',(0.806929675093,30.832999045482));
#7433 = CARTESIAN_POINT('',(0.810457270759,31.066717730153));
#7434 = CARTESIAN_POINT('',(0.812241848026,31.231780195295));
#7435 = CARTESIAN_POINT('',(0.813835702685,31.423755793706));
#7436 = CARTESIAN_POINT('',(0.815238431749,31.636342959818));
#7437 = CARTESIAN_POINT('',(0.816453804064,31.864336174625));
#7438 = CARTESIAN_POINT('',(0.817487932739,32.103407140524));
#7439 = CARTESIAN_POINT('',(0.819270634895,32.61435037695));
#7440 = CARTESIAN_POINT('',(0.819997449401,32.888539434198));
#7441 = CARTESIAN_POINT('',(0.8205376813,33.169186700765));
#7442 = CARTESIAN_POINT('',(0.820898267792,33.453845249998));
#7443 = CARTESIAN_POINT('',(0.821083562596,33.740613436977));
#7444 = CARTESIAN_POINT('',(0.821094835474,34.027806059538));
#7445 = CARTESIAN_POINT('',(0.820769188734,34.592103972101));
#7446 = CARTESIAN_POINT('',(0.820441538754,34.868944636618));
#7447 = CARTESIAN_POINT('',(0.819945484018,35.142705822402));
#7448 = CARTESIAN_POINT('',(0.819276256979,35.411596378896));
#7449 = CARTESIAN_POINT('',(0.818426505749,35.673288505927));
#7450 = CARTESIAN_POINT('',(0.817387232567,35.924599692566));
#7451 = CARTESIAN_POINT('',(0.815104856381,36.360477612614));
#7452 = CARTESIAN_POINT('',(0.813911024602,36.55087839574));
#7453 = CARTESIAN_POINT('',(0.8125656618,36.727816003574));
#7454 = CARTESIAN_POINT('',(0.811071006329,36.88671400646));
#7455 = CARTESIAN_POINT('',(0.809433474262,37.02285503226));
#7456 = CARTESIAN_POINT('',(0.807664204651,37.131337186811));
#7457 = CARTESIAN_POINT('',(0.804080828907,37.275207651523));
#7458 = CARTESIAN_POINT('',(0.802303617526,37.316093668866));
#7459 = CARTESIAN_POINT('',(0.800487173283,37.325782148028));
#7460 = CARTESIAN_POINT('',(0.79867440056,37.302959510842));
#7461 = CARTESIAN_POINT('',(0.796908425811,37.248813898485));
#7462 = CARTESIAN_POINT('',(0.795228858695,37.167000955378));
#7463 = CARTESIAN_POINT('',(0.792157859897,36.963533815844));
#7464 = CARTESIAN_POINT('',(0.790704798081,36.839649511739));
#7465 = CARTESIAN_POINT('',(0.789325824348,36.693062233109));
#7466 = CARTESIAN_POINT('',(0.788036292242,36.525242458555));
#7467 = CARTESIAN_POINT('',(0.786850252321,36.338017006292));
#7468 = CARTESIAN_POINT('',(0.785780146834,36.133531404077));
#7469 = CARTESIAN_POINT('',(0.783752572967,35.662360602125));
#7470 = CARTESIAN_POINT('',(0.782866830556,35.398285104646));
#7471 = CARTESIAN_POINT('',(0.782169577875,35.12587908315));
#7472 = CARTESIAN_POINT('',(0.781652613626,34.847932301577));
#7473 = CARTESIAN_POINT('',(0.781309911661,34.566523457955));
#7474 = CARTESIAN_POINT('',(0.781138368326,34.28335416969));
#7475 = CARTESIAN_POINT('',(0.781138368326,34.));
#7476 = ( GEOMETRIC_REPRESENTATION_CONTEXT(2) 
PARAMETRIC_REPRESENTATION_CONTEXT() REPRESENTATION_CONTEXT('2D SPACE',''
  ) );
#7477 = ORIENTED_EDGE('',*,*,#7478,.F.);
#7478 = EDGE_CURVE('',#1407,#7279,#7479,.T.);
#7479 = SEAM_CURVE('',#7480,(#7484,#7491),.PCURVE_S1.);
#7480 = LINE('',#7481,#7482);
#7481 = CARTESIAN_POINT('',(101.05292475864,99.531082570841,
    240.55198651616));
#7482 = VECTOR('',#7483,1.);
#7483 = DIRECTION('',(0.695932085054,0.718107605441,0.));
#7484 = PCURVE('',#1540,#7485);
#7485 = DEFINITIONAL_REPRESENTATION('',(#7486),#7490);
#7486 = LINE('',#7487,#7488);
#7487 = CARTESIAN_POINT('',(6.28318530718,-0.));
#7488 = VECTOR('',#7489,1.);
#7489 = DIRECTION('',(0.,1.));
#7490 = ( GEOMETRIC_REPRESENTATION_CONTEXT(2) 
PARAMETRIC_REPRESENTATION_CONTEXT() REPRESENTATION_CONTEXT('2D SPACE',''
  ) );
#7491 = PCURVE('',#1540,#7492);
#7492 = DEFINITIONAL_REPRESENTATION('',(#7493),#7497);
#7493 = LINE('',#7494,#7495);
#7494 = CARTESIAN_POINT('',(0.,-0.));
#7495 = VECTOR('',#7496,1.);
#7496 = DIRECTION('',(0.,1.));
#7497 = ( GEOMETRIC_REPRESENTATION_CONTEXT(2) 
PARAMETRIC_REPRESENTATION_CONTEXT() REPRESENTATION_CONTEXT('2D SPACE',''
  ) );
#7498 = ORIENTED_EDGE('',*,*,#1406,.T.);
#7499 = ORIENTED_EDGE('',*,*,#7478,.T.);
#7500 = ORIENTED_EDGE('',*,*,#7501,.F.);
#7501 = EDGE_CURVE('',#2448,#7279,#7502,.T.);
#7502 = SURFACE_CURVE('',#7503,(#7566,#7632),.PCURVE_S1.);
#7503 = B_SPLINE_CURVE_WITH_KNOTS('',7,(#7504,#7505,#7506,#7507,#7508,
    #7509,#7510,#7511,#7512,#7513,#7514,#7515,#7516,#7517,#7518,#7519,
    #7520,#7521,#7522,#7523,#7524,#7525,#7526,#7527,#7528,#7529,#7530,
    #7531,#7532,#7533,#7534,#7535,#7536,#7537,#7538,#7539,#7540,#7541,
    #7542,#7543,#7544,#7545,#7546,#7547,#7548,#7549,#7550,#7551,#7552,
    #7553,#7554,#7555,#7556,#7557,#7558,#7559,#7560,#7561,#7562,#7563,
    #7564,#7565),.UNSPECIFIED.,.T.,.F.,(8,6,6,6,6,6,6,6,6,6,8),(0.,
    0.121838943319,0.224255542232,0.309296702884,0.416501679148,
    0.531426644721,0.643352705747,0.737762070905,0.82292094619,
    0.90535635481,1.),.UNSPECIFIED.);
#7504 = CARTESIAN_POINT('',(117.5236165223,116.52660451381,
    240.55198651616));
#7505 = CARTESIAN_POINT('',(117.5236165223,116.52660451381,
    240.24817458296));
#7506 = CARTESIAN_POINT('',(117.50063658956,116.54978106098,
    239.94462232435));
#7507 = CARTESIAN_POINT('',(117.45474467638,116.59606564962,
    239.6432318156));
#7508 = CARTESIAN_POINT('',(117.38542458645,116.66592120681,
    239.34608387453));
#7509 = CARTESIAN_POINT('',(117.29168539301,116.76023309858,
    239.05580932251));
#7510 = CARTESIAN_POINT('',(117.1721773468,116.88016924503,
    238.7760424153));
#7511 = CARTESIAN_POINT('',(116.90195662509,117.15038624018,
    238.29016244467));
#7512 = CARTESIAN_POINT('',(116.75816867696,117.29386866871,
    238.07746376719));
#7513 = CARTESIAN_POINT('',(116.59341711297,117.45783108255,
    237.87915352402));
#7514 = CARTESIAN_POINT('',(116.40769235709,117.64205399634,
    237.70073267982));
#7515 = CARTESIAN_POINT('',(116.2015602974,117.84569658706,
    237.5480082979));
#7516 = CARTESIAN_POINT('',(115.97629998589,118.06719513947,
    237.42717832624));
#7517 = CARTESIAN_POINT('',(115.53313379018,118.50073458645,
    237.27677886407));
#7518 = CARTESIAN_POINT('',(115.32249260496,118.70602012988,
    237.23589284758));
#7519 = CARTESIAN_POINT('',(115.10675649075,118.91538087652,
    237.22620436888));
#7520 = CARTESIAN_POINT('',(114.89098747103,119.12383431186,
    237.24902700501));
#7521 = CARTESIAN_POINT('',(114.68034435412,119.32644503329,
    237.30317261668));
#7522 = CARTESIAN_POINT('',(114.47962983813,119.51874768274,
    237.38498556164));
#7523 = CARTESIAN_POINT('',(114.05738688049,119.921926639,
    237.61870424631));
#7524 = CARTESIAN_POINT('',(113.84326216853,120.12535066574,
    237.78376671146));
#7525 = CARTESIAN_POINT('',(113.65162435347,120.30661525443,
    237.97574230987));
#7526 = CARTESIAN_POINT('',(113.48268291407,120.46584276425,
    238.18832947598));
#7527 = CARTESIAN_POINT('',(113.33611054213,120.60359464506,
    238.41632269079));
#7528 = CARTESIAN_POINT('',(113.21126689366,120.72066651457,
    238.65539365669));
#7529 = CARTESIAN_POINT('',(112.99588441841,120.92230317503,
    239.16633689311));
#7530 = CARTESIAN_POINT('',(112.90795988845,121.00439128983,
    239.44052595036));
#7531 = CARTESIAN_POINT('',(112.84255151453,121.06534707206,
    239.72117321693));
#7532 = CARTESIAN_POINT('',(112.79887275442,121.10601052786,
    240.00583176616));
#7533 = CARTESIAN_POINT('',(112.77642521707,121.12690382406,
    240.29259995314));
#7534 = CARTESIAN_POINT('',(112.7750635315,121.12817917787,
    240.5797925757));
#7535 = CARTESIAN_POINT('',(112.81450246839,121.0914478396,
    241.14409048826));
#7536 = CARTESIAN_POINT('',(112.8541806177,121.05448689591,
    241.42093115278));
#7537 = CARTESIAN_POINT('',(112.91423809964,120.99851345156,
    241.69469233856));
#7538 = CARTESIAN_POINT('',(112.99521954582,120.92295458457,
    241.96358289506));
#7539 = CARTESIAN_POINT('',(113.09796106075,120.82692288264,
    242.22527502209));
#7540 = CARTESIAN_POINT('',(113.22346788223,120.70931324825,
    242.47658620873));
#7541 = CARTESIAN_POINT('',(113.49865158261,120.45055400516,
    242.91246412877));
#7542 = CARTESIAN_POINT('',(113.64244640297,120.31505263934,
    243.1028649119));
#7543 = CARTESIAN_POINT('',(113.804292221,120.16213943122,
    243.27980251974));
#7544 = CARTESIAN_POINT('',(113.98382698663,119.99197106676,
    243.43870052262));
#7545 = CARTESIAN_POINT('',(114.18017074508,119.80516396712,
    243.57484154842));
#7546 = CARTESIAN_POINT('',(114.39187306719,119.60287034734,
    243.68332370297));
#7547 = CARTESIAN_POINT('',(114.81968130993,119.19215529888,
    243.82719416768));
#7548 = CARTESIAN_POINT('',(115.03147099868,118.98805484407,
    243.86808018503));
#7549 = CARTESIAN_POINT('',(115.24749363662,118.7789897638,
    243.87776866419));
#7550 = CARTESIAN_POINT('',(115.46261044748,118.56986333752,
    243.854946027));
#7551 = CARTESIAN_POINT('',(115.67172669077,118.36567707676,
    243.80080041465));
#7552 = CARTESIAN_POINT('',(115.87022858761,118.17109131501,
    243.71898747154));
#7553 = CARTESIAN_POINT('',(116.2325757176,117.81468855713,
    243.51552033201));
#7554 = CARTESIAN_POINT('',(116.403713543,117.64574033502,243.3916360279
    ));
#7555 = CARTESIAN_POINT('',(116.56584238345,117.4851198968,
    243.24504874927));
#7556 = CARTESIAN_POINT('',(116.71721066173,117.33467094409,
    243.07722897472));
#7557 = CARTESIAN_POINT('',(116.85623215158,117.19609703872,
    242.89000352245));
#7558 = CARTESIAN_POINT('',(116.98151383462,117.07091792552,
    242.68551792024));
#7559 = CARTESIAN_POINT('',(117.21865967613,116.83350542456,
    242.21434711829));
#7560 = CARTESIAN_POINT('',(117.32209600492,116.72963188149,
    241.95027162081));
#7561 = CARTESIAN_POINT('',(117.403431447,116.64777444166,
    241.67786559931));
#7562 = CARTESIAN_POINT('',(117.46369319952,116.58704042331,
    241.39991881774));
#7563 = CARTESIAN_POINT('',(117.50362718611,116.54676493032,
    241.11850997412));
#7564 = CARTESIAN_POINT('',(117.5236165223,116.52660451381,
    240.83534068585));
#7565 = CARTESIAN_POINT('',(117.5236165223,116.52660451381,
    240.55198651616));
#7566 = PCURVE('',#1540,#7567);
#7567 = DEFINITIONAL_REPRESENTATION('',(#7568),#7631);
#7568 = B_SPLINE_CURVE_WITH_KNOTS('',7,(#7569,#7570,#7571,#7572,#7573,
    #7574,#7575,#7576,#7577,#7578,#7579,#7580,#7581,#7582,#7583,#7584,
    #7585,#7586,#7587,#7588,#7589,#7590,#7591,#7592,#7593,#7594,#7595,
    #7596,#7597,#7598,#7599,#7600,#7601,#7602,#7603,#7604,#7605,#7606,
    #7607,#7608,#7609,#7610,#7611,#7612,#7613,#7614,#7615,#7616,#7617,
    #7618,#7619,#7620,#7621,#7622,#7623,#7624,#7625,#7626,#7627,#7628,
    #7629,#7630),.UNSPECIFIED.,.F.,.F.,(8,6,6,6,6,6,6,6,6,6,8),(0.,
    0.121838943319,0.224255542232,0.309296702884,0.416501679148,
    0.531426644721,0.643352705747,0.737762070905,0.82292094619,
    0.90535635481,1.),.UNSPECIFIED.);
#7569 = CARTESIAN_POINT('',(0.,23.667096427054));
#7570 = CARTESIAN_POINT('',(9.206422218312E-02,23.667096427054));
#7571 = CARTESIAN_POINT('',(0.18404964501,23.66774720934));
#7572 = CARTESIAN_POINT('',(0.276655135122,23.669046869631));
#7573 = CARTESIAN_POINT('',(0.370512717524,23.670968601811));
#7574 = CARTESIAN_POINT('',(0.466280673782,23.673458576232));
#7575 = CARTESIAN_POINT('',(0.56463164283,23.676416151385));
#7576 = CARTESIAN_POINT('',(0.751942596401,23.682405760436));
#7577 = CARTESIAN_POINT('',(0.840654316281,23.685374937062));
#7578 = CARTESIAN_POINT('',(0.932447856419,23.688461694008));
#7579 = CARTESIAN_POINT('',(1.027357069735,23.691501752888));
#7580 = CARTESIAN_POINT('',(1.125515728711,23.694285131978));
#7581 = CARTESIAN_POINT('',(1.22718054449,23.696579048791));
#7582 = CARTESIAN_POINT('',(1.420494933609,23.699493448321));
#7583 = CARTESIAN_POINT('',(1.510032891714,23.700318599116));
#7584 = CARTESIAN_POINT('',(1.600357452884,23.700524459776));
#7585 = CARTESIAN_POINT('',(1.690589654245,23.700055873295));
#7586 = CARTESIAN_POINT('',(1.779888428608,23.698958869737));
#7587 = CARTESIAN_POINT('',(1.867300330771,23.69736919324));
#7588 = CARTESIAN_POINT('',(2.057859917194,23.693042646176));
#7589 = CARTESIAN_POINT('',(2.159534624274,23.690106729649));
#7590 = CARTESIAN_POINT('',(2.257318032954,23.68690730517));
#7591 = CARTESIAN_POINT('',(2.351685352474,23.683678022799));
#7592 = CARTESIAN_POINT('',(2.443041003344,23.680594279655));
#7593 = CARTESIAN_POINT('',(2.531708754477,23.677781778951));
#7594 = CARTESIAN_POINT('',(2.710492521199,23.672687023279));
#7595 = CARTESIAN_POINT('',(2.800671536266,23.670445621369));
#7596 = CARTESIAN_POINT('',(2.889156318618,23.668698646137));
#7597 = CARTESIAN_POINT('',(2.976490641005,23.667501932418));
#7598 = CARTESIAN_POINT('',(3.063187440361,23.666883605847));
#7599 = CARTESIAN_POINT('',(3.149768414832,23.666851806441));
#7600 = CARTESIAN_POINT('',(3.321545602682,23.667921574656));
#7601 = CARTESIAN_POINT('',(3.40661844464,23.668992937067));
#7602 = CARTESIAN_POINT('',(3.492559788547,23.670593909608));
#7603 = CARTESIAN_POINT('',(3.579878681726,23.67269209925));
#7604 = CARTESIAN_POINT('',(3.669104751846,23.67523212044));
#7605 = CARTESIAN_POINT('',(3.760786159276,23.678119971469));
#7606 = CARTESIAN_POINT('',(3.935558627139,23.683812157413));
#7607 = CARTESIAN_POINT('',(4.018367981299,23.686579025226));
#7608 = CARTESIAN_POINT('',(4.103904527262,23.689404585097));
#7609 = CARTESIAN_POINT('',(4.192154011119,23.692149392161));
#7610 = CARTESIAN_POINT('',(4.283186039762,23.694643714362));
#7611 = CARTESIAN_POINT('',(4.377165176528,23.696705565902));
#7612 = CARTESIAN_POINT('',(4.562087586466,23.69949344831));
#7613 = CARTESIAN_POINT('',(4.651625547049,23.700318599122));
#7614 = CARTESIAN_POINT('',(4.741950105433,23.700524459789));
#7615 = CARTESIAN_POINT('',(4.83218230677,23.700055873289));
#7616 = CARTESIAN_POINT('',(4.921481083913,23.698958869719));
#7617 = CARTESIAN_POINT('',(5.00889298366,23.697369193255));
#7618 = CARTESIAN_POINT('',(5.174787353701,23.693602655906));
#7619 = CARTESIAN_POINT('',(5.256390216941,23.691379956347));
#7620 = CARTESIAN_POINT('',(5.337987138396,23.688867860056));
#7621 = CARTESIAN_POINT('',(5.419584806488,23.686171364391));
#7622 = CARTESIAN_POINT('',(5.501186865043,23.683409904327));
#7623 = CARTESIAN_POINT('',(5.582788766727,23.680705373992));
#7624 = CARTESIAN_POINT('',(5.758068960716,23.675255051379));
#7625 = CARTESIAN_POINT('',(5.849017358789,23.672647330063));
#7626 = CARTESIAN_POINT('',(5.937878200754,23.670468823751));
#7627 = CARTESIAN_POINT('',(6.025203926279,23.668793350347));
#7628 = CARTESIAN_POINT('',(6.111510785756,23.667662555068));
#7629 = CARTESIAN_POINT('',(6.197320407273,23.667096427054));
#7630 = CARTESIAN_POINT('',(6.28318530718,23.667096427054));
#7631 = ( GEOMETRIC_REPRESENTATION_CONTEXT(2) 
PARAMETRIC_REPRESENTATION_CONTEXT() REPRESENTATION_CONTEXT('2D SPACE',''
  ) );
#7632 = PCURVE('',#2937,#7633);
#7633 = DEFINITIONAL_REPRESENTATION('',(#7634),#7697);
#7634 = B_SPLINE_CURVE_WITH_KNOTS('',7,(#7635,#7636,#7637,#7638,#7639,
    #7640,#7641,#7642,#7643,#7644,#7645,#7646,#7647,#7648,#7649,#7650,
    #7651,#7652,#7653,#7654,#7655,#7656,#7657,#7658,#7659,#7660,#7661,
    #7662,#7663,#7664,#7665,#7666,#7667,#7668,#7669,#7670,#7671,#7672,
    #7673,#7674,#7675,#7676,#7677,#7678,#7679,#7680,#7681,#7682,#7683,
    #7684,#7685,#7686,#7687,#7688,#7689,#7690,#7691,#7692,#7693,#7694,
    #7695,#7696),.UNSPECIFIED.,.T.,.F.,(8,6,6,6,6,6,6,6,6,6,8),(0.,
    0.121838943319,0.224255542232,0.309296702884,0.416501679148,
    0.531426644721,0.643352705747,0.737762070905,0.82292094619,
    0.90535635481,1.),.UNSPECIFIED.);
#7635 = CARTESIAN_POINT('',(0.781138368326,34.));
#7636 = CARTESIAN_POINT('',(0.781138368326,33.696188066796));
#7637 = CARTESIAN_POINT('',(0.781335575914,33.392635808188));
#7638 = CARTESIAN_POINT('',(0.781729408074,33.091245299435));
#7639 = CARTESIAN_POINT('',(0.782324047104,32.79409735837));
#7640 = CARTESIAN_POINT('',(0.783127507691,32.503822806347));
#7641 = CARTESIAN_POINT('',(0.784150544612,32.224055899134));
#7642 = CARTESIAN_POINT('',(0.786459590983,31.738175928513));
#7643 = CARTESIAN_POINT('',(0.787686967569,31.525477251026));
#7644 = CARTESIAN_POINT('',(0.78909141609,31.327167007857));
#7645 = CARTESIAN_POINT('',(0.790672043877,31.14874616366));
#7646 = CARTESIAN_POINT('',(0.792422851381,30.99602178174));
#7647 = CARTESIAN_POINT('',(0.794331711667,30.875191810078));
#7648 = CARTESIAN_POINT('',(0.798077704882,30.724792347907));
#7649 = CARTESIAN_POINT('',(0.799854916215,30.683906331417));
#7650 = CARTESIAN_POINT('',(0.801671360511,30.67421785272));
#7651 = CARTESIAN_POINT('',(0.803484133235,30.697040488851));
#7652 = CARTESIAN_POINT('',(0.805250107931,30.751186100516));
#7653 = CARTESIAN_POINT('',(0.806929675093,30.832999045482));
#7654 = CARTESIAN_POINT('',(0.810457270759,31.066717730153));
#7655 = CARTESIAN_POINT('',(0.812241848026,31.231780195295));
#7656 = CARTESIAN_POINT('',(0.813835702685,31.423755793706));
#7657 = CARTESIAN_POINT('',(0.815238431749,31.636342959818));
#7658 = CARTESIAN_POINT('',(0.816453804064,31.864336174625));
#7659 = CARTESIAN_POINT('',(0.817487932739,32.103407140524));
#7660 = CARTESIAN_POINT('',(0.819270634895,32.61435037695));
#7661 = CARTESIAN_POINT('',(0.819997449401,32.888539434198));
#7662 = CARTESIAN_POINT('',(0.8205376813,33.169186700765));
#7663 = CARTESIAN_POINT('',(0.820898267792,33.453845249998));
#7664 = CARTESIAN_POINT('',(0.821083562596,33.740613436977));
#7665 = CARTESIAN_POINT('',(0.821094835474,34.027806059538));
#7666 = CARTESIAN_POINT('',(0.820769188734,34.592103972101));
#7667 = CARTESIAN_POINT('',(0.820441538754,34.868944636618));
#7668 = CARTESIAN_POINT('',(0.819945484018,35.142705822402));
#7669 = CARTESIAN_POINT('',(0.819276256979,35.411596378896));
#7670 = CARTESIAN_POINT('',(0.818426505749,35.673288505927));
#7671 = CARTESIAN_POINT('',(0.817387232567,35.924599692566));
#7672 = CARTESIAN_POINT('',(0.815104856381,36.360477612614));
#7673 = CARTESIAN_POINT('',(0.813911024602,36.55087839574));
#7674 = CARTESIAN_POINT('',(0.8125656618,36.727816003574));
#7675 = CARTESIAN_POINT('',(0.811071006329,36.88671400646));
#7676 = CARTESIAN_POINT('',(0.809433474262,37.02285503226));
#7677 = CARTESIAN_POINT('',(0.807664204651,37.131337186811));
#7678 = CARTESIAN_POINT('',(0.804080828907,37.275207651523));
#7679 = CARTESIAN_POINT('',(0.802303617526,37.316093668866));
#7680 = CARTESIAN_POINT('',(0.800487173283,37.325782148028));
#7681 = CARTESIAN_POINT('',(0.79867440056,37.302959510842));
#7682 = CARTESIAN_POINT('',(0.796908425811,37.248813898485));
#7683 = CARTESIAN_POINT('',(0.795228858695,37.167000955378));
#7684 = CARTESIAN_POINT('',(0.792157859897,36.963533815844));
#7685 = CARTESIAN_POINT('',(0.790704798081,36.839649511739));
#7686 = CARTESIAN_POINT('',(0.789325824348,36.693062233109));
#7687 = CARTESIAN_POINT('',(0.788036292242,36.525242458555));
#7688 = CARTESIAN_POINT('',(0.786850252321,36.338017006292));
#7689 = CARTESIAN_POINT('',(0.785780146834,36.133531404077));
#7690 = CARTESIAN_POINT('',(0.783752572967,35.662360602125));
#7691 = CARTESIAN_POINT('',(0.782866830556,35.398285104646));
#7692 = CARTESIAN_POINT('',(0.782169577875,35.12587908315));
#7693 = CARTESIAN_POINT('',(0.781652613626,34.847932301577));
#7694 = CARTESIAN_POINT('',(0.781309911661,34.566523457955));
#7695 = CARTESIAN_POINT('',(0.781138368326,34.28335416969));
#7696 = CARTESIAN_POINT('',(0.781138368326,34.));
#7697 = ( GEOMETRIC_REPRESENTATION_CONTEXT(2) 
PARAMETRIC_REPRESENTATION_CONTEXT() REPRESENTATION_CONTEXT('2D SPACE',''
  ) );
#7698 = ORIENTED_EDGE('',*,*,#3186,.F.);
#7699 = ADVANCED_FACE('',(#7700),#1747,.F.);
#7700 = FACE_BOUND('',#7701,.F.);
#7701 = EDGE_LOOP('',(#7702,#7902,#7923,#7924,#7925,#8123));
#7702 = ORIENTED_EDGE('',*,*,#7703,.F.);
#7703 = EDGE_CURVE('',#7704,#5019,#7706,.T.);
#7704 = VERTEX_POINT('',#7705);
#7705 = CARTESIAN_POINT('',(161.81231074358,34.742281039395,
    336.55198651616));
#7706 = SURFACE_CURVE('',#7707,(#7770,#7836),.PCURVE_S1.);
#7707 = B_SPLINE_CURVE_WITH_KNOTS('',7,(#7708,#7709,#7710,#7711,#7712,
    #7713,#7714,#7715,#7716,#7717,#7718,#7719,#7720,#7721,#7722,#7723,
    #7724,#7725,#7726,#7727,#7728,#7729,#7730,#7731,#7732,#7733,#7734,
    #7735,#7736,#7737,#7738,#7739,#7740,#7741,#7742,#7743,#7744,#7745,
    #7746,#7747,#7748,#7749,#7750,#7751,#7752,#7753,#7754,#7755,#7756,
    #7757,#7758,#7759,#7760,#7761,#7762,#7763,#7764,#7765,#7766,#7767,
    #7768,#7769),.UNSPECIFIED.,.T.,.F.,(8,6,6,6,6,6,6,6,6,6,8),(0.,
    0.121838937125,0.224255531573,0.30929669063,0.416501664052,
    0.531426627809,0.643352688238,0.73776205506,0.822920934497,
    0.90535634789,1.),.UNSPECIFIED.);
#7708 = CARTESIAN_POINT('',(161.81231074358,34.742281039395,
    336.55198651616));
#7709 = CARTESIAN_POINT('',(161.81231074358,34.742281039395,
    336.85579844175));
#7710 = CARTESIAN_POINT('',(161.81916218202,34.710370424819,
    337.15935072622));
#7711 = CARTESIAN_POINT('',(161.83284482524,34.646643527535,
    337.46074120408));
#7712 = CARTESIAN_POINT('',(161.85346425707,34.550415111486,
    337.7578891504));
#7713 = CARTESIAN_POINT('',(161.88122043501,34.420371381336,
    338.04816372498));
#7714 = CARTESIAN_POINT('',(161.91635381651,34.25474381318,
    338.3279306103));
#7715 = CARTESIAN_POINT('',(161.9949804587,33.880772794984,
    338.81381059491));
#7716 = CARTESIAN_POINT('',(162.03656450554,33.681943876898,
    339.02650925085));
#7717 = CARTESIAN_POINT('',(162.08384360383,33.454366520406,
    339.22481951421));
#7718 = CARTESIAN_POINT('',(162.1366286895,33.198152743648,
    339.40324036168));
#7719 = CARTESIAN_POINT('',(162.19452485049,32.914235950071,
    339.5559647241));
#7720 = CARTESIAN_POINT('',(162.2569215268,32.604541756594,
    339.67679470886));
#7721 = CARTESIAN_POINT('',(162.3778134565,31.996481025174,
    339.82719416764));
#7722 = CARTESIAN_POINT('',(162.43462137669,31.707890089201,
    339.86808018511));
#7723 = CARTESIAN_POINT('',(162.49205784523,31.412805287917,
    339.87776866413));
#7724 = CARTESIAN_POINT('',(162.54871648814,31.11818875325,
    339.85494602697));
#7725 = CARTESIAN_POINT('',(162.60328327299,30.831057949844,
    339.80080041475));
#7726 = CARTESIAN_POINT('',(162.65464320105,30.557875264255,
    339.71898747147));
#7727 = CARTESIAN_POINT('',(162.76154341369,29.983928635332,
    339.48526878602));
#7728 = CARTESIAN_POINT('',(162.81488867427,29.693437654202,
    339.32020632088));
#7729 = CARTESIAN_POINT('',(162.86196485631,29.433888552155,
    339.12823072244));
#7730 = CARTESIAN_POINT('',(162.90298890885,29.205389893638,
    338.91564355632));
#7731 = CARTESIAN_POINT('',(162.93825215947,29.007360744198,
    338.68765034153));
#7732 = CARTESIAN_POINT('',(162.96807097458,28.838830042379,
    338.44857937567));
#7733 = CARTESIAN_POINT('',(163.019232023,28.54826249155,337.93763613635
    ));
#7734 = CARTESIAN_POINT('',(163.03992879117,28.429768507061,
    337.66344708879));
#7735 = CARTESIAN_POINT('',(163.05523264037,28.341679600571,
    337.38279981121));
#7736 = CARTESIAN_POINT('',(163.06541721436,28.282878024533,
    337.09814126207));
#7737 = CARTESIAN_POINT('',(163.0706474477,28.252661038052,
    336.81137308612));
#7738 = CARTESIAN_POINT('',(163.07097137561,28.250823706487,
    336.52418045362));
#7739 = CARTESIAN_POINT('',(163.06176282647,28.303925717242,
    335.95988254406));
#7740 = CARTESIAN_POINT('',(163.05249271597,28.357353537164,
    335.68304187954));
#7741 = CARTESIAN_POINT('',(163.03843723577,28.438238462132,
    335.40928069376));
#7742 = CARTESIAN_POINT('',(163.01941421475,28.547349697468,
    335.14039013726));
#7743 = CARTESIAN_POINT('',(162.99513739167,28.685872412312,
    334.87869801023));
#7744 = CARTESIAN_POINT('',(162.96523062957,28.855252381373,
    334.6273868236));
#7745 = CARTESIAN_POINT('',(162.89891169261,29.227118239496,
    334.19150889897));
#7746 = CARTESIAN_POINT('',(162.86401528974,29.421591387517,
    334.00110812926));
#7747 = CARTESIAN_POINT('',(162.82440161102,29.640697033124,
    333.82417050899));
#7748 = CARTESIAN_POINT('',(162.78000403207,29.884046284396,
    333.66527250406));
#7749 = CARTESIAN_POINT('',(162.73085790314,30.150565345959,
    333.52913149027));
#7750 = CARTESIAN_POINT('',(162.67713551859,30.43840992241,
    333.42064932758));
#7751 = CARTESIAN_POINT('',(162.56696541204,31.021135659896,
    333.27677886411));
#7752 = CARTESIAN_POINT('',(162.51177760977,31.310040782633,
    333.2358928475));
#7753 = CARTESIAN_POINT('',(162.4547453302,31.605203978629,
    333.22620436894));
#7754 = CARTESIAN_POINT('',(162.39716665583,31.899642088704,
    333.24902700505));
#7755 = CARTESIAN_POINT('',(162.3404459955,32.186355174932,
    333.30317261657));
#7756 = CARTESIAN_POINT('',(162.28596486567,32.458932563209,
    333.38498556171));
#7757 = CARTESIAN_POINT('',(162.18550606991,32.957155802801,
    333.58845270033));
#7758 = CARTESIAN_POINT('',(162.13754151747,33.192806091802,
    333.71233700441));
#7759 = CARTESIAN_POINT('',(162.09162794605,33.416360626647,
    333.85892428302));
#7760 = CARTESIAN_POINT('',(162.04835218696,33.625344960358,
    334.02674405762));
#7761 = CARTESIAN_POINT('',(162.00827407071,33.817499706552,
    334.21396950991));
#7762 = CARTESIAN_POINT('',(161.97190507203,33.990827737769,
    334.41845511205));
#7763 = CARTESIAN_POINT('',(161.90267623482,34.319172397725,
    334.88962591791));
#7764 = CARTESIAN_POINT('',(161.87221182209,34.462562440994,
    335.15370140212));
#7765 = CARTESIAN_POINT('',(161.84810739576,34.575412219308,
    335.42610743889));
#7766 = CARTESIAN_POINT('',(161.83017671418,34.659069799983,
    335.7040542202));
#7767 = CARTESIAN_POINT('',(161.81827058464,34.714523223138,
    335.9854630485));
#7768 = CARTESIAN_POINT('',(161.81231074358,34.742281039395,
    336.26863235072));
#7769 = CARTESIAN_POINT('',(161.81231074358,34.742281039395,
    336.55198651616));
#7770 = PCURVE('',#1747,#7771);
#7771 = DEFINITIONAL_REPRESENTATION('',(#7772),#7835);
#7772 = B_SPLINE_CURVE_WITH_KNOTS('',7,(#7773,#7774,#7775,#7776,#7777,
    #7778,#7779,#7780,#7781,#7782,#7783,#7784,#7785,#7786,#7787,#7788,
    #7789,#7790,#7791,#7792,#7793,#7794,#7795,#7796,#7797,#7798,#7799,
    #7800,#7801,#7802,#7803,#7804,#7805,#7806,#7807,#7808,#7809,#7810,
    #7811,#7812,#7813,#7814,#7815,#7816,#7817,#7818,#7819,#7820,#7821,
    #7822,#7823,#7824,#7825,#7826,#7827,#7828,#7829,#7830,#7831,#7832,
    #7833,#7834),.UNSPECIFIED.,.F.,.F.,(8,6,6,6,6,6,6,6,6,6,8),(0.,
    0.121838937125,0.224255531573,0.30929669063,0.416501664052,
    0.531426627809,0.643352688238,0.73776205506,0.822920934497,
    0.90535634789,1.),.UNSPECIFIED.);
#7773 = CARTESIAN_POINT('',(0.,23.667096427054));
#7774 = CARTESIAN_POINT('',(9.206421987574E-02,23.667096427054));
#7775 = CARTESIAN_POINT('',(0.184049650298,23.667747209315));
#7776 = CARTESIAN_POINT('',(0.276655132226,23.669046869758));
#7777 = CARTESIAN_POINT('',(0.370512713673,23.670968601566));
#7778 = CARTESIAN_POINT('',(0.466280679798,23.673458576453));
#7779 = CARTESIAN_POINT('',(0.564631640236,23.676416151302));
#7780 = CARTESIAN_POINT('',(0.7519425992,23.682405760526));
#7781 = CARTESIAN_POINT('',(0.840654308978,23.685374936865));
#7782 = CARTESIAN_POINT('',(0.932447861365,23.688461694109));
#7783 = CARTESIAN_POINT('',(1.027357074097,23.691501753014));
#7784 = CARTESIAN_POINT('',(1.125515720693,23.694285131812));
#7785 = CARTESIAN_POINT('',(1.227180548065,23.696579048844));
#7786 = CARTESIAN_POINT('',(1.42049493282,23.699493448309));
#7787 = CARTESIAN_POINT('',(1.510032893514,23.700318599124));
#7788 = CARTESIAN_POINT('',(1.600357451889,23.700524459788));
#7789 = CARTESIAN_POINT('',(1.690589653136,23.700055873288));
#7790 = CARTESIAN_POINT('',(1.779888430267,23.698958869721));
#7791 = CARTESIAN_POINT('',(1.867300330126,23.697369193254));
#7792 = CARTESIAN_POINT('',(2.057859917184,23.693042646176));
#7793 = CARTESIAN_POINT('',(2.159534624272,23.690106729649));
#7794 = CARTESIAN_POINT('',(2.257318032961,23.68690730517));
#7795 = CARTESIAN_POINT('',(2.351685352483,23.683678022798));
#7796 = CARTESIAN_POINT('',(2.443041003344,23.680594279655));
#7797 = CARTESIAN_POINT('',(2.531708754467,23.677781778952));
#7798 = CARTESIAN_POINT('',(2.710492522199,23.672687023251));
#7799 = CARTESIAN_POINT('',(2.800671533997,23.670445621412));
#7800 = CARTESIAN_POINT('',(2.889156319921,23.668698646133));
#7801 = CARTESIAN_POINT('',(2.976490642374,23.667501932389));
#7802 = CARTESIAN_POINT('',(3.063187438172,23.666883605859));
#7803 = CARTESIAN_POINT('',(3.149768415745,23.666851806447));
#7804 = CARTESIAN_POINT('',(3.321545602682,23.667921574656));
#7805 = CARTESIAN_POINT('',(3.40661844464,23.668992937067));
#7806 = CARTESIAN_POINT('',(3.492559788546,23.670593909608));
#7807 = CARTESIAN_POINT('',(3.579878681727,23.672692099251));
#7808 = CARTESIAN_POINT('',(3.669104751846,23.67523212044));
#7809 = CARTESIAN_POINT('',(3.760786159276,23.678119971469));
#7810 = CARTESIAN_POINT('',(3.935558628974,23.683812157473));
#7811 = CARTESIAN_POINT('',(4.018367976643,23.686579025099));
#7812 = CARTESIAN_POINT('',(4.103904530354,23.689404585159));
#7813 = CARTESIAN_POINT('',(4.192154013881,23.692149392242));
#7814 = CARTESIAN_POINT('',(4.283186034703,23.694643714257));
#7815 = CARTESIAN_POINT('',(4.377165178805,23.696705565936));
#7816 = CARTESIAN_POINT('',(4.562087587142,23.69949344832));
#7817 = CARTESIAN_POINT('',(4.651625545359,23.700318599118));
#7818 = CARTESIAN_POINT('',(4.74195010652,23.700524459775));
#7819 = CARTESIAN_POINT('',(4.83218230779,23.700055873294));
#7820 = CARTESIAN_POINT('',(4.92148108214,23.698958869739));
#7821 = CARTESIAN_POINT('',(5.008892984417,23.697369193238));
#7822 = CARTESIAN_POINT('',(5.174787353713,23.693602655906));
#7823 = CARTESIAN_POINT('',(5.256390216929,23.691379956348));
#7824 = CARTESIAN_POINT('',(5.337987138385,23.688867860056));
#7825 = CARTESIAN_POINT('',(5.419584806498,23.686171364391));
#7826 = CARTESIAN_POINT('',(5.501186865057,23.683409904327));
#7827 = CARTESIAN_POINT('',(5.582788766714,23.680705373993));
#7828 = CARTESIAN_POINT('',(5.758068962158,23.675255051334));
#7829 = CARTESIAN_POINT('',(5.849017355537,23.672647330137));
#7830 = CARTESIAN_POINT('',(5.937878202603,23.670468823735));
#7831 = CARTESIAN_POINT('',(6.025203928245,23.668793350298));
#7832 = CARTESIAN_POINT('',(6.111510782647,23.667662555102));
#7833 = CARTESIAN_POINT('',(6.19732040856,23.667096427054));
#7834 = CARTESIAN_POINT('',(6.28318530718,23.667096427054));
#7835 = ( GEOMETRIC_REPRESENTATION_CONTEXT(2) 
PARAMETRIC_REPRESENTATION_CONTEXT() REPRESENTATION_CONTEXT('2D SPACE',''
  ) );
#7836 = PCURVE('',#2937,#7837);
#7837 = DEFINITIONAL_REPRESENTATION('',(#7838),#7901);
#7838 = B_SPLINE_CURVE_WITH_KNOTS('',7,(#7839,#7840,#7841,#7842,#7843,
    #7844,#7845,#7846,#7847,#7848,#7849,#7850,#7851,#7852,#7853,#7854,
    #7855,#7856,#7857,#7858,#7859,#7860,#7861,#7862,#7863,#7864,#7865,
    #7866,#7867,#7868,#7869,#7870,#7871,#7872,#7873,#7874,#7875,#7876,
    #7877,#7878,#7879,#7880,#7881,#7882,#7883,#7884,#7885,#7886,#7887,
    #7888,#7889,#7890,#7891,#7892,#7893,#7894,#7895,#7896,#7897,#7898,
    #7899,#7900),.UNSPECIFIED.,.T.,.F.,(8,6,6,6,6,6,6,6,6,6,8),(0.,
    0.121838937125,0.224255531573,0.30929669063,0.416501664052,
    0.531426627809,0.643352688238,0.73776205506,0.822920934497,
    0.90535634789,1.),.UNSPECIFIED.);
#7839 = CARTESIAN_POINT('',(0.211496355925,130.));
#7840 = CARTESIAN_POINT('',(0.211496355925,130.30381192559));
#7841 = CARTESIAN_POINT('',(0.211299148347,130.60736421005));
#7842 = CARTESIAN_POINT('',(0.210905316127,130.90875468791));
#7843 = CARTESIAN_POINT('',(0.210310677241,131.20590263424));
#7844 = CARTESIAN_POINT('',(0.209507216476,131.49617720882));
#7845 = CARTESIAN_POINT('',(0.20848417967,131.77594409413));
#7846 = CARTESIAN_POINT('',(0.206175133233,132.26182407874));
#7847 = CARTESIAN_POINT('',(0.204947756792,132.47452273468));
#7848 = CARTESIAN_POINT('',(0.203543308072,132.67283299805));
#7849 = CARTESIAN_POINT('',(0.201962680311,132.85125384552));
#7850 = CARTESIAN_POINT('',(0.200211873011,133.00397820793));
#7851 = CARTESIAN_POINT('',(0.198303012515,133.1248081927));
#7852 = CARTESIAN_POINT('',(0.194557019384,133.27520765147));
#7853 = CARTESIAN_POINT('',(0.192779808001,133.31609366894));
#7854 = CARTESIAN_POINT('',(0.190963363758,133.32578214797));
#7855 = CARTESIAN_POINT('',(0.189150591037,133.3029595108));
#7856 = CARTESIAN_POINT('',(0.187384616288,133.24881389859));
#7857 = CARTESIAN_POINT('',(0.18570504917,133.16700095531));
#7858 = CARTESIAN_POINT('',(0.182177453492,132.93328226986));
#7859 = CARTESIAN_POINT('',(0.180392876225,132.76821980471));
#7860 = CARTESIAN_POINT('',(0.178799021565,132.57624420628));
#7861 = CARTESIAN_POINT('',(0.177396292502,132.36365704015));
#7862 = CARTESIAN_POINT('',(0.176180920187,132.13566382537));
#7863 = CARTESIAN_POINT('',(0.175146791513,131.8965928595));
#7864 = CARTESIAN_POINT('',(0.173364089346,131.38564962019));
#7865 = CARTESIAN_POINT('',(0.172637274865,131.11146057262));
#7866 = CARTESIAN_POINT('',(0.172097042949,130.83081329504));
#7867 = CARTESIAN_POINT('',(0.171736456449,130.5461547459));
#7868 = CARTESIAN_POINT('',(0.171551161659,130.25938656996));
#7869 = CARTESIAN_POINT('',(0.171539888778,129.97219393746));
#7870 = CARTESIAN_POINT('',(0.171865535517,129.40789602789));
#7871 = CARTESIAN_POINT('',(0.172193185497,129.13105536338));
#7872 = CARTESIAN_POINT('',(0.172689240233,128.85729417759));
#7873 = CARTESIAN_POINT('',(0.173358467272,128.5884036211));
#7874 = CARTESIAN_POINT('',(0.174208218502,128.32671149407));
#7875 = CARTESIAN_POINT('',(0.175247491684,128.07540030743));
#7876 = CARTESIAN_POINT('',(0.177529867894,127.63952238281));
#7877 = CARTESIAN_POINT('',(0.178723699578,127.4491216131));
#7878 = CARTESIAN_POINT('',(0.180069062507,127.27218399283));
#7879 = CARTESIAN_POINT('',(0.181563717964,127.1132859879));
#7880 = CARTESIAN_POINT('',(0.183201249899,126.97714497411));
#7881 = CARTESIAN_POINT('',(0.184970519644,126.86866281141));
#7882 = CARTESIAN_POINT('',(0.188553895358,126.72479234795));
#7883 = CARTESIAN_POINT('',(0.190331106692,126.68390633133));
#7884 = CARTESIAN_POINT('',(0.192147550988,126.67421785277));
#7885 = CARTESIAN_POINT('',(0.193960323711,126.69704048888));
#7886 = CARTESIAN_POINT('',(0.195726298406,126.7511861004));
#7887 = CARTESIAN_POINT('',(0.19740586557,126.83299904555));
#7888 = CARTESIAN_POINT('',(0.200476864354,127.03646618417));
#7889 = CARTESIAN_POINT('',(0.20192992617,127.16035048825));
#7890 = CARTESIAN_POINT('',(0.203308899903,127.30693776686));
#7891 = CARTESIAN_POINT('',(0.204598432009,127.47475754145));
#7892 = CARTESIAN_POINT('',(0.20578447193,127.66198299375));
#7893 = CARTESIAN_POINT('',(0.206854577417,127.86646859588));
#7894 = CARTESIAN_POINT('',(0.208882151301,128.33763940174));
#7895 = CARTESIAN_POINT('',(0.209767893668,128.60171488596));
#7896 = CARTESIAN_POINT('',(0.210465146382,128.87412092272));
#7897 = CARTESIAN_POINT('',(0.210982110642,129.15206770404));
#7898 = CARTESIAN_POINT('',(0.211324812578,129.43347653234));
#7899 = CARTESIAN_POINT('',(0.211496355925,129.71664583455));
#7900 = CARTESIAN_POINT('',(0.211496355925,130.));
#7901 = ( GEOMETRIC_REPRESENTATION_CONTEXT(2) 
PARAMETRIC_REPRESENTATION_CONTEXT() REPRESENTATION_CONTEXT('2D SPACE',''
  ) );
#7902 = ORIENTED_EDGE('',*,*,#7903,.F.);
#7903 = EDGE_CURVE('',#1614,#7704,#7904,.T.);
#7904 = SEAM_CURVE('',#7905,(#7909,#7916),.PCURVE_S1.);
#7905 = LINE('',#7906,#7907);
#7906 = CARTESIAN_POINT('',(138.57810242451,30.236394104158,
    336.55198651616));
#7907 = VECTOR('',#7908,1.);
#7908 = DIRECTION('',(0.981709285323,0.190386131612,0.));
#7909 = PCURVE('',#1747,#7910);
#7910 = DEFINITIONAL_REPRESENTATION('',(#7911),#7915);
#7911 = LINE('',#7912,#7913);
#7912 = CARTESIAN_POINT('',(6.28318530718,-0.));
#7913 = VECTOR('',#7914,1.);
#7914 = DIRECTION('',(0.,1.));
#7915 = ( GEOMETRIC_REPRESENTATION_CONTEXT(2) 
PARAMETRIC_REPRESENTATION_CONTEXT() REPRESENTATION_CONTEXT('2D SPACE',''
  ) );
#7916 = PCURVE('',#1747,#7917);
#7917 = DEFINITIONAL_REPRESENTATION('',(#7918),#7922);
#7918 = LINE('',#7919,#7920);
#7919 = CARTESIAN_POINT('',(0.,-0.));
#7920 = VECTOR('',#7921,1.);
#7921 = DIRECTION('',(0.,1.));
#7922 = ( GEOMETRIC_REPRESENTATION_CONTEXT(2) 
PARAMETRIC_REPRESENTATION_CONTEXT() REPRESENTATION_CONTEXT('2D SPACE',''
  ) );
#7923 = ORIENTED_EDGE('',*,*,#1613,.T.);
#7924 = ORIENTED_EDGE('',*,*,#7903,.T.);
#7925 = ORIENTED_EDGE('',*,*,#7926,.F.);
#7926 = EDGE_CURVE('',#4285,#7704,#7927,.T.);
#7927 = SURFACE_CURVE('',#7928,(#7991,#8057),.PCURVE_S1.);
#7928 = B_SPLINE_CURVE_WITH_KNOTS('',7,(#7929,#7930,#7931,#7932,#7933,
    #7934,#7935,#7936,#7937,#7938,#7939,#7940,#7941,#7942,#7943,#7944,
    #7945,#7946,#7947,#7948,#7949,#7950,#7951,#7952,#7953,#7954,#7955,
    #7956,#7957,#7958,#7959,#7960,#7961,#7962,#7963,#7964,#7965,#7966,
    #7967,#7968,#7969,#7970,#7971,#7972,#7973,#7974,#7975,#7976,#7977,
    #7978,#7979,#7980,#7981,#7982,#7983,#7984,#7985,#7986,#7987,#7988,
    #7989,#7990),.UNSPECIFIED.,.T.,.F.,(8,6,6,6,6,6,6,6,6,6,8),(0.,
    0.121838937125,0.224255531573,0.30929669063,0.416501664052,
    0.531426627809,0.643352688238,0.73776205506,0.822920934497,
    0.90535634789,1.),.UNSPECIFIED.);
#7929 = CARTESIAN_POINT('',(161.81231074358,34.742281039395,
    336.55198651616));
#7930 = CARTESIAN_POINT('',(161.81231074358,34.742281039395,
    336.85579844175));
#7931 = CARTESIAN_POINT('',(161.81916218202,34.710370424819,
    337.15935072622));
#7932 = CARTESIAN_POINT('',(161.83284482524,34.646643527535,
    337.46074120408));
#7933 = CARTESIAN_POINT('',(161.85346425707,34.550415111486,
    337.7578891504));
#7934 = CARTESIAN_POINT('',(161.88122043501,34.420371381336,
    338.04816372498));
#7935 = CARTESIAN_POINT('',(161.91635381651,34.25474381318,
    338.3279306103));
#7936 = CARTESIAN_POINT('',(161.9949804587,33.880772794984,
    338.81381059491));
#7937 = CARTESIAN_POINT('',(162.03656450554,33.681943876898,
    339.02650925085));
#7938 = CARTESIAN_POINT('',(162.08384360383,33.454366520406,
    339.22481951421));
#7939 = CARTESIAN_POINT('',(162.1366286895,33.198152743648,
    339.40324036168));
#7940 = CARTESIAN_POINT('',(162.19452485049,32.914235950071,
    339.5559647241));
#7941 = CARTESIAN_POINT('',(162.2569215268,32.604541756594,
    339.67679470886));
#7942 = CARTESIAN_POINT('',(162.3778134565,31.996481025174,
    339.82719416764));
#7943 = CARTESIAN_POINT('',(162.43462137669,31.707890089201,
    339.86808018511));
#7944 = CARTESIAN_POINT('',(162.49205784523,31.412805287917,
    339.87776866413));
#7945 = CARTESIAN_POINT('',(162.54871648814,31.11818875325,
    339.85494602697));
#7946 = CARTESIAN_POINT('',(162.60328327299,30.831057949844,
    339.80080041475));
#7947 = CARTESIAN_POINT('',(162.65464320105,30.557875264255,
    339.71898747147));
#7948 = CARTESIAN_POINT('',(162.76154341369,29.983928635332,
    339.48526878602));
#7949 = CARTESIAN_POINT('',(162.81488867427,29.693437654202,
    339.32020632088));
#7950 = CARTESIAN_POINT('',(162.86196485631,29.433888552155,
    339.12823072244));
#7951 = CARTESIAN_POINT('',(162.90298890885,29.205389893638,
    338.91564355632));
#7952 = CARTESIAN_POINT('',(162.93825215947,29.007360744198,
    338.68765034153));
#7953 = CARTESIAN_POINT('',(162.96807097458,28.838830042379,
    338.44857937567));
#7954 = CARTESIAN_POINT('',(163.019232023,28.54826249155,337.93763613635
    ));
#7955 = CARTESIAN_POINT('',(163.03992879117,28.429768507061,
    337.66344708879));
#7956 = CARTESIAN_POINT('',(163.05523264037,28.341679600571,
    337.38279981121));
#7957 = CARTESIAN_POINT('',(163.06541721436,28.282878024533,
    337.09814126207));
#7958 = CARTESIAN_POINT('',(163.0706474477,28.252661038052,
    336.81137308612));
#7959 = CARTESIAN_POINT('',(163.07097137561,28.250823706487,
    336.52418045362));
#7960 = CARTESIAN_POINT('',(163.06176282647,28.303925717242,
    335.95988254406));
#7961 = CARTESIAN_POINT('',(163.05249271597,28.357353537164,
    335.68304187954));
#7962 = CARTESIAN_POINT('',(163.03843723577,28.438238462132,
    335.40928069376));
#7963 = CARTESIAN_POINT('',(163.01941421475,28.547349697468,
    335.14039013726));
#7964 = CARTESIAN_POINT('',(162.99513739167,28.685872412312,
    334.87869801023));
#7965 = CARTESIAN_POINT('',(162.96523062957,28.855252381373,
    334.6273868236));
#7966 = CARTESIAN_POINT('',(162.89891169261,29.227118239496,
    334.19150889897));
#7967 = CARTESIAN_POINT('',(162.86401528974,29.421591387517,
    334.00110812926));
#7968 = CARTESIAN_POINT('',(162.82440161102,29.640697033124,
    333.82417050899));
#7969 = CARTESIAN_POINT('',(162.78000403207,29.884046284396,
    333.66527250406));
#7970 = CARTESIAN_POINT('',(162.73085790314,30.150565345959,
    333.52913149027));
#7971 = CARTESIAN_POINT('',(162.67713551859,30.43840992241,
    333.42064932758));
#7972 = CARTESIAN_POINT('',(162.56696541204,31.021135659896,
    333.27677886411));
#7973 = CARTESIAN_POINT('',(162.51177760977,31.310040782633,
    333.2358928475));
#7974 = CARTESIAN_POINT('',(162.4547453302,31.605203978629,
    333.22620436894));
#7975 = CARTESIAN_POINT('',(162.39716665583,31.899642088704,
    333.24902700505));
#7976 = CARTESIAN_POINT('',(162.3404459955,32.186355174932,
    333.30317261657));
#7977 = CARTESIAN_POINT('',(162.28596486567,32.458932563209,
    333.38498556171));
#7978 = CARTESIAN_POINT('',(162.18550606991,32.957155802801,
    333.58845270033));
#7979 = CARTESIAN_POINT('',(162.13754151747,33.192806091802,
    333.71233700441));
#7980 = CARTESIAN_POINT('',(162.09162794605,33.416360626647,
    333.85892428302));
#7981 = CARTESIAN_POINT('',(162.04835218696,33.625344960358,
    334.02674405762));
#7982 = CARTESIAN_POINT('',(162.00827407071,33.817499706552,
    334.21396950991));
#7983 = CARTESIAN_POINT('',(161.97190507203,33.990827737769,
    334.41845511205));
#7984 = CARTESIAN_POINT('',(161.90267623482,34.319172397725,
    334.88962591791));
#7985 = CARTESIAN_POINT('',(161.87221182209,34.462562440994,
    335.15370140212));
#7986 = CARTESIAN_POINT('',(161.84810739576,34.575412219308,
    335.42610743889));
#7987 = CARTESIAN_POINT('',(161.83017671418,34.659069799983,
    335.7040542202));
#7988 = CARTESIAN_POINT('',(161.81827058464,34.714523223138,
    335.9854630485));
#7989 = CARTESIAN_POINT('',(161.81231074358,34.742281039395,
    336.26863235072));
#7990 = CARTESIAN_POINT('',(161.81231074358,34.742281039395,
    336.55198651616));
#7991 = PCURVE('',#1747,#7992);
#7992 = DEFINITIONAL_REPRESENTATION('',(#7993),#8056);
#7993 = B_SPLINE_CURVE_WITH_KNOTS('',7,(#7994,#7995,#7996,#7997,#7998,
    #7999,#8000,#8001,#8002,#8003,#8004,#8005,#8006,#8007,#8008,#8009,
    #8010,#8011,#8012,#8013,#8014,#8015,#8016,#8017,#8018,#8019,#8020,
    #8021,#8022,#8023,#8024,#8025,#8026,#8027,#8028,#8029,#8030,#8031,
    #8032,#8033,#8034,#8035,#8036,#8037,#8038,#8039,#8040,#8041,#8042,
    #8043,#8044,#8045,#8046,#8047,#8048,#8049,#8050,#8051,#8052,#8053,
    #8054,#8055),.UNSPECIFIED.,.F.,.F.,(8,6,6,6,6,6,6,6,6,6,8),(0.,
    0.121838937125,0.224255531573,0.30929669063,0.416501664052,
    0.531426627809,0.643352688238,0.73776205506,0.822920934497,
    0.90535634789,1.),.UNSPECIFIED.);
#7994 = CARTESIAN_POINT('',(0.,23.667096427054));
#7995 = CARTESIAN_POINT('',(9.206421987574E-02,23.667096427054));
#7996 = CARTESIAN_POINT('',(0.184049650298,23.667747209315));
#7997 = CARTESIAN_POINT('',(0.276655132226,23.669046869758));
#7998 = CARTESIAN_POINT('',(0.370512713673,23.670968601566));
#7999 = CARTESIAN_POINT('',(0.466280679798,23.673458576453));
#8000 = CARTESIAN_POINT('',(0.564631640236,23.676416151302));
#8001 = CARTESIAN_POINT('',(0.7519425992,23.682405760526));
#8002 = CARTESIAN_POINT('',(0.840654308978,23.685374936865));
#8003 = CARTESIAN_POINT('',(0.932447861365,23.688461694109));
#8004 = CARTESIAN_POINT('',(1.027357074097,23.691501753014));
#8005 = CARTESIAN_POINT('',(1.125515720693,23.694285131812));
#8006 = CARTESIAN_POINT('',(1.227180548065,23.696579048844));
#8007 = CARTESIAN_POINT('',(1.42049493282,23.699493448309));
#8008 = CARTESIAN_POINT('',(1.510032893514,23.700318599124));
#8009 = CARTESIAN_POINT('',(1.600357451889,23.700524459788));
#8010 = CARTESIAN_POINT('',(1.690589653136,23.700055873288));
#8011 = CARTESIAN_POINT('',(1.779888430267,23.698958869721));
#8012 = CARTESIAN_POINT('',(1.867300330126,23.697369193254));
#8013 = CARTESIAN_POINT('',(2.057859917184,23.693042646176));
#8014 = CARTESIAN_POINT('',(2.159534624272,23.690106729649));
#8015 = CARTESIAN_POINT('',(2.257318032961,23.68690730517));
#8016 = CARTESIAN_POINT('',(2.351685352483,23.683678022798));
#8017 = CARTESIAN_POINT('',(2.443041003344,23.680594279655));
#8018 = CARTESIAN_POINT('',(2.531708754467,23.677781778952));
#8019 = CARTESIAN_POINT('',(2.710492522199,23.672687023251));
#8020 = CARTESIAN_POINT('',(2.800671533997,23.670445621412));
#8021 = CARTESIAN_POINT('',(2.889156319921,23.668698646133));
#8022 = CARTESIAN_POINT('',(2.976490642374,23.667501932389));
#8023 = CARTESIAN_POINT('',(3.063187438172,23.666883605859));
#8024 = CARTESIAN_POINT('',(3.149768415745,23.666851806447));
#8025 = CARTESIAN_POINT('',(3.321545602682,23.667921574656));
#8026 = CARTESIAN_POINT('',(3.40661844464,23.668992937067));
#8027 = CARTESIAN_POINT('',(3.492559788546,23.670593909608));
#8028 = CARTESIAN_POINT('',(3.579878681727,23.672692099251));
#8029 = CARTESIAN_POINT('',(3.669104751846,23.67523212044));
#8030 = CARTESIAN_POINT('',(3.760786159276,23.678119971469));
#8031 = CARTESIAN_POINT('',(3.935558628974,23.683812157473));
#8032 = CARTESIAN_POINT('',(4.018367976643,23.686579025099));
#8033 = CARTESIAN_POINT('',(4.103904530354,23.689404585159));
#8034 = CARTESIAN_POINT('',(4.192154013881,23.692149392242));
#8035 = CARTESIAN_POINT('',(4.283186034703,23.694643714257));
#8036 = CARTESIAN_POINT('',(4.377165178805,23.696705565936));
#8037 = CARTESIAN_POINT('',(4.562087587142,23.69949344832));
#8038 = CARTESIAN_POINT('',(4.651625545359,23.700318599118));
#8039 = CARTESIAN_POINT('',(4.74195010652,23.700524459775));
#8040 = CARTESIAN_POINT('',(4.83218230779,23.700055873294));
#8041 = CARTESIAN_POINT('',(4.92148108214,23.698958869739));
#8042 = CARTESIAN_POINT('',(5.008892984417,23.697369193238));
#8043 = CARTESIAN_POINT('',(5.174787353713,23.693602655906));
#8044 = CARTESIAN_POINT('',(5.256390216929,23.691379956348));
#8045 = CARTESIAN_POINT('',(5.337987138385,23.688867860056));
#8046 = CARTESIAN_POINT('',(5.419584806498,23.686171364391));
#8047 = CARTESIAN_POINT('',(5.501186865057,23.683409904327));
#8048 = CARTESIAN_POINT('',(5.582788766714,23.680705373993));
#8049 = CARTESIAN_POINT('',(5.758068962158,23.675255051334));
#8050 = CARTESIAN_POINT('',(5.849017355537,23.672647330137));
#8051 = CARTESIAN_POINT('',(5.937878202603,23.670468823735));
#8052 = CARTESIAN_POINT('',(6.025203928245,23.668793350298));
#8053 = CARTESIAN_POINT('',(6.111510782647,23.667662555102));
#8054 = CARTESIAN_POINT('',(6.19732040856,23.667096427054));
#8055 = CARTESIAN_POINT('',(6.28318530718,23.667096427054));
#8056 = ( GEOMETRIC_REPRESENTATION_CONTEXT(2) 
PARAMETRIC_REPRESENTATION_CONTEXT() REPRESENTATION_CONTEXT('2D SPACE',''
  ) );
#8057 = PCURVE('',#2937,#8058);
#8058 = DEFINITIONAL_REPRESENTATION('',(#8059),#8122);
#8059 = B_SPLINE_CURVE_WITH_KNOTS('',7,(#8060,#8061,#8062,#8063,#8064,
    #8065,#8066,#8067,#8068,#8069,#8070,#8071,#8072,#8073,#8074,#8075,
    #8076,#8077,#8078,#8079,#8080,#8081,#8082,#8083,#8084,#8085,#8086,
    #8087,#8088,#8089,#8090,#8091,#8092,#8093,#8094,#8095,#8096,#8097,
    #8098,#8099,#8100,#8101,#8102,#8103,#8104,#8105,#8106,#8107,#8108,
    #8109,#8110,#8111,#8112,#8113,#8114,#8115,#8116,#8117,#8118,#8119,
    #8120,#8121),.UNSPECIFIED.,.T.,.F.,(8,6,6,6,6,6,6,6,6,6,8),(0.,
    0.121838937125,0.224255531573,0.30929669063,0.416501664052,
    0.531426627809,0.643352688238,0.73776205506,0.822920934497,
    0.90535634789,1.),.UNSPECIFIED.);
#8060 = CARTESIAN_POINT('',(0.211496355925,130.));
#8061 = CARTESIAN_POINT('',(0.211496355925,130.30381192559));
#8062 = CARTESIAN_POINT('',(0.211299148347,130.60736421005));
#8063 = CARTESIAN_POINT('',(0.210905316127,130.90875468791));
#8064 = CARTESIAN_POINT('',(0.210310677241,131.20590263424));
#8065 = CARTESIAN_POINT('',(0.209507216476,131.49617720882));
#8066 = CARTESIAN_POINT('',(0.20848417967,131.77594409413));
#8067 = CARTESIAN_POINT('',(0.206175133233,132.26182407874));
#8068 = CARTESIAN_POINT('',(0.204947756792,132.47452273468));
#8069 = CARTESIAN_POINT('',(0.203543308072,132.67283299805));
#8070 = CARTESIAN_POINT('',(0.201962680311,132.85125384552));
#8071 = CARTESIAN_POINT('',(0.200211873011,133.00397820793));
#8072 = CARTESIAN_POINT('',(0.198303012515,133.1248081927));
#8073 = CARTESIAN_POINT('',(0.194557019384,133.27520765147));
#8074 = CARTESIAN_POINT('',(0.192779808001,133.31609366894));
#8075 = CARTESIAN_POINT('',(0.190963363758,133.32578214797));
#8076 = CARTESIAN_POINT('',(0.189150591037,133.3029595108));
#8077 = CARTESIAN_POINT('',(0.187384616288,133.24881389859));
#8078 = CARTESIAN_POINT('',(0.18570504917,133.16700095531));
#8079 = CARTESIAN_POINT('',(0.182177453492,132.93328226986));
#8080 = CARTESIAN_POINT('',(0.180392876225,132.76821980471));
#8081 = CARTESIAN_POINT('',(0.178799021565,132.57624420628));
#8082 = CARTESIAN_POINT('',(0.177396292502,132.36365704015));
#8083 = CARTESIAN_POINT('',(0.176180920187,132.13566382537));
#8084 = CARTESIAN_POINT('',(0.175146791513,131.8965928595));
#8085 = CARTESIAN_POINT('',(0.173364089346,131.38564962019));
#8086 = CARTESIAN_POINT('',(0.172637274865,131.11146057262));
#8087 = CARTESIAN_POINT('',(0.172097042949,130.83081329504));
#8088 = CARTESIAN_POINT('',(0.171736456449,130.5461547459));
#8089 = CARTESIAN_POINT('',(0.171551161659,130.25938656996));
#8090 = CARTESIAN_POINT('',(0.171539888778,129.97219393746));
#8091 = CARTESIAN_POINT('',(0.171865535517,129.40789602789));
#8092 = CARTESIAN_POINT('',(0.172193185497,129.13105536338));
#8093 = CARTESIAN_POINT('',(0.172689240233,128.85729417759));
#8094 = CARTESIAN_POINT('',(0.173358467272,128.5884036211));
#8095 = CARTESIAN_POINT('',(0.174208218502,128.32671149407));
#8096 = CARTESIAN_POINT('',(0.175247491684,128.07540030743));
#8097 = CARTESIAN_POINT('',(0.177529867894,127.63952238281));
#8098 = CARTESIAN_POINT('',(0.178723699578,127.4491216131));
#8099 = CARTESIAN_POINT('',(0.180069062507,127.27218399283));
#8100 = CARTESIAN_POINT('',(0.181563717964,127.1132859879));
#8101 = CARTESIAN_POINT('',(0.183201249899,126.97714497411));
#8102 = CARTESIAN_POINT('',(0.184970519644,126.86866281141));
#8103 = CARTESIAN_POINT('',(0.188553895358,126.72479234795));
#8104 = CARTESIAN_POINT('',(0.190331106692,126.68390633133));
#8105 = CARTESIAN_POINT('',(0.192147550988,126.67421785277));
#8106 = CARTESIAN_POINT('',(0.193960323711,126.69704048888));
#8107 = CARTESIAN_POINT('',(0.195726298406,126.7511861004));
#8108 = CARTESIAN_POINT('',(0.19740586557,126.83299904555));
#8109 = CARTESIAN_POINT('',(0.200476864354,127.03646618417));
#8110 = CARTESIAN_POINT('',(0.20192992617,127.16035048825));
#8111 = CARTESIAN_POINT('',(0.203308899903,127.30693776686));
#8112 = CARTESIAN_POINT('',(0.204598432009,127.47475754145));
#8113 = CARTESIAN_POINT('',(0.20578447193,127.66198299375));
#8114 = CARTESIAN_POINT('',(0.206854577417,127.86646859588));
#8115 = CARTESIAN_POINT('',(0.208882151301,128.33763940174));
#8116 = CARTESIAN_POINT('',(0.209767893668,128.60171488596));
#8117 = CARTESIAN_POINT('',(0.210465146382,128.87412092272));
#8118 = CARTESIAN_POINT('',(0.210982110642,129.15206770404));
#8119 = CARTESIAN_POINT('',(0.211324812578,129.43347653234));
#8120 = CARTESIAN_POINT('',(0.211496355925,129.71664583455));
#8121 = CARTESIAN_POINT('',(0.211496355925,130.));
#8122 = ( GEOMETRIC_REPRESENTATION_CONTEXT(2) 
PARAMETRIC_REPRESENTATION_CONTEXT() REPRESENTATION_CONTEXT('2D SPACE',''
  ) );
#8123 = ORIENTED_EDGE('',*,*,#5018,.F.);
#8124 = ADVANCED_FACE('',(#8125),#1916,.F.);
#8125 = FACE_BOUND('',#8126,.F.);
#8126 = EDGE_LOOP('',(#8127,#8128));
#8127 = ORIENTED_EDGE('',*,*,#2232,.F.);
#8128 = ORIENTED_EDGE('',*,*,#1820,.T.);
#8129 = ADVANCED_FACE('',(#8130),#2157,.F.);
#8130 = FACE_BOUND('',#8131,.F.);
#8131 = EDGE_LOOP('',(#8132,#8332,#8353,#8354,#8355,#8553));
#8132 = ORIENTED_EDGE('',*,*,#8133,.F.);
#8133 = EDGE_CURVE('',#8134,#5935,#8136,.T.);
#8134 = VERTEX_POINT('',#8135);
#8135 = CARTESIAN_POINT('',(117.5236165223,116.52660451381,
    336.55198651616));
#8136 = SURFACE_CURVE('',#8137,(#8200,#8266),.PCURVE_S1.);
#8137 = B_SPLINE_CURVE_WITH_KNOTS('',7,(#8138,#8139,#8140,#8141,#8142,
    #8143,#8144,#8145,#8146,#8147,#8148,#8149,#8150,#8151,#8152,#8153,
    #8154,#8155,#8156,#8157,#8158,#8159,#8160,#8161,#8162,#8163,#8164,
    #8165,#8166,#8167,#8168,#8169,#8170,#8171,#8172,#8173,#8174,#8175,
    #8176,#8177,#8178,#8179,#8180,#8181,#8182,#8183,#8184,#8185,#8186,
    #8187,#8188,#8189,#8190,#8191,#8192,#8193,#8194,#8195,#8196,#8197,
    #8198,#8199),.UNSPECIFIED.,.T.,.F.,(8,6,6,6,6,6,6,6,6,6,8),(0.,
    0.121838941272,0.22425553936,0.309296699336,0.416501673926,
    0.531426637706,0.643352696985,0.737762062844,0.822920940709,
    0.90535635188,1.),.UNSPECIFIED.);
#8138 = CARTESIAN_POINT('',(117.5236165223,116.52660451381,
    336.55198651616));
#8139 = CARTESIAN_POINT('',(117.5236165223,116.52660451381,
    336.24817458296));
#8140 = CARTESIAN_POINT('',(117.50063658956,116.54978106098,
    335.94462232435));
#8141 = CARTESIAN_POINT('',(117.45474467638,116.59606564962,
    335.6432318156));
#8142 = CARTESIAN_POINT('',(117.38542458645,116.66592120681,
    335.34608387453));
#8143 = CARTESIAN_POINT('',(117.29168539301,116.76023309858,
    335.05580932251));
#8144 = CARTESIAN_POINT('',(117.1721773468,116.88016924503,
    334.7760424153));
#8145 = CARTESIAN_POINT('',(116.90195662401,117.15038624126,
    334.29016244274));
#8146 = CARTESIAN_POINT('',(116.75816868052,117.29386866518,
    334.0774637711));
#8147 = CARTESIAN_POINT('',(116.59341711004,117.45783108543,
    333.87915352235));
#8148 = CARTESIAN_POINT('',(116.407692355,117.64205399841,
    333.70073267728));
#8149 = CARTESIAN_POINT('',(116.20156030199,117.84569658254,
    333.54800830076));
#8150 = CARTESIAN_POINT('',(115.97629998369,118.06719514162,
    333.42717832549));
#8151 = CARTESIAN_POINT('',(115.53313379199,118.50073458468,
    333.27677886468));
#8152 = CARTESIAN_POINT('',(115.32249260084,118.70602013389,
    333.23589284721));
#8153 = CARTESIAN_POINT('',(115.10675649301,118.91538087435,
    333.22620436819));
#8154 = CARTESIAN_POINT('',(114.89098747359,119.12383430938,
    333.24902700535));
#8155 = CARTESIAN_POINT('',(114.68034435036,119.32644503691,
    333.30317261757));
#8156 = CARTESIAN_POINT('',(114.47962983956,119.51874768137,
    333.38498556085));
#8157 = CARTESIAN_POINT('',(114.05738688049,119.921926639,
    333.61870424631));
#8158 = CARTESIAN_POINT('',(113.84326216853,120.12535066574,
    333.78376671146));
#8159 = CARTESIAN_POINT('',(113.65162435347,120.30661525443,
    333.97574230987));
#8160 = CARTESIAN_POINT('',(113.48268291407,120.46584276425,
    334.18832947598));
#8161 = CARTESIAN_POINT('',(113.33611054212,120.60359464506,
    334.41632269079));
#8162 = CARTESIAN_POINT('',(113.21126689366,120.72066651457,
    334.65539365668));
#8163 = CARTESIAN_POINT('',(112.99588441841,120.92230317503,
    335.16633689311));
#8164 = CARTESIAN_POINT('',(112.90795988845,121.00439128983,
    335.44052595036));
#8165 = CARTESIAN_POINT('',(112.84255151453,121.06534707206,
    335.72117321693));
#8166 = CARTESIAN_POINT('',(112.79887275442,121.10601052786,
    336.00583176616));
#8167 = CARTESIAN_POINT('',(112.77642521707,121.12690382406,
    336.29259995314));
#8168 = CARTESIAN_POINT('',(112.7750635315,121.12817917787,
    336.5797925757));
#8169 = CARTESIAN_POINT('',(112.81450246839,121.0914478396,
    337.14409048826));
#8170 = CARTESIAN_POINT('',(112.8541806177,121.05448689591,
    337.42093115278));
#8171 = CARTESIAN_POINT('',(112.91423809964,120.99851345156,
    337.69469233856));
#8172 = CARTESIAN_POINT('',(112.99521954582,120.92295458457,
    337.96358289506));
#8173 = CARTESIAN_POINT('',(113.09796106075,120.82692288264,
    338.22527502209));
#8174 = CARTESIAN_POINT('',(113.22346788223,120.70931324825,
    338.47658620873));
#8175 = CARTESIAN_POINT('',(113.49865158551,120.45055400243,
    338.91246413337));
#8176 = CARTESIAN_POINT('',(113.64244639435,120.31505264752,
    339.10286490305));
#8177 = CARTESIAN_POINT('',(113.80429222773,120.16213942479,
    339.27980252332));
#8178 = CARTESIAN_POINT('',(113.9838269916,119.99197106206,
    339.43870052825));
#8179 = CARTESIAN_POINT('',(114.18017073431,119.80516397741,
    339.57484154206));
#8180 = CARTESIAN_POINT('',(114.39187307247,119.60287034227,
    339.68332370475));
#8181 = CARTESIAN_POINT('',(114.81968130981,119.192155299,
    339.82719416764));
#8182 = CARTESIAN_POINT('',(115.03147099881,118.98805484395,
    339.86808018511));
#8183 = CARTESIAN_POINT('',(115.24749363672,118.77898976371,
    339.87776866413));
#8184 = CARTESIAN_POINT('',(115.46261044738,118.56986333762,
    339.85494602697));
#8185 = CARTESIAN_POINT('',(115.67172669065,118.36567707688,
    339.80080041475));
#8186 = CARTESIAN_POINT('',(115.87022858774,118.17109131489,
    339.71898747147));
#8187 = CARTESIAN_POINT('',(116.2325757176,117.81468855713,339.515520332
    ));
#8188 = CARTESIAN_POINT('',(116.403713543,117.64574033502,339.3916360279
    ));
#8189 = CARTESIAN_POINT('',(116.56584238345,117.4851198968,
    339.24504874927));
#8190 = CARTESIAN_POINT('',(116.71721066173,117.33467094409,
    339.07722897472));
#8191 = CARTESIAN_POINT('',(116.85623215158,117.19609703872,
    338.89000352245));
#8192 = CARTESIAN_POINT('',(116.98151383462,117.07091792552,
    338.68551792024));
#8193 = CARTESIAN_POINT('',(117.21865967613,116.83350542456,
    338.21434711829));
#8194 = CARTESIAN_POINT('',(117.32209600492,116.72963188149,
    337.95027162081));
#8195 = CARTESIAN_POINT('',(117.403431447,116.64777444166,
    337.67786559931));
#8196 = CARTESIAN_POINT('',(117.46369319952,116.58704042331,
    337.39991881774));
#8197 = CARTESIAN_POINT('',(117.50362718611,116.54676493032,
    337.11850997412));
#8198 = CARTESIAN_POINT('',(117.5236165223,116.52660451381,
    336.83534068585));
#8199 = CARTESIAN_POINT('',(117.5236165223,116.52660451381,
    336.55198651616));
#8200 = PCURVE('',#2157,#8201);
#8201 = DEFINITIONAL_REPRESENTATION('',(#8202),#8265);
#8202 = B_SPLINE_CURVE_WITH_KNOTS('',7,(#8203,#8204,#8205,#8206,#8207,
    #8208,#8209,#8210,#8211,#8212,#8213,#8214,#8215,#8216,#8217,#8218,
    #8219,#8220,#8221,#8222,#8223,#8224,#8225,#8226,#8227,#8228,#8229,
    #8230,#8231,#8232,#8233,#8234,#8235,#8236,#8237,#8238,#8239,#8240,
    #8241,#8242,#8243,#8244,#8245,#8246,#8247,#8248,#8249,#8250,#8251,
    #8252,#8253,#8254,#8255,#8256,#8257,#8258,#8259,#8260,#8261,#8262,
    #8263,#8264),.UNSPECIFIED.,.F.,.F.,(8,6,6,6,6,6,6,6,6,6,8),(0.,
    0.121838941272,0.22425553936,0.309296699336,0.416501673926,
    0.531426637706,0.643352696985,0.737762062844,0.822920940709,
    0.90535635188,1.),.UNSPECIFIED.);
#8203 = CARTESIAN_POINT('',(0.,23.667096427054));
#8204 = CARTESIAN_POINT('',(9.206422218314E-02,23.667096427054));
#8205 = CARTESIAN_POINT('',(0.18404964501,23.66774720934));
#8206 = CARTESIAN_POINT('',(0.276655135122,23.669046869631));
#8207 = CARTESIAN_POINT('',(0.370512717524,23.670968601811));
#8208 = CARTESIAN_POINT('',(0.466280673782,23.673458576232));
#8209 = CARTESIAN_POINT('',(0.56463164283,23.676416151385));
#8210 = CARTESIAN_POINT('',(0.751942597149,23.68240576046));
#8211 = CARTESIAN_POINT('',(0.840654314274,23.685374937008));
#8212 = CARTESIAN_POINT('',(0.932447857796,23.688461694037));
#8213 = CARTESIAN_POINT('',(1.02735707095,23.691501752923));
#8214 = CARTESIAN_POINT('',(1.125515726503,23.694285131932));
#8215 = CARTESIAN_POINT('',(1.227180545451,23.696579048805));
#8216 = CARTESIAN_POINT('',(1.42049493282,23.699493448309));
#8217 = CARTESIAN_POINT('',(1.510032893514,23.700318599124));
#8218 = CARTESIAN_POINT('',(1.600357451889,23.700524459788));
#8219 = CARTESIAN_POINT('',(1.690589653136,23.700055873288));
#8220 = CARTESIAN_POINT('',(1.779888430267,23.698958869721));
#8221 = CARTESIAN_POINT('',(1.867300330126,23.697369193254));
#8222 = CARTESIAN_POINT('',(2.057859917194,23.693042646176));
#8223 = CARTESIAN_POINT('',(2.159534624274,23.690106729649));
#8224 = CARTESIAN_POINT('',(2.257318032954,23.68690730517));
#8225 = CARTESIAN_POINT('',(2.351685352474,23.683678022799));
#8226 = CARTESIAN_POINT('',(2.443041003344,23.680594279655));
#8227 = CARTESIAN_POINT('',(2.531708754477,23.677781778951));
#8228 = CARTESIAN_POINT('',(2.710492521199,23.672687023279));
#8229 = CARTESIAN_POINT('',(2.800671536266,23.670445621369));
#8230 = CARTESIAN_POINT('',(2.889156318618,23.668698646137));
#8231 = CARTESIAN_POINT('',(2.976490641005,23.667501932418));
#8232 = CARTESIAN_POINT('',(3.063187440361,23.666883605847));
#8233 = CARTESIAN_POINT('',(3.149768414832,23.666851806441));
#8234 = CARTESIAN_POINT('',(3.321545602682,23.667921574656));
#8235 = CARTESIAN_POINT('',(3.40661844464,23.668992937067));
#8236 = CARTESIAN_POINT('',(3.492559788546,23.670593909608));
#8237 = CARTESIAN_POINT('',(3.579878681727,23.67269209925));
#8238 = CARTESIAN_POINT('',(3.669104751845,23.67523212044));
#8239 = CARTESIAN_POINT('',(3.760786159276,23.678119971469));
#8240 = CARTESIAN_POINT('',(3.935558628981,23.683812157473));
#8241 = CARTESIAN_POINT('',(4.018367976643,23.686579025098));
#8242 = CARTESIAN_POINT('',(4.103904530348,23.689404585159));
#8243 = CARTESIAN_POINT('',(4.192154013875,23.692149392241));
#8244 = CARTESIAN_POINT('',(4.283186034704,23.694643714257));
#8245 = CARTESIAN_POINT('',(4.377165178813,23.696705565936));
#8246 = CARTESIAN_POINT('',(4.56208758641,23.699493448309));
#8247 = CARTESIAN_POINT('',(4.651625547104,23.700318599124));
#8248 = CARTESIAN_POINT('',(4.741950105479,23.700524459788));
#8249 = CARTESIAN_POINT('',(4.832182306726,23.700055873288));
#8250 = CARTESIAN_POINT('',(4.921481083857,23.698958869721));
#8251 = CARTESIAN_POINT('',(5.008892983716,23.697369193254));
#8252 = CARTESIAN_POINT('',(5.174787353701,23.693602655906));
#8253 = CARTESIAN_POINT('',(5.256390216941,23.691379956347));
#8254 = CARTESIAN_POINT('',(5.337987138396,23.688867860056));
#8255 = CARTESIAN_POINT('',(5.419584806488,23.686171364391));
#8256 = CARTESIAN_POINT('',(5.501186865043,23.683409904327));
#8257 = CARTESIAN_POINT('',(5.582788766727,23.680705373992));
#8258 = CARTESIAN_POINT('',(5.758068960716,23.675255051379));
#8259 = CARTESIAN_POINT('',(5.849017358789,23.672647330063));
#8260 = CARTESIAN_POINT('',(5.937878200754,23.670468823751));
#8261 = CARTESIAN_POINT('',(6.025203926279,23.668793350347));
#8262 = CARTESIAN_POINT('',(6.111510785756,23.667662555068));
#8263 = CARTESIAN_POINT('',(6.197320407274,23.667096427054));
#8264 = CARTESIAN_POINT('',(6.28318530718,23.667096427054));
#8265 = ( GEOMETRIC_REPRESENTATION_CONTEXT(2) 
PARAMETRIC_REPRESENTATION_CONTEXT() REPRESENTATION_CONTEXT('2D SPACE',''
  ) );
#8266 = PCURVE('',#2937,#8267);
#8267 = DEFINITIONAL_REPRESENTATION('',(#8268),#8331);
#8268 = B_SPLINE_CURVE_WITH_KNOTS('',7,(#8269,#8270,#8271,#8272,#8273,
    #8274,#8275,#8276,#8277,#8278,#8279,#8280,#8281,#8282,#8283,#8284,
    #8285,#8286,#8287,#8288,#8289,#8290,#8291,#8292,#8293,#8294,#8295,
    #8296,#8297,#8298,#8299,#8300,#8301,#8302,#8303,#8304,#8305,#8306,
    #8307,#8308,#8309,#8310,#8311,#8312,#8313,#8314,#8315,#8316,#8317,
    #8318,#8319,#8320,#8321,#8322,#8323,#8324,#8325,#8326,#8327,#8328,
    #8329,#8330),.UNSPECIFIED.,.T.,.F.,(8,6,6,6,6,6,6,6,6,6,8),(0.,
    0.121838941272,0.22425553936,0.309296699336,0.416501673926,
    0.531426637706,0.643352696985,0.737762062844,0.822920940709,
    0.90535635188,1.),.UNSPECIFIED.);
#8269 = CARTESIAN_POINT('',(0.781138368326,130.));
#8270 = CARTESIAN_POINT('',(0.781138368326,129.69618806679));
#8271 = CARTESIAN_POINT('',(0.781335575914,129.39263580818));
#8272 = CARTESIAN_POINT('',(0.781729408074,129.09124529943));
#8273 = CARTESIAN_POINT('',(0.782324047104,128.79409735837));
#8274 = CARTESIAN_POINT('',(0.783127507691,128.50382280634));
#8275 = CARTESIAN_POINT('',(0.784150544612,128.22405589913));
#8276 = CARTESIAN_POINT('',(0.786459590993,127.73817592657));
#8277 = CARTESIAN_POINT('',(0.787686967539,127.52547725494));
#8278 = CARTESIAN_POINT('',(0.789091416115,127.32716700618));
#8279 = CARTESIAN_POINT('',(0.790672043895,127.14874616111));
#8280 = CARTESIAN_POINT('',(0.792422851342,126.99602178459));
#8281 = CARTESIAN_POINT('',(0.794331711686,126.87519180933));
#8282 = CARTESIAN_POINT('',(0.798077704867,126.72479234852));
#8283 = CARTESIAN_POINT('',(0.79985491625,126.68390633105));
#8284 = CARTESIAN_POINT('',(0.801671360493,126.67421785202));
#8285 = CARTESIAN_POINT('',(0.803484133214,126.69704048919));
#8286 = CARTESIAN_POINT('',(0.805250107962,126.7511861014));
#8287 = CARTESIAN_POINT('',(0.806929675081,126.83299904469));
#8288 = CARTESIAN_POINT('',(0.810457270759,127.06671773015));
#8289 = CARTESIAN_POINT('',(0.812241848026,127.23178019529));
#8290 = CARTESIAN_POINT('',(0.813835702685,127.4237557937));
#8291 = CARTESIAN_POINT('',(0.815238431749,127.63634295981));
#8292 = CARTESIAN_POINT('',(0.816453804064,127.86433617462));
#8293 = CARTESIAN_POINT('',(0.817487932739,128.10340714052));
#8294 = CARTESIAN_POINT('',(0.819270634895,128.61435037695));
#8295 = CARTESIAN_POINT('',(0.819997449401,128.88853943419));
#8296 = CARTESIAN_POINT('',(0.8205376813,129.16918670076));
#8297 = CARTESIAN_POINT('',(0.820898267792,129.45384524999));
#8298 = CARTESIAN_POINT('',(0.821083562596,129.74061343697));
#8299 = CARTESIAN_POINT('',(0.821094835474,130.02780605953));
#8300 = CARTESIAN_POINT('',(0.820769188734,130.5921039721));
#8301 = CARTESIAN_POINT('',(0.820441538754,130.86894463661));
#8302 = CARTESIAN_POINT('',(0.819945484018,131.1427058224));
#8303 = CARTESIAN_POINT('',(0.819276256979,131.41159637889));
#8304 = CARTESIAN_POINT('',(0.818426505749,131.67328850592));
#8305 = CARTESIAN_POINT('',(0.817387232567,131.92459969256));
#8306 = CARTESIAN_POINT('',(0.815104856357,132.3604776172));
#8307 = CARTESIAN_POINT('',(0.813911024673,132.55087838689));
#8308 = CARTESIAN_POINT('',(0.812565661744,132.72781600715));
#8309 = CARTESIAN_POINT('',(0.811071006287,132.88671401209));
#8310 = CARTESIAN_POINT('',(0.809433474352,133.02285502589));
#8311 = CARTESIAN_POINT('',(0.807664204607,133.13133718858));
#8312 = CARTESIAN_POINT('',(0.804080828908,133.27520765147));
#8313 = CARTESIAN_POINT('',(0.802303617525,133.31609366894));
#8314 = CARTESIAN_POINT('',(0.800487173282,133.32578214797));
#8315 = CARTESIAN_POINT('',(0.798674400561,133.3029595108));
#8316 = CARTESIAN_POINT('',(0.796908425812,133.24881389859));
#8317 = CARTESIAN_POINT('',(0.795228858694,133.16700095531));
#8318 = CARTESIAN_POINT('',(0.792157859897,132.96353381584));
#8319 = CARTESIAN_POINT('',(0.790704798081,132.83964951173));
#8320 = CARTESIAN_POINT('',(0.789325824348,132.6930622331));
#8321 = CARTESIAN_POINT('',(0.788036292242,132.52524245855));
#8322 = CARTESIAN_POINT('',(0.786850252321,132.33801700629));
#8323 = CARTESIAN_POINT('',(0.785780146834,132.13353140407));
#8324 = CARTESIAN_POINT('',(0.783752572967,131.66236060212));
#8325 = CARTESIAN_POINT('',(0.782866830556,131.39828510464));
#8326 = CARTESIAN_POINT('',(0.782169577875,131.12587908315));
#8327 = CARTESIAN_POINT('',(0.781652613626,130.84793230157));
#8328 = CARTESIAN_POINT('',(0.781309911661,130.56652345795));
#8329 = CARTESIAN_POINT('',(0.781138368326,130.28335416969));
#8330 = CARTESIAN_POINT('',(0.781138368326,130.));
#8331 = ( GEOMETRIC_REPRESENTATION_CONTEXT(2) 
PARAMETRIC_REPRESENTATION_CONTEXT() REPRESENTATION_CONTEXT('2D SPACE',''
  ) );
#8332 = ORIENTED_EDGE('',*,*,#8333,.F.);
#8333 = EDGE_CURVE('',#2024,#8134,#8334,.T.);
#8334 = SEAM_CURVE('',#8335,(#8339,#8346),.PCURVE_S1.);
#8335 = LINE('',#8336,#8337);
#8336 = CARTESIAN_POINT('',(101.05292475864,99.531082570841,
    336.55198651616));
#8337 = VECTOR('',#8338,1.);
#8338 = DIRECTION('',(0.695932085054,0.718107605441,0.));
#8339 = PCURVE('',#2157,#8340);
#8340 = DEFINITIONAL_REPRESENTATION('',(#8341),#8345);
#8341 = LINE('',#8342,#8343);
#8342 = CARTESIAN_POINT('',(6.28318530718,-0.));
#8343 = VECTOR('',#8344,1.);
#8344 = DIRECTION('',(0.,1.));
#8345 = ( GEOMETRIC_REPRESENTATION_CONTEXT(2) 
PARAMETRIC_REPRESENTATION_CONTEXT() REPRESENTATION_CONTEXT('2D SPACE',''
  ) );
#8346 = PCURVE('',#2157,#8347);
#8347 = DEFINITIONAL_REPRESENTATION('',(#8348),#8352);
#8348 = LINE('',#8349,#8350);
#8349 = CARTESIAN_POINT('',(0.,-0.));
#8350 = VECTOR('',#8351,1.);
#8351 = DIRECTION('',(0.,1.));
#8352 = ( GEOMETRIC_REPRESENTATION_CONTEXT(2) 
PARAMETRIC_REPRESENTATION_CONTEXT() REPRESENTATION_CONTEXT('2D SPACE',''
  ) );
#8353 = ORIENTED_EDGE('',*,*,#2023,.T.);
#8354 = ORIENTED_EDGE('',*,*,#8333,.T.);
#8355 = ORIENTED_EDGE('',*,*,#8356,.F.);
#8356 = EDGE_CURVE('',#5201,#8134,#8357,.T.);
#8357 = SURFACE_CURVE('',#8358,(#8421,#8487),.PCURVE_S1.);
#8358 = B_SPLINE_CURVE_WITH_KNOTS('',7,(#8359,#8360,#8361,#8362,#8363,
    #8364,#8365,#8366,#8367,#8368,#8369,#8370,#8371,#8372,#8373,#8374,
    #8375,#8376,#8377,#8378,#8379,#8380,#8381,#8382,#8383,#8384,#8385,
    #8386,#8387,#8388,#8389,#8390,#8391,#8392,#8393,#8394,#8395,#8396,
    #8397,#8398,#8399,#8400,#8401,#8402,#8403,#8404,#8405,#8406,#8407,
    #8408,#8409,#8410,#8411,#8412,#8413,#8414,#8415,#8416,#8417,#8418,
    #8419,#8420),.UNSPECIFIED.,.T.,.F.,(8,6,6,6,6,6,6,6,6,6,8),(0.,
    0.121838941272,0.22425553936,0.309296699336,0.416501673926,
    0.531426637706,0.643352696985,0.737762062844,0.822920940709,
    0.90535635188,1.),.UNSPECIFIED.);
#8359 = CARTESIAN_POINT('',(117.5236165223,116.52660451381,
    336.55198651616));
#8360 = CARTESIAN_POINT('',(117.5236165223,116.52660451381,
    336.24817458296));
#8361 = CARTESIAN_POINT('',(117.50063658956,116.54978106098,
    335.94462232435));
#8362 = CARTESIAN_POINT('',(117.45474467638,116.59606564962,
    335.6432318156));
#8363 = CARTESIAN_POINT('',(117.38542458645,116.66592120681,
    335.34608387453));
#8364 = CARTESIAN_POINT('',(117.29168539301,116.76023309858,
    335.05580932251));
#8365 = CARTESIAN_POINT('',(117.1721773468,116.88016924503,
    334.7760424153));
#8366 = CARTESIAN_POINT('',(116.90195662401,117.15038624126,
    334.29016244274));
#8367 = CARTESIAN_POINT('',(116.75816868052,117.29386866518,
    334.0774637711));
#8368 = CARTESIAN_POINT('',(116.59341711004,117.45783108543,
    333.87915352235));
#8369 = CARTESIAN_POINT('',(116.407692355,117.64205399841,
    333.70073267728));
#8370 = CARTESIAN_POINT('',(116.20156030199,117.84569658254,
    333.54800830076));
#8371 = CARTESIAN_POINT('',(115.97629998369,118.06719514162,
    333.42717832549));
#8372 = CARTESIAN_POINT('',(115.53313379199,118.50073458468,
    333.27677886468));
#8373 = CARTESIAN_POINT('',(115.32249260084,118.70602013389,
    333.23589284721));
#8374 = CARTESIAN_POINT('',(115.10675649301,118.91538087435,
    333.22620436819));
#8375 = CARTESIAN_POINT('',(114.89098747359,119.12383430938,
    333.24902700535));
#8376 = CARTESIAN_POINT('',(114.68034435036,119.32644503691,
    333.30317261757));
#8377 = CARTESIAN_POINT('',(114.47962983956,119.51874768137,
    333.38498556085));
#8378 = CARTESIAN_POINT('',(114.05738688049,119.921926639,
    333.61870424631));
#8379 = CARTESIAN_POINT('',(113.84326216853,120.12535066574,
    333.78376671146));
#8380 = CARTESIAN_POINT('',(113.65162435347,120.30661525443,
    333.97574230987));
#8381 = CARTESIAN_POINT('',(113.48268291407,120.46584276425,
    334.18832947598));
#8382 = CARTESIAN_POINT('',(113.33611054212,120.60359464506,
    334.41632269079));
#8383 = CARTESIAN_POINT('',(113.21126689366,120.72066651457,
    334.65539365668));
#8384 = CARTESIAN_POINT('',(112.99588441841,120.92230317503,
    335.16633689311));
#8385 = CARTESIAN_POINT('',(112.90795988845,121.00439128983,
    335.44052595036));
#8386 = CARTESIAN_POINT('',(112.84255151453,121.06534707206,
    335.72117321693));
#8387 = CARTESIAN_POINT('',(112.79887275442,121.10601052786,
    336.00583176616));
#8388 = CARTESIAN_POINT('',(112.77642521707,121.12690382406,
    336.29259995314));
#8389 = CARTESIAN_POINT('',(112.7750635315,121.12817917787,
    336.5797925757));
#8390 = CARTESIAN_POINT('',(112.81450246839,121.0914478396,
    337.14409048826));
#8391 = CARTESIAN_POINT('',(112.8541806177,121.05448689591,
    337.42093115278));
#8392 = CARTESIAN_POINT('',(112.91423809964,120.99851345156,
    337.69469233856));
#8393 = CARTESIAN_POINT('',(112.99521954582,120.92295458457,
    337.96358289506));
#8394 = CARTESIAN_POINT('',(113.09796106075,120.82692288264,
    338.22527502209));
#8395 = CARTESIAN_POINT('',(113.22346788223,120.70931324825,
    338.47658620873));
#8396 = CARTESIAN_POINT('',(113.49865158551,120.45055400243,
    338.91246413337));
#8397 = CARTESIAN_POINT('',(113.64244639435,120.31505264752,
    339.10286490305));
#8398 = CARTESIAN_POINT('',(113.80429222773,120.16213942479,
    339.27980252332));
#8399 = CARTESIAN_POINT('',(113.9838269916,119.99197106206,
    339.43870052825));
#8400 = CARTESIAN_POINT('',(114.18017073431,119.80516397741,
    339.57484154206));
#8401 = CARTESIAN_POINT('',(114.39187307247,119.60287034227,
    339.68332370475));
#8402 = CARTESIAN_POINT('',(114.81968130981,119.192155299,
    339.82719416764));
#8403 = CARTESIAN_POINT('',(115.03147099881,118.98805484395,
    339.86808018511));
#8404 = CARTESIAN_POINT('',(115.24749363672,118.77898976371,
    339.87776866413));
#8405 = CARTESIAN_POINT('',(115.46261044738,118.56986333762,
    339.85494602697));
#8406 = CARTESIAN_POINT('',(115.67172669065,118.36567707688,
    339.80080041475));
#8407 = CARTESIAN_POINT('',(115.87022858774,118.17109131489,
    339.71898747147));
#8408 = CARTESIAN_POINT('',(116.2325757176,117.81468855713,339.515520332
    ));
#8409 = CARTESIAN_POINT('',(116.403713543,117.64574033502,339.3916360279
    ));
#8410 = CARTESIAN_POINT('',(116.56584238345,117.4851198968,
    339.24504874927));
#8411 = CARTESIAN_POINT('',(116.71721066173,117.33467094409,
    339.07722897472));
#8412 = CARTESIAN_POINT('',(116.85623215158,117.19609703872,
    338.89000352245));
#8413 = CARTESIAN_POINT('',(116.98151383462,117.07091792552,
    338.68551792024));
#8414 = CARTESIAN_POINT('',(117.21865967613,116.83350542456,
    338.21434711829));
#8415 = CARTESIAN_POINT('',(117.32209600492,116.72963188149,
    337.95027162081));
#8416 = CARTESIAN_POINT('',(117.403431447,116.64777444166,
    337.67786559931));
#8417 = CARTESIAN_POINT('',(117.46369319952,116.58704042331,
    337.39991881774));
#8418 = CARTESIAN_POINT('',(117.50362718611,116.54676493032,
    337.11850997412));
#8419 = CARTESIAN_POINT('',(117.5236165223,116.52660451381,
    336.83534068585));
#8420 = CARTESIAN_POINT('',(117.5236165223,116.52660451381,
    336.55198651616));
#8421 = PCURVE('',#2157,#8422);
#8422 = DEFINITIONAL_REPRESENTATION('',(#8423),#8486);
#8423 = B_SPLINE_CURVE_WITH_KNOTS('',7,(#8424,#8425,#8426,#8427,#8428,
    #8429,#8430,#8431,#8432,#8433,#8434,#8435,#8436,#8437,#8438,#8439,
    #8440,#8441,#8442,#8443,#8444,#8445,#8446,#8447,#8448,#8449,#8450,
    #8451,#8452,#8453,#8454,#8455,#8456,#8457,#8458,#8459,#8460,#8461,
    #8462,#8463,#8464,#8465,#8466,#8467,#8468,#8469,#8470,#8471,#8472,
    #8473,#8474,#8475,#8476,#8477,#8478,#8479,#8480,#8481,#8482,#8483,
    #8484,#8485),.UNSPECIFIED.,.F.,.F.,(8,6,6,6,6,6,6,6,6,6,8),(0.,
    0.121838941272,0.22425553936,0.309296699336,0.416501673926,
    0.531426637706,0.643352696985,0.737762062844,0.822920940709,
    0.90535635188,1.),.UNSPECIFIED.);
#8424 = CARTESIAN_POINT('',(0.,23.667096427054));
#8425 = CARTESIAN_POINT('',(9.206422218314E-02,23.667096427054));
#8426 = CARTESIAN_POINT('',(0.18404964501,23.66774720934));
#8427 = CARTESIAN_POINT('',(0.276655135122,23.669046869631));
#8428 = CARTESIAN_POINT('',(0.370512717524,23.670968601811));
#8429 = CARTESIAN_POINT('',(0.466280673782,23.673458576232));
#8430 = CARTESIAN_POINT('',(0.56463164283,23.676416151385));
#8431 = CARTESIAN_POINT('',(0.751942597149,23.68240576046));
#8432 = CARTESIAN_POINT('',(0.840654314274,23.685374937008));
#8433 = CARTESIAN_POINT('',(0.932447857796,23.688461694037));
#8434 = CARTESIAN_POINT('',(1.02735707095,23.691501752923));
#8435 = CARTESIAN_POINT('',(1.125515726503,23.694285131932));
#8436 = CARTESIAN_POINT('',(1.227180545451,23.696579048805));
#8437 = CARTESIAN_POINT('',(1.42049493282,23.699493448309));
#8438 = CARTESIAN_POINT('',(1.510032893514,23.700318599124));
#8439 = CARTESIAN_POINT('',(1.600357451889,23.700524459788));
#8440 = CARTESIAN_POINT('',(1.690589653136,23.700055873288));
#8441 = CARTESIAN_POINT('',(1.779888430267,23.698958869721));
#8442 = CARTESIAN_POINT('',(1.867300330126,23.697369193254));
#8443 = CARTESIAN_POINT('',(2.057859917194,23.693042646176));
#8444 = CARTESIAN_POINT('',(2.159534624274,23.690106729649));
#8445 = CARTESIAN_POINT('',(2.257318032954,23.68690730517));
#8446 = CARTESIAN_POINT('',(2.351685352474,23.683678022799));
#8447 = CARTESIAN_POINT('',(2.443041003344,23.680594279655));
#8448 = CARTESIAN_POINT('',(2.531708754477,23.677781778951));
#8449 = CARTESIAN_POINT('',(2.710492521199,23.672687023279));
#8450 = CARTESIAN_POINT('',(2.800671536266,23.670445621369));
#8451 = CARTESIAN_POINT('',(2.889156318618,23.668698646137));
#8452 = CARTESIAN_POINT('',(2.976490641005,23.667501932418));
#8453 = CARTESIAN_POINT('',(3.063187440361,23.666883605847));
#8454 = CARTESIAN_POINT('',(3.149768414832,23.666851806441));
#8455 = CARTESIAN_POINT('',(3.321545602682,23.667921574656));
#8456 = CARTESIAN_POINT('',(3.40661844464,23.668992937067));
#8457 = CARTESIAN_POINT('',(3.492559788546,23.670593909608));
#8458 = CARTESIAN_POINT('',(3.579878681727,23.67269209925));
#8459 = CARTESIAN_POINT('',(3.669104751845,23.67523212044));
#8460 = CARTESIAN_POINT('',(3.760786159276,23.678119971469));
#8461 = CARTESIAN_POINT('',(3.935558628981,23.683812157473));
#8462 = CARTESIAN_POINT('',(4.018367976643,23.686579025098));
#8463 = CARTESIAN_POINT('',(4.103904530348,23.689404585159));
#8464 = CARTESIAN_POINT('',(4.192154013875,23.692149392241));
#8465 = CARTESIAN_POINT('',(4.283186034704,23.694643714257));
#8466 = CARTESIAN_POINT('',(4.377165178813,23.696705565936));
#8467 = CARTESIAN_POINT('',(4.56208758641,23.699493448309));
#8468 = CARTESIAN_POINT('',(4.651625547104,23.700318599124));
#8469 = CARTESIAN_POINT('',(4.741950105479,23.700524459788));
#8470 = CARTESIAN_POINT('',(4.832182306726,23.700055873288));
#8471 = CARTESIAN_POINT('',(4.921481083857,23.698958869721));
#8472 = CARTESIAN_POINT('',(5.008892983716,23.697369193254));
#8473 = CARTESIAN_POINT('',(5.174787353701,23.693602655906));
#8474 = CARTESIAN_POINT('',(5.256390216941,23.691379956347));
#8475 = CARTESIAN_POINT('',(5.337987138396,23.688867860056));
#8476 = CARTESIAN_POINT('',(5.419584806488,23.686171364391));
#8477 = CARTESIAN_POINT('',(5.501186865043,23.683409904327));
#8478 = CARTESIAN_POINT('',(5.582788766727,23.680705373992));
#8479 = CARTESIAN_POINT('',(5.758068960716,23.675255051379));
#8480 = CARTESIAN_POINT('',(5.849017358789,23.672647330063));
#8481 = CARTESIAN_POINT('',(5.937878200754,23.670468823751));
#8482 = CARTESIAN_POINT('',(6.025203926279,23.668793350347));
#8483 = CARTESIAN_POINT('',(6.111510785756,23.667662555068));
#8484 = CARTESIAN_POINT('',(6.197320407274,23.667096427054));
#8485 = CARTESIAN_POINT('',(6.28318530718,23.667096427054));
#8486 = ( GEOMETRIC_REPRESENTATION_CONTEXT(2) 
PARAMETRIC_REPRESENTATION_CONTEXT() REPRESENTATION_CONTEXT('2D SPACE',''
  ) );
#8487 = PCURVE('',#2937,#8488);
#8488 = DEFINITIONAL_REPRESENTATION('',(#8489),#8552);
#8489 = B_SPLINE_CURVE_WITH_KNOTS('',7,(#8490,#8491,#8492,#8493,#8494,
    #8495,#8496,#8497,#8498,#8499,#8500,#8501,#8502,#8503,#8504,#8505,
    #8506,#8507,#8508,#8509,#8510,#8511,#8512,#8513,#8514,#8515,#8516,
    #8517,#8518,#8519,#8520,#8521,#8522,#8523,#8524,#8525,#8526,#8527,
    #8528,#8529,#8530,#8531,#8532,#8533,#8534,#8535,#8536,#8537,#8538,
    #8539,#8540,#8541,#8542,#8543,#8544,#8545,#8546,#8547,#8548,#8549,
    #8550,#8551),.UNSPECIFIED.,.T.,.F.,(8,6,6,6,6,6,6,6,6,6,8),(0.,
    0.121838941272,0.22425553936,0.309296699336,0.416501673926,
    0.531426637706,0.643352696985,0.737762062844,0.822920940709,
    0.90535635188,1.),.UNSPECIFIED.);
#8490 = CARTESIAN_POINT('',(0.781138368326,130.));
#8491 = CARTESIAN_POINT('',(0.781138368326,129.69618806679));
#8492 = CARTESIAN_POINT('',(0.781335575914,129.39263580818));
#8493 = CARTESIAN_POINT('',(0.781729408074,129.09124529943));
#8494 = CARTESIAN_POINT('',(0.782324047104,128.79409735837));
#8495 = CARTESIAN_POINT('',(0.783127507691,128.50382280634));
#8496 = CARTESIAN_POINT('',(0.784150544612,128.22405589913));
#8497 = CARTESIAN_POINT('',(0.786459590993,127.73817592657));
#8498 = CARTESIAN_POINT('',(0.787686967539,127.52547725494));
#8499 = CARTESIAN_POINT('',(0.789091416115,127.32716700618));
#8500 = CARTESIAN_POINT('',(0.790672043895,127.14874616111));
#8501 = CARTESIAN_POINT('',(0.792422851342,126.99602178459));
#8502 = CARTESIAN_POINT('',(0.794331711686,126.87519180933));
#8503 = CARTESIAN_POINT('',(0.798077704867,126.72479234852));
#8504 = CARTESIAN_POINT('',(0.79985491625,126.68390633105));
#8505 = CARTESIAN_POINT('',(0.801671360493,126.67421785202));
#8506 = CARTESIAN_POINT('',(0.803484133214,126.69704048919));
#8507 = CARTESIAN_POINT('',(0.805250107962,126.7511861014));
#8508 = CARTESIAN_POINT('',(0.806929675081,126.83299904469));
#8509 = CARTESIAN_POINT('',(0.810457270759,127.06671773015));
#8510 = CARTESIAN_POINT('',(0.812241848026,127.23178019529));
#8511 = CARTESIAN_POINT('',(0.813835702685,127.4237557937));
#8512 = CARTESIAN_POINT('',(0.815238431749,127.63634295981));
#8513 = CARTESIAN_POINT('',(0.816453804064,127.86433617462));
#8514 = CARTESIAN_POINT('',(0.817487932739,128.10340714052));
#8515 = CARTESIAN_POINT('',(0.819270634895,128.61435037695));
#8516 = CARTESIAN_POINT('',(0.819997449401,128.88853943419));
#8517 = CARTESIAN_POINT('',(0.8205376813,129.16918670076));
#8518 = CARTESIAN_POINT('',(0.820898267792,129.45384524999));
#8519 = CARTESIAN_POINT('',(0.821083562596,129.74061343697));
#8520 = CARTESIAN_POINT('',(0.821094835474,130.02780605953));
#8521 = CARTESIAN_POINT('',(0.820769188734,130.5921039721));
#8522 = CARTESIAN_POINT('',(0.820441538754,130.86894463661));
#8523 = CARTESIAN_POINT('',(0.819945484018,131.1427058224));
#8524 = CARTESIAN_POINT('',(0.819276256979,131.41159637889));
#8525 = CARTESIAN_POINT('',(0.818426505749,131.67328850592));
#8526 = CARTESIAN_POINT('',(0.817387232567,131.92459969256));
#8527 = CARTESIAN_POINT('',(0.815104856357,132.3604776172));
#8528 = CARTESIAN_POINT('',(0.813911024673,132.55087838689));
#8529 = CARTESIAN_POINT('',(0.812565661744,132.72781600715));
#8530 = CARTESIAN_POINT('',(0.811071006287,132.88671401209));
#8531 = CARTESIAN_POINT('',(0.809433474352,133.02285502589));
#8532 = CARTESIAN_POINT('',(0.807664204607,133.13133718858));
#8533 = CARTESIAN_POINT('',(0.804080828908,133.27520765147));
#8534 = CARTESIAN_POINT('',(0.802303617525,133.31609366894));
#8535 = CARTESIAN_POINT('',(0.800487173282,133.32578214797));
#8536 = CARTESIAN_POINT('',(0.798674400561,133.3029595108));
#8537 = CARTESIAN_POINT('',(0.796908425812,133.24881389859));
#8538 = CARTESIAN_POINT('',(0.795228858694,133.16700095531));
#8539 = CARTESIAN_POINT('',(0.792157859897,132.96353381584));
#8540 = CARTESIAN_POINT('',(0.790704798081,132.83964951173));
#8541 = CARTESIAN_POINT('',(0.789325824348,132.6930622331));
#8542 = CARTESIAN_POINT('',(0.788036292242,132.52524245855));
#8543 = CARTESIAN_POINT('',(0.786850252321,132.33801700629));
#8544 = CARTESIAN_POINT('',(0.785780146834,132.13353140407));
#8545 = CARTESIAN_POINT('',(0.783752572967,131.66236060212));
#8546 = CARTESIAN_POINT('',(0.782866830556,131.39828510464));
#8547 = CARTESIAN_POINT('',(0.782169577875,131.12587908315));
#8548 = CARTESIAN_POINT('',(0.781652613626,130.84793230157));
#8549 = CARTESIAN_POINT('',(0.781309911661,130.56652345795));
#8550 = CARTESIAN_POINT('',(0.781138368326,130.28335416969));
#8551 = CARTESIAN_POINT('',(0.781138368326,130.));
#8552 = ( GEOMETRIC_REPRESENTATION_CONTEXT(2) 
PARAMETRIC_REPRESENTATION_CONTEXT() REPRESENTATION_CONTEXT('2D SPACE',''
  ) );
#8553 = ORIENTED_EDGE('',*,*,#5934,.F.);
#8554 = ADVANCED_FACE('',(#8555),#2297,.F.);
#8555 = FACE_BOUND('',#8556,.F.);
#8556 = EDGE_LOOP('',(#8557));
#8557 = ORIENTED_EDGE('',*,*,#2282,.T.);
#8558 = ADVANCED_FACE('',(#8559,#8562),#2352,.F.);
#8559 = FACE_BOUND('',#8560,.F.);
#8560 = EDGE_LOOP('',(#8561));
#8561 = ORIENTED_EDGE('',*,*,#2337,.T.);
#8562 = FACE_BOUND('',#8563,.F.);
#8563 = EDGE_LOOP('',(#8564));
#8564 = ORIENTED_EDGE('',*,*,#8565,.F.);
#8565 = EDGE_CURVE('',#8566,#8566,#8568,.T.);
#8566 = VERTEX_POINT('',#8567);
#8567 = CARTESIAN_POINT('',(133.44493008551,75.,311.18949429119));
#8568 = SURFACE_CURVE('',#8569,(#8574,#8581),.PCURVE_S1.);
#8569 = CIRCLE('',#8570,23.);
#8570 = AXIS2_PLACEMENT_3D('',#8571,#8572,#8573);
#8571 = CARTESIAN_POINT('',(141.311393382,75.,289.57656401311));
#8572 = DIRECTION('',(0.939692620786,0.,0.342020143326));
#8573 = DIRECTION('',(-0.342020143326,0.,0.939692620786));
#8574 = PCURVE('',#2352,#8575);
#8575 = DEFINITIONAL_REPRESENTATION('',(#8576),#8580);
#8576 = CIRCLE('',#8577,23.);
#8577 = AXIS2_PLACEMENT_2D('',#8578,#8579);
#8578 = CARTESIAN_POINT('',(0.,0.));
#8579 = DIRECTION('',(1.,0.));
#8580 = ( GEOMETRIC_REPRESENTATION_CONTEXT(2) 
PARAMETRIC_REPRESENTATION_CONTEXT() REPRESENTATION_CONTEXT('2D SPACE',''
  ) );
#8581 = PCURVE('',#8582,#8587);
#8582 = CONICAL_SURFACE('',#8583,23.,0.126088095065);
#8583 = AXIS2_PLACEMENT_3D('',#8584,#8585,#8586);
#8584 = CARTESIAN_POINT('',(141.311393382,75.,289.57656401311));
#8585 = DIRECTION('',(0.939692620786,0.,0.342020143326));
#8586 = DIRECTION('',(-0.342020143326,0.,0.939692620786));
#8587 = DEFINITIONAL_REPRESENTATION('',(#8588),#8592);
#8588 = LINE('',#8589,#8590);
#8589 = CARTESIAN_POINT('',(0.,0.));
#8590 = VECTOR('',#8591,1.);
#8591 = DIRECTION('',(1.,0.));
#8592 = ( GEOMETRIC_REPRESENTATION_CONTEXT(2) 
PARAMETRIC_REPRESENTATION_CONTEXT() REPRESENTATION_CONTEXT('2D SPACE',''
  ) );
#8593 = ADVANCED_FACE('',(#8594),#2407,.F.);
#8594 = FACE_BOUND('',#8595,.F.);
#8595 = EDGE_LOOP('',(#8596));
#8596 = ORIENTED_EDGE('',*,*,#2392,.T.);
#8597 = ADVANCED_FACE('',(#8598,#8613),#2937,.T.);
#8598 = FACE_BOUND('',#8599,.T.);
#8599 = EDGE_LOOP('',(#8600,#8601,#8602,#8603,#8604,#8605,#8606,#8607,
    #8608,#8609,#8610,#8611,#8612));
#8600 = ORIENTED_EDGE('',*,*,#2447,.T.);
#8601 = ORIENTED_EDGE('',*,*,#6116,.T.);
#8602 = ORIENTED_EDGE('',*,*,#8133,.F.);
#8603 = ORIENTED_EDGE('',*,*,#8356,.F.);
#8604 = ORIENTED_EDGE('',*,*,#5200,.T.);
#8605 = ORIENTED_EDGE('',*,*,#7703,.F.);
#8606 = ORIENTED_EDGE('',*,*,#7926,.F.);
#8607 = ORIENTED_EDGE('',*,*,#4284,.T.);
#8608 = ORIENTED_EDGE('',*,*,#6853,.F.);
#8609 = ORIENTED_EDGE('',*,*,#7076,.F.);
#8610 = ORIENTED_EDGE('',*,*,#3368,.T.);
#8611 = ORIENTED_EDGE('',*,*,#7278,.F.);
#8612 = ORIENTED_EDGE('',*,*,#7501,.F.);
#8613 = FACE_BOUND('',#8614,.T.);
#8614 = EDGE_LOOP('',(#8615));
#8615 = ORIENTED_EDGE('',*,*,#8616,.F.);
#8616 = EDGE_CURVE('',#8617,#8617,#8619,.T.);
#8617 = VERTEX_POINT('',#8618);
#8618 = CARTESIAN_POINT('',(147.53050532008,75.,329.5824384243));
#8619 = SURFACE_CURVE('',#8620,(#8819,#9021),.PCURVE_S1.);
#8620 = B_SPLINE_CURVE_WITH_KNOTS('',8,(#8621,#8622,#8623,#8624,#8625,
    #8626,#8627,#8628,#8629,#8630,#8631,#8632,#8633,#8634,#8635,#8636,
    #8637,#8638,#8639,#8640,#8641,#8642,#8643,#8644,#8645,#8646,#8647,
    #8648,#8649,#8650,#8651,#8652,#8653,#8654,#8655,#8656,#8657,#8658,
    #8659,#8660,#8661,#8662,#8663,#8664,#8665,#8666,#8667,#8668,#8669,
    #8670,#8671,#8672,#8673,#8674,#8675,#8676,#8677,#8678,#8679,#8680,
    #8681,#8682,#8683,#8684,#8685,#8686,#8687,#8688,#8689,#8690,#8691,
    #8692,#8693,#8694,#8695,#8696,#8697,#8698,#8699,#8700,#8701,#8702,
    #8703,#8704,#8705,#8706,#8707,#8708,#8709,#8710,#8711,#8712,#8713,
    #8714,#8715,#8716,#8717,#8718,#8719,#8720,#8721,#8722,#8723,#8724,
    #8725,#8726,#8727,#8728,#8729,#8730,#8731,#8732,#8733,#8734,#8735,
    #8736,#8737,#8738,#8739,#8740,#8741,#8742,#8743,#8744,#8745,#8746,
    #8747,#8748,#8749,#8750,#8751,#8752,#8753,#8754,#8755,#8756,#8757,
    #8758,#8759,#8760,#8761,#8762,#8763,#8764,#8765,#8766,#8767,#8768,
    #8769,#8770,#8771,#8772,#8773,#8774,#8775,#8776,#8777,#8778,#8779,
    #8780,#8781,#8782,#8783,#8784,#8785,#8786,#8787,#8788,#8789,#8790,
    #8791,#8792,#8793,#8794,#8795,#8796,#8797,#8798,#8799,#8800,#8801,
    #8802,#8803,#8804,#8805,#8806,#8807,#8808,#8809,#8810,#8811,#8812,
    #8813,#8814,#8815,#8816,#8817,#8818),.UNSPECIFIED.,.T.,.F.,(9,7,7,7,
    7,7,7,7,7,7,7,7,7,7,7,7,7,7,7,7,7,7,7,7,7,7,7,7,9),(0.,
    2.167062883508E-02,3.27739589155E-02,5.491766124496E-02,
    7.749730359064E-02,8.901112134333E-02,0.111630006439,0.143509823007,
    0.171362283901,0.194909800527,0.270448595383,0.354070309477,
    0.390388155581,0.443472867898,0.495640916846,0.530778448466,
    0.553932545379,0.596947091216,0.62120347637,0.63065946425,
    0.643792899361,0.66380770063,0.697830074196,0.76910174422,
    0.84668530642,0.897633946367,0.938745809208,0.966964031546,1.),
  .UNSPECIFIED.);
#8621 = CARTESIAN_POINT('',(147.53050532008,75.,329.5824384243));
#8622 = CARTESIAN_POINT('',(147.85452036875,74.362638615187,
    329.72976725538));
#8623 = CARTESIAN_POINT('',(148.17900983786,73.716554073019,
    329.86297528928));
#8624 = CARTESIAN_POINT('',(148.50374298987,73.061895484627,
    329.98131516611));
#8625 = CARTESIAN_POINT('',(148.82844188287,72.398913732227,
    330.08399664821));
#8626 = CARTESIAN_POINT('',(149.15278308093,71.727969060744,
    330.1701997095));
#8627 = CARTESIAN_POINT('',(149.47639935716,71.049540810402,
    330.23909285283));
#8628 = CARTESIAN_POINT('',(149.79888138962,70.364239290299,
    330.28985665494));
#8629 = CARTESIAN_POINT('',(150.28419724846,69.318558780896,
    330.33803446553));
#8630 = CARTESIAN_POINT('',(150.44819701904,68.962696417802,
    330.34939244174));
#8631 = CARTESIAN_POINT('',(150.61171649504,68.60533825423,
    330.35568195929));
#8632 = CARTESIAN_POINT('',(150.77469046654,68.24660031578,
    330.35680150655));
#8633 = CARTESIAN_POINT('',(150.93705095033,67.88660942401,
    330.35265395575));
#8634 = CARTESIAN_POINT('',(151.09872736003,67.525503517349,
    330.34314794978));
#8635 = CARTESIAN_POINT('',(151.25964667615,67.163431972015,
    330.32819928893));
#8636 = CARTESIAN_POINT('',(151.73899977509,66.076861395676,
    330.2669144262));
#8637 = CARTESIAN_POINT('',(152.05499646436,65.349873705267,
    330.20414317604));
#8638 = CARTESIAN_POINT('',(152.36707670715,64.620979319397,
    330.11881553306));
#8639 = CARTESIAN_POINT('',(152.67460702337,63.891647847579,
    330.01047919463));
#8640 = CARTESIAN_POINT('',(152.97697262131,63.163430413046,
    329.8788572328));
#8641 = CARTESIAN_POINT('',(153.27358177876,62.437956430152,
    329.72387700651));
#8642 = CARTESIAN_POINT('',(153.56386941316,61.71692878727,
    329.54570334276));
#8643 = CARTESIAN_POINT('',(154.13631012498,60.273233690512,
    329.13989300156));
#8644 = CARTESIAN_POINT('',(154.41824970215,59.550664210063,
    328.91130967793));
#8645 = CARTESIAN_POINT('',(154.69254529511,58.836290485147,
    328.65947559602));
#8646 = CARTESIAN_POINT('',(154.95876413313,58.131792937684,
    328.38506073443));
#8647 = CARTESIAN_POINT('',(155.21659318343,57.438664675746,
    328.08891993929));
#8648 = CARTESIAN_POINT('',(155.46582077029,56.758223678512,
    327.77206148877));
#8649 = CARTESIAN_POINT('',(155.70632058225,56.091623410628,
    327.43561975289));
#8650 = CARTESIAN_POINT('',(156.05619551427,55.107515430706,
    326.89991844887));
#8651 = CARTESIAN_POINT('',(156.17207766237,54.779004036375,
    326.71422189072));
#8652 = CARTESIAN_POINT('',(156.28568175117,54.454446952439,
    326.52389764833));
#8653 = CARTESIAN_POINT('',(156.3970115617,54.133947389409,
    326.3291031845));
#8654 = CARTESIAN_POINT('',(156.506076668,53.817593578296,
    326.12999684656));
#8655 = CARTESIAN_POINT('',(156.61289168853,53.505459850049,
    325.92673666229));
#8656 = CARTESIAN_POINT('',(156.71747553776,53.197607715006,
    325.7194791358));
#8657 = CARTESIAN_POINT('',(157.02096655189,52.297820644857,
    325.09367012854));
#8658 = CARTESIAN_POINT('',(157.21355207648,51.718289175285,
    324.66414216832));
#8659 = CARTESIAN_POINT('',(157.39778920333,51.155837850881,
    324.22094238058));
#8660 = CARTESIAN_POINT('',(157.57390835853,50.610650219926,
    323.76518211325));
#8661 = CARTESIAN_POINT('',(157.74217187495,50.082777236074,
    323.29791499496));
#8662 = CARTESIAN_POINT('',(157.90286122505,49.572161782135,
    322.82011974525));
#8663 = CARTESIAN_POINT('',(158.05626805389,49.078658543305,
    322.33268664442));
#8664 = CARTESIAN_POINT('',(158.40905962984,47.930300051008,
    321.13693539343));
#8665 = CARTESIAN_POINT('',(158.60152562171,47.292197976619,
    320.41998132213));
#8666 = CARTESIAN_POINT('',(158.78094338806,46.687054997498,
    319.68770510984));
#8667 = CARTESIAN_POINT('',(158.94812237607,46.114092888655,
    318.94204678353));
#8668 = CARTESIAN_POINT('',(159.10382348532,45.572466234708,
    318.18471825333));
#8669 = CARTESIAN_POINT('',(159.24875747334,45.061285455302,
    317.41719482943));
#8670 = CARTESIAN_POINT('',(159.38358336115,44.579639830542,
    316.64070673897));
#8671 = CARTESIAN_POINT('',(159.61839828628,43.730830844727,
    315.17085688188));
#8672 = CARTESIAN_POINT('',(159.72062535081,43.356932856455,
    314.47945718636));
#8673 = CARTESIAN_POINT('',(159.81598864569,43.004335770345,
    313.78272438719));
#8674 = CARTESIAN_POINT('',(159.90484782655,42.672489553791,
    313.08128522148));
#8675 = CARTESIAN_POINT('',(159.98752741456,42.360877569895,
    312.3757018477));
#8676 = CARTESIAN_POINT('',(160.06432118949,42.069012279206,
    311.66647270135));
#8677 = CARTESIAN_POINT('',(160.13549515229,41.796434006171,
    310.95403269116));
#8678 = CARTESIAN_POINT('',(160.2569136963,41.328207307245,
    309.63402819466));
#8679 = CARTESIAN_POINT('',(160.30869138089,41.127186054945,
    309.0272909062));
#8680 = CARTESIAN_POINT('',(160.35676629363,40.939391663527,
    308.41877464691));
#8681 = CARTESIAN_POINT('',(160.40126859058,40.76458544716,
    307.80869757952));
#8682 = CARTESIAN_POINT('',(160.44231551445,40.602545949145,
    307.19726237283));
#8683 = CARTESIAN_POINT('',(160.48001250736,40.453067507014,
    306.58465632129));
#8684 = CARTESIAN_POINT('',(160.51445432382,40.315958817647,
    305.97105146465));
#8685 = CARTESIAN_POINT('',(160.64604396519,39.790315446959,
    303.38550226546));
#8686 = CARTESIAN_POINT('',(160.71370347348,39.515192803735,
    301.40643676197));
#8687 = CARTESIAN_POINT('',(160.75158884442,39.35948733604,
    299.42381288645));
#8688 = CARTESIAN_POINT('',(160.76137682471,39.319052360142,
    297.4417822748));
#8689 = CARTESIAN_POINT('',(160.74399231886,39.39078034355,
    295.46422692346));
#8690 = CARTESIAN_POINT('',(160.69967670574,39.572490139243,
    293.49471262801));
#8691 = CARTESIAN_POINT('',(160.62807063967,39.862785654863,
    291.53652588186));
#8692 = CARTESIAN_POINT('',(160.41750566312,40.70234246293,
    287.44076529233));
#8693 = CARTESIAN_POINT('',(160.27228646988,41.275484570662,
    285.30888300533));
#8694 = CARTESIAN_POINT('',(160.09123443095,41.979461159682,
    283.20148996694));
#8695 = CARTESIAN_POINT('',(159.87223104712,42.814022285362,
    281.12411244633));
#8696 = CARTESIAN_POINT('',(159.61241847665,43.77929300916,
    279.08316860103));
#8697 = CARTESIAN_POINT('',(159.30819742481,44.875557656875,
    277.08593137944));
#8698 = CARTESIAN_POINT('',(158.95524435893,46.103069376523,
    275.14049133464));
#8699 = CARTESIAN_POINT('',(158.37168608239,48.052457775298,
    272.43729687933));
#8700 = CARTESIAN_POINT('',(158.18483798408,48.667485274669,
    271.63033083248));
#8701 = CARTESIAN_POINT('',(157.98743470048,49.307249939108,
    270.83570471492));
#8702 = CARTESIAN_POINT('',(157.77904792248,49.971705533378,
    270.05425934611));
#8703 = CARTESIAN_POINT('',(157.55923381493,50.660766078851,
    269.28689703915));
#8704 = CARTESIAN_POINT('',(157.3275365501,51.374299211904,
    268.53457765067));
#8705 = CARTESIAN_POINT('',(157.08349184109,52.112119542304,
    267.79831463077));
#8706 = CARTESIAN_POINT('',(156.45118387889,53.987573657192,
    266.02802038587));
#8707 = CARTESIAN_POINT('',(156.04837149259,55.152482771912,
    265.0134908443));
#8708 = CARTESIAN_POINT('',(155.61672679829,56.367957440171,
    264.03888065912));
#8709 = CARTESIAN_POINT('',(155.15481284751,57.632837737875,
    263.1078546451));
#8710 = CARTESIAN_POINT('',(154.66127443516,58.945481519225,
    262.22436828377));
#8711 = CARTESIAN_POINT('',(154.13490914014,60.303702054419,
    261.39258770496));
#8712 = CARTESIAN_POINT('',(153.5747572327,61.704717518241,
    260.61680558711));
#8713 = CARTESIAN_POINT('',(152.39593025973,64.560634496678,
    259.19825475486));
#8714 = CARTESIAN_POINT('',(151.7784227867,66.014212138044,
    258.55340832598));
#8715 = CARTESIAN_POINT('',(151.1272090696,67.502363560701,
    257.97104638515));
#8716 = CARTESIAN_POINT('',(150.44217882105,69.020958329449,
    257.45539298422));
#8717 = CARTESIAN_POINT('',(149.72368887289,70.565211053446,
    257.01053598235));
#8718 = CARTESIAN_POINT('',(148.97267042088,72.12969814181,
    256.64032001467));
#8719 = CARTESIAN_POINT('',(148.19074892109,73.708375832561,
    256.34822334006));
#8720 = CARTESIAN_POINT('',(146.83456084076,76.362956296915,
    255.99503603089));
#8721 = CARTESIAN_POINT('',(146.27581539283,77.434788342897,
    255.88965637415));
#8722 = CARTESIAN_POINT('',(145.70490084552,78.508022092666,255.82194728
    ));
#8723 = CARTESIAN_POINT('',(145.12270890914,79.580549238658,
    255.79268684078));
#8724 = CARTESIAN_POINT('',(144.53027474509,80.650213167579,
    255.80252477559));
#8725 = CARTESIAN_POINT('',(143.92878449929,81.714815413812,
    255.85197388755));
#8726 = CARTESIAN_POINT('',(143.31958193117,82.772120408933,
    255.94139512357));
#8727 = CARTESIAN_POINT('',(142.29864731189,84.510272133982,
    256.15636452426));
#8728 = CARTESIAN_POINT('',(141.89041780281,85.196545673013,
    256.25919307002));
#8729 = CARTESIAN_POINT('',(141.4799135016,85.878034455819,
    256.37951656047));
#8730 = CARTESIAN_POINT('',(141.06758605078,86.554099488962,
    256.51736012094));
#8731 = CARTESIAN_POINT('',(140.65391047005,87.22410767991,
    256.67271762665));
#8732 = CARTESIAN_POINT('',(140.23938478166,87.887432042755,
    256.84555001368));
#8733 = CARTESIAN_POINT('',(139.8245296357,88.543451903934,
    257.03578358993));
#8734 = CARTESIAN_POINT('',(138.63958691771,90.395563743777,
    257.62883766176));
#8735 = CARTESIAN_POINT('',(137.86991194893,91.572417531264,
    258.07409698922));
#8736 = CARTESIAN_POINT('',(137.1044544919,92.717989986721,
    258.57835170713));
#8737 = CARTESIAN_POINT('',(136.34692502093,93.828476026041,
    259.14043706468));
#8738 = CARTESIAN_POINT('',(135.60113587241,94.900354484286,
    259.75878121973));
#8739 = CARTESIAN_POINT('',(134.8709586108,95.930375348845,
    260.43137498823));
#8740 = CARTESIAN_POINT('',(134.16025590994,96.91556970618,
    261.1556883048));
#8741 = CARTESIAN_POINT('',(133.08511705173,98.382069115459,
    262.36434941445));
#8742 = CARTESIAN_POINT('',(132.70480632679,98.895795506935,
    262.81563004039));
#8743 = CARTESIAN_POINT('',(132.33252254403,99.393994275519,
    263.28181749644));
#8744 = CARTESIAN_POINT('',(131.96889881385,99.876261003688,
    263.76231623189));
#8745 = CARTESIAN_POINT('',(131.61453185307,100.34224976978,
    264.25649376583));
#8746 = CARTESIAN_POINT('',(131.26997877659,100.79167003164,
    264.76368057334));
#8747 = CARTESIAN_POINT('',(130.9357534157,101.22428478155,
    265.28316901348));
#8748 = CARTESIAN_POINT('',(130.48623734084,101.8019352183,
    266.02123016764));
#8749 = CARTESIAN_POINT('',(130.36179180576,101.96137990753,
    266.23000672688));
#8750 = CARTESIAN_POINT('',(130.23901273115,102.11823382003,
    266.44049753645));
#8751 = CARTESIAN_POINT('',(130.11792592603,102.27248818159,
    266.65265880981));
#8752 = CARTESIAN_POINT('',(129.99855583495,102.42413566396,
    266.86644641402));
#8753 = CARTESIAN_POINT('',(129.88092553802,102.57317038482,
    267.08181586974));
#8754 = CARTESIAN_POINT('',(129.76505675086,102.71958790778,
    267.29872235123));
#8755 = CARTESIAN_POINT('',(129.49251432945,103.06310556639,
    267.82045444679));
#8756 = CARTESIAN_POINT('',(129.33749577976,103.25777175126,
    268.12666675814));
#8757 = CARTESIAN_POINT('',(129.18596884423,103.44737535319,
    268.43563646238));
#8758 = CARTESIAN_POINT('',(129.0379824541,103.631913714,268.74724244143
    ));
#8759 = CARTESIAN_POINT('',(128.89357992808,103.81138960639,
    269.06136375906));
#8760 = CARTESIAN_POINT('',(128.75279909719,103.98581087927,
    269.37787980271));
#8761 = CARTESIAN_POINT('',(128.61567242963,104.15519010298,
    269.69667042541));
#8762 = CARTESIAN_POINT('',(128.27886218536,104.57001294982,
    270.5067237426));
#8763 = CARTESIAN_POINT('',(128.08404585289,104.80881252602,
    271.00083929238));
#8764 = CARTESIAN_POINT('',(127.89787494204,105.03600282247,
    271.4995391051));
#8765 = CARTESIAN_POINT('',(127.72041504756,105.25167054585,
    272.00240993906));
#8766 = CARTESIAN_POINT('',(127.55170288383,105.45592587953,
    272.50905003759));
#8767 = CARTESIAN_POINT('',(127.39174859352,105.64889913286,
    273.01907022391));
#8768 = CARTESIAN_POINT('',(127.24053805633,105.83073739054,
    273.532094996));
#8769 = CARTESIAN_POINT('',(126.85580019241,106.29204576735,
    274.92432843834));
#8770 = CARTESIAN_POINT('',(126.63872838303,106.55077694594,
    275.80852503919));
#8771 = CARTESIAN_POINT('',(126.44663356343,106.77859608548,
    276.69861046315));
#8772 = CARTESIAN_POINT('',(126.27914490387,106.97642108177,
    277.59298886448));
#8773 = CARTESIAN_POINT('',(126.13574721349,107.1452417097,
    278.49021698915));
#8774 = CARTESIAN_POINT('',(126.01581788301,107.28608255938,
    279.38900869586));
#8775 = CARTESIAN_POINT('',(125.91866050755,107.3999735371,
    280.28823852162));
#8776 = CARTESIAN_POINT('',(125.68615913657,107.67217893751,
    283.06959545283));
#8777 = CARTESIAN_POINT('',(125.62554783652,107.74251635914,
    284.94899115765));
#8778 = CARTESIAN_POINT('',(125.65462978221,107.70856780192,
    286.81749378441));
#8779 = CARTESIAN_POINT('',(125.76599703676,107.57901621612,
    288.66907986995));
#8780 = CARTESIAN_POINT('',(125.95238367524,107.36152327676,
    290.49922810143));
#8781 = CARTESIAN_POINT('',(126.20704184647,107.06264062821,
    292.30483243949));
#8782 = CARTESIAN_POINT('',(126.52403781476,106.68766617763,
    294.08412941963));
#8783 = CARTESIAN_POINT('',(127.30610476674,105.75352894638,
    297.74433106761));
#8784 = CARTESIAN_POINT('',(127.78152741495,105.18132495126,
    299.61899000384));
#8785 = CARTESIAN_POINT('',(128.31819510088,104.52902353623,
    301.45952994769));
#8786 = CARTESIAN_POINT('',(128.91051491083,103.80039331814,
    303.26468774327));
#8787 = CARTESIAN_POINT('',(129.55366540711,102.9980883508,
    305.0331515582));
#8788 = CARTESIAN_POINT('',(130.24353289251,102.12375951388,
    306.7636046375));
#8789 = CARTESIAN_POINT('',(130.9767367635,101.17796159418,
    308.4546912313));
#8790 = CARTESIAN_POINT('',(132.25895347173,99.491328889875,
    311.188618316));
#8791 = CARTESIAN_POINT('',(132.78468886508,98.791726653769,
    312.25448900299));
#8792 = CARTESIAN_POINT('',(133.32712746999,98.06092249574,
    313.30204979332));
#8793 = CARTESIAN_POINT('',(133.885568685,97.29860011282,314.33064762334
    ));
#8794 = CARTESIAN_POINT('',(134.45937706996,96.504295411865,
    315.33946962092));
#8795 = CARTESIAN_POINT('',(135.04798133501,95.677381306584,
    316.32753807103));
#8796 = CARTESIAN_POINT('',(135.65088324731,94.817029677369,
    317.29369141591));
#8797 = CARTESIAN_POINT('',(136.76538390772,93.200047798191,
    318.99737092828));
#8798 = CARTESIAN_POINT('',(137.27209367747,92.455524806261,
    319.74295753592));
#8799 = CARTESIAN_POINT('',(137.78759973414,91.688000826628,
    320.47260749258));
#8800 = CARTESIAN_POINT('',(138.31169134752,90.896843751736,
    321.18544970629));
#8801 = CARTESIAN_POINT('',(138.84415100695,90.081369545623,
    321.88044699053));
#8802 = CARTESIAN_POINT('',(139.38475787553,89.240827879924,
    322.55638619963));
#8803 = CARTESIAN_POINT('',(139.9332967794,88.374373918234,
    323.21185712264));
#8804 = CARTESIAN_POINT('',(140.87138755223,86.867853275878,
    324.27994571297));
#8805 = CARTESIAN_POINT('',(141.25682391204,86.242047945882,
    324.70422902025));
#8806 = CARTESIAN_POINT('',(141.64581856176,85.603294524353,
    325.11754246735));
#8807 = CARTESIAN_POINT('',(142.03829034361,84.951282354848,
    325.51928056601));
#8808 = CARTESIAN_POINT('',(142.43414038191,84.285705928201,
    325.90875980166));
#8809 = CARTESIAN_POINT('',(142.83325325143,83.60626278617,
    326.28521606364));
#8810 = CARTESIAN_POINT('',(143.23549912386,82.912649259484,
    326.64779963373));
#8811 = CARTESIAN_POINT('',(144.1151616094,81.375564494354,
    327.40271088406));
#8812 = CARTESIAN_POINT('',(144.59361978372,80.526843725487,
    327.78949003505));
#8813 = CARTESIAN_POINT('',(145.07592753912,79.657823789231,
    328.15443995022));
#8814 = CARTESIAN_POINT('',(145.56178136736,78.768088864021,
    328.49582474887));
#8815 = CARTESIAN_POINT('',(146.05075903714,77.857391200033,
    328.81165339275));
#8816 = CARTESIAN_POINT('',(146.5423224422,76.925670629488,
    329.09969690688));
#8817 = CARTESIAN_POINT('',(147.03582238841,75.973077638435,
    329.35750733428));
#8818 = CARTESIAN_POINT('',(147.53050532008,75.,329.5824384243));
#8819 = PCURVE('',#2937,#8820);
#8820 = DEFINITIONAL_REPRESENTATION('',(#8821),#9020);
#8821 = B_SPLINE_CURVE_WITH_KNOTS('',8,(#8822,#8823,#8824,#8825,#8826,
    #8827,#8828,#8829,#8830,#8831,#8832,#8833,#8834,#8835,#8836,#8837,
    #8838,#8839,#8840,#8841,#8842,#8843,#8844,#8845,#8846,#8847,#8848,
    #8849,#8850,#8851,#8852,#8853,#8854,#8855,#8856,#8857,#8858,#8859,
    #8860,#8861,#8862,#8863,#8864,#8865,#8866,#8867,#8868,#8869,#8870,
    #8871,#8872,#8873,#8874,#8875,#8876,#8877,#8878,#8879,#8880,#8881,
    #8882,#8883,#8884,#8885,#8886,#8887,#8888,#8889,#8890,#8891,#8892,
    #8893,#8894,#8895,#8896,#8897,#8898,#8899,#8900,#8901,#8902,#8903,
    #8904,#8905,#8906,#8907,#8908,#8909,#8910,#8911,#8912,#8913,#8914,
    #8915,#8916,#8917,#8918,#8919,#8920,#8921,#8922,#8923,#8924,#8925,
    #8926,#8927,#8928,#8929,#8930,#8931,#8932,#8933,#8934,#8935,#8936,
    #8937,#8938,#8939,#8940,#8941,#8942,#8943,#8944,#8945,#8946,#8947,
    #8948,#8949,#8950,#8951,#8952,#8953,#8954,#8955,#8956,#8957,#8958,
    #8959,#8960,#8961,#8962,#8963,#8964,#8965,#8966,#8967,#8968,#8969,
    #8970,#8971,#8972,#8973,#8974,#8975,#8976,#8977,#8978,#8979,#8980,
    #8981,#8982,#8983,#8984,#8985,#8986,#8987,#8988,#8989,#8990,#8991,
    #8992,#8993,#8994,#8995,#8996,#8997,#8998,#8999,#9000,#9001,#9002,
    #9003,#9004,#9005,#9006,#9007,#9008,#9009,#9010,#9011,#9012,#9013,
    #9014,#9015,#9016,#9017,#9018,#9019),.UNSPECIFIED.,.T.,.F.,(9,7,7,7,
    7,7,7,7,7,7,7,7,7,7,7,7,7,7,7,7,7,7,7,7,7,7,7,7,9),(0.,
    2.167062883508E-02,3.27739589155E-02,5.491766124496E-02,
    7.749730359064E-02,8.901112134333E-02,0.111630006439,0.143509823007,
    0.171362283901,0.194909800527,0.270448595383,0.354070309477,
    0.390388155581,0.443472867898,0.495640916846,0.530778448466,
    0.553932545379,0.596947091216,0.62120347637,0.63065946425,
    0.643792899361,0.66380770063,0.697830074196,0.76910174422,
    0.84668530642,0.897633946367,0.938745809208,0.966964031546,1.),
  .UNSPECIFIED.);
#8822 = CARTESIAN_POINT('',(0.470320719523,123.03045190814));
#8823 = CARTESIAN_POINT('',(0.466000518874,123.17778073922));
#8824 = CARTESIAN_POINT('',(0.461632034147,123.31098877311));
#8825 = CARTESIAN_POINT('',(0.457216577365,123.42932864995));
#8826 = CARTESIAN_POINT('',(0.4527561266,123.53201013204));
#8827 = CARTESIAN_POINT('',(0.448253362087,123.61821319334));
#8828 = CARTESIAN_POINT('',(0.443711715457,123.68710633666));
#8829 = CARTESIAN_POINT('',(0.439135432099,123.73787013878));
#8830 = CARTESIAN_POINT('',(0.432169790974,123.78604794936));
#8831 = CARTESIAN_POINT('',(0.429802221998,123.79740592557));
#8832 = CARTESIAN_POINT('',(0.427427656598,123.80369544313));
#8833 = CARTESIAN_POINT('',(0.425046875966,123.80481499038));
#8834 = CARTESIAN_POINT('',(0.422660727091,123.80066743958));
#8835 = CARTESIAN_POINT('',(0.420270124269,123.79116143362));
#8836 = CARTESIAN_POINT('',(0.417876050593,123.77621277276));
#8837 = CARTESIAN_POINT('',(0.410700165717,123.71492791004));
#8838 = CARTESIAN_POINT('',(0.405910540297,123.65215665987));
#8839 = CARTESIAN_POINT('',(0.401119759554,123.56682901689));
#8840 = CARTESIAN_POINT('',(0.396337323244,123.45849267846));
#8841 = CARTESIAN_POINT('',(0.391573140086,123.32687071663));
#8842 = CARTESIAN_POINT('',(0.386837506622,123.17189049034));
#8843 = CARTESIAN_POINT('',(0.382141079352,122.99371682659));
#8844 = CARTESIAN_POINT('',(0.372757131124,122.5879064854));
#8845 = CARTESIAN_POINT('',(0.368070635966,122.35932316177));
#8846 = CARTESIAN_POINT('',(0.36344703739,122.10748907986));
#8847 = CARTESIAN_POINT('',(0.358896590803,121.83307421826));
#8848 = CARTESIAN_POINT('',(0.354428254969,121.53693342312));
#8849 = CARTESIAN_POINT('',(0.350049805466,121.22007497261));
#8850 = CARTESIAN_POINT('',(0.345767930946,120.88363323672));
#8851 = CARTESIAN_POINT('',(0.339457039825,120.3479319327));
#8852 = CARTESIAN_POINT('',(0.337352206449,120.16223537456));
#8853 = CARTESIAN_POINT('',(0.335274481921,119.97191113216));
#8854 = CARTESIAN_POINT('',(0.333224432994,119.77711666833));
#8855 = CARTESIAN_POINT('',(0.331202530953,119.5780103304));
#8856 = CARTESIAN_POINT('',(0.329209159224,119.37475014613));
#8857 = CARTESIAN_POINT('',(0.327244620992,119.16749261963));
#8858 = CARTESIAN_POINT('',(0.321506909432,118.54168361237));
#8859 = CARTESIAN_POINT('',(0.317816958687,118.11215565215));
#8860 = CARTESIAN_POINT('',(0.314240836407,117.66895586441));
#8861 = CARTESIAN_POINT('',(0.310779085707,117.21319559709));
#8862 = CARTESIAN_POINT('',(0.307431447402,116.7459284788));
#8863 = CARTESIAN_POINT('',(0.304197022288,116.26813322909));
#8864 = CARTESIAN_POINT('',(0.301074399275,115.78070012825));
#8865 = CARTESIAN_POINT('',(0.293815619418,114.58494887727));
#8866 = CARTESIAN_POINT('',(0.289788503055,113.86799480596));
#8867 = CARTESIAN_POINT('',(0.28597479234,113.13571859367));
#8868 = CARTESIAN_POINT('',(0.282368488172,112.39006026736));
#8869 = CARTESIAN_POINT('',(0.278963326134,111.63273173716));
#8870 = CARTESIAN_POINT('',(0.275752902327,110.86520831326));
#8871 = CARTESIAN_POINT('',(0.272730799199,110.08872022281));
#8872 = CARTESIAN_POINT('',(0.267409409926,108.61887036572));
#8873 = CARTESIAN_POINT('',(0.265067299339,107.92747067019));
#8874 = CARTESIAN_POINT('',(0.262860270464,107.23073787102));
#8875 = CARTESIAN_POINT('',(0.260784528346,106.52929870531));
#8876 = CARTESIAN_POINT('',(0.258836536715,105.82371533154));
#8877 = CARTESIAN_POINT('',(0.257012983345,105.11448618518));
#8878 = CARTESIAN_POINT('',(0.255310766298,104.40204617499));
#8879 = CARTESIAN_POINT('',(0.252388026402,103.08204167849));
#8880 = CARTESIAN_POINT('',(0.251133753439,102.47530439003));
#8881 = CARTESIAN_POINT('',(0.24996245471,101.86678813074));
#8882 = CARTESIAN_POINT('',(0.248872534974,101.25671106336));
#8883 = CARTESIAN_POINT('',(0.247862520699,100.64527585667));
#8884 = CARTESIAN_POINT('',(0.246931049573,100.03266980512));
#8885 = CARTESIAN_POINT('',(0.246076860008,99.419064948487));
#8886 = CARTESIAN_POINT('',(0.242802756216,96.833515749297));
#8887 = CARTESIAN_POINT('',(0.241090867103,94.854450245811));
#8888 = CARTESIAN_POINT('',(0.240122597461,92.871826370286));
#8889 = CARTESIAN_POINT('',(0.23987121995,90.889795758634));
#8890 = CARTESIAN_POINT('',(0.240317171676,88.912240407296));
#8891 = CARTESIAN_POINT('',(0.241447295639,86.942726111847));
#8892 = CARTESIAN_POINT('',(0.243253907363,84.984539365699));
#8893 = CARTESIAN_POINT('',(0.248483874114,80.888778776168));
#8894 = CARTESIAN_POINT('',(0.252056391328,78.756896489172));
#8895 = CARTESIAN_POINT('',(0.256448402838,76.649503450783));
#8896 = CARTESIAN_POINT('',(0.26166166947,74.572125930173));
#8897 = CARTESIAN_POINT('',(0.267701418571,72.531182084871));
#8898 = CARTESIAN_POINT('',(0.274575261499,70.533944863277));
#8899 = CARTESIAN_POINT('',(0.282292311441,68.588504818479));
#8900 = CARTESIAN_POINT('',(0.294587538282,65.885310363164));
#8901 = CARTESIAN_POINT('',(0.298471396045,65.078344316323));
#8902 = CARTESIAN_POINT('',(0.30251681378,64.283718198762));
#8903 = CARTESIAN_POINT('',(0.306724372986,63.502272829949));
#8904 = CARTESIAN_POINT('',(0.311094486421,62.734910522985));
#8905 = CARTESIAN_POINT('',(0.315627359867,61.98259113451));
#8906 = CARTESIAN_POINT('',(0.320322953887,61.246328114612));
#8907 = CARTESIAN_POINT('',(0.332281727147,59.476033869704));
#8908 = CARTESIAN_POINT('',(0.339729159962,58.461504328143));
#8909 = CARTESIAN_POINT('',(0.347522318565,57.486894142959));
#8910 = CARTESIAN_POINT('',(0.355658099623,56.555868128941));
#8911 = CARTESIAN_POINT('',(0.364130758376,55.672381767611));
#8912 = CARTESIAN_POINT('',(0.37293145019,54.840601188795));
#8913 = CARTESIAN_POINT('',(0.382047777229,54.064819070945));
#8914 = CARTESIAN_POINT('',(0.400716315924,52.646268238702));
#8915 = CARTESIAN_POINT('',(0.410258440996,52.001421809817));
#8916 = CARTESIAN_POINT('',(0.420072581077,51.419059868992));
#8917 = CARTESIAN_POINT('',(0.430137444572,50.903406468055));
#8918 = CARTESIAN_POINT('',(0.440427319304,50.458549466192));
#8919 = CARTESIAN_POINT('',(0.450911865748,50.088333498512));
#8920 = CARTESIAN_POINT('',(0.461555820041,49.796236823895));
#8921 = CARTESIAN_POINT('',(0.479567582906,49.443049514732));
#8922 = CARTESIAN_POINT('',(0.486870821061,49.337669857992));
#8923 = CARTESIAN_POINT('',(0.494215634045,49.269960763841));
#8924 = CARTESIAN_POINT('',(0.501588843577,49.240700324619));
#8925 = CARTESIAN_POINT('',(0.508976632932,49.250538259432));
#8926 = CARTESIAN_POINT('',(0.516364536518,49.299987371388));
#8927 = CARTESIAN_POINT('',(0.523737419597,49.389408607409));
#8928 = CARTESIAN_POINT('',(0.535917523897,49.604378008098));
#8929 = CARTESIAN_POINT('',(0.540742300494,49.707206553864));
#8930 = CARTESIAN_POINT('',(0.545549282327,49.827530044312));
#8931 = CARTESIAN_POINT('',(0.550333926595,49.965373604783));
#8932 = CARTESIAN_POINT('',(0.555091642379,50.120731110494));
#8933 = CARTESIAN_POINT('',(0.559817789715,50.29356349752));
#8934 = CARTESIAN_POINT('',(0.564507678679,50.48379707377));
#8935 = CARTESIAN_POINT('',(0.57779304794,51.076851145596));
#8936 = CARTESIAN_POINT('',(0.586289267018,51.522110473057));
#8937 = CARTESIAN_POINT('',(0.594613518992,52.026365190972));
#8938 = CARTESIAN_POINT('',(0.602735203321,52.588450548521));
#8939 = CARTESIAN_POINT('',(0.610624630539,53.206794703574));
#8940 = CARTESIAN_POINT('',(0.618253055433,53.879388472073));
#8941 = CARTESIAN_POINT('',(0.625592938502,54.603701788641));
#8942 = CARTESIAN_POINT('',(0.636580192397,55.812362898284));
#8943 = CARTESIAN_POINT('',(0.640442265442,56.263643524224));
#8944 = CARTESIAN_POINT('',(0.644200090388,56.729830980274));
#8945 = CARTESIAN_POINT('',(0.647849509334,57.210329715728));
#8946 = CARTESIAN_POINT('',(0.651386759444,57.704507249666));
#8947 = CARTESIAN_POINT('',(0.654808470209,58.211694057181));
#8948 = CARTESIAN_POINT('',(0.658111669428,58.731182497318));
#8949 = CARTESIAN_POINT('',(0.662534302968,59.46924365148));
#8950 = CARTESIAN_POINT('',(0.6637564194,59.678020210716));
#8951 = CARTESIAN_POINT('',(0.664960000511,59.888511020286));
#8952 = CARTESIAN_POINT('',(0.666144911234,60.100672293647));
#8953 = CARTESIAN_POINT('',(0.667311028134,60.314459897859));
#8954 = CARTESIAN_POINT('',(0.668458239407,60.529829353579));
#8955 = CARTESIAN_POINT('',(0.669586444883,60.746735835066));
#8956 = CARTESIAN_POINT('',(0.672236002067,61.268467930632));
#8957 = CARTESIAN_POINT('',(0.673739617129,61.574680241982));
#8958 = CARTESIAN_POINT('',(0.675206161502,61.883649946219));
#8959 = CARTESIAN_POINT('',(0.676635443293,62.195255925274));
#8960 = CARTESIAN_POINT('',(0.678027316376,62.509377242898));
#8961 = CARTESIAN_POINT('',(0.67938167835,62.825893286545));
#8962 = CARTESIAN_POINT('',(0.680698468499,63.144683909247));
#8963 = CARTESIAN_POINT('',(0.683927108413,63.954737226436));
#8964 = CARTESIAN_POINT('',(0.685789254719,64.448852776215));
#8965 = CARTESIAN_POINT('',(0.687564028171,64.94755258894));
#8966 = CARTESIAN_POINT('',(0.689251592743,65.450423422902));
#8967 = CARTESIAN_POINT('',(0.690852329108,65.957063521431));
#8968 = CARTESIAN_POINT('',(0.692366810874,66.467083707752));
#8969 = CARTESIAN_POINT('',(0.693795780814,66.98010847984));
#8970 = CARTESIAN_POINT('',(0.697425328478,68.372341922176));
#8971 = CARTESIAN_POINT('',(0.699465988353,69.256538523033));
#8972 = CARTESIAN_POINT('',(0.701266564133,70.146623946987));
#8973 = CARTESIAN_POINT('',(0.70283275214,71.041002348316));
#8974 = CARTESIAN_POINT('',(0.704171132917,71.938230472985));
#8975 = CARTESIAN_POINT('',(0.705288861992,72.837022179701));
#8976 = CARTESIAN_POINT('',(0.706193406078,73.736252005455));
#8977 = CARTESIAN_POINT('',(0.708356452435,76.517608936666));
#8978 = CARTESIAN_POINT('',(0.708917473358,78.397004641485));
#8979 = CARTESIAN_POINT('',(0.708647374523,80.265507268248));
#8980 = CARTESIAN_POINT('',(0.707615106405,82.117093353792));
#8981 = CARTESIAN_POINT('',(0.705884402159,83.947241585265));
#8982 = CARTESIAN_POINT('',(0.703511859184,85.752845923332));
#8983 = CARTESIAN_POINT('',(0.700545056158,87.532142903465));
#8984 = CARTESIAN_POINT('',(0.693183761089,91.192344551445));
#8985 = CARTESIAN_POINT('',(0.688688697588,93.067003487682));
#8986 = CARTESIAN_POINT('',(0.683584902349,94.907543431525));
#8987 = CARTESIAN_POINT('',(0.677911320875,96.712701227105));
#8988 = CARTESIAN_POINT('',(0.671698543642,98.481165042041));
#8989 = CARTESIAN_POINT('',(0.664969516628,100.21161812134));
#8990 = CARTESIAN_POINT('',(0.657738945248,101.90270471513));
#8991 = CARTESIAN_POINT('',(0.644937246812,104.63663179983));
#8992 = CARTESIAN_POINT('',(0.639649573802,105.70250248683));
#8993 = CARTESIAN_POINT('',(0.63415053695,106.75006327716));
#8994 = CARTESIAN_POINT('',(0.628440906463,107.77866110717));
#8995 = CARTESIAN_POINT('',(0.622520422896,108.78748310475));
#8996 = CARTESIAN_POINT('',(0.616387713097,109.77555155486));
#8997 = CARTESIAN_POINT('',(0.610040054186,110.74170489974));
#8998 = CARTESIAN_POINT('',(0.598173836743,112.44538441211));
#8999 = CARTESIAN_POINT('',(0.592732276655,113.19097101976));
#9000 = CARTESIAN_POINT('',(0.587145896347,113.92062097641));
#9001 = CARTESIAN_POINT('',(0.581411995278,114.63346319013));
#9002 = CARTESIAN_POINT('',(0.575527579031,115.32846047436));
#9003 = CARTESIAN_POINT('',(0.569489265743,116.00439968347));
#9004 = CARTESIAN_POINT('',(0.563293101249,116.65987060648));
#9005 = CARTESIAN_POINT('',(0.552569738561,117.7279591968));
#9006 = CARTESIAN_POINT('',(0.548128833792,118.15224250409));
#9007 = CARTESIAN_POINT('',(0.543610024497,118.56555595119));
#9008 = CARTESIAN_POINT('',(0.539011831134,118.96729404985));
#9009 = CARTESIAN_POINT('',(0.534332836204,119.3567732855));
#9010 = CARTESIAN_POINT('',(0.529571667219,119.73322954747));
#9011 = CARTESIAN_POINT('',(0.524726965154,120.09581311757));
#9012 = CARTESIAN_POINT('',(0.514026067913,120.85072436789));
#9013 = CARTESIAN_POINT('',(0.508139217102,121.23750351889));
#9014 = CARTESIAN_POINT('',(0.502134066134,121.60245343405));
#9015 = CARTESIAN_POINT('',(0.496009003615,121.94383823271));
#9016 = CARTESIAN_POINT('',(0.489763598595,122.25966687658));
#9017 = CARTESIAN_POINT('',(0.483398689783,122.54771039071));
#9018 = CARTESIAN_POINT('',(0.476916491945,122.80552081811));
#9019 = CARTESIAN_POINT('',(0.470320719523,123.03045190814));
#9020 = ( GEOMETRIC_REPRESENTATION_CONTEXT(2) 
PARAMETRIC_REPRESENTATION_CONTEXT() REPRESENTATION_CONTEXT('2D SPACE',''
  ) );
#9021 = PCURVE('',#9022,#9027);
#9022 = CONICAL_SURFACE('',#9023,32.,7.768764192955E-02);
#9023 = AXIS2_PLACEMENT_3D('',#9024,#9025,#9026);
#9024 = CARTESIAN_POINT('',(117.81907786235,75.,281.02606042997));
#9025 = DIRECTION('',(0.939692620786,0.,0.342020143326));
#9026 = DIRECTION('',(-0.342020143326,0.,0.939692620786));
#9027 = DEFINITIONAL_REPRESENTATION('',(#9028),#9227);
#9028 = B_SPLINE_CURVE_WITH_KNOTS('',8,(#9029,#9030,#9031,#9032,#9033,
    #9034,#9035,#9036,#9037,#9038,#9039,#9040,#9041,#9042,#9043,#9044,
    #9045,#9046,#9047,#9048,#9049,#9050,#9051,#9052,#9053,#9054,#9055,
    #9056,#9057,#9058,#9059,#9060,#9061,#9062,#9063,#9064,#9065,#9066,
    #9067,#9068,#9069,#9070,#9071,#9072,#9073,#9074,#9075,#9076,#9077,
    #9078,#9079,#9080,#9081,#9082,#9083,#9084,#9085,#9086,#9087,#9088,
    #9089,#9090,#9091,#9092,#9093,#9094,#9095,#9096,#9097,#9098,#9099,
    #9100,#9101,#9102,#9103,#9104,#9105,#9106,#9107,#9108,#9109,#9110,
    #9111,#9112,#9113,#9114,#9115,#9116,#9117,#9118,#9119,#9120,#9121,
    #9122,#9123,#9124,#9125,#9126,#9127,#9128,#9129,#9130,#9131,#9132,
    #9133,#9134,#9135,#9136,#9137,#9138,#9139,#9140,#9141,#9142,#9143,
    #9144,#9145,#9146,#9147,#9148,#9149,#9150,#9151,#9152,#9153,#9154,
    #9155,#9156,#9157,#9158,#9159,#9160,#9161,#9162,#9163,#9164,#9165,
    #9166,#9167,#9168,#9169,#9170,#9171,#9172,#9173,#9174,#9175,#9176,
    #9177,#9178,#9179,#9180,#9181,#9182,#9183,#9184,#9185,#9186,#9187,
    #9188,#9189,#9190,#9191,#9192,#9193,#9194,#9195,#9196,#9197,#9198,
    #9199,#9200,#9201,#9202,#9203,#9204,#9205,#9206,#9207,#9208,#9209,
    #9210,#9211,#9212,#9213,#9214,#9215,#9216,#9217,#9218,#9219,#9220,
    #9221,#9222,#9223,#9224,#9225,#9226),.UNSPECIFIED.,.F.,.F.,(9,7,7,7,
    7,7,7,7,7,7,7,7,7,7,7,7,7,7,7,7,7,7,7,7,7,7,7,7,9),(0.,
    2.167062883508E-02,3.27739589155E-02,5.491766124496E-02,
    7.749730359064E-02,8.901112134333E-02,0.111630006439,0.143509823007,
    0.171362283901,0.194909800527,0.270448595383,0.354070309477,
    0.390388155581,0.443472867898,0.495640916846,0.530778448466,
    0.553932545379,0.596947091216,0.62120347637,0.63065946425,
    0.643792899361,0.66380770063,0.697830074196,0.76910174422,
    0.84668530642,0.897633946367,0.938745809208,0.966964031546,1.),
  .UNSPECIFIED.);
#9029 = CARTESIAN_POINT('',(0.,44.526868496039));
#9030 = CARTESIAN_POINT('',(1.797097073455E-02,44.881732474217));
#9031 = CARTESIAN_POINT('',(3.615590339021E-02,45.232212664712));
#9032 = CARTESIAN_POINT('',(5.455946840729E-02,45.577836633018));
#9033 = CARTESIAN_POINT('',(7.318449930985E-02,45.91807292197));
#9034 = CARTESIAN_POINT('',(9.203194108473E-02,46.252337135775));
#9035 = CARTESIAN_POINT('',(0.11110065784,46.579999805269));
#9036 = CARTESIAN_POINT('',(0.13038709974,46.900396034391));
#9037 = CARTESIAN_POINT('',(0.159874835879,47.372921547375));
#9038 = CARTESIAN_POINT('',(0.16992017651,47.530915578243));
#9039 = CARTESIAN_POINT('',(0.180019869695,47.686724764896));
#9040 = CARTESIAN_POINT('',(0.190172723536,47.840253111002));
#9041 = CARTESIAN_POINT('',(0.200377317025,47.991403513608));
#9042 = CARTESIAN_POINT('',(0.210631981399,48.14007839724));
#9043 = CARTESIAN_POINT('',(0.220934781507,48.286180348013));
#9044 = CARTESIAN_POINT('',(0.251922249449,48.715664260301));
#9045 = CARTESIAN_POINT('',(0.272746282047,48.991134985423));
#9046 = CARTESIAN_POINT('',(0.293734921019,49.255210713989));
#9047 = CARTESIAN_POINT('',(0.314865764928,49.507141472803));
#9048 = CARTESIAN_POINT('',(0.336114335537,49.746254831725));
#9049 = CARTESIAN_POINT('',(0.357453583243,49.971969909028));
#9050 = CARTESIAN_POINT('',(0.378853247251,50.183812074966));
#9051 = CARTESIAN_POINT('',(0.422126700952,50.582935076643));
#9052 = CARTESIAN_POINT('',(0.444006000687,50.769691515702));
#9053 = CARTESIAN_POINT('',(0.465880655392,50.941312731534));
#9054 = CARTESIAN_POINT('',(0.487718237842,51.097621198845));
#9055 = CARTESIAN_POINT('',(0.509489421376,51.238615137632));
#9056 = CARTESIAN_POINT('',(0.531167338075,51.364440489242));
#9057 = CARTESIAN_POINT('',(0.552727081647,51.475366537118));
#9058 = CARTESIAN_POINT('',(0.585066967131,51.620920792153));
#9059 = CARTESIAN_POINT('',(0.595952559789,51.666302428171));
#9060 = CARTESIAN_POINT('',(0.606799495716,51.707960627443));
#9061 = CARTESIAN_POINT('',(0.617605448584,51.745952798439));
#9062 = CARTESIAN_POINT('',(0.628368383867,51.780342095771));
#9063 = CARTESIAN_POINT('',(0.63908653971,51.811196305002));
#9064 = CARTESIAN_POINT('',(0.649758407802,51.838586727454));
#9065 = CARTESIAN_POINT('',(0.681254155152,51.909735707551));
#9066 = CARTESIAN_POINT('',(0.701941380062,51.943799689358));
#9067 = CARTESIAN_POINT('',(0.722435810157,51.965342703014));
#9068 = CARTESIAN_POINT('',(0.742732032025,51.974961381584));
#9069 = CARTESIAN_POINT('',(0.762827303575,51.973262599537));
#9070 = CARTESIAN_POINT('',(0.782721221804,51.960845596284));
#9071 = CARTESIAN_POINT('',(0.802415552426,51.93828892231));
#9072 = CARTESIAN_POINT('',(0.849396300424,51.860833548662));
#9073 = CARTESIAN_POINT('',(0.876486114667,51.79647968675));
#9074 = CARTESIAN_POINT('',(0.903197405288,51.714624022742));
#9075 = CARTESIAN_POINT('',(0.929544848621,51.616690716488));
#9076 = CARTESIAN_POINT('',(0.955544428803,51.503980287458));
#9077 = CARTESIAN_POINT('',(0.981213810451,51.377665215054));
#9078 = CARTESIAN_POINT('',(1.006572711337,51.238785538935));
#9079 = CARTESIAN_POINT('',(1.053546691434,50.956721132539));
#9080 = CARTESIAN_POINT('',(1.075227753083,50.816310527762));
#9081 = CARTESIAN_POINT('',(1.096700070253,50.667626060428));
#9082 = CARTESIAN_POINT('',(1.117976226688,50.511220052972));
#9083 = CARTESIAN_POINT('',(1.139068155678,50.347589725093));
#9084 = CARTESIAN_POINT('',(1.159987449595,50.17718161443));
#9085 = CARTESIAN_POINT('',(1.180745602919,50.00039442767));
#9086 = CARTESIAN_POINT('',(1.218777461336,49.663022410414));
#9087 = CARTESIAN_POINT('',(1.236093339995,49.504161144189));
#9088 = CARTESIAN_POINT('',(1.253308546898,49.341211966713));
#9089 = CARTESIAN_POINT('',(1.270429401531,49.174371800747));
#9090 = CARTESIAN_POINT('',(1.287461902956,49.003820135178));
#9091 = CARTESIAN_POINT('',(1.304411812068,48.829720111694));
#9092 = CARTESIAN_POINT('',(1.321284733839,48.652219611457));
#9093 = CARTESIAN_POINT('',(1.391984132582,47.891563518742));
#9094 = CARTESIAN_POINT('',(1.445127522036,47.278262392256));
#9095 = CARTESIAN_POINT('',(1.497720933239,46.635765693694));
#9096 = CARTESIAN_POINT('',(1.54991901472,45.967068992675));
#9097 = CARTESIAN_POINT('',(1.601856853596,45.274369136109));
#9098 = CARTESIAN_POINT('',(1.653659249191,44.559112519857));
#9099 = CARTESIAN_POINT('',(1.70545042427,43.822085516399));
#9100 = CARTESIAN_POINT('',(1.814833229634,42.223386537875));
#9101 = CARTESIAN_POINT('',(1.872386689643,41.357778448235));
#9102 = CARTESIAN_POINT('',(1.930192071007,40.46687431427));
#9103 = CARTESIAN_POINT('',(1.988388430305,39.55057349316));
#9104 = CARTESIAN_POINT('',(2.04710235585,38.608385631471));
#9105 = CARTESIAN_POINT('',(2.10645630425,37.639415993153));
#9106 = CARTESIAN_POINT('',(2.166576397433,36.642368918717));
#9107 = CARTESIAN_POINT('',(2.254113926006,35.16945655741));
#9108 = CARTESIAN_POINT('',(2.280788971641,34.717878135214));
#9109 = CARTESIAN_POINT('',(2.307642938727,34.260601587679));
#9110 = CARTESIAN_POINT('',(2.334685543724,33.79751201308));
#9111 = CARTESIAN_POINT('',(2.361926011015,33.328500952062));
#9112 = CARTESIAN_POINT('',(2.389373211318,32.853468356972));
#9113 = CARTESIAN_POINT('',(2.417035800103,32.372324561187));
#9114 = CARTESIAN_POINT('',(2.485683302928,31.172673143673));
#9115 = CARTESIAN_POINT('',(2.526920972779,30.447163777485));
#9116 = CARTESIAN_POINT('',(2.568662769467,29.708214128232));
#9117 = CARTESIAN_POINT('',(2.610930417488,28.955727346492));
#9118 = CARTESIAN_POINT('',(2.653741022351,28.189782810399));
#9119 = CARTESIAN_POINT('',(2.697107700575,27.410675514048));
#9120 = CARTESIAN_POINT('',(2.741039779257,26.618971788977));
#9121 = CARTESIAN_POINT('',(2.829276879942,25.026063822337));
#9122 = CARTESIAN_POINT('',(2.873563116388,24.225246138613));
#9123 = CARTESIAN_POINT('',(2.918398836122,23.414125899638));
#9124 = CARTESIAN_POINT('',(2.963776706205,22.594044179958));
#9125 = CARTESIAN_POINT('',(3.009684700095,21.766734422031));
#9126 = CARTESIAN_POINT('',(3.056106034462,20.93438660628));
#9127 = CARTESIAN_POINT('',(3.103017669365,20.099717796374));
#9128 = CARTESIAN_POINT('',(3.182291038528,18.704520690791));
#9129 = CARTESIAN_POINT('',(3.214404346246,18.143429751163));
#9130 = CARTESIAN_POINT('',(3.246715492622,17.583787689872));
#9131 = CARTESIAN_POINT('',(3.279213812782,17.026698563764));
#9132 = CARTESIAN_POINT('',(3.311888371119,16.47335732338));
#9133 = CARTESIAN_POINT('',(3.344727534655,15.925053970284));
#9134 = CARTESIAN_POINT('',(3.377718355413,15.383174676412));
#9135 = CARTESIAN_POINT('',(3.432675274092,14.497333813609));
#9136 = CARTESIAN_POINT('',(3.454564542887,14.1488929903));
#9137 = CARTESIAN_POINT('',(3.476509402515,13.804298185099));
#9138 = CARTESIAN_POINT('',(3.498505691008,13.463982396522));
#9139 = CARTESIAN_POINT('',(3.52054914445,13.128389902285));
#9140 = CARTESIAN_POINT('',(3.542635291324,12.797975329556));
#9141 = CARTESIAN_POINT('',(3.56475934685,12.47320272522));
#9142 = CARTESIAN_POINT('',(3.628077850437,11.562557235715));
#9143 = CARTESIAN_POINT('',(3.669358315922,10.991587006142));
#9144 = CARTESIAN_POINT('',(3.710718303823,10.444757553142));
#9145 = CARTESIAN_POINT('',(3.752120524649,9.925157213793));
#9146 = CARTESIAN_POINT('',(3.793527069827,9.435830810806));
#9147 = CARTESIAN_POINT('',(3.83489644018,8.979729243302));
#9148 = CARTESIAN_POINT('',(3.876180132439,8.559616904084));
#9149 = CARTESIAN_POINT('',(3.94051733098,7.962703298656));
#9150 = CARTESIAN_POINT('',(3.963671441218,7.759675181184));
#9151 = CARTESIAN_POINT('',(3.986770987423,7.569288358226));
#9152 = CARTESIAN_POINT('',(4.009806157024,7.391934068599));
#9153 = CARTESIAN_POINT('',(4.032767251027,7.227956721486));
#9154 = CARTESIAN_POINT('',(4.055644503844,7.077650842653));
#9155 = CARTESIAN_POINT('',(4.078427923879,6.941257248093));
#9156 = CARTESIAN_POINT('',(4.109948312854,6.771282091353));
#9157 = CARTESIAN_POINT('',(4.118773713319,6.725747329059));
#9158 = CARTESIAN_POINT('',(4.127582780824,6.682364835518));
#9159 = CARTESIAN_POINT('',(4.136374949668,6.641143887395));
#9160 = CARTESIAN_POINT('',(4.145149663879,6.602092360702));
#9161 = CARTESIAN_POINT('',(4.153906377223,6.565216730805));
#9162 = CARTESIAN_POINT('',(4.162644553194,6.530522072421));
#9163 = CARTESIAN_POINT('',(4.183473651929,6.452858856271));
#9164 = CARTESIAN_POINT('',(4.195546886743,6.411919847663));
#9165 = CARTESIAN_POINT('',(4.20758194245,6.37520496702));
#9166 = CARTESIAN_POINT('',(4.219577465731,6.342718769853));
#9167 = CARTESIAN_POINT('',(4.231532171012,6.314460599803));
#9168 = CARTESIAN_POINT('',(4.243444834513,6.290424754486));
#9169 = CARTESIAN_POINT('',(4.255314288301,6.270600651333));
#9170 = CARTESIAN_POINT('',(4.285160407758,6.231157101834));
#9171 = CARTESIAN_POINT('',(4.30307855691,6.217087102962));
#9172 = CARTESIAN_POINT('',(4.320889896009,6.212709053255));
#9173 = CARTESIAN_POINT('',(4.338590977636,6.217943254634));
#9174 = CARTESIAN_POINT('',(4.356178832954,6.232686798449));
#9175 = CARTESIAN_POINT('',(4.373650931928,6.256816109406));
#9176 = CARTESIAN_POINT('',(4.391005143538,6.290189489505));
#9177 = CARTESIAN_POINT('',(4.437536033959,6.404826039333));
#9178 = CARTESIAN_POINT('',(4.466486363828,6.50325831003));
#9179 = CARTESIAN_POINT('',(4.495083043193,6.627175369832));
#9180 = CARTESIAN_POINT('',(4.523322225588,6.775682941386));
#9181 = CARTESIAN_POINT('',(4.551203281249,6.947803281698));
#9182 = CARTESIAN_POINT('',(4.578728415564,7.142511443182));
#9183 = CARTESIAN_POINT('',(4.605902485222,7.358768088294));
#9184 = CARTESIAN_POINT('',(4.688938862912,8.091568361908));
#9185 = CARTESIAN_POINT('',(4.743608571812,8.677403558851));
#9186 = CARTESIAN_POINT('',(4.796849717523,9.343797184821));
#9187 = CARTESIAN_POINT('',(4.848768274334,10.081727910477));
#9188 = CARTESIAN_POINT('',(4.899474643572,10.8828216197));
#9189 = CARTESIAN_POINT('',(4.949087551943,11.739675078525));
#9190 = CARTESIAN_POINT('',(4.997738277076,12.646109258911));
#9191 = CARTESIAN_POINT('',(5.09765374897,14.632874494891));
#9192 = CARTESIAN_POINT('',(5.148733237321,15.72079676723));
#9193 = CARTESIAN_POINT('',(5.198998801269,16.854601166902));
#9194 = CARTESIAN_POINT('',(5.248605680719,18.02860004942));
#9195 = CARTESIAN_POINT('',(5.297698581172,19.23781407228));
#9196 = CARTESIAN_POINT('',(5.346420481564,20.477927267838));
#9197 = CARTESIAN_POINT('',(5.394920151789,21.745299214123));
#9198 = CARTESIAN_POINT('',(5.475178732028,23.885246926444));
#9199 = CARTESIAN_POINT('',(5.50696267389,24.743825841192));
#9200 = CARTESIAN_POINT('',(5.53876222002,25.611838287111));
#9201 = CARTESIAN_POINT('',(5.570621835259,26.488402553244));
#9202 = CARTESIAN_POINT('',(5.602586366559,27.372643502539));
#9203 = CARTESIAN_POINT('',(5.634702589512,28.26368989989));
#9204 = CARTESIAN_POINT('',(5.667021172763,29.160676283423));
#9205 = CARTESIAN_POINT('',(5.725887056337,30.790657040872));
#9206 = CARTESIAN_POINT('',(5.752341650078,31.521814110795));
#9207 = CARTESIAN_POINT('',(5.778993249223,32.255786330977));
#9208 = CARTESIAN_POINT('',(5.805872693369,32.992077748788));
#9209 = CARTESIAN_POINT('',(5.833011853907,33.730129232383));
#9210 = CARTESIAN_POINT('',(5.86044464232,34.469318342711));
#9211 = CARTESIAN_POINT('',(5.888208426907,35.208960561932));
#9212 = CARTESIAN_POINT('',(5.935658733336,36.455785351531));
#9213 = CARTESIAN_POINT('',(5.955146455128,36.963090492191));
#9214 = CARTESIAN_POINT('',(5.974822813084,37.469987418474));
#9215 = CARTESIAN_POINT('',(5.99470166288,37.976192777829));
#9216 = CARTESIAN_POINT('',(6.01479711473,38.48137988176));
#9217 = CARTESIAN_POINT('',(6.035123802749,38.985178924782));
#9218 = CARTESIAN_POINT('',(6.055697234992,39.48717728746));
#9219 = CARTESIAN_POINT('',(6.100928748791,40.571984487937));
#9220 = CARTESIAN_POINT('',(6.125681049943,41.153874364358));
#9221 = CARTESIAN_POINT('',(6.150820229805,41.731915625353));
#9222 = CARTESIAN_POINT('',(6.176372837774,42.30522936029));
#9223 = CARTESIAN_POINT('',(6.202363378578,42.87273782636));
#9224 = CARTESIAN_POINT('',(6.228814736859,43.43317301473));
#9225 = CARTESIAN_POINT('',(6.255748518288,43.985087631871));
#9226 = CARTESIAN_POINT('',(6.28318530718,44.526868496039));
#9227 = ( GEOMETRIC_REPRESENTATION_CONTEXT(2) 
PARAMETRIC_REPRESENTATION_CONTEXT() REPRESENTATION_CONTEXT('2D SPACE',''
  ) );
#9228 = ADVANCED_FACE('',(#9229),#8582,.F.);
#9229 = FACE_BOUND('',#9230,.F.);
#9230 = EDGE_LOOP('',(#9231,#9254,#9373,#9758,#9884,#9885));
#9231 = ORIENTED_EDGE('',*,*,#9232,.T.);
#9232 = EDGE_CURVE('',#8566,#9233,#9235,.T.);
#9233 = VERTEX_POINT('',#9234);
#9234 = CARTESIAN_POINT('',(251.55539288021,75.,371.95340482085));
#9235 = SEAM_CURVE('',#9236,(#9240,#9247),.PCURVE_S1.);
#9236 = LINE('',#9237,#9238);
#9237 = CARTESIAN_POINT('',(133.44493008551,75.,311.18949429119));
#9238 = VECTOR('',#9239,1.);
#9239 = DIRECTION('',(0.889222305906,3.080091156169E-17,0.457475344339)
  );
#9240 = PCURVE('',#8582,#9241);
#9241 = DEFINITIONAL_REPRESENTATION('',(#9242),#9246);
#9242 = LINE('',#9243,#9244);
#9243 = CARTESIAN_POINT('',(6.28318530718,-0.));
#9244 = VECTOR('',#9245,1.);
#9245 = DIRECTION('',(0.,1.));
#9246 = ( GEOMETRIC_REPRESENTATION_CONTEXT(2) 
PARAMETRIC_REPRESENTATION_CONTEXT() REPRESENTATION_CONTEXT('2D SPACE',''
  ) );
#9247 = PCURVE('',#8582,#9248);
#9248 = DEFINITIONAL_REPRESENTATION('',(#9249),#9253);
#9249 = LINE('',#9250,#9251);
#9250 = CARTESIAN_POINT('',(0.,-0.));
#9251 = VECTOR('',#9252,1.);
#9252 = DIRECTION('',(0.,1.));
#9253 = ( GEOMETRIC_REPRESENTATION_CONTEXT(2) 
PARAMETRIC_REPRESENTATION_CONTEXT() REPRESENTATION_CONTEXT('2D SPACE',''
  ) );
#9254 = ORIENTED_EDGE('',*,*,#9255,.F.);
#9255 = EDGE_CURVE('',#9256,#9233,#9258,.T.);
#9256 = VERTEX_POINT('',#9257);
#9257 = CARTESIAN_POINT('',(274.7477455336,103.04216291942,
    308.23293960164));
#9258 = SURFACE_CURVE('',#9259,(#9264,#9271),.PCURVE_S1.);
#9259 = CIRCLE('',#9260,39.703240921515);
#9260 = AXIS2_PLACEMENT_3D('',#9261,#9262,#9263);
#9261 = CARTESIAN_POINT('',(265.13470103068,75.,334.64456230562));
#9262 = DIRECTION('',(0.939692620786,0.,0.342020143326));
#9263 = DIRECTION('',(-0.342020143326,0.,0.939692620786));
#9264 = PCURVE('',#8582,#9265);
#9265 = DEFINITIONAL_REPRESENTATION('',(#9266),#9270);
#9266 = LINE('',#9267,#9268);
#9267 = CARTESIAN_POINT('',(0.,131.77001171417));
#9268 = VECTOR('',#9269,1.);
#9269 = DIRECTION('',(1.,0.));
#9270 = ( GEOMETRIC_REPRESENTATION_CONTEXT(2) 
PARAMETRIC_REPRESENTATION_CONTEXT() REPRESENTATION_CONTEXT('2D SPACE',''
  ) );
#9271 = PCURVE('',#9272,#9277);
#9272 = SPHERICAL_SURFACE('',#9273,41.);
#9273 = AXIS2_PLACEMENT_3D('',#9274,#9275,#9276);
#9274 = CARTESIAN_POINT('',(274.7477455336,75.,338.14342436536));
#9275 = DIRECTION('',(0.,0.,1.));
#9276 = DIRECTION('',(1.,0.,-0.));
#9277 = DEFINITIONAL_REPRESENTATION('',(#9278),#9372);
#9278 = B_SPLINE_CURVE_WITH_KNOTS('',8,(#9279,#9280,#9281,#9282,#9283,
    #9284,#9285,#9286,#9287,#9288,#9289,#9290,#9291,#9292,#9293,#9294,
    #9295,#9296,#9297,#9298,#9299,#9300,#9301,#9302,#9303,#9304,#9305,
    #9306,#9307,#9308,#9309,#9310,#9311,#9312,#9313,#9314,#9315,#9316,
    #9317,#9318,#9319,#9320,#9321,#9322,#9323,#9324,#9325,#9326,#9327,
    #9328,#9329,#9330,#9331,#9332,#9333,#9334,#9335,#9336,#9337,#9338,
    #9339,#9340,#9341,#9342,#9343,#9344,#9345,#9346,#9347,#9348,#9349,
    #9350,#9351,#9352,#9353,#9354,#9355,#9356,#9357,#9358,#9359,#9360,
    #9361,#9362,#9363,#9364,#9365,#9366,#9367,#9368,#9369,#9370,#9371),
  .UNSPECIFIED.,.F.,.F.,(9,7,7,7,7,7,7,7,7,7,7,7,7,9),(3.14159265359,
    3.190680038802,3.239000433621,3.28656582227,3.380210181173,
    3.561646126549,3.731742325338,4.050672698068,4.608800850346,
    5.027396964555,5.341344050211,5.812264678695,6.047724992937,
    6.28318530718),.UNSPECIFIED.);
#9279 = CARTESIAN_POINT('',(0.,-1.473906666525));
#9280 = CARTESIAN_POINT('',(6.142204775315E-02,-1.473906666525));
#9281 = CARTESIAN_POINT('',(0.122844079553,-1.473501919825));
#9282 = CARTESIAN_POINT('',(0.183592684902,-1.472692437976));
#9283 = CARTESIAN_POINT('',(0.242993878531,-1.471487641502));
#9284 = CARTESIAN_POINT('',(0.300469354002,-1.46990662029));
#9285 = CARTESIAN_POINT('',(0.355630299734,-1.467974668415));
#9286 = CARTESIAN_POINT('',(0.40824384043,-1.465719455118));
#9287 = CARTESIAN_POINT('',(0.507382239185,-1.460658374777));
#9288 = CARTESIAN_POINT('',(0.553989369567,-1.457861661496));
#9289 = CARTESIAN_POINT('',(0.597922759317,-1.454805554777));
#9290 = CARTESIAN_POINT('',(0.639198026255,-1.451517046821));
#9291 = CARTESIAN_POINT('',(0.677914791184,-1.448021309094));
#9292 = CARTESIAN_POINT('',(0.71421081138,-1.444340888243));
#9293 = CARTESIAN_POINT('',(0.748242058878,-1.440495744168));
#9294 = CARTESIAN_POINT('',(0.811595675167,-1.432573434253));
#9295 = CARTESIAN_POINT('',(0.84098331183,-1.428500832319));
#9296 = CARTESIAN_POINT('',(0.86848367645,-1.424302311215));
#9297 = CARTESIAN_POINT('',(0.894252919254,-1.41999229746));
#9298 = CARTESIAN_POINT('',(0.918439047631,-1.415583131064));
#9299 = CARTESIAN_POINT('',(0.941177969455,-1.411085383407));
#9300 = CARTESIAN_POINT('',(0.962593468584,-1.406508179476));
#9301 = CARTESIAN_POINT('',(1.02257324885,-1.39270716261));
#9302 = CARTESIAN_POINT('',(1.057652464063,-1.383277546628));
#9303 = CARTESIAN_POINT('',(1.088887290358,-1.373630847599));
#9304 = CARTESIAN_POINT('',(1.116948642131,-1.363808990804));
#9305 = CARTESIAN_POINT('',(1.142345291184,-1.35384283802));
#9306 = CARTESIAN_POINT('',(1.165482575864,-1.34375599123));
#9307 = CARTESIAN_POINT('',(1.186682571198,-1.333566894595));
#9308 = CARTESIAN_POINT('',(1.244037311477,-1.303379338636));
#9309 = CARTESIAN_POINT('',(1.275579299514,-1.283139870123));
#9310 = CARTESIAN_POINT('',(1.302739572889,-1.262678919836));
#9311 = CARTESIAN_POINT('',(1.326571154523,-1.24205150642));
#9312 = CARTESIAN_POINT('',(1.347806733683,-1.221296823682));
#9313 = CARTESIAN_POINT('',(1.366953320137,-1.20044099635));
#9314 = CARTESIAN_POINT('',(1.384391978004,-1.179504012634));
#9315 = CARTESIAN_POINT('',(1.415429231877,-1.138810412687));
#9316 = CARTESIAN_POINT('',(1.429199781798,-1.119061815999));
#9317 = CARTESIAN_POINT('',(1.441960789444,-1.099267466671));
#9318 = CARTESIAN_POINT('',(1.453881266547,-1.079436174539));
#9319 = CARTESIAN_POINT('',(1.465090332716,-1.059574720905));
#9320 = CARTESIAN_POINT('',(1.475690721145,-1.03968856232));
#9321 = CARTESIAN_POINT('',(1.485764718406,-1.019782127477));
#9322 = CARTESIAN_POINT('',(1.513410081245,-0.962503569064));
#9323 = CARTESIAN_POINT('',(1.529828694078,-0.925089829282));
#9324 = CARTESIAN_POINT('',(1.545084649909,-0.887642486207));
#9325 = CARTESIAN_POINT('',(1.559447027997,-0.850177230768));
#9326 = CARTESIAN_POINT('',(1.573115449462,-0.812706509379));
#9327 = CARTESIAN_POINT('',(1.586236690795,-0.775240344384));
#9328 = CARTESIAN_POINT('',(1.59892824112,-0.737787568408));
#9329 = CARTESIAN_POINT('',(1.632909778587,-0.634851322143));
#9330 = CARTESIAN_POINT('',(1.653509696406,-0.569412022911));
#9331 = CARTESIAN_POINT('',(1.673594775977,-0.504081336201));
#9332 = CARTESIAN_POINT('',(1.693474386759,-0.438895233348));
#9333 = CARTESIAN_POINT('',(1.71340816693,-0.373890934283));
#9334 = CARTESIAN_POINT('',(1.733617327209,-0.309108713887));
#9335 = CARTESIAN_POINT('',(1.754320560738,-0.244595451768));
#9336 = CARTESIAN_POINT('',(1.791819241483,-0.132269041283));
#9337 = CARTESIAN_POINT('',(1.808297703683,-8.431294371064E-02));
#9338 = CARTESIAN_POINT('',(1.825281129516,-3.656502757675E-02));
#9339 = CARTESIAN_POINT('',(1.842871133075,1.094685993424E-02));
#9340 = CARTESIAN_POINT('',(1.861178261502,5.819026750812E-02));
#9341 = CARTESIAN_POINT('',(1.880326529876,0.105126787477));
#9342 = CARTESIAN_POINT('',(1.900458819065,0.151709965977));
#9343 = CARTESIAN_POINT('',(1.937708144913,0.232510928095));
#9344 = CARTESIAN_POINT('',(1.954320716216,0.266908607457));
#9345 = CARTESIAN_POINT('',(1.971653207635,0.301050589971));
#9346 = CARTESIAN_POINT('',(1.989785111788,0.334908815962));
#9347 = CARTESIAN_POINT('',(2.008805955888,0.368450847941));
#9348 = CARTESIAN_POINT('',(2.028817269087,0.401638757073));
#9349 = CARTESIAN_POINT('',(2.049934629578,0.434427606732));
#9350 = CARTESIAN_POINT('',(2.10582253431,0.515267422678));
#9351 = CARTESIAN_POINT('',(2.142140318533,0.562752240573));
#9352 = CARTESIAN_POINT('',(2.181687439223,0.609036003356));
#9353 = CARTESIAN_POINT('',(2.224989624116,0.653891947733));
#9354 = CARTESIAN_POINT('',(2.272664695753,0.697030483967));
#9355 = CARTESIAN_POINT('',(2.325426290266,0.738084459318));
#9356 = CARTESIAN_POINT('',(2.384052953199,0.776565500978));
#9357 = CARTESIAN_POINT('',(2.481587126985,0.829541554573));
#9358 = CARTESIAN_POINT('',(2.51569754113,0.846409327555));
#9359 = CARTESIAN_POINT('',(2.551473533628,0.862412344431));
#9360 = CARTESIAN_POINT('',(2.588965889033,0.877470475765));
#9361 = CARTESIAN_POINT('',(2.628201641941,0.891497793678));
#9362 = CARTESIAN_POINT('',(2.6691693644,0.904404569456));
#9363 = CARTESIAN_POINT('',(2.711804794892,0.916101109099));
#9364 = CARTESIAN_POINT('',(2.800162972997,0.936906398063));
#9365 = CARTESIAN_POINT('',(2.845885736702,0.946015144844));
#9366 = CARTESIAN_POINT('',(2.89302825622,0.953746299199));
#9367 = CARTESIAN_POINT('',(2.941407193361,0.960022147186));
#9368 = CARTESIAN_POINT('',(2.990774526195,0.964776408918));
#9369 = CARTESIAN_POINT('',(3.040820884927,0.967961656981));
#9370 = CARTESIAN_POINT('',(3.091206769267,0.969554286267));
#9371 = CARTESIAN_POINT('',(3.14159265359,0.969554286267));
#9372 = ( GEOMETRIC_REPRESENTATION_CONTEXT(2) 
PARAMETRIC_REPRESENTATION_CONTEXT() REPRESENTATION_CONTEXT('2D SPACE',''
  ) );
#9373 = ORIENTED_EDGE('',*,*,#9374,.T.);
#9374 = EDGE_CURVE('',#9256,#9375,#9377,.T.);
#9375 = VERTEX_POINT('',#9376);
#9376 = CARTESIAN_POINT('',(274.7477455336,46.957837080574,
    308.23293960164));
#9377 = SURFACE_CURVE('',#9378,(#9501,#9627),.PCURVE_S1.);
#9378 = B_SPLINE_CURVE_WITH_KNOTS('',7,(#9379,#9380,#9381,#9382,#9383,
    #9384,#9385,#9386,#9387,#9388,#9389,#9390,#9391,#9392,#9393,#9394,
    #9395,#9396,#9397,#9398,#9399,#9400,#9401,#9402,#9403,#9404,#9405,
    #9406,#9407,#9408,#9409,#9410,#9411,#9412,#9413,#9414,#9415,#9416,
    #9417,#9418,#9419,#9420,#9421,#9422,#9423,#9424,#9425,#9426,#9427,
    #9428,#9429,#9430,#9431,#9432,#9433,#9434,#9435,#9436,#9437,#9438,
    #9439,#9440,#9441,#9442,#9443,#9444,#9445,#9446,#9447,#9448,#9449,
    #9450,#9451,#9452,#9453,#9454,#9455,#9456,#9457,#9458,#9459,#9460,
    #9461,#9462,#9463,#9464,#9465,#9466,#9467,#9468,#9469,#9470,#9471,
    #9472,#9473,#9474,#9475,#9476,#9477,#9478,#9479,#9480,#9481,#9482,
    #9483,#9484,#9485,#9486,#9487,#9488,#9489,#9490,#9491,#9492,#9493,
    #9494,#9495,#9496,#9497,#9498,#9499,#9500),.UNSPECIFIED.,.F.,.F.,(8,
    6,6,6,6,6,6,6,6,6,6,6,6,6,6,6,6,6,6,6,8),(0.,3.777125349656E-02,
    7.259850419592E-02,0.104680935891,0.132904178549,0.241755844112,
    0.353817092137,0.400022399159,0.429990302582,0.450956365934,
    0.465329272956,0.50005682097,0.671536257594,0.843987615083,
    0.856201657008,0.866599951817,0.882534877249,0.904669496244,
    0.932475220036,0.964223773321,1.),.UNSPECIFIED.);
#9379 = CARTESIAN_POINT('',(274.74774553305,103.04216292105,
    308.23293960317));
#9380 = CARTESIAN_POINT('',(274.82716265976,102.80942870032,
    308.01474284084));
#9381 = CARTESIAN_POINT('',(274.9045545996,102.57397979895,
    307.79797073876));
#9382 = CARTESIAN_POINT('',(274.98002076958,102.33588186428,
    307.58272987893));
#9383 = CARTESIAN_POINT('',(275.05365078165,102.09519643113,
    307.36911601812));
#9384 = CARTESIAN_POINT('',(275.12552568358,101.85198076607,
    307.15721510053));
#9385 = CARTESIAN_POINT('',(275.1957191999,101.60628771165,
    306.9471042705));
#9386 = CARTESIAN_POINT('',(275.32753343604,101.12938272366,
    306.54683322641));
#9387 = CARTESIAN_POINT('',(275.38939561675,100.89853573849,
    306.35639531607));
#9388 = CARTESIAN_POINT('',(275.44993828334,100.66566303556,
    306.16759395941));
#9389 = CARTESIAN_POINT('',(275.50920930398,100.43080156208,
    305.98047976965));
#9390 = CARTESIAN_POINT('',(275.56725223287,100.19398672922,
    305.79509954067));
#9391 = CARTESIAN_POINT('',(275.62410689655,99.955252389233,
    305.6114966198));
#9392 = CARTESIAN_POINT('',(275.73112297046,99.492973198517,
    305.26225287907));
#9393 = CARTESIAN_POINT('',(275.78145879312,99.269714441053,
    305.09633717957));
#9394 = CARTESIAN_POINT('',(275.8308457205,99.044879964247,
    304.93199561394));
#9395 = CARTESIAN_POINT('',(275.87931000217,98.818494646776,
    304.76925803923));
#9396 = CARTESIAN_POINT('',(275.92687586495,98.590582821977,
    304.60815273762));
#9397 = CARTESIAN_POINT('',(275.97356551292,98.361168277846,
    304.44870641644));
#9398 = CARTESIAN_POINT('',(276.0597194259,97.927154429976,
    304.15215918309));
#9399 = CARTESIAN_POINT('',(276.09937737405,97.722889761716,
    304.01467762833));
#9400 = CARTESIAN_POINT('',(276.13838678251,97.517496137398,
    303.87851675061));
#9401 = CARTESIAN_POINT('',(276.17676058742,97.310989292607,
    303.74369312088));
#9402 = CARTESIAN_POINT('',(276.21451085037,97.103384813375,
    303.6102226743));
#9403 = CARTESIAN_POINT('',(276.25164875841,96.894698136174,
    303.47812071022));
#9404 = CARTESIAN_POINT('',(276.4290964915,95.875964952089,
    302.8432443354));
#9405 = CARTESIAN_POINT('',(276.56105251407,95.051122877629,
    302.35966626744));
#9406 = CARTESIAN_POINT('',(276.68465204629,94.211283355114,
    301.8975031421));
#9407 = CARTESIAN_POINT('',(276.8003268569,93.357313016368,
    301.45748887322));
#9408 = CARTESIAN_POINT('',(276.90840251357,92.490083458397,
    301.04027619622));
#9409 = CARTESIAN_POINT('',(277.00913526352,91.610472739284,
    300.64644971746));
#9410 = CARTESIAN_POINT('',(277.19907311136,89.801982215445,
    299.89570624165));
#9411 = CARTESIAN_POINT('',(277.28785023755,88.872421126116,
    299.54022278018));
#9412 = CARTESIAN_POINT('',(277.36927274843,87.931659570646,
    299.21065588364));
#9413 = CARTESIAN_POINT('',(277.44349712576,86.98069404461,
    298.90751329081));
#9414 = CARTESIAN_POINT('',(277.51063949866,86.020540548513,
    298.63124087503));
#9415 = CARTESIAN_POINT('',(277.57078844501,85.052235466345,
    298.38222470318));
#9416 = CARTESIAN_POINT('',(277.64595507494,83.67465811498,
    298.06948782127));
#9417 = CARTESIAN_POINT('',(277.6667220911,83.271273516162,
    297.98287458871));
#9418 = CARTESIAN_POINT('',(277.68631611579,82.866756717329,
    297.90097323441));
#9419 = CARTESIAN_POINT('',(277.7047412452,82.461182196666,
    297.82380477398));
#9420 = CARTESIAN_POINT('',(277.72200107326,82.054624877523,
    297.75138844773));
#9421 = CARTESIAN_POINT('',(277.7380986916,81.647160128411,
    297.68374172066));
#9422 = CARTESIAN_POINT('',(277.76272519744,80.974050328471,
    297.58010952198));
#9423 = CARTESIAN_POINT('',(277.77192591809,80.708887049752,
    297.54135172769));
#9424 = CARTESIAN_POINT('',(277.78063957244,80.443394603593,
    297.50461117894));
#9425 = CARTESIAN_POINT('',(277.78886681623,80.177593724277,
    297.46989183707));
#9426 = CARTESIAN_POINT('',(277.79660824004,79.911505203632,
    297.43719734545));
#9427 = CARTESIAN_POINT('',(277.80386436928,79.645149891028,
    297.40653102947));
#9428 = CARTESIAN_POINT('',(277.81537297918,79.192029886212,
    297.35786226251));
#9429 = CARTESIAN_POINT('',(277.8198729865,79.005390724001,
    297.33882281974));
#9430 = CARTESIAN_POINT('',(277.82413584494,78.818638364778,
    297.32077859789));
#9431 = CARTESIAN_POINT('',(277.82816170014,78.631779976464,
    297.30373054984));
#9432 = CARTESIAN_POINT('',(277.83195068457,78.444822736874,
    297.28767955175));
#9433 = CARTESIAN_POINT('',(277.83550291755,78.257773833717,
    297.27262640303));
#9434 = CARTESIAN_POINT('',(277.84109144663,77.942354554646,
    297.24893696449));
#9435 = CARTESIAN_POINT('',(277.84325317575,77.81402894905,
    297.2397713856));
#9436 = CARTESIAN_POINT('',(277.84530372691,77.685665966407,
    297.23107532248));
#9437 = CARTESIAN_POINT('',(277.8472431318,77.557267926872,
    297.22284899088));
#9438 = CARTESIAN_POINT('',(277.84907141943,77.428837152154,
    297.21509258958));
#9439 = CARTESIAN_POINT('',(277.85078861617,77.300375965518,
    297.2078063003));
#9440 = CARTESIAN_POINT('',(277.8562754458,76.861433321682,
    297.1845215663));
#9441 = CARTESIAN_POINT('',(277.85950774458,76.550815969156,
    297.17079828779));
#9442 = CARTESIAN_POINT('',(277.86209197461,76.240067442876,
    297.15982277652));
#9443 = CARTESIAN_POINT('',(277.86402838477,75.929220573568,
    297.15159677484));
#9444 = CARTESIAN_POINT('',(277.86531714022,75.618308214014,
    297.14612144317));
#9445 = CARTESIAN_POINT('',(277.86595832244,75.30736323905,
    297.14339735997));
#9446 = CARTESIAN_POINT('',(277.86592036048,73.461020168548,
    297.14355864274));
#9447 = CARTESIAN_POINT('',(277.85009922946,71.92560049488,
    297.21077462198));
#9448 = CARTESIAN_POINT('',(277.81848828562,70.394169152191,
    297.34507638073));
#9449 = CARTESIAN_POINT('',(277.77103893712,68.870672779707,
    297.54610829997));
#9450 = CARTESIAN_POINT('',(277.70765403248,67.358997915832,
    297.81318229329));
#9451 = CARTESIAN_POINT('',(277.62815844973,65.862971879778,
    298.14527810754));
#9452 = CARTESIAN_POINT('',(277.43577888682,62.901382199622,
    298.93899858534));
#9453 = CARTESIAN_POINT('',(277.32270762801,61.436029884924,
    299.40134927639));
#9454 = CARTESIAN_POINT('',(277.19270219774,59.99406967532,
    299.92668534669));
#9455 = CARTESIAN_POINT('',(277.04529350138,58.579159652169,
    300.51328840446));
#9456 = CARTESIAN_POINT('',(276.87976322158,57.194862910375,
    301.15908975564));
#9457 = CARTESIAN_POINT('',(276.69505832788,55.844648482352,
    301.86164095765));
#9458 = CARTESIAN_POINT('',(276.47471949296,54.438943170583,
    302.67154175362));
#9459 = CARTESIAN_POINT('',(276.46004032528,54.346155881927,
    302.72537951482));
#9460 = CARTESIAN_POINT('',(276.44525485937,54.25355795525,
    302.7794859372));
#9461 = CARTESIAN_POINT('',(276.43036240713,54.161150619702,
    302.83385993813));
#9462 = CARTESIAN_POINT('',(276.41536225843,54.068935105886,
    302.888500419));
#9463 = CARTESIAN_POINT('',(276.40025368112,53.97691264586,
    302.9434062652));
#9464 = CARTESIAN_POINT('',(276.37208044275,53.806907534033,
    303.04554480834));
#9465 = CARTESIAN_POINT('',(276.35904583054,53.728871410575,
    303.0927047818));
#9466 = CARTESIAN_POINT('',(276.34593161896,53.650976863919,
    303.14005556885));
#9467 = CARTESIAN_POINT('',(276.3327373295,53.573224656577,
    303.18759646243));
#9468 = CARTESIAN_POINT('',(276.31946247065,53.49561555242,
    303.23532674611));
#9469 = CARTESIAN_POINT('',(276.30610653784,53.418150316676,
    303.28324569408));
#9470 = CARTESIAN_POINT('',(276.27207660367,53.22233932594,
    303.40507422577));
#9471 = CARTESIAN_POINT('',(276.25129257987,53.104188601658,
    303.47923721432));
#9472 = CARTESIAN_POINT('',(276.23031508279,52.986380300114,
    303.55383889375));
#9473 = CARTESIAN_POINT('',(276.20914217047,52.868917190575,
    303.62887656134));
#9474 = CARTESIAN_POINT('',(276.18777181824,52.751802054542,
    303.70434745472));
#9475 = CARTESIAN_POINT('',(276.16620191879,52.635037685751,
    303.78024875186));
#9476 = CARTESIAN_POINT('',(276.11418810212,52.356924934407,
    303.9626031272));
#9477 = CARTESIAN_POINT('',(276.08355665243,52.195905211703,
    304.06945356592));
#9478 = CARTESIAN_POINT('',(276.05253008276,52.035575230431,
    304.17712118293));
#9479 = CARTESIAN_POINT('',(276.02110216496,51.875942578404,
    304.28559799399));
#9480 = CARTESIAN_POINT('',(275.98926629301,51.717014922868,
    304.39487573488));
#9481 = CARTESIAN_POINT('',(275.95701548305,51.558800010508,
    304.50494586141));
#9482 = CARTESIAN_POINT('',(275.88329809495,51.203459740979,
    304.7550550311));
#9483 = CARTESIAN_POINT('',(275.84158732218,51.006750993783,
    304.89554691725));
#9484 = CARTESIAN_POINT('',(275.79919552892,50.811194884916,
    305.0372578042));
#9485 = CARTESIAN_POINT('',(275.75610695581,50.616807234345,
    305.18016930415));
#9486 = CARTESIAN_POINT('',(275.71230461025,50.423604222934,
    305.32426204517));
#9487 = CARTESIAN_POINT('',(275.66777026642,50.231602392452,
    305.46951567122));
#9488 = CARTESIAN_POINT('',(275.57077717351,49.82298191529,
    305.78306044802));
#9489 = CARTESIAN_POINT('',(275.51809017811,49.606733471309,
    305.9516974319));
#9490 = CARTESIAN_POINT('',(275.4643941887,49.392098295646,
    306.12178800134));
#9491 = CARTESIAN_POINT('',(275.40965761043,49.179102541339,
    306.29329808295));
#9492 = CARTESIAN_POINT('',(275.35384616027,48.967773515486,
    306.46619107372));
#9493 = CARTESIAN_POINT('',(275.29692248323,48.758139662292,
    306.64042759236));
#9494 = CARTESIAN_POINT('',(275.17340134725,48.315945739413,
    307.01377186085));
#9495 = CARTESIAN_POINT('',(275.10649304775,48.083851966434,
    307.21322989054));
#9496 = CARTESIAN_POINT('',(275.03806222063,47.853990890657,
    307.41427909486));
#9497 = CARTESIAN_POINT('',(274.9680451963,47.626407920733,
    307.61685280718));
#9498 = CARTESIAN_POINT('',(274.89637233229,47.401152087249,
    307.82087713586));
#9499 = CARTESIAN_POINT('',(274.82296706036,47.178275919498,
    308.0262701808));
#9500 = CARTESIAN_POINT('',(274.7477449336,46.957835322245,
    308.23294125014));
#9501 = PCURVE('',#8582,#9502);
#9502 = DEFINITIONAL_REPRESENTATION('',(#9503),#9626);
#9503 = B_SPLINE_CURVE_WITH_KNOTS('',7,(#9504,#9505,#9506,#9507,#9508,
    #9509,#9510,#9511,#9512,#9513,#9514,#9515,#9516,#9517,#9518,#9519,
    #9520,#9521,#9522,#9523,#9524,#9525,#9526,#9527,#9528,#9529,#9530,
    #9531,#9532,#9533,#9534,#9535,#9536,#9537,#9538,#9539,#9540,#9541,
    #9542,#9543,#9544,#9545,#9546,#9547,#9548,#9549,#9550,#9551,#9552,
    #9553,#9554,#9555,#9556,#9557,#9558,#9559,#9560,#9561,#9562,#9563,
    #9564,#9565,#9566,#9567,#9568,#9569,#9570,#9571,#9572,#9573,#9574,
    #9575,#9576,#9577,#9578,#9579,#9580,#9581,#9582,#9583,#9584,#9585,
    #9586,#9587,#9588,#9589,#9590,#9591,#9592,#9593,#9594,#9595,#9596,
    #9597,#9598,#9599,#9600,#9601,#9602,#9603,#9604,#9605,#9606,#9607,
    #9608,#9609,#9610,#9611,#9612,#9613,#9614,#9615,#9616,#9617,#9618,
    #9619,#9620,#9621,#9622,#9623,#9624,#9625),.UNSPECIFIED.,.F.,.F.,(8,
    6,6,6,6,6,6,6,6,6,6,6,6,6,6,6,6,6,6,6,8),(0.,3.777125349656E-02,
    7.259850419592E-02,0.104680935891,0.132904178549,0.241755844112,
    0.353817092137,0.400022399159,0.429990302582,0.450956365934,
    0.465329272956,0.50005682097,0.671536257594,0.843987615083,
    0.856201657008,0.866599951817,0.882534877249,0.904669496244,
    0.932475220036,0.964223773321,1.),.UNSPECIFIED.);
#9504 = CARTESIAN_POINT('',(3.925842104332,131.77001171417));
#9505 = CARTESIAN_POINT('',(3.917561710799,131.77001171418));
#9506 = CARTESIAN_POINT('',(3.909269051098,131.76859592354));
#9507 = CARTESIAN_POINT('',(3.900965387789,131.76589421686));
#9508 = CARTESIAN_POINT('',(3.89265180028,131.76202355257));
#9509 = CARTESIAN_POINT('',(3.884329190865,131.75708948533));
#9510 = CARTESIAN_POINT('',(3.875998290763,131.75118767845));
#9511 = CARTESIAN_POINT('',(3.859970978529,131.73815178359));
#9512 = CARTESIAN_POINT('',(3.852275758479,131.73114961693));
#9513 = CARTESIAN_POINT('',(3.844574469751,131.7234672469));
#9514 = CARTESIAN_POINT('',(3.836867515844,131.71516696561));
#9515 = CARTESIAN_POINT('',(3.829155241651,131.70630570509));
#9516 = CARTESIAN_POINT('',(3.821437935103,131.6969357157));
#9517 = CARTESIAN_POINT('',(3.806602320201,131.67804953641));
#9518 = CARTESIAN_POINT('',(3.799484749743,131.6686032262));
#9519 = CARTESIAN_POINT('',(3.792363304843,131.65880363159));
#9520 = CARTESIAN_POINT('',(3.785238152527,131.64868563082));
#9521 = CARTESIAN_POINT('',(3.778109439444,131.63828166273));
#9522 = CARTESIAN_POINT('',(3.770977291865,131.62762172677));
#9523 = CARTESIAN_POINT('',(3.757564664443,131.60715479579));
#9524 = CARTESIAN_POINT('',(3.751284940869,131.59739961596));
#9525 = CARTESIAN_POINT('',(3.745002719236,131.58748670632));
#9526 = CARTESIAN_POINT('',(3.73871806752,131.57743389046));
#9527 = CARTESIAN_POINT('',(3.732431047389,131.56725795272));
#9528 = CARTESIAN_POINT('',(3.726141714208,131.55697463817));
#9529 = CARTESIAN_POINT('',(3.695584626383,131.50658045482));
#9530 = CARTESIAN_POINT('',(3.671285692559,131.46518511538));
#9531 = CARTESIAN_POINT('',(3.646955763727,131.42326158537));
#9532 = CARTESIAN_POINT('',(3.622596982662,131.38146660801));
#9533 = CARTESIAN_POINT('',(3.598211196249,131.34032936548));
#9534 = CARTESIAN_POINT('',(3.573799979986,131.30029059857));
#9535 = CARTESIAN_POINT('',(3.524208879653,131.2220044014));
#9536 = CARTESIAN_POINT('',(3.499027737471,131.18384510733));
#9537 = CARTESIAN_POINT('',(3.473823066798,131.14763872278));
#9538 = CARTESIAN_POINT('',(3.448596709239,131.11370594939));
#9539 = CARTESIAN_POINT('',(3.423350566742,131.08230841051));
#9540 = CARTESIAN_POINT('',(3.398086662578,131.05366138475));
#9541 = CARTESIAN_POINT('',(3.362383964445,131.01733259905));
#9542 = CARTESIAN_POINT('',(3.351958055136,131.00722374068));
#9543 = CARTESIAN_POINT('',(3.341529653396,130.99762418815));
#9544 = CARTESIAN_POINT('',(3.33109891473,130.9885449784));
#9545 = CARTESIAN_POINT('',(3.320665997536,130.97999606918));
#9546 = CARTESIAN_POINT('',(3.310231063111,130.97198633907));
#9547 = CARTESIAN_POINT('',(3.293025169257,130.95968338543));
#9548 = CARTESIAN_POINT('',(3.286255283153,130.95507328837));
#9549 = CARTESIAN_POINT('',(3.27948466209,130.95069543731));
#9550 = CARTESIAN_POINT('',(3.272713351213,130.94655180331));
#9551 = CARTESIAN_POINT('',(3.265941396052,130.94264418743));
#9552 = CARTESIAN_POINT('',(3.259168842521,130.93897422074));
#9553 = CARTESIAN_POINT('',(3.247657155142,130.9331430779));
#9554 = CARTESIAN_POINT('',(3.242918303106,130.93085982862));
#9555 = CARTESIAN_POINT('',(3.238179196658,130.92869411789));
#9556 = CARTESIAN_POINT('',(3.233439851712,130.92664640848));
#9557 = CARTESIAN_POINT('',(3.228700284245,130.92471712453));
#9558 = CARTESIAN_POINT('',(3.223960510306,130.92290665157));
#9559 = CARTESIAN_POINT('',(3.215971148873,130.92005588593));
#9560 = CARTESIAN_POINT('',(3.212721662272,130.91895243423));
#9561 = CARTESIAN_POINT('',(3.209472091394,130.91790509327));
#9562 = CARTESIAN_POINT('',(3.206222441437,130.91691396662));
#9563 = CARTESIAN_POINT('',(3.202972717613,130.91597914953));
#9564 = CARTESIAN_POINT('',(3.199722925143,130.91510072893));
#9565 = CARTESIAN_POINT('',(3.1886208285,130.91229281419));
#9566 = CARTESIAN_POINT('',(3.180768217376,130.91063654381));
#9567 = CARTESIAN_POINT('',(3.172915309809,130.90931107977));
#9568 = CARTESIAN_POINT('',(3.165062179875,130.90831725183));
#9569 = CARTESIAN_POINT('',(3.157208901798,130.90765561209));
#9570 = CARTESIAN_POINT('',(3.149355549951,130.90732643497));
#9571 = CARTESIAN_POINT('',(3.102723526071,130.90734592436));
#9572 = CARTESIAN_POINT('',(3.063944165179,130.91546814313));
#9573 = CARTESIAN_POINT('',(3.025174356273,130.93169747925));
#9574 = CARTESIAN_POINT('',(2.986422762691,130.95586664243));
#9575 = CARTESIAN_POINT('',(2.94769734357,130.98764900075));
#9576 = CARTESIAN_POINT('',(2.909006089537,131.02653104624));
#9577 = CARTESIAN_POINT('',(2.831490099497,131.11722178216));
#9578 = CARTESIAN_POINT('',(2.792665606435,131.16910280426));
#9579 = CARTESIAN_POINT('',(2.753891160852,131.22661317883));
#9580 = CARTESIAN_POINT('',(2.715173165067,131.28872437651));
#9581 = CARTESIAN_POINT('',(2.67651803268,131.35405386475));
#9582 = CARTESIAN_POINT('',(2.637932703075,131.42077470193));
#9583 = CARTESIAN_POINT('',(2.596697103332,131.490726311));
#9584 = CARTESIAN_POINT('',(2.593970109679,131.49534600425));
#9585 = CARTESIAN_POINT('',(2.591243508937,131.49995769738));
#9586 = CARTESIAN_POINT('',(2.588517304383,131.5045603735));
#9587 = CARTESIAN_POINT('',(2.585791499397,131.50915298955));
#9588 = CARTESIAN_POINT('',(2.583066097469,131.51373447633));
#9589 = CARTESIAN_POINT('',(2.578021206422,131.52219373129));
#9590 = CARTESIAN_POINT('',(2.575701605393,131.52607486326));
#9591 = CARTESIAN_POINT('',(2.573382301326,131.52994645838));
#9592 = CARTESIAN_POINT('',(2.571063296514,131.53380782518));
#9593 = CARTESIAN_POINT('',(2.568744593323,131.53765825674));
#9594 = CARTESIAN_POINT('',(2.566426194191,131.54149703069));
#9595 = CARTESIAN_POINT('',(2.560555727638,131.55118716454));
#9596 = CARTESIAN_POINT('',(2.557004073663,131.55702180671));
#9597 = CARTESIAN_POINT('',(2.553453148694,131.5628246846));
#9598 = CARTESIAN_POINT('',(2.549902962265,131.56859304895));
#9599 = CARTESIAN_POINT('',(2.546353524458,131.57432405243));
#9600 = CARTESIAN_POINT('',(2.542804845905,131.58001474961));
#9601 = CARTESIAN_POINT('',(2.534328669067,131.5935066195));
#9602 = CARTESIAN_POINT('',(2.529401887361,131.60126747463));
#9603 = CARTESIAN_POINT('',(2.524476622227,131.60893652986));
#9604 = CARTESIAN_POINT('',(2.519552906345,131.61650520188));
#9605 = CARTESIAN_POINT('',(2.514630775517,131.62396445654));
#9606 = CARTESIAN_POINT('',(2.509710268669,131.63130480886));
#9607 = CARTESIAN_POINT('',(2.498612332133,131.6475754973));
#9608 = CARTESIAN_POINT('',(2.492435868048,131.65643124696));
#9609 = CARTESIAN_POINT('',(2.486262116959,131.66506396951));
#9610 = CARTESIAN_POINT('',(2.480091173609,131.67345256701));
#9611 = CARTESIAN_POINT('',(2.473923146125,131.68157444606));
#9612 = CARTESIAN_POINT('',(2.467758156011,131.68940551779));
#9613 = CARTESIAN_POINT('',(2.454560779426,131.70550045362));
#9614 = CARTESIAN_POINT('',(2.447529365109,131.71366811822));
#9615 = CARTESIAN_POINT('',(2.440502290932,131.72138479414));
#9616 = CARTESIAN_POINT('',(2.433479793889,131.72860913816));
#9617 = CARTESIAN_POINT('',(2.426462153359,131.73529641577));
#9618 = CARTESIAN_POINT('',(2.419449692242,131.74139805558));
#9619 = CARTESIAN_POINT('',(2.404546955339,131.7530174158));
#9620 = CARTESIAN_POINT('',(2.396658207622,131.7583628444));
#9621 = CARTESIAN_POINT('',(2.388777040357,131.76282177879));
#9622 = CARTESIAN_POINT('',(2.380904094896,131.76631158782));
#9623 = CARTESIAN_POINT('',(2.373040153211,131.76874155654));
#9624 = CARTESIAN_POINT('',(2.365186142593,131.77001172286));
#9625 = CARTESIAN_POINT('',(2.357343140346,131.77001171417));
#9626 = ( GEOMETRIC_REPRESENTATION_CONTEXT(2) 
PARAMETRIC_REPRESENTATION_CONTEXT() REPRESENTATION_CONTEXT('2D SPACE',''
  ) );
#9627 = PCURVE('',#9628,#9633);
#9628 = CYLINDRICAL_SURFACE('',#9629,41.);
#9629 = AXIS2_PLACEMENT_3D('',#9630,#9631,#9632);
#9630 = CARTESIAN_POINT('',(274.7477455336,75.,338.14342436536));
#9631 = DIRECTION('',(1.,0.,0.));
#9632 = DIRECTION('',(-0.,0.,1.));
#9633 = DEFINITIONAL_REPRESENTATION('',(#9634),#9757);
#9634 = B_SPLINE_CURVE_WITH_KNOTS('',7,(#9635,#9636,#9637,#9638,#9639,
    #9640,#9641,#9642,#9643,#9644,#9645,#9646,#9647,#9648,#9649,#9650,
    #9651,#9652,#9653,#9654,#9655,#9656,#9657,#9658,#9659,#9660,#9661,
    #9662,#9663,#9664,#9665,#9666,#9667,#9668,#9669,#9670,#9671,#9672,
    #9673,#9674,#9675,#9676,#9677,#9678,#9679,#9680,#9681,#9682,#9683,
    #9684,#9685,#9686,#9687,#9688,#9689,#9690,#9691,#9692,#9693,#9694,
    #9695,#9696,#9697,#9698,#9699,#9700,#9701,#9702,#9703,#9704,#9705,
    #9706,#9707,#9708,#9709,#9710,#9711,#9712,#9713,#9714,#9715,#9716,
    #9717,#9718,#9719,#9720,#9721,#9722,#9723,#9724,#9725,#9726,#9727,
    #9728,#9729,#9730,#9731,#9732,#9733,#9734,#9735,#9736,#9737,#9738,
    #9739,#9740,#9741,#9742,#9743,#9744,#9745,#9746,#9747,#9748,#9749,
    #9750,#9751,#9752,#9753,#9754,#9755,#9756),.UNSPECIFIED.,.F.,.F.,(8,
    6,6,6,6,6,6,6,6,6,6,6,6,6,6,6,6,6,6,6,8),(0.,3.777125349656E-02,
    7.259850419592E-02,0.104680935891,0.132904178549,0.241755844112,
    0.353817092137,0.400022399159,0.429990302582,0.450956365934,
    0.465329272956,0.50005682097,0.671536257594,0.843987615083,
    0.856201657008,0.866599951817,0.882534877249,0.904669496244,
    0.932475220036,0.964223773321,1.),.UNSPECIFIED.);
#9635 = CARTESIAN_POINT('',(3.894763213133,-5.519495971384E-10));
#9636 = CARTESIAN_POINT('',(3.886982188433,7.941712615833E-02));
#9637 = CARTESIAN_POINT('',(3.879176626759,0.156809066004));
#9638 = CARTESIAN_POINT('',(3.871348704244,0.232275235984));
#9639 = CARTESIAN_POINT('',(3.863500322478,0.305905248045));
#9640 = CARTESIAN_POINT('',(3.855633126204,0.377780149977));
#9641 = CARTESIAN_POINT('',(3.847748521003,0.447973666299));
#9642 = CARTESIAN_POINT('',(3.832562674946,0.579787902441));
#9643 = CARTESIAN_POINT('',(3.825263897705,0.641650083155));
#9644 = CARTESIAN_POINT('',(3.817952305486,0.702192749743));
#9645 = CARTESIAN_POINT('',(3.81062874013,0.761463770378));
#9646 = CARTESIAN_POINT('',(3.803293946036,0.819506699267));
#9647 = CARTESIAN_POINT('',(3.795948577101,0.876361362948));
#9648 = CARTESIAN_POINT('',(3.781817524795,0.983377436864));
#9649 = CARTESIAN_POINT('',(3.775033367996,1.033713259523));
#9650 = CARTESIAN_POINT('',(3.76824118117,1.0831001869));
#9651 = CARTESIAN_POINT('',(3.761441373923,1.13156446857));
#9652 = CARTESIAN_POINT('',(3.754634317555,1.179130331354));
#9653 = CARTESIAN_POINT('',(3.747820345061,1.225819979322));
#9654 = CARTESIAN_POINT('',(3.734999605019,1.311973892297));
#9655 = CARTESIAN_POINT('',(3.728994339432,1.351631840448));
#9656 = CARTESIAN_POINT('',(3.722984157847,1.390641248911));
#9657 = CARTESIAN_POINT('',(3.716969249734,1.429015053821));
#9658 = CARTESIAN_POINT('',(3.710949790556,1.46676531677));
#9659 = CARTESIAN_POINT('',(3.704925941768,1.503903224812));
#9660 = CARTESIAN_POINT('',(3.675648653398,1.681350957902));
#9661 = CARTESIAN_POINT('',(3.652336585351,1.81330698047));
#9662 = CARTESIAN_POINT('',(3.628969802209,1.936906512686));
#9663 = CARTESIAN_POINT('',(3.605554689852,2.052581323305));
#9664 = CARTESIAN_POINT('',(3.582096396883,2.160656979974));
#9665 = CARTESIAN_POINT('',(3.558599177249,2.261389729924));
#9666 = CARTESIAN_POINT('',(3.510840029502,2.451327577763));
#9667 = CARTESIAN_POINT('',(3.486576160388,2.54010470395));
#9668 = CARTESIAN_POINT('',(3.462279110448,2.621527214833));
#9669 = CARTESIAN_POINT('',(3.437952530996,2.695751592159));
#9670 = CARTESIAN_POINT('',(3.413599758636,2.762893965064));
#9671 = CARTESIAN_POINT('',(3.389223990271,2.823042911409));
#9672 = CARTESIAN_POINT('',(3.354769598305,2.898209541336));
#9673 = CARTESIAN_POINT('',(3.34470740218,2.918976557499));
#9674 = CARTESIAN_POINT('',(3.334642055772,2.938570582186));
#9675 = CARTESIAN_POINT('',(3.32457377716,2.956995711601));
#9676 = CARTESIAN_POINT('',(3.314502782788,2.974255539663));
#9677 = CARTESIAN_POINT('',(3.30442928746,2.990353158004));
#9678 = CARTESIAN_POINT('',(3.287818538674,3.014979663836));
#9679 = CARTESIAN_POINT('',(3.281282610597,3.024180384489));
#9680 = CARTESIAN_POINT('',(3.274745778387,3.03289403884));
#9681 = CARTESIAN_POINT('',(3.268208100188,3.04112128263));
#9682 = CARTESIAN_POINT('',(3.261669634021,3.048862706438));
#9683 = CARTESIAN_POINT('',(3.255130437778,3.056118835676));
#9684 = CARTESIAN_POINT('',(3.244015164118,3.067627445584));
#9685 = CARTESIAN_POINT('',(3.239439429923,3.0721274529));
#9686 = CARTESIAN_POINT('',(3.234863386427,3.076390311339));
#9687 = CARTESIAN_POINT('',(3.230287053403,3.080416166539));
#9688 = CARTESIAN_POINT('',(3.225710450607,3.084205150974));
#9689 = CARTESIAN_POINT('',(3.221133597778,3.087757383954));
#9690 = CARTESIAN_POINT('',(3.213418777754,3.093345913026));
#9691 = CARTESIAN_POINT('',(3.210280932628,3.095507642147));
#9692 = CARTESIAN_POINT('',(3.20714298562,3.097558193315));
#9693 = CARTESIAN_POINT('',(3.204004943082,3.099497598203));
#9694 = CARTESIAN_POINT('',(3.200866811365,3.101325885832));
#9695 = CARTESIAN_POINT('',(3.197728596816,3.103043082568));
#9696 = CARTESIAN_POINT('',(3.187007625928,3.108529912203));
#9697 = CARTESIAN_POINT('',(3.179424499474,3.11176221098));
#9698 = CARTESIAN_POINT('',(3.171841015958,3.114346441014));
#9699 = CARTESIAN_POINT('',(3.164257264887,3.116282851169));
#9700 = CARTESIAN_POINT('',(3.156673335744,3.117571606617));
#9701 = CARTESIAN_POINT('',(3.149089317986,3.118212788839));
#9702 = CARTESIAN_POINT('',(3.104056559997,3.118174826884));
#9703 = CARTESIAN_POINT('',(3.066607159846,3.102353695856));
#9704 = CARTESIAN_POINT('',(3.029169098388,3.070742752023));
#9705 = CARTESIAN_POINT('',(2.991752884507,3.02329340352));
#9706 = CARTESIAN_POINT('',(2.954368629401,2.959908498878));
#9707 = CARTESIAN_POINT('',(2.917027182511,2.880412916128));
#9708 = CARTESIAN_POINT('',(2.842244110823,2.688033353218));
#9709 = CARTESIAN_POINT('',(2.804802883315,2.574962094413));
#9710 = CARTESIAN_POINT('',(2.767428954043,2.444956664145));
#9711 = CARTESIAN_POINT('',(2.730134383019,2.297547967781));
#9712 = CARTESIAN_POINT('',(2.692933540953,2.132017687978));
#9713 = CARTESIAN_POINT('',(2.655844397209,1.947312794285));
#9714 = CARTESIAN_POINT('',(2.616275432249,1.72697395936));
#9715 = CARTESIAN_POINT('',(2.613658974236,1.712294791676));
#9716 = CARTESIAN_POINT('',(2.611043217573,1.697509325773));
#9717 = CARTESIAN_POINT('',(2.608428172208,1.682616873532));
#9718 = CARTESIAN_POINT('',(2.605813848393,1.667616724827));
#9719 = CARTESIAN_POINT('',(2.603200256678,1.652508147522));
#9720 = CARTESIAN_POINT('',(2.598362986881,1.624334909155));
#9721 = CARTESIAN_POINT('',(2.596139104339,1.611300296941));
#9722 = CARTESIAN_POINT('',(2.593915766984,1.598186085357));
#9723 = CARTESIAN_POINT('',(2.591692981703,1.584991795901));
#9724 = CARTESIAN_POINT('',(2.589470755568,1.571716937047));
#9725 = CARTESIAN_POINT('',(2.587249095841,1.55836100424));
#9726 = CARTESIAN_POINT('',(2.581624294425,1.524331070069));
#9727 = CARTESIAN_POINT('',(2.57822192662,1.503547046265));
#9728 = CARTESIAN_POINT('',(2.574820933281,1.48256954919));
#9729 = CARTESIAN_POINT('',(2.571421342407,1.461396636866));
#9730 = CARTESIAN_POINT('',(2.568023183273,1.440026284641));
#9731 = CARTESIAN_POINT('',(2.564626486432,1.418456385188));
#9732 = CARTESIAN_POINT('',(2.556515132448,1.366442568518));
#9733 = CARTESIAN_POINT('',(2.551801864716,1.335811118832));
#9734 = CARTESIAN_POINT('',(2.547091565243,1.304784549161));
#9735 = CARTESIAN_POINT('',(2.54238432521,1.273356631358));
#9736 = CARTESIAN_POINT('',(2.537680242257,1.241520759413));
#9737 = CARTESIAN_POINT('',(2.532979420478,1.209269949453));
#9738 = CARTESIAN_POINT('',(2.522380987947,1.135552561354));
#9739 = CARTESIAN_POINT('',(2.516485329533,1.093841788584));
#9740 = CARTESIAN_POINT('',(2.510595211713,1.051449995319));
#9741 = CARTESIAN_POINT('',(2.504710875357,1.008361422206));
#9742 = CARTESIAN_POINT('',(2.498832585671,0.96455907665));
#9743 = CARTESIAN_POINT('',(2.492960632198,0.92002473282));
#9744 = CARTESIAN_POINT('',(2.480398330079,0.823031639915));
#9745 = CARTESIAN_POINT('',(2.473710010194,0.770344644509));
#9746 = CARTESIAN_POINT('',(2.467030834125,0.716648655096));
#9747 = CARTESIAN_POINT('',(2.460361328865,0.661912076834));
#9748 = CARTESIAN_POINT('',(2.453702088041,0.60610062667));
#9749 = CARTESIAN_POINT('',(2.447053776515,0.549176949633));
#9750 = CARTESIAN_POINT('',(2.432938558266,0.425655813647));
#9751 = CARTESIAN_POINT('',(2.425474829981,0.35874751415));
#9752 = CARTESIAN_POINT('',(2.41802699138,0.290316687029));
#9753 = CARTESIAN_POINT('',(2.410596266276,0.220299662696));
#9754 = CARTESIAN_POINT('',(2.403184074704,0.148626798689));
#9755 = CARTESIAN_POINT('',(2.395792046571,7.522152676446E-02));
#9756 = CARTESIAN_POINT('',(2.388422035314,-6.E-07));
#9757 = ( GEOMETRIC_REPRESENTATION_CONTEXT(2) 
PARAMETRIC_REPRESENTATION_CONTEXT() REPRESENTATION_CONTEXT('2D SPACE',''
  ) );
#9758 = ORIENTED_EDGE('',*,*,#9759,.F.);
#9759 = EDGE_CURVE('',#9233,#9375,#9760,.T.);
#9760 = SURFACE_CURVE('',#9761,(#9766,#9773),.PCURVE_S1.);
#9761 = CIRCLE('',#9762,39.703240921515);
#9762 = AXIS2_PLACEMENT_3D('',#9763,#9764,#9765);
#9763 = CARTESIAN_POINT('',(265.13470103068,75.,334.64456230562));
#9764 = DIRECTION('',(0.939692620786,0.,0.342020143326));
#9765 = DIRECTION('',(-0.342020143326,0.,0.939692620786));
#9766 = PCURVE('',#8582,#9767);
#9767 = DEFINITIONAL_REPRESENTATION('',(#9768),#9772);
#9768 = LINE('',#9769,#9770);
#9769 = CARTESIAN_POINT('',(0.,131.77001171417));
#9770 = VECTOR('',#9771,1.);
#9771 = DIRECTION('',(1.,0.));
#9772 = ( GEOMETRIC_REPRESENTATION_CONTEXT(2) 
PARAMETRIC_REPRESENTATION_CONTEXT() REPRESENTATION_CONTEXT('2D SPACE',''
  ) );
#9773 = PCURVE('',#9272,#9774);
#9774 = DEFINITIONAL_REPRESENTATION('',(#9775),#9883);
#9775 = B_SPLINE_CURVE_WITH_KNOTS('',8,(#9776,#9777,#9778,#9779,#9780,
    #9781,#9782,#9783,#9784,#9785,#9786,#9787,#9788,#9789,#9790,#9791,
    #9792,#9793,#9794,#9795,#9796,#9797,#9798,#9799,#9800,#9801,#9802,
    #9803,#9804,#9805,#9806,#9807,#9808,#9809,#9810,#9811,#9812,#9813,
    #9814,#9815,#9816,#9817,#9818,#9819,#9820,#9821,#9822,#9823,#9824,
    #9825,#9826,#9827,#9828,#9829,#9830,#9831,#9832,#9833,#9834,#9835,
    #9836,#9837,#9838,#9839,#9840,#9841,#9842,#9843,#9844,#9845,#9846,
    #9847,#9848,#9849,#9850,#9851,#9852,#9853,#9854,#9855,#9856,#9857,
    #9858,#9859,#9860,#9861,#9862,#9863,#9864,#9865,#9866,#9867,#9868,
    #9869,#9870,#9871,#9872,#9873,#9874,#9875,#9876,#9877,#9878,#9879,
    #9880,#9881,#9882),.UNSPECIFIED.,.F.,.F.,(9,7,7,7,7,7,7,7,7,7,7,7,7,
    7,7,9),(0.,0.196349540849,0.564504929942,0.886640895398,
    1.450378834946,1.873182289607,2.190284880603,2.428111823849,
    2.606482031284,2.740259686861,2.840592928543,2.915842859805,
    2.972280308251,3.05693648092,3.099264567255,3.14159265359),
  .UNSPECIFIED.);
#9776 = CARTESIAN_POINT('',(3.14159265359,0.969554286267));
#9777 = CARTESIAN_POINT('',(3.183609268084,0.969554286267));
#9778 = CARTESIAN_POINT('',(3.225625869748,0.968446797795));
#9779 = CARTESIAN_POINT('',(3.267445662509,0.966231829885));
#9780 = CARTESIAN_POINT('',(3.308871518102,0.962920789508));
#9781 = CARTESIAN_POINT('',(3.349719142477,0.958536607378));
#9782 = CARTESIAN_POINT('',(3.389828054586,0.953112030613));
#9783 = CARTESIAN_POINT('',(3.429067883707,0.946687043776));
#9784 = CARTESIAN_POINT('',(3.539093005946,0.925467634758));
#9785 = CARTESIAN_POINT('',(3.607437633465,0.908269109377));
#9786 = CARTESIAN_POINT('',(3.671705316518,0.888005529617));
#9787 = CARTESIAN_POINT('',(3.731595167308,0.865031454477));
#9788 = CARTESIAN_POINT('',(3.787179200139,0.839700567312));
#9789 = CARTESIAN_POINT('',(3.838681491662,0.81232446732));
#9790 = CARTESIAN_POINT('',(3.886403252237,0.783175239865));
#9791 = CARTESIAN_POINT('',(3.969396297587,0.725630766979));
#9792 = CARTESIAN_POINT('',(4.005478243186,0.697596737337));
#9793 = CARTESIAN_POINT('',(4.039127831372,0.668538315041));
#9794 = CARTESIAN_POINT('',(4.070573312047,0.638587814776));
#9795 = CARTESIAN_POINT('',(4.10003056639,0.607856185421));
#9796 = CARTESIAN_POINT('',(4.127695620501,0.576436624631));
#9797 = CARTESIAN_POINT('',(4.153745418697,0.544408316229));
#9798 = CARTESIAN_POINT('',(4.221374381015,0.454841782864));
#9799 = CARTESIAN_POINT('',(4.259947578867,0.396187058233));
#9800 = CARTESIAN_POINT('',(4.294903883516,0.336235975239));
#9801 = CARTESIAN_POINT('',(4.326912728298,0.275240707982));
#9802 = CARTESIAN_POINT('',(4.356490394099,0.21338787709));
#9803 = CARTESIAN_POINT('',(4.384057267158,0.150821014315));
#9804 = CARTESIAN_POINT('',(4.409959634775,8.765325050568E-02));
#9805 = CARTESIAN_POINT('',(4.452899097702,-2.378177813004E-02));
#9806 = CARTESIAN_POINT('',(4.470533599766,-7.182618297661E-02));
#9807 = CARTESIAN_POINT('',(4.487526054431,-0.120118526944));
#9808 = CARTESIAN_POINT('',(4.503987237331,-0.168627065443));
#9809 = CARTESIAN_POINT('',(4.520018396972,-0.217324905344));
#9810 = CARTESIAN_POINT('',(4.535715595886,-0.266188725747));
#9811 = CARTESIAN_POINT('',(4.551174441536,-0.315197867374));
#9812 = CARTESIAN_POINT('',(4.577988971858,-0.401185116234));
#9813 = CARTESIAN_POINT('',(4.589404266874,-0.438107911037));
#9814 = CARTESIAN_POINT('',(4.600786023207,-0.475093851918));
#9815 = CARTESIAN_POINT('',(4.61217933517,-0.512135533745));
#9816 = CARTESIAN_POINT('',(4.623633282784,-0.549225895349));
#9817 = CARTESIAN_POINT('',(4.635202870608,-0.586358033506));
#9818 = CARTESIAN_POINT('',(4.646952627523,-0.623524956695));
#9819 = CARTESIAN_POINT('',(4.667971809798,-0.688614852491));
#9820 = CARTESIAN_POINT('',(4.677126956149,-0.716525880161));
#9821 = CARTESIAN_POINT('',(4.686463260337,-0.744449107088));
#9822 = CARTESIAN_POINT('',(4.696020102394,-0.772381223271));
#9823 = CARTESIAN_POINT('',(4.705844108192,-0.800318649745));
#9824 = CARTESIAN_POINT('',(4.715991318657,-0.828257420778));
#9825 = CARTESIAN_POINT('',(4.726531514439,-0.856192959496));
#9826 = CARTESIAN_POINT('',(4.745825730206,-0.905064651212));
#9827 = CARTESIAN_POINT('',(4.754367529834,-0.926004679591));
#9828 = CARTESIAN_POINT('',(4.763221080004,-0.946937349613));
#9829 = CARTESIAN_POINT('',(4.772432258634,-0.967859957952));
#9830 = CARTESIAN_POINT('',(4.78205645528,-0.988769343398));
#9831 = CARTESIAN_POINT('',(4.792161281265,-1.009661750059));
#9832 = CARTESIAN_POINT('',(4.802831854899,-1.030532557428));
#9833 = CARTESIAN_POINT('',(4.822692965571,-1.067008145316));
#9834 = CARTESIAN_POINT('',(4.831586599429,-1.082625007195));
#9835 = CARTESIAN_POINT('',(4.84090963805,-1.098223795546));
#9836 = CARTESIAN_POINT('',(4.850718473555,-1.113801532954));
#9837 = CARTESIAN_POINT('',(4.861081148072,-1.129354650452));
#9838 = CARTESIAN_POINT('',(4.872080644576,-1.144878819031));
#9839 = CARTESIAN_POINT('',(4.883820986255,-1.160368627504));
#9840 = CARTESIAN_POINT('',(4.905901802345,-1.187403221356));
#9841 = CARTESIAN_POINT('',(4.915858472112,-1.19896614954));
#9842 = CARTESIAN_POINT('',(4.926366198337,-1.210502749478));
#9843 = CARTESIAN_POINT('',(4.93749279203,-1.222009485391));
#9844 = CARTESIAN_POINT('',(4.949319356291,-1.233482114886));
#9845 = CARTESIAN_POINT('',(4.961943979836,-1.244915490659));
#9846 = CARTESIAN_POINT('',(4.975488029569,-1.25630320353));
#9847 = CARTESIAN_POINT('',(5.001071266997,-1.276137231326));
#9848 = CARTESIAN_POINT('',(5.012640191101,-1.284607161261));
#9849 = CARTESIAN_POINT('',(5.024879309772,-1.293043223368));
#9850 = CARTESIAN_POINT('',(5.037865262679,-1.301441281752));
#9851 = CARTESIAN_POINT('',(5.051687928355,-1.309796457366));
#9852 = CARTESIAN_POINT('',(5.066454271365,-1.318102885261));
#9853 = CARTESIAN_POINT('',(5.082293922379,-1.326353336514));
#9854 = CARTESIAN_POINT('',(5.112170917729,-1.34067773103));
#9855 = CARTESIAN_POINT('',(5.125668868516,-1.346780145672));
#9856 = CARTESIAN_POINT('',(5.139927748596,-1.352842106211));
#9857 = CARTESIAN_POINT('',(5.155024497441,-1.358859151663));
#9858 = CARTESIAN_POINT('',(5.171047550008,-1.364826086145));
#9859 = CARTESIAN_POINT('',(5.188099231517,-1.370736780165));
#9860 = CARTESIAN_POINT('',(5.206298585907,-1.376583889659));
#9861 = CARTESIAN_POINT('',(5.255013716075,-1.391020397371));
#9862 = CARTESIAN_POINT('',(5.287137830976,-1.399519164153));
#9863 = CARTESIAN_POINT('',(5.322626193101,-1.407824630499));
#9864 = CARTESIAN_POINT('',(5.362047541988,-1.415898751318));
#9865 = CARTESIAN_POINT('',(5.406096610208,-1.423691928984));
#9866 = CARTESIAN_POINT('',(5.455599020611,-1.431140278983));
#9867 = CARTESIAN_POINT('',(5.511538572666,-1.438155620943));
#9868 = CARTESIAN_POINT('',(5.60625919501,-1.447861242267));
#9869 = CARTESIAN_POINT('',(5.639634589641,-1.450960219079));
#9870 = CARTESIAN_POINT('',(5.674908363695,-1.453908977305));
#9871 = CARTESIAN_POINT('',(5.71216297637,-1.456692070786));
#9872 = CARTESIAN_POINT('',(5.751457758815,-1.459292610125));
#9873 = CARTESIAN_POINT('',(5.792808979005,-1.461692552602));
#9874 = CARTESIAN_POINT('',(5.836168097695,-1.463873437237));
#9875 = CARTESIAN_POINT('',(5.926646462235,-1.46776203251));
#9876 = CARTESIAN_POINT('',(5.9737657367,-1.469469742736));
#9877 = CARTESIAN_POINT('',(6.022637533177,-1.470923327909));
#9878 = CARTESIAN_POINT('',(6.073055627454,-1.472106175168));
#9879 = CARTESIAN_POINT('',(6.124724335361,-1.473003808203));
#9880 = CARTESIAN_POINT('',(6.17725675989,-1.473605712625));
#9881 = CARTESIAN_POINT('',(6.230221032776,-1.473906666525));
#9882 = CARTESIAN_POINT('',(6.28318530718,-1.473906666525));
#9883 = ( GEOMETRIC_REPRESENTATION_CONTEXT(2) 
PARAMETRIC_REPRESENTATION_CONTEXT() REPRESENTATION_CONTEXT('2D SPACE',''
  ) );
#9884 = ORIENTED_EDGE('',*,*,#9232,.F.);
#9885 = ORIENTED_EDGE('',*,*,#8565,.T.);
#9886 = ADVANCED_FACE('',(#9887),#9022,.T.);
#9887 = FACE_BOUND('',#9888,.T.);
#9888 = EDGE_LOOP('',(#9889,#9890,#9913,#10025,#10449,#10568));
#9889 = ORIENTED_EDGE('',*,*,#8616,.T.);
#9890 = ORIENTED_EDGE('',*,*,#9891,.T.);
#9891 = EDGE_CURVE('',#8617,#9892,#9894,.T.);
#9892 = VERTEX_POINT('',#9893);
#9893 = CARTESIAN_POINT('',(252.99842384425,75.,377.53843681685));
#9894 = SEAM_CURVE('',#9895,(#9899,#9906),.PCURVE_S1.);
#9895 = LINE('',#9896,#9897);
#9896 = CARTESIAN_POINT('',(106.87443327593,75.,311.09622429512));
#9897 = VECTOR('',#9898,1.);
#9898 = DIRECTION('',(0.910314331396,1.900885002608E-17,0.413917646465)
  );
#9899 = PCURVE('',#9022,#9900);
#9900 = DEFINITIONAL_REPRESENTATION('',(#9901),#9905);
#9901 = LINE('',#9902,#9903);
#9902 = CARTESIAN_POINT('',(0.,-0.));
#9903 = VECTOR('',#9904,1.);
#9904 = DIRECTION('',(0.,1.));
#9905 = ( GEOMETRIC_REPRESENTATION_CONTEXT(2) 
PARAMETRIC_REPRESENTATION_CONTEXT() REPRESENTATION_CONTEXT('2D SPACE',''
  ) );
#9906 = PCURVE('',#9022,#9907);
#9907 = DEFINITIONAL_REPRESENTATION('',(#9908),#9912);
#9908 = LINE('',#9909,#9910);
#9909 = CARTESIAN_POINT('',(6.28318530718,-0.));
#9910 = VECTOR('',#9911,1.);
#9911 = DIRECTION('',(0.,1.));
#9912 = ( GEOMETRIC_REPRESENTATION_CONTEXT(2) 
PARAMETRIC_REPRESENTATION_CONTEXT() REPRESENTATION_CONTEXT('2D SPACE',''
  ) );
#9913 = ORIENTED_EDGE('',*,*,#9914,.F.);
#9914 = EDGE_CURVE('',#9915,#9892,#9917,.T.);
#9915 = VERTEX_POINT('',#9916);
#9916 = CARTESIAN_POINT('',(274.7477455336,115.13028211571,
    317.7826665869));
#9917 = SURFACE_CURVE('',#9918,(#9923,#9930),.PCURVE_S1.);
#9918 = CIRCLE('',#9919,44.457908617863);
#9919 = AXIS2_PLACEMENT_3D('',#9920,#9921,#9922);
#9920 = CARTESIAN_POINT('',(268.20392412169,75.,335.76166815307));
#9921 = DIRECTION('',(0.939692620786,0.,0.342020143326));
#9922 = DIRECTION('',(-0.342020143326,0.,0.939692620786));
#9923 = PCURVE('',#9022,#9924);
#9924 = DEFINITIONAL_REPRESENTATION('',(#9925),#9929);
#9925 = LINE('',#9926,#9927);
#9926 = CARTESIAN_POINT('',(0.,160.03621070639));
#9927 = VECTOR('',#9928,1.);
#9928 = DIRECTION('',(1.,0.));
#9929 = ( GEOMETRIC_REPRESENTATION_CONTEXT(2) 
PARAMETRIC_REPRESENTATION_CONTEXT() REPRESENTATION_CONTEXT('2D SPACE',''
  ) );
#9930 = PCURVE('',#9931,#9936);
#9931 = SPHERICAL_SURFACE('',#9932,45.);
#9932 = AXIS2_PLACEMENT_3D('',#9933,#9934,#9935);
#9933 = CARTESIAN_POINT('',(274.7477455336,75.,338.14342436536));
#9934 = DIRECTION('',(0.,0.,1.));
#9935 = DIRECTION('',(1.,0.,-0.));
#9936 = DEFINITIONAL_REPRESENTATION('',(#9937),#10024);
#9937 = B_SPLINE_CURVE_WITH_KNOTS('',8,(#9938,#9939,#9940,#9941,#9942,
    #9943,#9944,#9945,#9946,#9947,#9948,#9949,#9950,#9951,#9952,#9953,
    #9954,#9955,#9956,#9957,#9958,#9959,#9960,#9961,#9962,#9963,#9964,
    #9965,#9966,#9967,#9968,#9969,#9970,#9971,#9972,#9973,#9974,#9975,
    #9976,#9977,#9978,#9979,#9980,#9981,#9982,#9983,#9984,#9985,#9986,
    #9987,#9988,#9989,#9990,#9991,#9992,#9993,#9994,#9995,#9996,#9997,
    #9998,#9999,#10000,#10001,#10002,#10003,#10004,#10005,#10006,#10007,
    #10008,#10009,#10010,#10011,#10012,#10013,#10014,#10015,#10016,
    #10017,#10018,#10019,#10020,#10021,#10022,#10023),.UNSPECIFIED.,.F.,
  .F.,(9,7,7,7,7,7,7,7,7,7,7,7,9),(3.14159265359,3.239767424014,
    3.334874232863,3.427008953936,3.605519976014,3.940228142409,
    4.233097788006,4.745619667799,5.130011077644,5.418304635028,
    5.850744971104,6.066965139142,6.28318530718),.UNSPECIFIED.);
#9938 = CARTESIAN_POINT('',(0.,-1.377105760255));
#9939 = CARTESIAN_POINT('',(6.298786066592E-02,-1.377105760255));
#9940 = CARTESIAN_POINT('',(0.125975702517,-1.37627563049));
#9941 = CARTESIAN_POINT('',(0.188263741703,-1.374615396569));
#9942 = CARTESIAN_POINT('',(0.249151504239,-1.372144886461));
#9943 = CARTESIAN_POINT('',(0.308040766604,-1.368904309612));
#9944 = CARTESIAN_POINT('',(0.364535085785,-1.364946722985));
#9945 = CARTESIAN_POINT('',(0.418401062118,-1.360329897886));
#9946 = CARTESIAN_POINT('',(0.519073752679,-1.350057333525));
#9947 = CARTESIAN_POINT('',(0.566048444293,-1.34443856721));
#9948 = CARTESIAN_POINT('',(0.610367173686,-1.338308726033));
#9949 = CARTESIAN_POINT('',(0.652051075994,-1.331721104132));
#9950 = CARTESIAN_POINT('',(0.691202042046,-1.324725292292));
#9951 = CARTESIAN_POINT('',(0.727958321691,-1.317365680085));
#9952 = CARTESIAN_POINT('',(0.762475289962,-1.309681550282));
#9953 = CARTESIAN_POINT('',(0.826334166626,-1.293982421102));
#9954 = CARTESIAN_POINT('',(0.855804088191,-1.285985265121));
#9955 = CARTESIAN_POINT('',(0.883465580427,-1.277747282578));
#9956 = CARTESIAN_POINT('',(0.909465869936,-1.269295606186));
#9957 = CARTESIAN_POINT('',(0.933944624741,-1.260653520061));
#9958 = CARTESIAN_POINT('',(0.957030370419,-1.251841035595));
#9959 = CARTESIAN_POINT('',(0.978840403172,-1.24287547435));
#9960 = CARTESIAN_POINT('',(1.039471470265,-1.21613363344));
#9961 = CARTESIAN_POINT('',(1.075071342115,-1.197977194431));
#9962 = CARTESIAN_POINT('',(1.107052107545,-1.179411922697));
#9963 = CARTESIAN_POINT('',(1.136027691998,-1.160515093045));
#9964 = CARTESIAN_POINT('',(1.162469366959,-1.141344169032));
#9965 = CARTESIAN_POINT('',(1.186755074439,-1.121943470182));
#9966 = CARTESIAN_POINT('',(1.209187587117,-1.102347894976));
#9967 = CARTESIAN_POINT('',(1.269066263976,-1.045531036515));
#9968 = CARTESIAN_POINT('',(1.302474449363,-1.007890130489));
#9969 = CARTESIAN_POINT('',(1.331873378522,-0.969847661921));
#9970 = CARTESIAN_POINT('',(1.358212491485,-0.9315043838));
#9971 = CARTESIAN_POINT('',(1.382158974462,-0.89293251104));
#9972 = CARTESIAN_POINT('',(1.404187896087,-0.854182190345));
#9973 = CARTESIAN_POINT('',(1.424660877804,-0.815292374137));
#9974 = CARTESIAN_POINT('',(1.460655318096,-0.742169205729));
#9975 = CARTESIAN_POINT('',(1.4764758611,-0.707961457214));
#9976 = CARTESIAN_POINT('',(1.491507212193,-0.673690439671));
#9977 = CARTESIAN_POINT('',(1.505890355554,-0.639371686501));
#9978 = CARTESIAN_POINT('',(1.519737756698,-0.605017907245));
#9979 = CARTESIAN_POINT('',(1.533142573136,-0.57063997314));
#9980 = CARTESIAN_POINT('',(1.54618329841,-0.536247410693));
#9981 = CARTESIAN_POINT('',(1.581231860084,-0.441651513925));
#9982 = CARTESIAN_POINT('',(1.602629600205,-0.381435914525));
#9983 = CARTESIAN_POINT('',(1.623487057684,-0.321248589214));
#9984 = CARTESIAN_POINT('',(1.644072349026,-0.261127891335));
#9985 = CARTESIAN_POINT('',(1.664616193285,-0.201110712402));
#9986 = CARTESIAN_POINT('',(1.685329838657,-0.141235038759));
#9987 = CARTESIAN_POINT('',(1.706424394455,-8.154300224469E-02));
#9988 = CARTESIAN_POINT('',(1.744405080635,2.250862806166E-02));
#9989 = CARTESIAN_POINT('',(1.761024911089,6.697058057856E-02));
#9990 = CARTESIAN_POINT('',(1.778083257679,0.111279690627));
#9991 = CARTESIAN_POINT('',(1.79568160612,0.155412134891));
#9992 = CARTESIAN_POINT('',(1.813931094768,0.199340452952));
#9993 = CARTESIAN_POINT('',(1.832957022908,0.243032356404));
#9994 = CARTESIAN_POINT('',(1.852904789433,0.286448860125));
#9995 = CARTESIAN_POINT('',(1.889731236581,0.361860447635));
#9996 = CARTESIAN_POINT('',(1.906130449516,0.39399734909));
#9997 = CARTESIAN_POINT('',(1.923219569252,0.425931349114));
#9998 = CARTESIAN_POINT('',(1.941081092116,0.457638723637));
#9999 = CARTESIAN_POINT('',(1.959808639532,0.489091958127));
#10000 = CARTESIAN_POINT('',(1.979509510239,0.520258690664));
#10001 = CARTESIAN_POINT('',(2.000307699009,0.551100215575));
#10002 = CARTESIAN_POINT('',(2.055406906198,0.627273545723));
#10003 = CARTESIAN_POINT('',(2.091259755376,0.672140118623));
#10004 = CARTESIAN_POINT('',(2.130392602611,0.716010407459));
#10005 = CARTESIAN_POINT('',(2.173392448944,0.758684216196));
#10006 = CARTESIAN_POINT('',(2.220976207779,0.79990027282));
#10007 = CARTESIAN_POINT('',(2.273995690152,0.839321700293));
#10008 = CARTESIAN_POINT('',(2.33347544092,0.876481531621));
#10009 = CARTESIAN_POINT('',(2.433613112019,0.927933743545));
#10010 = CARTESIAN_POINT('',(2.468812012087,0.944369897272));
#10011 = CARTESIAN_POINT('',(2.505932889506,0.960016906267));
#10012 = CARTESIAN_POINT('',(2.545065289856,0.974792146482));
#10013 = CARTESIAN_POINT('',(2.586274049581,0.988605212817));
#10014 = CARTESIAN_POINT('',(2.629582708933,1.001358970837));
#10015 = CARTESIAN_POINT('',(2.674946357981,1.012953862693));
#10016 = CARTESIAN_POINT('',(2.769530584862,1.033636147857));
#10017 = CARTESIAN_POINT('',(2.8187511586,1.042723542467));
#10018 = CARTESIAN_POINT('',(2.869773721641,1.050462282336));
#10019 = CARTESIAN_POINT('',(2.922389939074,1.056762193168));
#10020 = CARTESIAN_POINT('',(2.976297758974,1.061544433728));
#10021 = CARTESIAN_POINT('',(3.031098445528,1.064751599802));
#10022 = CARTESIAN_POINT('',(3.086345548592,1.066355192537));
#10023 = CARTESIAN_POINT('',(3.14159265359,1.066355192537));
#10024 = ( GEOMETRIC_REPRESENTATION_CONTEXT(2) 
PARAMETRIC_REPRESENTATION_CONTEXT() REPRESENTATION_CONTEXT('2D SPACE',''
  ) );
#10025 = ORIENTED_EDGE('',*,*,#10026,.T.);
#10026 = EDGE_CURVE('',#9915,#10027,#10029,.T.);
#10027 = VERTEX_POINT('',#10028);
#10028 = CARTESIAN_POINT('',(274.7477455336,34.869717884283,
    317.7826665869));
#10029 = SURFACE_CURVE('',#10030,(#10166,#10305),.PCURVE_S1.);
#10030 = B_SPLINE_CURVE_WITH_KNOTS('',8,(#10031,#10032,#10033,#10034,
    #10035,#10036,#10037,#10038,#10039,#10040,#10041,#10042,#10043,
    #10044,#10045,#10046,#10047,#10048,#10049,#10050,#10051,#10052,
    #10053,#10054,#10055,#10056,#10057,#10058,#10059,#10060,#10061,
    #10062,#10063,#10064,#10065,#10066,#10067,#10068,#10069,#10070,
    #10071,#10072,#10073,#10074,#10075,#10076,#10077,#10078,#10079,
    #10080,#10081,#10082,#10083,#10084,#10085,#10086,#10087,#10088,
    #10089,#10090,#10091,#10092,#10093,#10094,#10095,#10096,#10097,
    #10098,#10099,#10100,#10101,#10102,#10103,#10104,#10105,#10106,
    #10107,#10108,#10109,#10110,#10111,#10112,#10113,#10114,#10115,
    #10116,#10117,#10118,#10119,#10120,#10121,#10122,#10123,#10124,
    #10125,#10126,#10127,#10128,#10129,#10130,#10131,#10132,#10133,
    #10134,#10135,#10136,#10137,#10138,#10139,#10140,#10141,#10142,
    #10143,#10144,#10145,#10146,#10147,#10148,#10149,#10150,#10151,
    #10152,#10153,#10154,#10155,#10156,#10157,#10158,#10159,#10160,
    #10161,#10162,#10163,#10164,#10165),.UNSPECIFIED.,.F.,.F.,(9,7,7,7,7
    ,7,7,7,7,7,7,7,7,7,7,7,7,7,7,9),(0.,2.007410602835E-02,
    3.865000415224E-02,5.647291967935E-02,7.361936855539E-02,
    0.155615089535,0.343991120129,0.400267295686,0.44369253123,
    0.459564534049,0.470142914993,0.484949964266,0.510859288923,
    0.713080612067,0.815171857533,0.918702724929,0.943563324403,
    0.961386539499,0.979962927197,1.),.UNSPECIFIED.);
#10031 = CARTESIAN_POINT('',(274.74774553441,115.13028211459,
    317.7826665847));
#10032 = CARTESIAN_POINT('',(274.82262916724,115.02589599306,
    317.57692549436));
#10033 = CARTESIAN_POINT('',(274.89571957661,114.9197799274,
    317.3707623532));
#10034 = CARTESIAN_POINT('',(274.96713234772,114.81197341751,
    317.16430750054));
#10035 = CARTESIAN_POINT('',(275.0369723455,114.70251260898,
    316.9576758943));
#10036 = CARTESIAN_POINT('',(275.1053349284,114.59143001794,
    316.75096803922));
#10037 = CARTESIAN_POINT('',(275.17230716216,114.4787542559,
    316.54427091506));
#10038 = CARTESIAN_POINT('',(275.23796903363,114.36450975456,
    316.3376589048));
#10039 = CARTESIAN_POINT('',(275.3620119623,114.14156532435,
    315.94013975855));
#10040 = CARTESIAN_POINT('',(275.42056966017,114.03308974353,
    315.7492145746));
#10041 = CARTESIAN_POINT('',(275.47812577802,113.92330667209,
    315.55847060239));
#10042 = CARTESIAN_POINT('',(275.53473298474,113.81223182665,
    315.36795423433));
#10043 = CARTESIAN_POINT('',(275.59043920375,113.69987967222,
    315.17770716699));
#10044 = CARTESIAN_POINT('',(275.64528821853,113.58626337798,
    314.9877667441));
#10045 = CARTESIAN_POINT('',(275.69932027813,113.47139477302,
    314.79816629964));
#10046 = CARTESIAN_POINT('',(275.80366651563,113.24388042255,
    314.42737525994));
#10047 = CARTESIAN_POINT('',(275.85404234786,113.13133387994,
    314.24615622004));
#10048 = CARTESIAN_POINT('',(275.90373291934,113.01765420095,
    314.06530500314));
#10049 = CARTESIAN_POINT('',(275.95276813013,112.90285041623,
    313.88484617773));
#10050 = CARTESIAN_POINT('',(276.00117535773,112.78693104986,
    313.7048023988));
#10051 = CARTESIAN_POINT('',(276.04897975439,112.66990410903,
    313.52519454769));
#10052 = CARTESIAN_POINT('',(276.09620454448,112.55177707359,
    313.34604187205));
#10053 = CARTESIAN_POINT('',(276.1877668671,112.31786168586,
    312.99546414791));
#10054 = CARTESIAN_POINT('',(276.23214586677,112.20215494855,
    312.82400419205));
#10055 = CARTESIAN_POINT('',(276.27602745536,112.08544295619,
    312.65299819121));
#10056 = CARTESIAN_POINT('',(276.31942925238,111.96773178299,
    312.48246116059));
#10057 = CARTESIAN_POINT('',(276.36236750851,111.84902729231,
    312.31240725744));
#10058 = CARTESIAN_POINT('',(276.40485725183,111.72933513395,
    312.14284984098));
#10059 = CARTESIAN_POINT('',(276.44691243398,111.60866074145,
    311.9738015324));
#10060 = CARTESIAN_POINT('',(276.68764155998,110.90526232706,
    310.99936314474));
#10061 = CARTESIAN_POINT('',(276.87708796265,110.30120018022,
    310.20540589888));
#10062 = CARTESIAN_POINT('',(277.0583204872,109.67535491386,
    309.42464755637));
#10063 = CARTESIAN_POINT('',(277.23224012474,109.02824279104,
    308.65813033488));
#10064 = CARTESIAN_POINT('',(277.39947989087,108.36037487636,
    307.90677178104));
#10065 = CARTESIAN_POINT('',(277.56051001793,107.67225746794,
    307.17139817431));
#10066 = CARTESIAN_POINT('',(277.71567154046,106.96438822852,
    306.45275835121));
#10067 = CARTESIAN_POINT('',(278.20881634405,104.56674364057,
    304.14057919732));
#10068 = CARTESIAN_POINT('',(278.52280506273,102.79462266019,
    302.62164991562));
#10069 = CARTESIAN_POINT('',(278.81025715013,100.92729312273,
    301.20358002606));
#10070 = CARTESIAN_POINT('',(279.07183500334,98.97175712145,
    299.89410737913));
#10071 = CARTESIAN_POINT('',(279.30780926544,96.935683666878,
    298.70028913322));
#10072 = CARTESIAN_POINT('',(279.51795777527,94.827421344202,
    297.62844209929));
#10073 = CARTESIAN_POINT('',(279.70198581728,92.656062201864,
    296.68415090178));
#10074 = CARTESIAN_POINT('',(279.90660477904,89.767000695354,
    295.62947156646));
#10075 = CARTESIAN_POINT('',(279.95130977187,89.097695333147,
    295.39866671791));
#10076 = CARTESIAN_POINT('',(279.99364305285,88.423903641514,
    295.1797832206));
#10077 = CARTESIAN_POINT('',(280.03359534396,87.7458917881,
    294.97293657375));
#10078 = CARTESIAN_POINT('',(280.07115744438,87.063930115992,
    294.77823425899));
#10079 = CARTESIAN_POINT('',(280.10632040105,86.378293199128,
    294.59577558582));
#10080 = CARTESIAN_POINT('',(280.1390756793,85.689259897713,
    294.42565153704));
#10081 = CARTESIAN_POINT('',(280.192826779,84.463021965412,
    294.14625083873));
#10082 = CARTESIAN_POINT('',(280.21479992051,83.927076255603,
    294.03195050318));
#10083 = CARTESIAN_POINT('',(280.23533105205,83.389406265486,
    293.92508153529));
#10084 = CARTESIAN_POINT('',(280.25441673973,82.850142959792,
    293.82567866195));
#10085 = CARTESIAN_POINT('',(280.27205382164,82.309418286699,
    293.73377340921));
#10086 = CARTESIAN_POINT('',(280.2882394078,81.76736517783,
    293.64939410227));
#10087 = CARTESIAN_POINT('',(280.3029708802,81.224117548254,
    293.57256586545));
#10088 = CARTESIAN_POINT('',(280.32109793413,80.480865002899,
    293.47799770453));
#10089 = CARTESIAN_POINT('',(280.32575540855,80.281778127002,
    293.45369646697));
#10090 = CARTESIAN_POINT('',(280.3302182038,80.082556244408,
    293.43040797573));
#10091 = CARTESIAN_POINT('',(280.33448621358,79.883205941961,
    293.40813323766));
#10092 = CARTESIAN_POINT('',(280.33855933751,79.68373381772,
    293.38687320032));
#10093 = CARTESIAN_POINT('',(280.34243748121,79.484146480968,
    293.36662875196));
#10094 = CARTESIAN_POINT('',(280.34612055622,79.284450552208,
    293.34740072155));
#10095 = CARTESIAN_POINT('',(280.35193311337,78.951491258999,
    293.31705270647));
#10096 = CARTESIAN_POINT('',(280.35417106133,78.818284563682,
    293.30536736503));
#10097 = CARTESIAN_POINT('',(280.35632229954,78.685034540212,
    293.2941340822));
#10098 = CARTESIAN_POINT('',(280.35838680484,78.551743153209,
    293.28335307392));
#10099 = CARTESIAN_POINT('',(280.36036455533,78.418412368918,
    293.2730245443));
#10100 = CARTESIAN_POINT('',(280.36225553033,78.285044155205,
    293.26314868562));
#10101 = CARTESIAN_POINT('',(280.3640597104,78.151640481557,
    293.25372567833));
#10102 = CARTESIAN_POINT('',(280.36818095532,77.831425148592,
    293.23219998483));
#10103 = CARTESIAN_POINT('',(280.37041474131,77.644581362452,
    293.22053187584));
#10104 = CARTESIAN_POINT('',(280.37247838535,77.457677367158,
    293.20975182661));
#10105 = CARTESIAN_POINT('',(280.37437184242,77.270718573197,
    293.19986025388));
#10106 = CARTESIAN_POINT('',(280.37609507238,77.083710395058,
    293.19085752863));
#10107 = CARTESIAN_POINT('',(280.37764803998,76.896658251225,
    293.18274397609));
#10108 = CARTESIAN_POINT('',(280.37903071489,76.709567564178,
    293.17551987575));
#10109 = CARTESIAN_POINT('',(280.38236444945,76.195015162441,
    293.15810152444));
#10110 = CARTESIAN_POINT('',(280.38396434945,75.867485148781,
    293.14974161668));
#10111 = CARTESIAN_POINT('',(280.3850426354,75.539882807728,
    293.14410699032));
#10112 = CARTESIAN_POINT('',(280.38559921798,75.212237231103,
    293.14119846652));
#10113 = CARTESIAN_POINT('',(280.38563405474,74.884577514236,
    293.14101643532));
#10114 = CARTESIAN_POINT('',(280.38514715016,74.556932755963,
    293.14356085566));
#10115 = CARTESIAN_POINT('',(280.38413855562,74.229332058633,
    293.14883125535));
#10116 = CARTESIAN_POINT('',(280.3706653226,71.345464234904,
    293.21923112447));
#10117 = CARTESIAN_POINT('',(280.3269468557,68.793225765697,
    293.44764931916));
#10118 = CARTESIAN_POINT('',(280.25148536638,66.259500038274,
    293.84171548365));
#10119 = CARTESIAN_POINT('',(280.14452974813,63.758014149985,
    294.39928000433));
#10120 = CARTESIAN_POINT('',(280.00645705896,61.301884784061,
    295.11673895419));
#10121 = CARTESIAN_POINT('',(279.83773713765,58.903648948239,
    295.98917668286));
#10122 = CARTESIAN_POINT('',(279.63885505387,56.575256924578,
    297.01035258218));
#10123 = CARTESIAN_POINT('',(279.29460762452,53.193523068513,
    298.75930396239));
#10124 = CARTESIAN_POINT('',(279.17149344329,52.079599710704,
    299.38204300278));
#10125 = CARTESIAN_POINT('',(279.04078297652,50.987663573562,
    300.03983215856));
#10126 = CARTESIAN_POINT('',(278.90248185847,49.919046457963,
    300.7316561741));
#10127 = CARTESIAN_POINT('',(278.75656870818,48.875014537397,
    301.45643759754));
#10128 = CARTESIAN_POINT('',(278.60297839213,47.856771762288,
    302.21303764588));
#10129 = CARTESIAN_POINT('',(278.44157195649,46.86546275928,
    303.00025291957));
#10130 = CARTESIAN_POINT('',(278.1002246274,44.925304060203,
    304.64487752237));
#10131 = CARTESIAN_POINT('',(277.9200633943,43.977304511628,
    305.50307403145));
#10132 = CARTESIAN_POINT('',(277.73133110712,43.059237462448,
    306.39011899836));
#10133 = CARTESIAN_POINT('',(277.53361691011,42.172156268475,
    307.30463240592));
#10134 = CARTESIAN_POINT('',(277.32634184917,41.31709909548,
    308.24511572581));
#10135 = CARTESIAN_POINT('',(277.10860705542,40.495089518945,
    309.20990408516));
#10136 = CARTESIAN_POINT('',(276.87910355101,39.707130741028,
    310.19713457611));
#10137 = CARTESIAN_POINT('',(276.57686108412,38.773446763197,
    311.44645739916));
#10138 = CARTESIAN_POINT('',(276.51751886078,38.594681367575,
    311.68952505592));
#10139 = CARTESIAN_POINT('',(276.45732429201,38.417955816393,
    311.93371982843));
#10140 = CARTESIAN_POINT('',(276.39624042095,38.243285798649,
    312.17900666787));
#10141 = CARTESIAN_POINT('',(276.33422620056,38.070687829593,
    312.42534774672));
#10142 = CARTESIAN_POINT('',(276.27123565327,37.900179237735,
    312.67270212048));
#10143 = CARTESIAN_POINT('',(276.2072170306,37.731778151854,
    312.92102538948));
#10144 = CARTESIAN_POINT('',(276.09543645122,37.44629682518,
    313.3489588935));
#10145 = CARTESIAN_POINT('',(276.04820263579,37.328183439864,
    313.52812115094));
#10146 = CARTESIAN_POINT('',(276.00038891346,37.211170277753,
    313.70773836595));
#10147 = CARTESIAN_POINT('',(275.95197203905,37.095264823149,
    313.88779127556));
#10148 = CARTESIAN_POINT('',(275.9029268376,36.980475088518,
    314.0682589807));
#10149 = CARTESIAN_POINT('',(275.85322590671,36.866809604066,
    314.24911880602));
#10150 = CARTESIAN_POINT('',(275.80283931881,36.754277407312,
    314.43034615987));
#10151 = CARTESIAN_POINT('',(275.69846973575,36.526791570949,
    314.80115533051));
#10152 = CARTESIAN_POINT('',(275.64442503516,36.411937172743,
    314.99076556941));
#10153 = CARTESIAN_POINT('',(275.58956286571,36.29833529106,
    315.18071541406));
#10154 = CARTESIAN_POINT('',(275.53384293964,36.185997765644,
    315.37097149484));
#10155 = CARTESIAN_POINT('',(275.47722143128,36.074937778581,
    315.56149642579));
#10156 = CARTESIAN_POINT('',(275.41965037099,35.96516980991,
    315.75224846097));
#10157 = CARTESIAN_POINT('',(275.36107703891,35.856709593242,
    315.94318115088));
#10158 = CARTESIAN_POINT('',(275.23712060633,35.634014346491,
    316.34032828424));
#10159 = CARTESIAN_POINT('',(275.17156536179,35.519997914023,
    316.54656013075));
#10160 = CARTESIAN_POINT('',(275.10470385206,35.40754466921,
    316.75287608275));
#10161 = CARTESIAN_POINT('',(275.03645647565,35.296678932214,
    316.95920208857));
#10162 = CARTESIAN_POINT('',(274.9667366001,35.187429175081,
    317.16545158052));
#10163 = CARTESIAN_POINT('',(274.89544935931,35.079827748709,
    317.37152455488));
#10164 = CARTESIAN_POINT('',(274.82249045091,34.973910609813,
    317.57730665182));
#10165 = CARTESIAN_POINT('',(274.7477449336,34.86971704789,
    317.7826682354));
#10166 = PCURVE('',#9022,#10167);
#10167 = DEFINITIONAL_REPRESENTATION('',(#10168),#10304);
#10168 = B_SPLINE_CURVE_WITH_KNOTS('',8,(#10169,#10170,#10171,#10172,
    #10173,#10174,#10175,#10176,#10177,#10178,#10179,#10180,#10181,
    #10182,#10183,#10184,#10185,#10186,#10187,#10188,#10189,#10190,
    #10191,#10192,#10193,#10194,#10195,#10196,#10197,#10198,#10199,
    #10200,#10201,#10202,#10203,#10204,#10205,#10206,#10207,#10208,
    #10209,#10210,#10211,#10212,#10213,#10214,#10215,#10216,#10217,
    #10218,#10219,#10220,#10221,#10222,#10223,#10224,#10225,#10226,
    #10227,#10228,#10229,#10230,#10231,#10232,#10233,#10234,#10235,
    #10236,#10237,#10238,#10239,#10240,#10241,#10242,#10243,#10244,
    #10245,#10246,#10247,#10248,#10249,#10250,#10251,#10252,#10253,
    #10254,#10255,#10256,#10257,#10258,#10259,#10260,#10261,#10262,
    #10263,#10264,#10265,#10266,#10267,#10268,#10269,#10270,#10271,
    #10272,#10273,#10274,#10275,#10276,#10277,#10278,#10279,#10280,
    #10281,#10282,#10283,#10284,#10285,#10286,#10287,#10288,#10289,
    #10290,#10291,#10292,#10293,#10294,#10295,#10296,#10297,#10298,
    #10299,#10300,#10301,#10302,#10303),.UNSPECIFIED.,.F.,.F.,(9,7,7,7,7
    ,7,7,7,7,7,7,7,7,7,7,7,7,7,7,9),(0.,2.007410602835E-02,
    3.865000415224E-02,5.647291967935E-02,7.361936855539E-02,
    0.155615089535,0.343991120129,0.400267295686,0.44369253123,
    0.459564534049,0.470142914993,0.484949964266,0.510859288923,
    0.713080612067,0.815171857533,0.918702724929,0.943563324403,
    0.961386539499,0.979962927197,1.),.UNSPECIFIED.);
#10169 = CARTESIAN_POINT('',(4.267498707524,160.03621070639));
#10170 = CARTESIAN_POINT('',(4.26204285016,160.03621070638));
#10171 = CARTESIAN_POINT('',(4.256574647,160.03438127763));
#10172 = CARTESIAN_POINT('',(4.251095846858,160.03087561338));
#10173 = CARTESIAN_POINT('',(4.245607951801,160.02583157234));
#10174 = CARTESIAN_POINT('',(4.240112223591,160.01937313681));
#10175 = CARTESIAN_POINT('',(4.234609690127,160.01161187064));
#10176 = CARTESIAN_POINT('',(4.229101151883,160.00264837736));
#10177 = CARTESIAN_POINT('',(4.218484753162,159.98325104672));
#10178 = CARTESIAN_POINT('',(4.213377757617,159.97297702452));
#10179 = CARTESIAN_POINT('',(4.208266709467,159.96182380303));
#10180 = CARTESIAN_POINT('',(4.203152048675,159.94985674196));
#10181 = CARTESIAN_POINT('',(4.19803414903,159.93713513566));
#10182 = CARTESIAN_POINT('',(4.192913319758,159.92371289944));
#10183 = CARTESIAN_POINT('',(4.187789807139,159.90963925594));
#10184 = CARTESIAN_POINT('',(4.177745570318,159.88087464079));
#10185 = CARTESIAN_POINT('',(4.172825069461,159.8662318766));
#10186 = CARTESIAN_POINT('',(4.167902469545,159.85107098082));
#10187 = CARTESIAN_POINT('',(4.162977923715,159.83542845323));
#10188 = CARTESIAN_POINT('',(4.158051562588,159.81933776872));
#10189 = CARTESIAN_POINT('',(4.153123494584,159.80282970452));
#10190 = CARTESIAN_POINT('',(4.148193806245,159.78593266748));
#10191 = CARTESIAN_POINT('',(4.13851848366,159.75206846294));
#10192 = CARTESIAN_POINT('',(4.133772973883,159.73512832277));
#10193 = CARTESIAN_POINT('',(4.129026095168,159.71787603083));
#10194 = CARTESIAN_POINT('',(4.124277901256,159.70033327957));
#10195 = CARTESIAN_POINT('',(4.119528437701,159.68252018168));
#10196 = CARTESIAN_POINT('',(4.114777741885,159.66445542806));
#10197 = CARTESIAN_POINT('',(4.110025843023,159.64615644566));
#10198 = CARTESIAN_POINT('',(4.082543140808,159.53909027196));
#10199 = CARTESIAN_POINT('',(4.059787567997,159.44556228756));
#10200 = CARTESIAN_POINT('',(4.037006728461,159.34883007331));
#10201 = CARTESIAN_POINT('',(4.014201247611,159.25009674337));
#10202 = CARTESIAN_POINT('',(3.991371344786,159.15027095723));
#10203 = CARTESIAN_POINT('',(3.968516702794,159.05007719298));
#10204 = CARTESIAN_POINT('',(3.945636424107,158.95009203544));
#10205 = CARTESIAN_POINT('',(3.870101561573,158.62268472274));
#10206 = CARTESIAN_POINT('',(3.817332832637,158.39823319407));
#10207 = CARTESIAN_POINT('',(3.764419237467,158.18334133254));
#10208 = CARTESIAN_POINT('',(3.711362661116,157.9812780886));
#10209 = CARTESIAN_POINT('',(3.658166099929,157.7947114738));
#10210 = CARTESIAN_POINT('',(3.604836000616,157.6255932016));
#10211 = CARTESIAN_POINT('',(3.551383141835,157.47555638398));
#10212 = CARTESIAN_POINT('',(3.481827800434,157.30711373499));
#10213 = CARTESIAN_POINT('',(3.465818998634,157.27018277948));
#10214 = CARTESIAN_POINT('',(3.449801327302,157.23510048611));
#10215 = CARTESIAN_POINT('',(3.433775243863,157.20189763945));
#10216 = CARTESIAN_POINT('',(3.41774122075,157.17060235443));
#10217 = CARTESIAN_POINT('',(3.401699753099,157.1412401838));
#10218 = CARTESIAN_POINT('',(3.385651366451,157.11383422552));
#10219 = CARTESIAN_POINT('',(3.357208061331,157.06878307038));
#10220 = CARTESIAN_POINT('',(3.344815703245,157.05033805216));
#10221 = CARTESIAN_POINT('',(3.332419801721,157.03307966525));
#10222 = CARTESIAN_POINT('',(3.320020613452,157.01701656014));
#10223 = CARTESIAN_POINT('',(3.307618400298,157.00215654815));
#10224 = CARTESIAN_POINT('',(3.295213429285,156.98850660137));
#10225 = CARTESIAN_POINT('',(3.282805972607,156.97607285272));
#10226 = CARTESIAN_POINT('',(3.265860552426,156.96076249558));
#10227 = CARTESIAN_POINT('',(3.261324501946,156.95682757717));
#10228 = CARTESIAN_POINT('',(3.256788169654,156.95305609982));
#10229 = CARTESIAN_POINT('',(3.252251569084,156.949448308));
#10230 = CARTESIAN_POINT('',(3.247714713829,156.94600443149));
#10231 = CARTESIAN_POINT('',(3.243177617541,156.94272468538));
#10232 = CARTESIAN_POINT('',(3.238640293931,156.93960927006));
#10233 = CARTESIAN_POINT('',(3.231078576573,156.93469165467));
#10234 = CARTESIAN_POINT('',(3.228054301508,156.9327980157));
#10235 = CARTESIAN_POINT('',(3.225029935651,156.93097750936));
#10236 = CARTESIAN_POINT('',(3.222005483086,156.92923018776));
#10237 = CARTESIAN_POINT('',(3.218980947904,156.92755610012));
#10238 = CARTESIAN_POINT('',(3.215956334205,156.92595529277));
#10239 = CARTESIAN_POINT('',(3.2129316461,156.92442780917));
#10240 = CARTESIAN_POINT('',(3.205672993424,156.92093829183));
#10241 = CARTESIAN_POINT('',(3.20143896141,156.91904663573));
#10242 = CARTESIAN_POINT('',(3.197204802962,156.91729883283));
#10243 = CARTESIAN_POINT('',(3.192970529398,156.91569498334));
#10244 = CARTESIAN_POINT('',(3.188736152058,156.91423517643));
#10245 = CARTESIAN_POINT('',(3.184501682302,156.91291949023));
#10246 = CARTESIAN_POINT('',(3.180267131513,156.9117479918));
#10247 = CARTESIAN_POINT('',(3.168622786628,156.90892325056));
#10248 = CARTESIAN_POINT('',(3.161212848755,156.90756740793));
#10249 = CARTESIAN_POINT('',(3.153802758671,156.90665350957));
#10250 = CARTESIAN_POINT('',(3.146392577592,156.90618175238));
#10251 = CARTESIAN_POINT('',(3.138982366752,156.90615222989));
#10252 = CARTESIAN_POINT('',(3.131572187402,156.90656493226));
#10253 = CARTESIAN_POINT('',(3.124162100814,156.90741974628));
#10254 = CARTESIAN_POINT('',(3.058917918177,156.91883722195));
#10255 = CARTESIAN_POINT('',(3.001085028847,156.9558789249));
#10256 = CARTESIAN_POINT('',(2.943295700219,157.01974688629));
#10257 = CARTESIAN_POINT('',(2.885577709739,157.10993977835));
#10258 = CARTESIAN_POINT('',(2.827952373063,157.22557930406));
#10259 = CARTESIAN_POINT('',(2.77043882759,157.36542571603));
#10260 = CARTESIAN_POINT('',(2.71305724048,157.52780041694));
#10261 = CARTESIAN_POINT('',(2.626944212661,157.80249024958));
#10262 = CARTESIAN_POINT('',(2.598092538817,157.89979005781));
#10263 = CARTESIAN_POINT('',(2.569280291172,158.00193953808));
#10264 = CARTESIAN_POINT('',(2.540508689995,158.10859674694));
#10265 = CARTESIAN_POINT('',(2.511778540559,158.21937308267));
#10266 = CARTESIAN_POINT('',(2.483090305183,158.33381785302));
#10267 = CARTESIAN_POINT('',(2.454444112659,158.45138889724));
#10268 = CARTESIAN_POINT('',(2.396831937447,158.69312207334));
#10269 = CARTESIAN_POINT('',(2.367868751401,158.81734638508));
#10270 = CARTESIAN_POINT('',(2.338947850067,158.94338329423));
#10271 = CARTESIAN_POINT('',(2.310067742603,159.07037472901));
#10272 = CARTESIAN_POINT('',(2.28122765815,159.19726412363));
#10273 = CARTESIAN_POINT('',(2.252427333042,159.32263739759));
#10274 = CARTESIAN_POINT('',(2.223666940322,159.44462736207));
#10275 = CARTESIAN_POINT('',(2.188049145348,159.58790591724));
#10276 = CARTESIAN_POINT('',(2.181154812503,159.61527650268));
#10277 = CARTESIAN_POINT('',(2.174262890904,159.64223164168));
#10278 = CARTESIAN_POINT('',(2.167373437371,159.66872461878));
#10279 = CARTESIAN_POINT('',(2.16048653937,159.69470392459));
#10280 = CARTESIAN_POINT('',(2.153602314954,159.72011235049));
#10281 = CARTESIAN_POINT('',(2.146720912726,159.74488608323));
#10282 = CARTESIAN_POINT('',(2.134911205938,159.78620857602));
#10283 = CARTESIAN_POINT('',(2.129981456399,159.80310040917));
#10284 = CARTESIAN_POINT('',(2.125053328294,159.81960291275));
#10285 = CARTESIAN_POINT('',(2.120126908337,159.8356876551));
#10286 = CARTESIAN_POINT('',(2.115202305158,159.85132383159));
#10287 = CARTESIAN_POINT('',(2.110279649627,159.86647793696));
#10288 = CARTESIAN_POINT('',(2.105359095182,159.88111343766));
#10289 = CARTESIAN_POINT('',(2.095314704808,159.90986231632));
#10290 = CARTESIAN_POINT('',(2.090191092528,159.92392743106));
#10291 = CARTESIAN_POINT('',(2.085070166621,159.93734052836));
#10292 = CARTESIAN_POINT('',(2.079952173841,159.95005233702));
#10293 = CARTESIAN_POINT('',(2.074837424015,159.96200888763));
#10294 = CARTESIAN_POINT('',(2.069726291654,159.97315082551));
#10295 = CARTESIAN_POINT('',(2.064619217578,159.98341272355));
#10296 = CARTESIAN_POINT('',(2.054012986832,160.00276409803));
#10297 = CARTESIAN_POINT('',(2.048514675642,160.01169776418));
#10298 = CARTESIAN_POINT('',(2.043022354741,160.01943270835));
#10299 = CARTESIAN_POINT('',(2.037536821504,160.02586880243));
#10300 = CARTESIAN_POINT('',(2.03205909928,160.03089503065));
#10301 = CARTESIAN_POINT('',(2.026590443777,160.03438804475));
#10302 = CARTESIAN_POINT('',(2.02113234945,160.0362107192));
#10303 = CARTESIAN_POINT('',(2.015686555882,160.03621070639));
#10304 = ( GEOMETRIC_REPRESENTATION_CONTEXT(2) 
PARAMETRIC_REPRESENTATION_CONTEXT() REPRESENTATION_CONTEXT('2D SPACE',''
  ) );
#10305 = PCURVE('',#10306,#10311);
#10306 = CYLINDRICAL_SURFACE('',#10307,45.);
#10307 = AXIS2_PLACEMENT_3D('',#10308,#10309,#10310);
#10308 = CARTESIAN_POINT('',(274.7477455336,75.,338.14342436536));
#10309 = DIRECTION('',(1.,0.,0.));
#10310 = DIRECTION('',(-0.,0.,1.));
#10311 = DEFINITIONAL_REPRESENTATION('',(#10312),#10448);
#10312 = B_SPLINE_CURVE_WITH_KNOTS('',8,(#10313,#10314,#10315,#10316,
    #10317,#10318,#10319,#10320,#10321,#10322,#10323,#10324,#10325,
    #10326,#10327,#10328,#10329,#10330,#10331,#10332,#10333,#10334,
    #10335,#10336,#10337,#10338,#10339,#10340,#10341,#10342,#10343,
    #10344,#10345,#10346,#10347,#10348,#10349,#10350,#10351,#10352,
    #10353,#10354,#10355,#10356,#10357,#10358,#10359,#10360,#10361,
    #10362,#10363,#10364,#10365,#10366,#10367,#10368,#10369,#10370,
    #10371,#10372,#10373,#10374,#10375,#10376,#10377,#10378,#10379,
    #10380,#10381,#10382,#10383,#10384,#10385,#10386,#10387,#10388,
    #10389,#10390,#10391,#10392,#10393,#10394,#10395,#10396,#10397,
    #10398,#10399,#10400,#10401,#10402,#10403,#10404,#10405,#10406,
    #10407,#10408,#10409,#10410,#10411,#10412,#10413,#10414,#10415,
    #10416,#10417,#10418,#10419,#10420,#10421,#10422,#10423,#10424,
    #10425,#10426,#10427,#10428,#10429,#10430,#10431,#10432,#10433,
    #10434,#10435,#10436,#10437,#10438,#10439,#10440,#10441,#10442,
    #10443,#10444,#10445,#10446,#10447),.UNSPECIFIED.,.F.,.F.,(9,7,7,7,7
    ,7,7,7,7,7,7,7,7,7,7,7,7,7,7,9),(0.,2.007410602835E-02,
    3.865000415224E-02,5.647291967935E-02,7.361936855539E-02,
    0.155615089535,0.343991120129,0.400267295686,0.44369253123,
    0.459564534049,0.470142914993,0.484949964266,0.510859288923,
    0.713080612067,0.815171857533,0.918702724929,0.943563324403,
    0.961386539499,0.979962927197,1.),.UNSPECIFIED.);
#10313 = CARTESIAN_POINT('',(4.242865612341,8.068923307292E-10));
#10314 = CARTESIAN_POINT('',(4.237738783435,7.48836336389E-02));
#10315 = CARTESIAN_POINT('',(4.23258619664,0.14797404301));
#10316 = CARTESIAN_POINT('',(4.227410626343,0.219386814123));
#10317 = CARTESIAN_POINT('',(4.222214500464,0.289226811905));
#10318 = CARTESIAN_POINT('',(4.216999917381,0.3575893948));
#10319 = CARTESIAN_POINT('',(4.211768662854,0.424561628559));
#10320 = CARTESIAN_POINT('',(4.206522226958,0.490223500028));
#10321 = CARTESIAN_POINT('',(4.196394019419,0.614266428703));
#10322 = CARTESIAN_POINT('',(4.191514336589,0.672824126571));
#10323 = CARTESIAN_POINT('',(4.186623777435,0.73038024442));
#10324 = CARTESIAN_POINT('',(4.181723232717,0.786987451138));
#10325 = CARTESIAN_POINT('',(4.176813485662,0.84269367015));
#10326 = CARTESIAN_POINT('',(4.171895218606,0.897542684931));
#10327 = CARTESIAN_POINT('',(4.166969019623,0.951574744526));
#10328 = CARTESIAN_POINT('',(4.157301745701,1.05592098203));
#10329 = CARTESIAN_POINT('',(4.152561284901,1.10629681426));
#10330 = CARTESIAN_POINT('',(4.147814460054,1.155987385739));
#10331 = CARTESIAN_POINT('',(4.143061677919,1.205022596532));
#10332 = CARTESIAN_POINT('',(4.138303301474,1.25342982413));
#10333 = CARTESIAN_POINT('',(4.133539652669,1.30123422079));
#10334 = CARTESIAN_POINT('',(4.128771015165,1.348459010876));
#10335 = CARTESIAN_POINT('',(4.119405432012,1.440021333505));
#10336 = CARTESIAN_POINT('',(4.11480884771,1.484400333171));
#10337 = CARTESIAN_POINT('',(4.110208108608,1.528281921757));
#10338 = CARTESIAN_POINT('',(4.105603418448,1.571683718777));
#10339 = CARTESIAN_POINT('',(4.100994961482,1.614621974914));
#10340 = CARTESIAN_POINT('',(4.096382903652,1.657111718231));
#10341 = CARTESIAN_POINT('',(4.091767393781,1.699166900385));
#10342 = CARTESIAN_POINT('',(4.065060946594,1.939896026382));
#10343 = CARTESIAN_POINT('',(4.042898475231,2.129342429047));
#10344 = CARTESIAN_POINT('',(4.02067408207,2.310574953598));
#10345 = CARTESIAN_POINT('',(3.99839637719,2.484494591143));
#10346 = CARTESIAN_POINT('',(3.976071398535,2.651734357271));
#10347 = CARTESIAN_POINT('',(3.95370331353,2.812764484332));
#10348 = CARTESIAN_POINT('',(3.931294646084,2.967926006863));
#10349 = CARTESIAN_POINT('',(3.85727472214,3.461070810453));
#10350 = CARTESIAN_POINT('',(3.805497186656,3.775059529133));
#10351 = CARTESIAN_POINT('',(3.753543512716,4.062511616533));
#10352 = CARTESIAN_POINT('',(3.701429100249,4.324089469728));
#10353 = CARTESIAN_POINT('',(3.649166506568,4.560063731844));
#10354 = CARTESIAN_POINT('',(3.596766960159,4.770212241667));
#10355 = CARTESIAN_POINT('',(3.54424441093,4.954240283676));
#10356 = CARTESIAN_POINT('',(3.475898793646,5.158859245438));
#10357 = CARTESIAN_POINT('',(3.460168364147,5.203564238268));
#10358 = CARTESIAN_POINT('',(3.444429209896,5.245897519249));
#10359 = CARTESIAN_POINT('',(3.428681816983,5.285849810359));
#10360 = CARTESIAN_POINT('',(3.41292667685,5.323411910776));
#10361 = CARTESIAN_POINT('',(3.397164295202,5.358574867454));
#10362 = CARTESIAN_POINT('',(3.381395200921,5.391330145705));
#10363 = CARTESIAN_POINT('',(3.353447063619,5.445081245402));
#10364 = CARTESIAN_POINT('',(3.341270498982,5.467054386908));
#10365 = CARTESIAN_POINT('',(3.32909051091,5.487585518446));
#10366 = CARTESIAN_POINT('',(3.316907352844,5.506671206132));
#10367 = CARTESIAN_POINT('',(3.304721281819,5.524308288039));
#10368 = CARTESIAN_POINT('',(3.292532558465,5.540493874199));
#10369 = CARTESIAN_POINT('',(3.280341447008,5.555225346605));
#10370 = CARTESIAN_POINT('',(3.263691566821,5.573352400533));
#10371 = CARTESIAN_POINT('',(3.259234634885,5.578009874953));
#10372 = CARTESIAN_POINT('',(3.254777432491,5.582472670204));
#10373 = CARTESIAN_POINT('',(3.250319972711,5.586740679976));
#10374 = CARTESIAN_POINT('',(3.245862268661,5.590813803913));
#10375 = CARTESIAN_POINT('',(3.2414043335,5.59469194761));
#10376 = CARTESIAN_POINT('',(3.236946180429,5.598375022616));
#10377 = CARTESIAN_POINT('',(3.229516414038,5.604187579772));
#10378 = CARTESIAN_POINT('',(3.226544914465,5.606425527734));
#10379 = CARTESIAN_POINT('',(3.223573327892,5.608576765939));
#10380 = CARTESIAN_POINT('',(3.220601658244,5.61064127124));
#10381 = CARTESIAN_POINT('',(3.217629909454,5.612619021727));
#10382 = CARTESIAN_POINT('',(3.21465808546,5.614509996726));
#10383 = CARTESIAN_POINT('',(3.211686190205,5.616314176799));
#10384 = CARTESIAN_POINT('',(3.204554234127,5.620435421724));
#10385 = CARTESIAN_POINT('',(3.20039410872,5.622669207707));
#10386 = CARTESIAN_POINT('',(3.19623386226,5.624732851754));
#10387 = CARTESIAN_POINT('',(3.192073505599,5.626626308824));
#10388 = CARTESIAN_POINT('',(3.187913049607,5.628349538779));
#10389 = CARTESIAN_POINT('',(3.18375250517,5.629902506379));
#10390 = CARTESIAN_POINT('',(3.179591883185,5.631285181287));
#10391 = CARTESIAN_POINT('',(3.168150835726,5.634618915848));
#10392 = CARTESIAN_POINT('',(3.16087027268,5.636218815846));
#10393 = CARTESIAN_POINT('',(3.153589563996,5.637297101805));
#10394 = CARTESIAN_POINT('',(3.146308768251,5.637853684382));
#10395 = CARTESIAN_POINT('',(3.139027944037,5.637888521142));
#10396 = CARTESIAN_POINT('',(3.131747149959,5.637401616561));
#10397 = CARTESIAN_POINT('',(3.124466444635,5.636393022024));
#10398 = CARTESIAN_POINT('',(3.060361400569,5.622919788997));
#10399 = CARTESIAN_POINT('',(3.00353800763,5.579201322098));
#10400 = CARTESIAN_POINT('',(2.946756444795,5.503739832782));
#10401 = CARTESIAN_POINT('',(2.890043312898,5.396784214534));
#10402 = CARTESIAN_POINT('',(2.833419457743,5.258711525356));
#10403 = CARTESIAN_POINT('',(2.776904450655,5.089991604052));
#10404 = CARTESIAN_POINT('',(2.720520471973,4.89110952027));
#10405 = CARTESIAN_POINT('',(2.63591549356,4.54686209092));
#10406 = CARTESIAN_POINT('',(2.607570942837,4.423747909687));
#10407 = CARTESIAN_POINT('',(2.579267738916,4.293037442925));
#10408 = CARTESIAN_POINT('',(2.551008098749,4.154736324865));
#10409 = CARTESIAN_POINT('',(2.522794119728,4.008823174581));
#10410 = CARTESIAN_POINT('',(2.494627975862,3.855232858527));
#10411 = CARTESIAN_POINT('',(2.46651215656,3.693826422892));
#10412 = CARTESIAN_POINT('',(2.409991622274,3.3524790938));
#10413 = CARTESIAN_POINT('',(2.381590008393,3.172317860696));
#10414 = CARTESIAN_POINT('',(2.353246139836,2.98358557352));
#10415 = CARTESIAN_POINT('',(2.324963174019,2.785871376511));
#10416 = CARTESIAN_POINT('',(2.296746398822,2.578596315571));
#10417 = CARTESIAN_POINT('',(2.26860422133,2.360861521816));
#10418 = CARTESIAN_POINT('',(2.240548814476,2.131358017414));
#10419 = CARTESIAN_POINT('',(2.205889461354,1.829115550519));
#10420 = CARTESIAN_POINT('',(2.199184622907,1.769773327182));
#10421 = CARTESIAN_POINT('',(2.192486397257,1.709578758409));
#10422 = CARTESIAN_POINT('',(2.185795159901,1.64849488735));
#10423 = CARTESIAN_POINT('',(2.179111350963,1.586480666964));
#10424 = CARTESIAN_POINT('',(2.172435481902,1.523490119671));
#10425 = CARTESIAN_POINT('',(2.165768142217,1.459471497002));
#10426 = CARTESIAN_POINT('',(2.154336613978,1.347690917622));
#10427 = CARTESIAN_POINT('',(2.149567965675,1.300457102192));
#10428 = CARTESIAN_POINT('',(2.144804309666,1.252643379863));
#10429 = CARTESIAN_POINT('',(2.140045929962,1.204226505452));
#10430 = CARTESIAN_POINT('',(2.135293148911,1.155181304004));
#10431 = CARTESIAN_POINT('',(2.130546329956,1.105480373109));
#10432 = CARTESIAN_POINT('',(2.125805880385,1.055093785215));
#10433 = CARTESIAN_POINT('',(2.116138594408,0.950724202154));
#10434 = CARTESIAN_POINT('',(2.111212372845,0.896679501562));
#10435 = CARTESIAN_POINT('',(2.106294090506,0.841817332114));
#10436 = CARTESIAN_POINT('',(2.101384336279,0.786097406037));
#10437 = CARTESIAN_POINT('',(2.096483793462,0.729475897685));
#10438 = CARTESIAN_POINT('',(2.091593246416,0.67190483739));
#10439 = CARTESIAN_POINT('',(2.086713587204,0.613331505307));
#10440 = CARTESIAN_POINT('',(2.076595298703,0.489375072728));
#10441 = CARTESIAN_POINT('',(2.071358707873,0.42381982819));
#10442 = CARTESIAN_POINT('',(2.066137256431,0.356958318463));
#10443 = CARTESIAN_POINT('',(2.060932428061,0.288710942054));
#10444 = CARTESIAN_POINT('',(2.055746000232,0.218991066499));
#10445 = CARTESIAN_POINT('',(2.050580060969,0.147703825708));
#10446 = CARTESIAN_POINT('',(2.045437025636,7.474491730949E-02));
#10447 = CARTESIAN_POINT('',(2.040319653705,-6.E-07));
#10448 = ( GEOMETRIC_REPRESENTATION_CONTEXT(2) 
PARAMETRIC_REPRESENTATION_CONTEXT() REPRESENTATION_CONTEXT('2D SPACE',''
  ) );
#10449 = ORIENTED_EDGE('',*,*,#10450,.F.);
#10450 = EDGE_CURVE('',#9892,#10027,#10451,.T.);
#10451 = SURFACE_CURVE('',#10452,(#10457,#10464),.PCURVE_S1.);
#10452 = CIRCLE('',#10453,44.457908617863);
#10453 = AXIS2_PLACEMENT_3D('',#10454,#10455,#10456);
#10454 = CARTESIAN_POINT('',(268.20392412169,75.,335.76166815307));
#10455 = DIRECTION('',(0.939692620786,0.,0.342020143326));
#10456 = DIRECTION('',(-0.342020143326,0.,0.939692620786));
#10457 = PCURVE('',#9022,#10458);
#10458 = DEFINITIONAL_REPRESENTATION('',(#10459),#10463);
#10459 = LINE('',#10460,#10461);
#10460 = CARTESIAN_POINT('',(0.,160.03621070639));
#10461 = VECTOR('',#10462,1.);
#10462 = DIRECTION('',(1.,0.));
#10463 = ( GEOMETRIC_REPRESENTATION_CONTEXT(2) 
PARAMETRIC_REPRESENTATION_CONTEXT() REPRESENTATION_CONTEXT('2D SPACE',''
  ) );
#10464 = PCURVE('',#9931,#10465);
#10465 = DEFINITIONAL_REPRESENTATION('',(#10466),#10567);
#10466 = B_SPLINE_CURVE_WITH_KNOTS('',8,(#10467,#10468,#10469,#10470,
    #10471,#10472,#10473,#10474,#10475,#10476,#10477,#10478,#10479,
    #10480,#10481,#10482,#10483,#10484,#10485,#10486,#10487,#10488,
    #10489,#10490,#10491,#10492,#10493,#10494,#10495,#10496,#10497,
    #10498,#10499,#10500,#10501,#10502,#10503,#10504,#10505,#10506,
    #10507,#10508,#10509,#10510,#10511,#10512,#10513,#10514,#10515,
    #10516,#10517,#10518,#10519,#10520,#10521,#10522,#10523,#10524,
    #10525,#10526,#10527,#10528,#10529,#10530,#10531,#10532,#10533,
    #10534,#10535,#10536,#10537,#10538,#10539,#10540,#10541,#10542,
    #10543,#10544,#10545,#10546,#10547,#10548,#10549,#10550,#10551,
    #10552,#10553,#10554,#10555,#10556,#10557,#10558,#10559,#10560,
    #10561,#10562,#10563,#10564,#10565,#10566),.UNSPECIFIED.,.F.,.F.,(9,
    7,7,7,7,7,7,7,7,7,7,7,7,7,9),(0.,0.196349540849,0.380427235396,
    0.72557291267,1.027575380285,1.556079698611,1.952457937356,
    2.249741616414,2.472704375708,2.639926445179,2.765342997281,
    2.859405411358,3.000499032474,3.071045843032,3.14159265359),
  .UNSPECIFIED.);
#10467 = CARTESIAN_POINT('',(3.14159265359,1.066355192537));
#10468 = CARTESIAN_POINT('',(3.191762551236,1.066355192537));
#10469 = CARTESIAN_POINT('',(3.241932448946,1.065032797571));
#10470 = CARTESIAN_POINT('',(3.291768032217,1.062388016066));
#10471 = CARTESIAN_POINT('',(3.340935013101,1.058440249283));
#10472 = CARTESIAN_POINT('',(3.389128459601,1.053228473783));
#10473 = CARTESIAN_POINT('',(3.436103218617,1.046807206526));
#10474 = CARTESIAN_POINT('',(3.48167743438,1.039240452799));
#10475 = CARTESIAN_POINT('',(3.567024549605,1.022494207521));
#10476 = CARTESIAN_POINT('',(3.606982015798,1.013445070861));
#10477 = CARTESIAN_POINT('',(3.645498080002,1.003506667431));
#10478 = CARTESIAN_POINT('',(3.682516098921,0.992739739642));
#10479 = CARTESIAN_POINT('',(3.718020063581,0.981205385696));
#10480 = CARTESIAN_POINT('',(3.752024715411,0.968962665384));
#10481 = CARTESIAN_POINT('',(3.784565090275,0.956067236889));
#10482 = CARTESIAN_POINT('',(3.874049789277,0.917265300445));
#10483 = CARTESIAN_POINT('',(3.927433836104,0.88984715148));
#10484 = CARTESIAN_POINT('',(3.976164715667,0.860657952684));
#10485 = CARTESIAN_POINT('',(4.020735754533,0.829991017075));
#10486 = CARTESIAN_POINT('',(4.061639059935,0.79807923106));
#10487 = CARTESIAN_POINT('',(4.09931907314,0.76511125895));
#10488 = CARTESIAN_POINT('',(4.134168930459,0.731239711326));
#10489 = CARTESIAN_POINT('',(4.194846291768,0.666271041187));
#10490 = CARTESIAN_POINT('',(4.221257064911,0.635356355126));
#10491 = CARTESIAN_POINT('',(4.245991486246,0.603929527433));
#10492 = CARTESIAN_POINT('',(4.269248440936,0.572058180073));
#10493 = CARTESIAN_POINT('',(4.291198703942,0.539797811937));
#10494 = CARTESIAN_POINT('',(4.311989353169,0.507194693303));
#10495 = CARTESIAN_POINT('',(4.331748488503,0.474287889797));
#10496 = CARTESIAN_POINT('',(4.383557505572,0.383050721126));
#10497 = CARTESIAN_POINT('',(4.413710952614,0.324162776944));
#10498 = CARTESIAN_POINT('',(4.441649129732,0.264625471924));
#10499 = CARTESIAN_POINT('',(4.46782343152,0.204564092381));
#10500 = CARTESIAN_POINT('',(4.492592823271,0.144073718931));
#10501 = CARTESIAN_POINT('',(4.516257445784,8.323028632952E-02));
#10502 = CARTESIAN_POINT('',(4.53908025909,2.209581597366E-02));
#10503 = CARTESIAN_POINT('',(4.577978793172,-8.530484654452E-02));
#10504 = CARTESIAN_POINT('',(4.59431485632,-0.131467211182));
#10505 = CARTESIAN_POINT('',(4.6104202988,-0.177740462843));
#10506 = CARTESIAN_POINT('',(4.626393978042,-0.224104717968));
#10507 = CARTESIAN_POINT('',(4.642334748883,-0.270541695957));
#10508 = CARTESIAN_POINT('',(4.658345849975,-0.317033904557));
#10509 = CARTESIAN_POINT('',(4.674541082422,-0.363563777585));
#10510 = CARTESIAN_POINT('',(4.703441213216,-0.445023860205));
#10511 = CARTESIAN_POINT('',(4.716006490976,-0.479945868935));
#10512 = CARTESIAN_POINT('',(4.728808279603,-0.514870435751));
#10513 = CARTESIAN_POINT('',(4.741910209255,-0.549789156546));
#10514 = CARTESIAN_POINT('',(4.755385560714,-0.584692853542));
#10515 = CARTESIAN_POINT('',(4.769320504533,-0.619571215397));
#10516 = CARTESIAN_POINT('',(4.783820050367,-0.654412156297));
#10517 = CARTESIAN_POINT('',(4.81041856472,-0.715291961914));
#10518 = CARTESIAN_POINT('',(4.82221145519,-0.741353787045));
#10519 = CARTESIAN_POINT('',(4.83445487422,-0.767379732864));
#10520 = CARTESIAN_POINT('',(4.847215262013,-0.793362507173));
#10521 = CARTESIAN_POINT('',(4.860571589158,-0.819293543622));
#10522 = CARTESIAN_POINT('',(4.87461894966,-0.845162621428));
#10523 = CARTESIAN_POINT('',(4.889474907692,-0.87095716751));
#10524 = CARTESIAN_POINT('',(4.91715280733,-0.915938808832));
#10525 = CARTESIAN_POINT('',(4.929554756561,-0.935165607686));
#10526 = CARTESIAN_POINT('',(4.942560591624,-0.954334511845));
#10527 = CARTESIAN_POINT('',(4.956244903306,-0.973437524725));
#10528 = CARTESIAN_POINT('',(4.970695921211,-0.992465148759));
#10529 = CARTESIAN_POINT('',(4.986019219745,-1.011405966695));
#10530 = CARTESIAN_POINT('',(5.00234359314,-1.030245925244));
#10531 = CARTESIAN_POINT('',(5.032945687439,-1.063007964415));
#10532 = CARTESIAN_POINT('',(5.046714804257,-1.076982013822));
#10533 = CARTESIAN_POINT('',(5.061205951727,-1.090881685887));
#10534 = CARTESIAN_POINT('',(5.076497656111,-1.104698156908));
#10535 = CARTESIAN_POINT('',(5.092680990561,-1.11842110046));
#10536 = CARTESIAN_POINT('',(5.109862668888,-1.132038242275));
#10537 = CARTESIAN_POINT('',(5.128169115364,-1.145534701837));
#10538 = CARTESIAN_POINT('',(5.162438306935,-1.168910184855));
#10539 = CARTESIAN_POINT('',(5.177842812614,-1.178850036159));
#10540 = CARTESIAN_POINT('',(5.194028875619,-1.188703925524));
#10541 = CARTESIAN_POINT('',(5.211068019471,-1.198462980302));
#10542 = CARTESIAN_POINT('',(5.229040932847,-1.208116990771));
#10543 = CARTESIAN_POINT('',(5.248038751141,-1.21765410405));
#10544 = CARTESIAN_POINT('',(5.268164129914,-1.227060425438));
#10545 = CARTESIAN_POINT('',(5.321584080727,-1.250208179782));
#10546 = CARTESIAN_POINT('',(5.356431899672,-1.263765589091));
#10547 = CARTESIAN_POINT('',(5.394463253589,-1.27693628517));
#10548 = CARTESIAN_POINT('',(5.436128595407,-1.289652044935));
#10549 = CARTESIAN_POINT('',(5.481938314169,-1.301827678161));
#10550 = CARTESIAN_POINT('',(5.532460405246,-1.313357200004));
#10551 = CARTESIAN_POINT('',(5.588249511834,-1.324105598575));
#10552 = CARTESIAN_POINT('',(5.680287754189,-1.338823270392));
#10553 = CARTESIAN_POINT('',(5.712359603482,-1.343495007726));
#10554 = CARTESIAN_POINT('',(5.745861845064,-1.347913152377));
#10555 = CARTESIAN_POINT('',(5.780816646343,-1.352057005332));
#10556 = CARTESIAN_POINT('',(5.817224017699,-1.355904835579));
#10557 = CARTESIAN_POINT('',(5.855052021175,-1.359434477956));
#10558 = CARTESIAN_POINT('',(5.894228355075,-1.36262428398));
#10559 = CARTESIAN_POINT('',(5.975047873676,-1.368284532818));
#10560 = CARTESIAN_POINT('',(6.0166910929,-1.370754974526));
#10561 = CARTESIAN_POINT('',(6.059452731318,-1.372845884807));
#10562 = CARTESIAN_POINT('',(6.103176040483,-1.374539190935));
#10563 = CARTESIAN_POINT('',(6.147658728127,-1.375819822989));
#10564 = CARTESIAN_POINT('',(6.192661207599,-1.376677112868));
#10565 = CARTESIAN_POINT('',(6.237923243875,-1.377105760255));
#10566 = CARTESIAN_POINT('',(6.28318530718,-1.377105760255));
#10567 = ( GEOMETRIC_REPRESENTATION_CONTEXT(2) 
PARAMETRIC_REPRESENTATION_CONTEXT() REPRESENTATION_CONTEXT('2D SPACE',''
  ) );
#10568 = ORIENTED_EDGE('',*,*,#9891,.F.);
#10569 = ADVANCED_FACE('',(#10570),#9272,.F.);
#10570 = FACE_BOUND('',#10571,.F.);
#10571 = EDGE_LOOP('',(#10572,#10596,#10597,#10598));
#10572 = ORIENTED_EDGE('',*,*,#10573,.F.);
#10573 = EDGE_CURVE('',#9256,#10574,#10576,.T.);
#10574 = VERTEX_POINT('',#10575);
#10575 = CARTESIAN_POINT('',(274.7477455336,75.,379.14342436536));
#10576 = SURFACE_CURVE('',#10577,(#10582,#10589),.PCURVE_S1.);
#10577 = CIRCLE('',#10578,41.);
#10578 = AXIS2_PLACEMENT_3D('',#10579,#10580,#10581);
#10579 = CARTESIAN_POINT('',(274.7477455336,75.,338.14342436536));
#10580 = DIRECTION('',(1.,0.,0.));
#10581 = DIRECTION('',(-0.,0.,1.));
#10582 = PCURVE('',#9272,#10583);
#10583 = DEFINITIONAL_REPRESENTATION('',(#10584),#10588);
#10584 = LINE('',#10585,#10586);
#10585 = CARTESIAN_POINT('',(1.570796326795,-4.712388980385));
#10586 = VECTOR('',#10587,1.);
#10587 = DIRECTION('',(-0.,1.));
#10588 = ( GEOMETRIC_REPRESENTATION_CONTEXT(2) 
PARAMETRIC_REPRESENTATION_CONTEXT() REPRESENTATION_CONTEXT('2D SPACE',''
  ) );
#10589 = PCURVE('',#9628,#10590);
#10590 = DEFINITIONAL_REPRESENTATION('',(#10591),#10595);
#10591 = LINE('',#10592,#10593);
#10592 = CARTESIAN_POINT('',(0.,0.));
#10593 = VECTOR('',#10594,1.);
#10594 = DIRECTION('',(1.,0.));
#10595 = ( GEOMETRIC_REPRESENTATION_CONTEXT(2) 
PARAMETRIC_REPRESENTATION_CONTEXT() REPRESENTATION_CONTEXT('2D SPACE',''
  ) );
#10596 = ORIENTED_EDGE('',*,*,#9255,.T.);
#10597 = ORIENTED_EDGE('',*,*,#9759,.T.);
#10598 = ORIENTED_EDGE('',*,*,#10599,.F.);
#10599 = EDGE_CURVE('',#10574,#9375,#10600,.T.);
#10600 = SURFACE_CURVE('',#10601,(#10606,#10613),.PCURVE_S1.);
#10601 = CIRCLE('',#10602,41.);
#10602 = AXIS2_PLACEMENT_3D('',#10603,#10604,#10605);
#10603 = CARTESIAN_POINT('',(274.7477455336,75.,338.14342436536));
#10604 = DIRECTION('',(1.,0.,0.));
#10605 = DIRECTION('',(-0.,0.,1.));
#10606 = PCURVE('',#9272,#10607);
#10607 = DEFINITIONAL_REPRESENTATION('',(#10608),#10612);
#10608 = LINE('',#10609,#10610);
#10609 = CARTESIAN_POINT('',(4.712388980385,1.570796326795));
#10610 = VECTOR('',#10611,1.);
#10611 = DIRECTION('',(0.,-1.));
#10612 = ( GEOMETRIC_REPRESENTATION_CONTEXT(2) 
PARAMETRIC_REPRESENTATION_CONTEXT() REPRESENTATION_CONTEXT('2D SPACE',''
  ) );
#10613 = PCURVE('',#9628,#10614);
#10614 = DEFINITIONAL_REPRESENTATION('',(#10615),#10619);
#10615 = LINE('',#10616,#10617);
#10616 = CARTESIAN_POINT('',(0.,0.));
#10617 = VECTOR('',#10618,1.);
#10618 = DIRECTION('',(1.,0.));
#10619 = ( GEOMETRIC_REPRESENTATION_CONTEXT(2) 
PARAMETRIC_REPRESENTATION_CONTEXT() REPRESENTATION_CONTEXT('2D SPACE',''
  ) );
#10620 = ADVANCED_FACE('',(#10621),#9628,.F.);
#10621 = FACE_BOUND('',#10622,.F.);
#10622 = EDGE_LOOP('',(#10623,#10624,#10647,#10674,#10675,#10676));
#10623 = ORIENTED_EDGE('',*,*,#10573,.T.);
#10624 = ORIENTED_EDGE('',*,*,#10625,.T.);
#10625 = EDGE_CURVE('',#10574,#10626,#10628,.T.);
#10626 = VERTEX_POINT('',#10627);
#10627 = CARTESIAN_POINT('',(334.7477455336,75.,379.14342436536));
#10628 = SEAM_CURVE('',#10629,(#10633,#10640),.PCURVE_S1.);
#10629 = LINE('',#10630,#10631);
#10630 = CARTESIAN_POINT('',(274.7477455336,75.,379.14342436536));
#10631 = VECTOR('',#10632,1.);
#10632 = DIRECTION('',(1.,0.,0.));
#10633 = PCURVE('',#9628,#10634);
#10634 = DEFINITIONAL_REPRESENTATION('',(#10635),#10639);
#10635 = LINE('',#10636,#10637);
#10636 = CARTESIAN_POINT('',(0.,-0.));
#10637 = VECTOR('',#10638,1.);
#10638 = DIRECTION('',(0.,1.));
#10639 = ( GEOMETRIC_REPRESENTATION_CONTEXT(2) 
PARAMETRIC_REPRESENTATION_CONTEXT() REPRESENTATION_CONTEXT('2D SPACE',''
  ) );
#10640 = PCURVE('',#9628,#10641);
#10641 = DEFINITIONAL_REPRESENTATION('',(#10642),#10646);
#10642 = LINE('',#10643,#10644);
#10643 = CARTESIAN_POINT('',(6.28318530718,-0.));
#10644 = VECTOR('',#10645,1.);
#10645 = DIRECTION('',(0.,1.));
#10646 = ( GEOMETRIC_REPRESENTATION_CONTEXT(2) 
PARAMETRIC_REPRESENTATION_CONTEXT() REPRESENTATION_CONTEXT('2D SPACE',''
  ) );
#10647 = ORIENTED_EDGE('',*,*,#10648,.F.);
#10648 = EDGE_CURVE('',#10626,#10626,#10649,.T.);
#10649 = SURFACE_CURVE('',#10650,(#10655,#10662),.PCURVE_S1.);
#10650 = CIRCLE('',#10651,41.);
#10651 = AXIS2_PLACEMENT_3D('',#10652,#10653,#10654);
#10652 = CARTESIAN_POINT('',(334.7477455336,75.,338.14342436536));
#10653 = DIRECTION('',(1.,0.,0.));
#10654 = DIRECTION('',(-0.,0.,1.));
#10655 = PCURVE('',#9628,#10656);
#10656 = DEFINITIONAL_REPRESENTATION('',(#10657),#10661);
#10657 = LINE('',#10658,#10659);
#10658 = CARTESIAN_POINT('',(0.,60.));
#10659 = VECTOR('',#10660,1.);
#10660 = DIRECTION('',(1.,0.));
#10661 = ( GEOMETRIC_REPRESENTATION_CONTEXT(2) 
PARAMETRIC_REPRESENTATION_CONTEXT() REPRESENTATION_CONTEXT('2D SPACE',''
  ) );
#10662 = PCURVE('',#10663,#10668);
#10663 = PLANE('',#10664);
#10664 = AXIS2_PLACEMENT_3D('',#10665,#10666,#10667);
#10665 = CARTESIAN_POINT('',(334.7477455336,75.,338.14342436536));
#10666 = DIRECTION('',(1.,0.,0.));
#10667 = DIRECTION('',(-0.,0.,1.));
#10668 = DEFINITIONAL_REPRESENTATION('',(#10669),#10673);
#10669 = CIRCLE('',#10670,41.);
#10670 = AXIS2_PLACEMENT_2D('',#10671,#10672);
#10671 = CARTESIAN_POINT('',(0.,0.));
#10672 = DIRECTION('',(1.,0.));
#10673 = ( GEOMETRIC_REPRESENTATION_CONTEXT(2) 
PARAMETRIC_REPRESENTATION_CONTEXT() REPRESENTATION_CONTEXT('2D SPACE',''
  ) );
#10674 = ORIENTED_EDGE('',*,*,#10625,.F.);
#10675 = ORIENTED_EDGE('',*,*,#10599,.T.);
#10676 = ORIENTED_EDGE('',*,*,#9374,.F.);
#10677 = ADVANCED_FACE('',(#10678),#9931,.T.);
#10678 = FACE_BOUND('',#10679,.T.);
#10679 = EDGE_LOOP('',(#10680,#10704,#10705,#10706));
#10680 = ORIENTED_EDGE('',*,*,#10681,.F.);
#10681 = EDGE_CURVE('',#9915,#10682,#10684,.T.);
#10682 = VERTEX_POINT('',#10683);
#10683 = CARTESIAN_POINT('',(274.7477455336,75.,383.14342436536));
#10684 = SURFACE_CURVE('',#10685,(#10690,#10697),.PCURVE_S1.);
#10685 = CIRCLE('',#10686,45.);
#10686 = AXIS2_PLACEMENT_3D('',#10687,#10688,#10689);
#10687 = CARTESIAN_POINT('',(274.7477455336,75.,338.14342436536));
#10688 = DIRECTION('',(1.,0.,0.));
#10689 = DIRECTION('',(-0.,0.,1.));
#10690 = PCURVE('',#9931,#10691);
#10691 = DEFINITIONAL_REPRESENTATION('',(#10692),#10696);
#10692 = LINE('',#10693,#10694);
#10693 = CARTESIAN_POINT('',(1.570796326795,-4.712388980385));
#10694 = VECTOR('',#10695,1.);
#10695 = DIRECTION('',(-0.,1.));
#10696 = ( GEOMETRIC_REPRESENTATION_CONTEXT(2) 
PARAMETRIC_REPRESENTATION_CONTEXT() REPRESENTATION_CONTEXT('2D SPACE',''
  ) );
#10697 = PCURVE('',#10306,#10698);
#10698 = DEFINITIONAL_REPRESENTATION('',(#10699),#10703);
#10699 = LINE('',#10700,#10701);
#10700 = CARTESIAN_POINT('',(0.,0.));
#10701 = VECTOR('',#10702,1.);
#10702 = DIRECTION('',(1.,0.));
#10703 = ( GEOMETRIC_REPRESENTATION_CONTEXT(2) 
PARAMETRIC_REPRESENTATION_CONTEXT() REPRESENTATION_CONTEXT('2D SPACE',''
  ) );
#10704 = ORIENTED_EDGE('',*,*,#9914,.T.);
#10705 = ORIENTED_EDGE('',*,*,#10450,.T.);
#10706 = ORIENTED_EDGE('',*,*,#10707,.F.);
#10707 = EDGE_CURVE('',#10682,#10027,#10708,.T.);
#10708 = SURFACE_CURVE('',#10709,(#10714,#10721),.PCURVE_S1.);
#10709 = CIRCLE('',#10710,45.);
#10710 = AXIS2_PLACEMENT_3D('',#10711,#10712,#10713);
#10711 = CARTESIAN_POINT('',(274.7477455336,75.,338.14342436536));
#10712 = DIRECTION('',(1.,0.,0.));
#10713 = DIRECTION('',(-0.,0.,1.));
#10714 = PCURVE('',#9931,#10715);
#10715 = DEFINITIONAL_REPRESENTATION('',(#10716),#10720);
#10716 = LINE('',#10717,#10718);
#10717 = CARTESIAN_POINT('',(4.712388980385,1.570796326795));
#10718 = VECTOR('',#10719,1.);
#10719 = DIRECTION('',(0.,-1.));
#10720 = ( GEOMETRIC_REPRESENTATION_CONTEXT(2) 
PARAMETRIC_REPRESENTATION_CONTEXT() REPRESENTATION_CONTEXT('2D SPACE',''
  ) );
#10721 = PCURVE('',#10306,#10722);
#10722 = DEFINITIONAL_REPRESENTATION('',(#10723),#10727);
#10723 = LINE('',#10724,#10725);
#10724 = CARTESIAN_POINT('',(0.,0.));
#10725 = VECTOR('',#10726,1.);
#10726 = DIRECTION('',(1.,0.));
#10727 = ( GEOMETRIC_REPRESENTATION_CONTEXT(2) 
PARAMETRIC_REPRESENTATION_CONTEXT() REPRESENTATION_CONTEXT('2D SPACE',''
  ) );
#10728 = ADVANCED_FACE('',(#10729),#10306,.T.);
#10729 = FACE_BOUND('',#10730,.T.);
#10730 = EDGE_LOOP('',(#10731,#10754,#10776,#10777,#10778,#10779));
#10731 = ORIENTED_EDGE('',*,*,#10732,.T.);
#10732 = EDGE_CURVE('',#10682,#10733,#10735,.T.);
#10733 = VERTEX_POINT('',#10734);
#10734 = CARTESIAN_POINT('',(334.7477455336,75.,383.14342436536));
#10735 = SEAM_CURVE('',#10736,(#10740,#10747),.PCURVE_S1.);
#10736 = LINE('',#10737,#10738);
#10737 = CARTESIAN_POINT('',(274.7477455336,75.,383.14342436536));
#10738 = VECTOR('',#10739,1.);
#10739 = DIRECTION('',(1.,0.,0.));
#10740 = PCURVE('',#10306,#10741);
#10741 = DEFINITIONAL_REPRESENTATION('',(#10742),#10746);
#10742 = LINE('',#10743,#10744);
#10743 = CARTESIAN_POINT('',(6.28318530718,-0.));
#10744 = VECTOR('',#10745,1.);
#10745 = DIRECTION('',(0.,1.));
#10746 = ( GEOMETRIC_REPRESENTATION_CONTEXT(2) 
PARAMETRIC_REPRESENTATION_CONTEXT() REPRESENTATION_CONTEXT('2D SPACE',''
  ) );
#10747 = PCURVE('',#10306,#10748);
#10748 = DEFINITIONAL_REPRESENTATION('',(#10749),#10753);
#10749 = LINE('',#10750,#10751);
#10750 = CARTESIAN_POINT('',(0.,-0.));
#10751 = VECTOR('',#10752,1.);
#10752 = DIRECTION('',(0.,1.));
#10753 = ( GEOMETRIC_REPRESENTATION_CONTEXT(2) 
PARAMETRIC_REPRESENTATION_CONTEXT() REPRESENTATION_CONTEXT('2D SPACE',''
  ) );
#10754 = ORIENTED_EDGE('',*,*,#10755,.F.);
#10755 = EDGE_CURVE('',#10733,#10733,#10756,.T.);
#10756 = SURFACE_CURVE('',#10757,(#10762,#10769),.PCURVE_S1.);
#10757 = CIRCLE('',#10758,45.);
#10758 = AXIS2_PLACEMENT_3D('',#10759,#10760,#10761);
#10759 = CARTESIAN_POINT('',(334.7477455336,75.,338.14342436536));
#10760 = DIRECTION('',(1.,0.,0.));
#10761 = DIRECTION('',(-0.,0.,1.));
#10762 = PCURVE('',#10306,#10763);
#10763 = DEFINITIONAL_REPRESENTATION('',(#10764),#10768);
#10764 = LINE('',#10765,#10766);
#10765 = CARTESIAN_POINT('',(0.,60.));
#10766 = VECTOR('',#10767,1.);
#10767 = DIRECTION('',(1.,0.));
#10768 = ( GEOMETRIC_REPRESENTATION_CONTEXT(2) 
PARAMETRIC_REPRESENTATION_CONTEXT() REPRESENTATION_CONTEXT('2D SPACE',''
  ) );
#10769 = PCURVE('',#10663,#10770);
#10770 = DEFINITIONAL_REPRESENTATION('',(#10771),#10775);
#10771 = CIRCLE('',#10772,45.);
#10772 = AXIS2_PLACEMENT_2D('',#10773,#10774);
#10773 = CARTESIAN_POINT('',(0.,0.));
#10774 = DIRECTION('',(1.,0.));
#10775 = ( GEOMETRIC_REPRESENTATION_CONTEXT(2) 
PARAMETRIC_REPRESENTATION_CONTEXT() REPRESENTATION_CONTEXT('2D SPACE',''
  ) );
#10776 = ORIENTED_EDGE('',*,*,#10732,.F.);
#10777 = ORIENTED_EDGE('',*,*,#10707,.T.);
#10778 = ORIENTED_EDGE('',*,*,#10026,.F.);
#10779 = ORIENTED_EDGE('',*,*,#10681,.T.);
#10780 = ADVANCED_FACE('',(#10781,#10784),#10663,.T.);
#10781 = FACE_BOUND('',#10782,.T.);
#10782 = EDGE_LOOP('',(#10783));
#10783 = ORIENTED_EDGE('',*,*,#10755,.T.);
#10784 = FACE_BOUND('',#10785,.T.);
#10785 = EDGE_LOOP('',(#10786));
#10786 = ORIENTED_EDGE('',*,*,#10648,.F.);
#10787 = ( GEOMETRIC_REPRESENTATION_CONTEXT(3) 
GLOBAL_UNCERTAINTY_ASSIGNED_CONTEXT((#10791)) 
GLOBAL_UNIT_ASSIGNED_CONTEXT((#10788,#10789,#10790)) 
REPRESENTATION_CONTEXT('Context #1',
  '3D Context with UNIT and UNCERTAINTY') );
#10788 = ( LENGTH_UNIT() NAMED_UNIT(*) SI_UNIT(.MILLI.,.METRE.) );
#10789 = ( NAMED_UNIT(*) PLANE_ANGLE_UNIT() SI_UNIT($,.RADIAN.) );
#10790 = ( NAMED_UNIT(*) SI_UNIT($,.STERADIAN.) SOLID_ANGLE_UNIT() );
#10791 = UNCERTAINTY_MEASURE_WITH_UNIT(LENGTH_MEASURE(5.E-07),#10788,
  'distance_accuracy_value','confusion accuracy');
#10792 = PRODUCT_RELATED_PRODUCT_CATEGORY('part',$,(#7));
ENDSEC;
END-ISO-10303-21;
